date, pm10, o3,estado,fuente_archivo
2025/8/2, 22, 33,guanajuato,purisima-del rincon purisima del rincon-air-quality.csv
2025/8/3, 20, 41,guanajuato,purisima-del rincon purisima del rincon-air-quality.csv
2025/8/4, 31, 34,guanajuato,purisima-del rincon purisima del rincon-air-quality.csv
2025/8/5, 34, 30,guanajuato,purisima-del rincon purisima del rincon-air-quality.csv
2025/8/6, 34, 25,guanajuato,purisima-del rincon purisima del rincon-air-quality.csv
2025/8/7, 34, 28,guanajuato,purisima-del rincon purisima del rincon-air-quality.csv
2025/8/8, 22, 39,guanajuato,purisima-del rincon purisima del rincon-air-quality.csv
2025/8/9, 24, 45,guanajuato,purisima-del rincon purisima del rincon-air-quality.csv
2025/8/10, 18, 42,guanajuato,purisima-del rincon purisima del rincon-air-quality.csv
2025/8/11, 35, 29,guanajuato,purisima-del rincon purisima del rincon-air-quality.csv
2025/8/12, 50, 45,guanajuato,purisima-del rincon purisima del rincon-air-quality.csv
2025/8/13, 41, 41,guanajuato,purisima-del rincon purisima del rincon-air-quality.csv
2025/8/14, 38, 36,guanajuato,purisima-del rincon purisima del rincon-air-quality.csv
2025/8/15, 24, 39,guanajuato,purisima-del rincon purisima del rincon-air-quality.csv
2025/8/16, 19, ,guanajuato,purisima-del rincon purisima del rincon-air-quality.csv
2025/8/24, 26, 36,guanajuato,purisima-del rincon purisima del rincon-air-quality.csv
2025/8/25, 21, 31,guanajuato,purisima-del rincon purisima del rincon-air-quality.csv
2025/8/26, 22, 29,guanajuato,purisima-del rincon purisima del rincon-air-quality.csv
2025/8/27, 17, ,guanajuato,purisima-del rincon purisima del rincon-air-quality.csv
2025/7/2, 14, 26,guanajuato,purisima-del rincon purisima del rincon-air-quality.csv
2025/7/3, 18, 36,guanajuato,purisima-del rincon purisima del rincon-air-quality.csv
2025/7/4, 23, 44,guanajuato,purisima-del rincon purisima del rincon-air-quality.csv
2025/7/5, 27, 62,guanajuato,purisima-del rincon purisima del rincon-air-quality.csv
2025/7/6, 45, 35,guanajuato,purisima-del rincon purisima del rincon-air-quality.csv
2025/7/7, 27, 46,guanajuato,purisima-del rincon purisima del rincon-air-quality.csv
2025/7/8, 22, 38,guanajuato,purisima-del rincon purisima del rincon-air-quality.csv
2025/7/9, 25, ,guanajuato,purisima-del rincon purisima del rincon-air-quality.csv
2025/7/11, 27, 20,guanajuato,purisima-del rincon purisima del rincon-air-quality.csv
2025/7/12, 13, 23,guanajuato,purisima-del rincon purisima del rincon-air-quality.csv
2025/7/13, 14, 36,guanajuato,purisima-del rincon purisima del rincon-air-quality.csv
2025/7/14, 20, 34,guanajuato,purisima-del rincon purisima del rincon-air-quality.csv
2025/7/15, 19, 37,guanajuato,purisima-del rincon purisima del rincon-air-quality.csv
2025/7/16, 17, 38,guanajuato,purisima-del rincon purisima del rincon-air-quality.csv
2025/7/17, 17, 33,guanajuato,purisima-del rincon purisima del rincon-air-quality.csv
2025/7/18, 23, 29,guanajuato,purisima-del rincon purisima del rincon-air-quality.csv
2025/7/19, 22, 34,guanajuato,purisima-del rincon purisima del rincon-air-quality.csv
2025/7/20, 19, 37,guanajuato,purisima-del rincon purisima del rincon-air-quality.csv
2025/7/21, 15, 41,guanajuato,purisima-del rincon purisima del rincon-air-quality.csv
2025/7/22, 22, 41,guanajuato,purisima-del rincon purisima del rincon-air-quality.csv
2025/7/23, 37, 56,guanajuato,purisima-del rincon purisima del rincon-air-quality.csv
2025/7/24, 23, 40,guanajuato,purisima-del rincon purisima del rincon-air-quality.csv
2025/7/25, 24, 41,guanajuato,purisima-del rincon purisima del rincon-air-quality.csv
2025/7/26, 28, 38,guanajuato,purisima-del rincon purisima del rincon-air-quality.csv
2025/7/27, 24, 26,guanajuato,purisima-del rincon purisima del rincon-air-quality.csv
2025/7/28, 22, 27,guanajuato,purisima-del rincon purisima del rincon-air-quality.csv
2025/7/29, 23, 28,guanajuato,purisima-del rincon purisima del rincon-air-quality.csv
2025/7/30, 28, 40,guanajuato,purisima-del rincon purisima del rincon-air-quality.csv
2025/7/31, 23, 39,guanajuato,purisima-del rincon purisima del rincon-air-quality.csv
2025/8/1, 26, 29,guanajuato,purisima-del rincon purisima del rincon-air-quality.csv
2025/4/2, 54, 40,guanajuato,purisima-del rincon purisima del rincon-air-quality.csv
2025/4/3, 48, 34,guanajuato,purisima-del rincon purisima del rincon-air-quality.csv
2025/4/4, 37, 32,guanajuato,purisima-del rincon purisima del rincon-air-quality.csv
2025/4/5, 37, 27,guanajuato,purisima-del rincon purisima del rincon-air-quality.csv
2025/4/6, 44, 35,guanajuato,purisima-del rincon purisima del rincon-air-quality.csv
2025/4/7, 29, 34,guanajuato,purisima-del rincon purisima del rincon-air-quality.csv
2025/4/8, 37, 40,guanajuato,purisima-del rincon purisima del rincon-air-quality.csv
2025/4/9, 41, 38,guanajuato,purisima-del rincon purisima del rincon-air-quality.csv
2025/4/10, 44, 41,guanajuato,purisima-del rincon purisima del rincon-air-quality.csv
2025/4/11, 46, 34,guanajuato,purisima-del rincon purisima del rincon-air-quality.csv
2025/4/12, 38, 38,guanajuato,purisima-del rincon purisima del rincon-air-quality.csv
2025/4/13, 39, 36,guanajuato,purisima-del rincon purisima del rincon-air-quality.csv
2025/4/14, 32, 34,guanajuato,purisima-del rincon purisima del rincon-air-quality.csv
2025/4/15, 42, 35,guanajuato,purisima-del rincon purisima del rincon-air-quality.csv
2025/4/16, 45, 38,guanajuato,purisima-del rincon purisima del rincon-air-quality.csv
2025/4/17, 40, 41,guanajuato,purisima-del rincon purisima del rincon-air-quality.csv
2025/4/18, 49, 20,guanajuato,purisima-del rincon purisima del rincon-air-quality.csv
2025/4/19, 50, 39,guanajuato,purisima-del rincon purisima del rincon-air-quality.csv
2025/4/20, 40, 34,guanajuato,purisima-del rincon purisima del rincon-air-quality.csv
2025/4/21, 42, 37,guanajuato,purisima-del rincon purisima del rincon-air-quality.csv
2025/4/22, 45, 30,guanajuato,purisima-del rincon purisima del rincon-air-quality.csv
2025/4/23, 44, 34,guanajuato,purisima-del rincon purisima del rincon-air-quality.csv
2025/4/24, 37, 38,guanajuato,purisima-del rincon purisima del rincon-air-quality.csv
2025/4/25, 37, 48,guanajuato,purisima-del rincon purisima del rincon-air-quality.csv
2025/4/26, 38, 58,guanajuato,purisima-del rincon purisima del rincon-air-quality.csv
2025/4/27, 53, 35,guanajuato,purisima-del rincon purisima del rincon-air-quality.csv
2025/4/28, 39, 41,guanajuato,purisima-del rincon purisima del rincon-air-quality.csv
2025/4/29, 39, 42,guanajuato,purisima-del rincon purisima del rincon-air-quality.csv
2025/4/30, 50, 36,guanajuato,purisima-del rincon purisima del rincon-air-quality.csv
2025/5/1, 42, 36,guanajuato,purisima-del rincon purisima del rincon-air-quality.csv
2025/5/2, 41, 34,guanajuato,purisima-del rincon purisima del rincon-air-quality.csv
2025/5/3, 39, 36,guanajuato,purisima-del rincon purisima del rincon-air-quality.csv
2025/5/4, 30, 29,guanajuato,purisima-del rincon purisima del rincon-air-quality.csv
2025/5/5, 36, 28,guanajuato,purisima-del rincon purisima del rincon-air-quality.csv
2025/5/6, 36, 34,guanajuato,purisima-del rincon purisima del rincon-air-quality.csv
2025/5/7, 38, 36,guanajuato,purisima-del rincon purisima del rincon-air-quality.csv
2025/5/8, 39, 32,guanajuato,purisima-del rincon purisima del rincon-air-quality.csv
2025/5/9, 40, 38,guanajuato,purisima-del rincon purisima del rincon-air-quality.csv
2025/5/10, 38, 29,guanajuato,purisima-del rincon purisima del rincon-air-quality.csv
2025/5/11, 36, 33,guanajuato,purisima-del rincon purisima del rincon-air-quality.csv
2025/5/12, 30, 45,guanajuato,purisima-del rincon purisima del rincon-air-quality.csv
2025/5/13, 45, 38,guanajuato,purisima-del rincon purisima del rincon-air-quality.csv
2025/5/14, 43, 42,guanajuato,purisima-del rincon purisima del rincon-air-quality.csv
2025/5/15, 47, 46,guanajuato,purisima-del rincon purisima del rincon-air-quality.csv
2025/5/16, 54, ,guanajuato,purisima-del rincon purisima del rincon-air-quality.csv
2025/5/19, 43, 43,guanajuato,purisima-del rincon purisima del rincon-air-quality.csv
2025/5/20, 38, 43,guanajuato,purisima-del rincon purisima del rincon-air-quality.csv
2025/5/21, 44, 42,guanajuato,purisima-del rincon purisima del rincon-air-quality.csv
2025/5/22, 53, 40,guanajuato,purisima-del rincon purisima del rincon-air-quality.csv
2025/5/23, 30, ,guanajuato,purisima-del rincon purisima del rincon-air-quality.csv
2025/5/25, 30, 42,guanajuato,purisima-del rincon purisima del rincon-air-quality.csv
2025/5/26, 21, 47,guanajuato,purisima-del rincon purisima del rincon-air-quality.csv
2025/5/27, 28, 45,guanajuato,purisima-del rincon purisima del rincon-air-quality.csv
2025/5/28, 35, 45,guanajuato,purisima-del rincon purisima del rincon-air-quality.csv
2025/5/29, 29, 29,guanajuato,purisima-del rincon purisima del rincon-air-quality.csv
2025/5/30, 15, 36,guanajuato,purisima-del rincon purisima del rincon-air-quality.csv
2025/5/31, 16, 33,guanajuato,purisima-del rincon purisima del rincon-air-quality.csv
2025/6/1, 23, 34,guanajuato,purisima-del rincon purisima del rincon-air-quality.csv
2025/6/2, 13, 30,guanajuato,purisima-del rincon purisima del rincon-air-quality.csv
2025/6/5, 20, ,guanajuato,purisima-del rincon purisima del rincon-air-quality.csv
2025/6/10, 27, 46,guanajuato,purisima-del rincon purisima del rincon-air-quality.csv
2025/6/11, 21, ,guanajuato,purisima-del rincon purisima del rincon-air-quality.csv
2025/6/15, 25, 18,guanajuato,purisima-del rincon purisima del rincon-air-quality.csv
2025/6/16, 12, 25,guanajuato,purisima-del rincon purisima del rincon-air-quality.csv
2025/6/17, 19, 36,guanajuato,purisima-del rincon purisima del rincon-air-quality.csv
2025/6/18, 15, 18,guanajuato,purisima-del rincon purisima del rincon-air-quality.csv
2025/6/19, 18, 4,guanajuato,purisima-del rincon purisima del rincon-air-quality.csv
2025/6/20, 14, 12,guanajuato,purisima-del rincon purisima del rincon-air-quality.csv
2025/6/21, 11, 13,guanajuato,purisima-del rincon purisima del rincon-air-quality.csv
2025/6/22, 11, 14,guanajuato,purisima-del rincon purisima del rincon-air-quality.csv
2025/6/23, 9, 21,guanajuato,purisima-del rincon purisima del rincon-air-quality.csv
2025/6/24, 17, 17,guanajuato,purisima-del rincon purisima del rincon-air-quality.csv
2025/6/25, 25, 28,guanajuato,purisima-del rincon purisima del rincon-air-quality.csv
2025/6/26, 18, 11,guanajuato,purisima-del rincon purisima del rincon-air-quality.csv
2025/6/27, 9, ,guanajuato,purisima-del rincon purisima del rincon-air-quality.csv
2025/6/29, 37, 26,guanajuato,purisima-del rincon purisima del rincon-air-quality.csv
2025/6/30, 13, 26,guanajuato,purisima-del rincon purisima del rincon-air-quality.csv
2025/7/1, 15, 17,guanajuato,purisima-del rincon purisima del rincon-air-quality.csv
2025/1/2, 57, 39,guanajuato,purisima-del rincon purisima del rincon-air-quality.csv
2025/1/3, 44, 30,guanajuato,purisima-del rincon purisima del rincon-air-quality.csv
2025/1/4, 38, 31,guanajuato,purisima-del rincon purisima del rincon-air-quality.csv
2025/1/5, 33, 42,guanajuato,purisima-del rincon purisima del rincon-air-quality.csv
2025/1/6, 28, 38,guanajuato,purisima-del rincon purisima del rincon-air-quality.csv
2025/1/7, 42, 25,guanajuato,purisima-del rincon purisima del rincon-air-quality.csv
2025/1/8, 47, 24,guanajuato,purisima-del rincon purisima del rincon-air-quality.csv
2025/1/9, 27, 20,guanajuato,purisima-del rincon purisima del rincon-air-quality.csv
2025/1/10, 24, 16,guanajuato,purisima-del rincon purisima del rincon-air-quality.csv
2025/1/11, 22, 18,guanajuato,purisima-del rincon purisima del rincon-air-quality.csv
2025/1/12, 16, 2,guanajuato,purisima-del rincon purisima del rincon-air-quality.csv
2025/1/13, 12, ,guanajuato,purisima-del rincon purisima del rincon-air-quality.csv
2025/1/17, 43, 37,guanajuato,purisima-del rincon purisima del rincon-air-quality.csv
2025/1/18, 34, 25,guanajuato,purisima-del rincon purisima del rincon-air-quality.csv
2025/1/19, 25, 27,guanajuato,purisima-del rincon purisima del rincon-air-quality.csv
2025/1/20, 23, 24,guanajuato,purisima-del rincon purisima del rincon-air-quality.csv
2025/1/21, 33, ,guanajuato,purisima-del rincon purisima del rincon-air-quality.csv
2025/1/24, 26, 30,guanajuato,purisima-del rincon purisima del rincon-air-quality.csv
2025/1/25, 41, 28,guanajuato,purisima-del rincon purisima del rincon-air-quality.csv
2025/1/26, 54, 44,guanajuato,purisima-del rincon purisima del rincon-air-quality.csv
2025/1/27, 40, ,guanajuato,purisima-del rincon purisima del rincon-air-quality.csv
2025/1/29, 49, 32,guanajuato,purisima-del rincon purisima del rincon-air-quality.csv
2025/1/30, 37, 26,guanajuato,purisima-del rincon purisima del rincon-air-quality.csv
2025/1/31, 29, 29,guanajuato,purisima-del rincon purisima del rincon-air-quality.csv
2025/2/1, 35, 29,guanajuato,purisima-del rincon purisima del rincon-air-quality.csv
2025/2/2, 35, 32,guanajuato,purisima-del rincon purisima del rincon-air-quality.csv
2025/2/3, 35, 37,guanajuato,purisima-del rincon purisima del rincon-air-quality.csv
2025/2/4, 40, 26,guanajuato,purisima-del rincon purisima del rincon-air-quality.csv
2025/2/5, 54, 37,guanajuato,purisima-del rincon purisima del rincon-air-quality.csv
2025/2/6, 45, 45,guanajuato,purisima-del rincon purisima del rincon-air-quality.csv
2025/2/7, 47, 37,guanajuato,purisima-del rincon purisima del rincon-air-quality.csv
2025/2/8, 46, 33,guanajuato,purisima-del rincon purisima del rincon-air-quality.csv
2025/2/9, 40, 38,guanajuato,purisima-del rincon purisima del rincon-air-quality.csv
2025/2/10, 41, 38,guanajuato,purisima-del rincon purisima del rincon-air-quality.csv
2025/2/11, 43, 45,guanajuato,purisima-del rincon purisima del rincon-air-quality.csv
2025/2/12, 36, 26,guanajuato,purisima-del rincon purisima del rincon-air-quality.csv
2025/2/13, 34, 29,guanajuato,purisima-del rincon purisima del rincon-air-quality.csv
2025/2/14, 41, 30,guanajuato,purisima-del rincon purisima del rincon-air-quality.csv
2025/2/15, 41, 33,guanajuato,purisima-del rincon purisima del rincon-air-quality.csv
2025/2/16, 37, 27,guanajuato,purisima-del rincon purisima del rincon-air-quality.csv
2025/2/17, 32, 25,guanajuato,purisima-del rincon purisima del rincon-air-quality.csv
2025/2/18, 44, 30,guanajuato,purisima-del rincon purisima del rincon-air-quality.csv
2025/2/19, 32, 25,guanajuato,purisima-del rincon purisima del rincon-air-quality.csv
2025/2/20, 30, ,guanajuato,purisima-del rincon purisima del rincon-air-quality.csv
2025/2/22, 36, ,guanajuato,purisima-del rincon purisima del rincon-air-quality.csv
2025/3/12, 26, 26,guanajuato,purisima-del rincon purisima del rincon-air-quality.csv
2025/3/13, 27, 37,guanajuato,purisima-del rincon purisima del rincon-air-quality.csv
2025/3/14, 35, 22,guanajuato,purisima-del rincon purisima del rincon-air-quality.csv
2025/3/15, 40, 36,guanajuato,purisima-del rincon purisima del rincon-air-quality.csv
2025/3/16, 28, 36,guanajuato,purisima-del rincon purisima del rincon-air-quality.csv
2025/3/17, 21, 39,guanajuato,purisima-del rincon purisima del rincon-air-quality.csv
2025/3/18, 58, 41,guanajuato,purisima-del rincon purisima del rincon-air-quality.csv
2025/3/19, 52, 35,guanajuato,purisima-del rincon purisima del rincon-air-quality.csv
2025/3/20, 35, 39,guanajuato,purisima-del rincon purisima del rincon-air-quality.csv
2025/3/21, 101, 40,guanajuato,purisima-del rincon purisima del rincon-air-quality.csv
2025/3/22, 62, 40,guanajuato,purisima-del rincon purisima del rincon-air-quality.csv
2025/3/23, 46, 25,guanajuato,purisima-del rincon purisima del rincon-air-quality.csv
2025/3/24, 40, 37,guanajuato,purisima-del rincon purisima del rincon-air-quality.csv
2025/3/25, 45, 36,guanajuato,purisima-del rincon purisima del rincon-air-quality.csv
2025/3/26, 46, 35,guanajuato,purisima-del rincon purisima del rincon-air-quality.csv
2025/3/27, 44, 31,guanajuato,purisima-del rincon purisima del rincon-air-quality.csv
2025/3/28, 50, 53,guanajuato,purisima-del rincon purisima del rincon-air-quality.csv
2025/3/29, 32, 43,guanajuato,purisima-del rincon purisima del rincon-air-quality.csv
2025/3/30, 36, 47,guanajuato,purisima-del rincon purisima del rincon-air-quality.csv
2025/3/31, 33, 46,guanajuato,purisima-del rincon purisima del rincon-air-quality.csv
2025/4/1, 43, 46,guanajuato,purisima-del rincon purisima del rincon-air-quality.csv
2024/10/21, 14, 23,guanajuato,purisima-del rincon purisima del rincon-air-quality.csv
2024/10/22, 13, 46,guanajuato,purisima-del rincon purisima del rincon-air-quality.csv
2024/10/23, 22, 24,guanajuato,purisima-del rincon purisima del rincon-air-quality.csv
2024/10/24, 18, 46,guanajuato,purisima-del rincon purisima del rincon-air-quality.csv
2024/10/25, 25, 43,guanajuato,purisima-del rincon purisima del rincon-air-quality.csv
2024/10/26, 28, 34,guanajuato,purisima-del rincon purisima del rincon-air-quality.csv
2024/10/27, 17, 33,guanajuato,purisima-del rincon purisima del rincon-air-quality.csv
2024/10/28, 20, 31,guanajuato,purisima-del rincon purisima del rincon-air-quality.csv
2024/10/29, 29, 39,guanajuato,purisima-del rincon purisima del rincon-air-quality.csv
2024/10/30, 36, 35,guanajuato,purisima-del rincon purisima del rincon-air-quality.csv
2024/10/31, 26, 33,guanajuato,purisima-del rincon purisima del rincon-air-quality.csv
2024/11/1, 22, 39,guanajuato,purisima-del rincon purisima del rincon-air-quality.csv
2024/11/2, 33, ,guanajuato,purisima-del rincon purisima del rincon-air-quality.csv
2024/11/4, 21, 31,guanajuato,purisima-del rincon purisima del rincon-air-quality.csv
2024/11/5, 30, 33,guanajuato,purisima-del rincon purisima del rincon-air-quality.csv
2024/11/6, 24, 32,guanajuato,purisima-del rincon purisima del rincon-air-quality.csv
2024/11/7, 34, 34,guanajuato,purisima-del rincon purisima del rincon-air-quality.csv
2024/11/8, 32, 36,guanajuato,purisima-del rincon purisima del rincon-air-quality.csv
2024/11/9, 32, 45,guanajuato,purisima-del rincon purisima del rincon-air-quality.csv
2024/11/10, 38, 41,guanajuato,purisima-del rincon purisima del rincon-air-quality.csv
2024/11/11, 39, 34,guanajuato,purisima-del rincon purisima del rincon-air-quality.csv
2024/11/12, 34, 35,guanajuato,purisima-del rincon purisima del rincon-air-quality.csv
2024/11/13, 33, 41,guanajuato,purisima-del rincon purisima del rincon-air-quality.csv
2024/11/14, 41, 33,guanajuato,purisima-del rincon purisima del rincon-air-quality.csv
2024/11/15, 33, 37,guanajuato,purisima-del rincon purisima del rincon-air-quality.csv
2024/11/16, 30, ,guanajuato,purisima-del rincon purisima del rincon-air-quality.csv
2024/11/18, 25, ,guanajuato,purisima-del rincon purisima del rincon-air-quality.csv
2024/11/20, 19, 31,guanajuato,purisima-del rincon purisima del rincon-air-quality.csv
2024/11/21, 35, 40,guanajuato,purisima-del rincon purisima del rincon-air-quality.csv
2024/11/22, 34, 43,guanajuato,purisima-del rincon purisima del rincon-air-quality.csv
2024/11/23, 40, 42,guanajuato,purisima-del rincon purisima del rincon-air-quality.csv
2024/11/24, 40, 49,guanajuato,purisima-del rincon purisima del rincon-air-quality.csv
2024/11/25, 41, 62,guanajuato,purisima-del rincon purisima del rincon-air-quality.csv
2024/11/26, 44, 42,guanajuato,purisima-del rincon purisima del rincon-air-quality.csv
2024/11/27, 40, 41,guanajuato,purisima-del rincon purisima del rincon-air-quality.csv
2024/11/28, 44, 55,guanajuato,purisima-del rincon purisima del rincon-air-quality.csv
2024/11/29, 51, 40,guanajuato,purisima-del rincon purisima del rincon-air-quality.csv
2024/11/30, 46, 45,guanajuato,purisima-del rincon purisima del rincon-air-quality.csv
2024/12/1, 52, 42,guanajuato,purisima-del rincon purisima del rincon-air-quality.csv
2024/12/2, 40, 34,guanajuato,purisima-del rincon purisima del rincon-air-quality.csv
2024/12/3, 40, 38,guanajuato,purisima-del rincon purisima del rincon-air-quality.csv
2024/12/4, 38, 37,guanajuato,purisima-del rincon purisima del rincon-air-quality.csv
2024/12/5, 36, 46,guanajuato,purisima-del rincon purisima del rincon-air-quality.csv
2024/12/6, 44, 38,guanajuato,purisima-del rincon purisima del rincon-air-quality.csv
2024/12/7, 40, 35,guanajuato,purisima-del rincon purisima del rincon-air-quality.csv
2024/12/8, 33, 37,guanajuato,purisima-del rincon purisima del rincon-air-quality.csv
2024/12/9, 30, 34,guanajuato,purisima-del rincon purisima del rincon-air-quality.csv
2024/12/10, 31, 32,guanajuato,purisima-del rincon purisima del rincon-air-quality.csv
2024/12/11, 35, 37,guanajuato,purisima-del rincon purisima del rincon-air-quality.csv
2024/12/12, 39, 41,guanajuato,purisima-del rincon purisima del rincon-air-quality.csv
2024/12/13, 36, 49,guanajuato,purisima-del rincon purisima del rincon-air-quality.csv
2024/12/14, 39, 12,guanajuato,purisima-del rincon purisima del rincon-air-quality.csv
2024/12/15, 28, ,guanajuato,purisima-del rincon purisima del rincon-air-quality.csv
2024/12/18, 49, 41,guanajuato,purisima-del rincon purisima del rincon-air-quality.csv
2024/12/19, 41, 22,guanajuato,purisima-del rincon purisima del rincon-air-quality.csv
2024/12/20, 26, 18,guanajuato,purisima-del rincon purisima del rincon-air-quality.csv
2024/12/21, 35, 30,guanajuato,purisima-del rincon purisima del rincon-air-quality.csv
2024/12/22, 33, 30,guanajuato,purisima-del rincon purisima del rincon-air-quality.csv
2024/12/23, 26, 35,guanajuato,purisima-del rincon purisima del rincon-air-quality.csv
2024/12/24, 25, 35,guanajuato,purisima-del rincon purisima del rincon-air-quality.csv
2024/12/25, 30, 18,guanajuato,purisima-del rincon purisima del rincon-air-quality.csv
2024/12/26, 51, ,guanajuato,purisima-del rincon purisima del rincon-air-quality.csv
2024/9/4, 10, ,guanajuato,purisima-del rincon purisima del rincon-air-quality.csv
2024/5/21, 58, ,guanajuato,purisima-del rincon purisima del rincon-air-quality.csv
2024/2/17, 6, ,guanajuato,purisima-del rincon purisima del rincon-air-quality.csv
2024/3/14, 48, ,guanajuato,purisima-del rincon purisima del rincon-air-quality.csv
2023/10/12, 11, 8,guanajuato,purisima-del rincon purisima del rincon-air-quality.csv
2023/10/13, 26, 5,guanajuato,purisima-del rincon purisima del rincon-air-quality.csv
2023/10/14, 26, 5,guanajuato,purisima-del rincon purisima del rincon-air-quality.csv
2023/10/15, 22, ,guanajuato,purisima-del rincon purisima del rincon-air-quality.csv
2023/10/20, 27, 10,guanajuato,purisima-del rincon purisima del rincon-air-quality.csv
2023/10/21, 29, 13,guanajuato,purisima-del rincon purisima del rincon-air-quality.csv
2023/10/22, 24, ,guanajuato,purisima-del rincon purisima del rincon-air-quality.csv
2023/12/1, 9, ,guanajuato,purisima-del rincon purisima del rincon-air-quality.csv
2023/12/8, 5, 25,guanajuato,purisima-del rincon purisima del rincon-air-quality.csv
2023/12/9, 17, ,guanajuato,purisima-del rincon purisima del rincon-air-quality.csv
2023/12/16, 31, ,guanajuato,purisima-del rincon purisima del rincon-air-quality.csv
2023/12/22, 53, ,guanajuato,purisima-del rincon purisima del rincon-air-quality.csv
2023/12/29, 19, ,guanajuato,purisima-del rincon purisima del rincon-air-quality.csv
2023/7/12, 7, ,guanajuato,purisima-del rincon purisima del rincon-air-quality.csv
2023/8/15, 19, ,guanajuato,purisima-del rincon purisima del rincon-air-quality.csv
2023/8/20, 11, ,guanajuato,purisima-del rincon purisima del rincon-air-quality.csv
2023/8/26, 33, ,guanajuato,purisima-del rincon purisima del rincon-air-quality.csv
2023/4/2, 49, ,guanajuato,purisima-del rincon purisima del rincon-air-quality.csv
2023/4/19, 41, ,guanajuato,purisima-del rincon purisima del rincon-air-quality.csv
2023/4/20, 32, ,guanajuato,purisima-del rincon purisima del rincon-air-quality.csv
2023/4/21, 37, ,guanajuato,purisima-del rincon purisima del rincon-air-quality.csv
2023/4/22, 40, ,guanajuato,purisima-del rincon purisima del rincon-air-quality.csv
2023/4/23, 35, ,guanajuato,purisima-del rincon purisima del rincon-air-quality.csv
2023/6/2, 46, 39,guanajuato,purisima-del rincon purisima del rincon-air-quality.csv
2023/6/3, 47, 33,guanajuato,purisima-del rincon purisima del rincon-air-quality.csv
2023/6/4, 43, 24,guanajuato,purisima-del rincon purisima del rincon-air-quality.csv
2023/6/5, 38, 39,guanajuato,purisima-del rincon purisima del rincon-air-quality.csv
2023/6/6, 31, 39,guanajuato,purisima-del rincon purisima del rincon-air-quality.csv
2023/6/7, 55, 38,guanajuato,purisima-del rincon purisima del rincon-air-quality.csv
2023/6/8, 43, 35,guanajuato,purisima-del rincon purisima del rincon-air-quality.csv
2023/6/9, 33, 43,guanajuato,purisima-del rincon purisima del rincon-air-quality.csv
2023/6/10, 38, 39,guanajuato,purisima-del rincon purisima del rincon-air-quality.csv
2023/6/11, 32, 24,guanajuato,purisima-del rincon purisima del rincon-air-quality.csv
2023/6/12, 45, 16,guanajuato,purisima-del rincon purisima del rincon-air-quality.csv
2023/6/13, 47, 17,guanajuato,purisima-del rincon purisima del rincon-air-quality.csv
2023/6/14, 41, 23,guanajuato,purisima-del rincon purisima del rincon-air-quality.csv
2023/6/15, 54, 36,guanajuato,purisima-del rincon purisima del rincon-air-quality.csv
2023/6/16, 58, 46,guanajuato,purisima-del rincon purisima del rincon-air-quality.csv
2023/6/17, 50, 41,guanajuato,purisima-del rincon purisima del rincon-air-quality.csv
2023/6/18, 157, ,guanajuato,purisima-del rincon purisima del rincon-air-quality.csv
2023/1/3, 1, ,guanajuato,purisima-del rincon purisima del rincon-air-quality.csv
2023/1/6, 33, 38,guanajuato,purisima-del rincon purisima del rincon-air-quality.csv
2023/1/7, 35, 37,guanajuato,purisima-del rincon purisima del rincon-air-quality.csv
2023/1/8, 42, 41,guanajuato,purisima-del rincon purisima del rincon-air-quality.csv
2023/1/9, 44, 39,guanajuato,purisima-del rincon purisima del rincon-air-quality.csv
2023/1/10, 41, 44,guanajuato,purisima-del rincon purisima del rincon-air-quality.csv
2023/1/11, 53, 45,guanajuato,purisima-del rincon purisima del rincon-air-quality.csv
2023/1/12, 63, 41,guanajuato,purisima-del rincon purisima del rincon-air-quality.csv
2023/1/13, 55, 42,guanajuato,purisima-del rincon purisima del rincon-air-quality.csv
2023/1/14, 59, 40,guanajuato,purisima-del rincon purisima del rincon-air-quality.csv
2023/1/15, 44, 42,guanajuato,purisima-del rincon purisima del rincon-air-quality.csv
2023/1/16, 39, 33,guanajuato,purisima-del rincon purisima del rincon-air-quality.csv
2023/1/17, 36, 40,guanajuato,purisima-del rincon purisima del rincon-air-quality.csv
2023/1/18, 41, 37,guanajuato,purisima-del rincon purisima del rincon-air-quality.csv
2023/1/19, 51, 38,guanajuato,purisima-del rincon purisima del rincon-air-quality.csv
2023/1/20, 50, 31,guanajuato,purisima-del rincon purisima del rincon-air-quality.csv
2023/1/21, 44, 33,guanajuato,purisima-del rincon purisima del rincon-air-quality.csv
2023/1/22, 34, 31,guanajuato,purisima-del rincon purisima del rincon-air-quality.csv
2023/1/23, 25, 28,guanajuato,purisima-del rincon purisima del rincon-air-quality.csv
2023/1/24, 36, ,guanajuato,purisima-del rincon purisima del rincon-air-quality.csv
2023/1/26, 40, 35,guanajuato,purisima-del rincon purisima del rincon-air-quality.csv
2023/1/27, 45, 33,guanajuato,purisima-del rincon purisima del rincon-air-quality.csv
2023/1/28, 33, 28,guanajuato,purisima-del rincon purisima del rincon-air-quality.csv
2023/1/29, 35, 26,guanajuato,purisima-del rincon purisima del rincon-air-quality.csv
2023/1/30, 22, 35,guanajuato,purisima-del rincon purisima del rincon-air-quality.csv
2023/1/31, 43, 39,guanajuato,purisima-del rincon purisima del rincon-air-quality.csv
2023/2/1, 43, 35,guanajuato,purisima-del rincon purisima del rincon-air-quality.csv
2023/2/2, 39, 31,guanajuato,purisima-del rincon purisima del rincon-air-quality.csv
2023/2/3, 30, 17,guanajuato,purisima-del rincon purisima del rincon-air-quality.csv
2023/2/4, 41, ,guanajuato,purisima-del rincon purisima del rincon-air-quality.csv
2023/2/6, 47, 42,guanajuato,purisima-del rincon purisima del rincon-air-quality.csv
2023/2/7, 34, 63,guanajuato,purisima-del rincon purisima del rincon-air-quality.csv
2023/2/8, 49, 11,guanajuato,purisima-del rincon purisima del rincon-air-quality.csv
2023/2/9, 40, ,guanajuato,purisima-del rincon purisima del rincon-air-quality.csv
2023/2/11, 35, ,guanajuato,purisima-del rincon purisima del rincon-air-quality.csv
2023/2/16, 23, 26,guanajuato,purisima-del rincon purisima del rincon-air-quality.csv
2023/2/17, 5, ,guanajuato,purisima-del rincon purisima del rincon-air-quality.csv
2023/2/21, 65, ,guanajuato,purisima-del rincon purisima del rincon-air-quality.csv
2023/3/28, 36, 54,guanajuato,purisima-del rincon purisima del rincon-air-quality.csv
2023/3/29, 45, 43,guanajuato,purisima-del rincon purisima del rincon-air-quality.csv
2023/3/30, 48, 40,guanajuato,purisima-del rincon purisima del rincon-air-quality.csv
2023/3/31, 48, 42,guanajuato,purisima-del rincon purisima del rincon-air-quality.csv
2023/4/1, 41, 51,guanajuato,purisima-del rincon purisima del rincon-air-quality.csv
2022/11/1, 25, 36,guanajuato,purisima-del rincon purisima del rincon-air-quality.csv
2022/11/2, 34, 41,guanajuato,purisima-del rincon purisima del rincon-air-quality.csv
2022/11/3, 30, 38,guanajuato,purisima-del rincon purisima del rincon-air-quality.csv
2022/11/4, 32, 37,guanajuato,purisima-del rincon purisima del rincon-air-quality.csv
2022/11/5, 30, 34,guanajuato,purisima-del rincon purisima del rincon-air-quality.csv
2022/11/6, 24, 38,guanajuato,purisima-del rincon purisima del rincon-air-quality.csv
2022/11/7, 32, 43,guanajuato,purisima-del rincon purisima del rincon-air-quality.csv
2022/11/8, 38, 38,guanajuato,purisima-del rincon purisima del rincon-air-quality.csv
2022/11/9, 33, 29,guanajuato,purisima-del rincon purisima del rincon-air-quality.csv
2022/11/10, 21, 12,guanajuato,purisima-del rincon purisima del rincon-air-quality.csv
2022/11/11, 37, 41,guanajuato,purisima-del rincon purisima del rincon-air-quality.csv
2022/11/12, 35, 43,guanajuato,purisima-del rincon purisima del rincon-air-quality.csv
2022/11/13, 39, 35,guanajuato,purisima-del rincon purisima del rincon-air-quality.csv
2022/11/14, 28, 32,guanajuato,purisima-del rincon purisima del rincon-air-quality.csv
2022/11/15, 28, 37,guanajuato,purisima-del rincon purisima del rincon-air-quality.csv
2022/11/16, 34, 34,guanajuato,purisima-del rincon purisima del rincon-air-quality.csv
2022/11/17, 36, 34,guanajuato,purisima-del rincon purisima del rincon-air-quality.csv
2022/11/18, 42, 33,guanajuato,purisima-del rincon purisima del rincon-air-quality.csv
2022/11/19, 34, 35,guanajuato,purisima-del rincon purisima del rincon-air-quality.csv
2022/11/20, 36, 28,guanajuato,purisima-del rincon purisima del rincon-air-quality.csv
2022/11/21, 15, 21,guanajuato,purisima-del rincon purisima del rincon-air-quality.csv
2022/11/22, 14, 28,guanajuato,purisima-del rincon purisima del rincon-air-quality.csv
2022/11/23, 19, 32,guanajuato,purisima-del rincon purisima del rincon-air-quality.csv
2022/11/24, 26, 30,guanajuato,purisima-del rincon purisima del rincon-air-quality.csv
2022/11/25, 19, 30,guanajuato,purisima-del rincon purisima del rincon-air-quality.csv
2022/11/26, 21, 23,guanajuato,purisima-del rincon purisima del rincon-air-quality.csv
2022/11/27, 17, 23,guanajuato,purisima-del rincon purisima del rincon-air-quality.csv
2022/11/28, 13, 24,guanajuato,purisima-del rincon purisima del rincon-air-quality.csv
2022/11/29, 11, 18,guanajuato,purisima-del rincon purisima del rincon-air-quality.csv
2022/11/30, 20, 36,guanajuato,purisima-del rincon purisima del rincon-air-quality.csv
2022/12/1, 35, 26,guanajuato,purisima-del rincon purisima del rincon-air-quality.csv
2022/12/2, 26, 34,guanajuato,purisima-del rincon purisima del rincon-air-quality.csv
2022/12/3, 24, 28,guanajuato,purisima-del rincon purisima del rincon-air-quality.csv
2022/12/4, 23, 26,guanajuato,purisima-del rincon purisima del rincon-air-quality.csv
2022/12/5, 25, 45,guanajuato,purisima-del rincon purisima del rincon-air-quality.csv
2022/12/6, 19, 44,guanajuato,purisima-del rincon purisima del rincon-air-quality.csv
2022/12/7, 39, 45,guanajuato,purisima-del rincon purisima del rincon-air-quality.csv
2022/12/8, 58, 36,guanajuato,purisima-del rincon purisima del rincon-air-quality.csv
2022/12/9, 44, 34,guanajuato,purisima-del rincon purisima del rincon-air-quality.csv
2022/12/10, 51, 25,guanajuato,purisima-del rincon purisima del rincon-air-quality.csv
2022/12/11, 54, ,guanajuato,purisima-del rincon purisima del rincon-air-quality.csv
2022/12/15, 31, 37,guanajuato,purisima-del rincon purisima del rincon-air-quality.csv
2022/12/16, 39, ,guanajuato,purisima-del rincon purisima del rincon-air-quality.csv
2022/12/20, 44, 38,guanajuato,purisima-del rincon purisima del rincon-air-quality.csv
2022/12/21, 48, 35,guanajuato,purisima-del rincon purisima del rincon-air-quality.csv
2022/12/22, 41, 30,guanajuato,purisima-del rincon purisima del rincon-air-quality.csv
2022/12/23, 38, 41,guanajuato,purisima-del rincon purisima del rincon-air-quality.csv
2022/12/24, 54, 37,guanajuato,purisima-del rincon purisima del rincon-air-quality.csv
2022/12/25, 48, 26,guanajuato,purisima-del rincon purisima del rincon-air-quality.csv
2022/12/26, 38, 34,guanajuato,purisima-del rincon purisima del rincon-air-quality.csv
2022/12/27, 31, 34,guanajuato,purisima-del rincon purisima del rincon-air-quality.csv
2022/12/28, 33, 33,guanajuato,purisima-del rincon purisima del rincon-air-quality.csv
2022/12/29, 28, 35,guanajuato,purisima-del rincon purisima del rincon-air-quality.csv
2022/12/30, 26, 26,guanajuato,purisima-del rincon purisima del rincon-air-quality.csv
2022/12/31, 27, 26,guanajuato,purisima-del rincon purisima del rincon-air-quality.csv
2023/1/1, 23, 24,guanajuato,purisima-del rincon purisima del rincon-air-quality.csv
2023/1/2, 25, 24,guanajuato,purisima-del rincon purisima del rincon-air-quality.csv
2022/8/9, 18, 6,guanajuato,purisima-del rincon purisima del rincon-air-quality.csv
2022/8/10, 12, 14,guanajuato,purisima-del rincon purisima del rincon-air-quality.csv
2022/8/11, 8, ,guanajuato,purisima-del rincon purisima del rincon-air-quality.csv
2022/9/13, 14, ,guanajuato,purisima-del rincon purisima del rincon-air-quality.csv
2022/9/15, 25, 29,guanajuato,purisima-del rincon purisima del rincon-air-quality.csv
2022/9/16, 19, 21,guanajuato,purisima-del rincon purisima del rincon-air-quality.csv
2022/9/17, 11, 22,guanajuato,purisima-del rincon purisima del rincon-air-quality.csv
2022/9/18, 15, ,guanajuato,purisima-del rincon purisima del rincon-air-quality.csv
2022/4/2, 44, 39,guanajuato,purisima-del rincon purisima del rincon-air-quality.csv
2022/4/3, 40, ,guanajuato,purisima-del rincon purisima del rincon-air-quality.csv
2022/5/18, 47, ,guanajuato,purisima-del rincon purisima del rincon-air-quality.csv
2022/5/26, 37, 41,guanajuato,purisima-del rincon purisima del rincon-air-quality.csv
2022/5/27, 63, 27,guanajuato,purisima-del rincon purisima del rincon-air-quality.csv
2022/5/28, 30, 47,guanajuato,purisima-del rincon purisima del rincon-air-quality.csv
2022/5/29, 38, 43,guanajuato,purisima-del rincon purisima del rincon-air-quality.csv
2022/5/30, 36, 47,guanajuato,purisima-del rincon purisima del rincon-air-quality.csv
2022/5/31, 28, 49,guanajuato,purisima-del rincon purisima del rincon-air-quality.csv
2022/6/1, 30, 49,guanajuato,purisima-del rincon purisima del rincon-air-quality.csv
2022/6/2, 39, 39,guanajuato,purisima-del rincon purisima del rincon-air-quality.csv
2022/6/3, 31, 47,guanajuato,purisima-del rincon purisima del rincon-air-quality.csv
2022/6/4, 36, 46,guanajuato,purisima-del rincon purisima del rincon-air-quality.csv
2022/6/5, 38, 20,guanajuato,purisima-del rincon purisima del rincon-air-quality.csv
2022/6/6, 30, ,guanajuato,purisima-del rincon purisima del rincon-air-quality.csv
2022/6/17, 50, ,guanajuato,purisima-del rincon purisima del rincon-air-quality.csv
2022/6/28, 22, ,guanajuato,purisima-del rincon purisima del rincon-air-quality.csv
2022/1/4, 51, 45,guanajuato,purisima-del rincon purisima del rincon-air-quality.csv
2022/1/5, 59, 96,guanajuato,purisima-del rincon purisima del rincon-air-quality.csv
2022/1/6, 41, ,guanajuato,purisima-del rincon purisima del rincon-air-quality.csv
2022/1/7, 39, ,guanajuato,purisima-del rincon purisima del rincon-air-quality.csv
2022/1/8, 49, ,guanajuato,purisima-del rincon purisima del rincon-air-quality.csv
2022/1/9, 41, ,guanajuato,purisima-del rincon purisima del rincon-air-quality.csv
2022/1/10, 32, ,guanajuato,purisima-del rincon purisima del rincon-air-quality.csv
2022/1/11, 49, ,guanajuato,purisima-del rincon purisima del rincon-air-quality.csv
2022/1/12, 37, ,guanajuato,purisima-del rincon purisima del rincon-air-quality.csv
2022/1/13, 35, ,guanajuato,purisima-del rincon purisima del rincon-air-quality.csv
2022/1/14, 40, ,guanajuato,purisima-del rincon purisima del rincon-air-quality.csv
2022/1/15, 41, ,guanajuato,purisima-del rincon purisima del rincon-air-quality.csv
2022/1/16, 41, ,guanajuato,purisima-del rincon purisima del rincon-air-quality.csv
2022/1/17, 49, ,guanajuato,purisima-del rincon purisima del rincon-air-quality.csv
2022/1/18, 39, ,guanajuato,purisima-del rincon purisima del rincon-air-quality.csv
2022/1/20, 32, ,guanajuato,purisima-del rincon purisima del rincon-air-quality.csv
2022/1/21, 44, ,guanajuato,purisima-del rincon purisima del rincon-air-quality.csv
2022/1/22, 30, ,guanajuato,purisima-del rincon purisima del rincon-air-quality.csv
2022/1/23, 40, ,guanajuato,purisima-del rincon purisima del rincon-air-quality.csv
2022/1/25, 27, ,guanajuato,purisima-del rincon purisima del rincon-air-quality.csv
2022/1/26, 25, ,guanajuato,purisima-del rincon purisima del rincon-air-quality.csv
2022/1/27, 36, ,guanajuato,purisima-del rincon purisima del rincon-air-quality.csv
2022/1/28, 39, ,guanajuato,purisima-del rincon purisima del rincon-air-quality.csv
2022/1/29, 40, ,guanajuato,purisima-del rincon purisima del rincon-air-quality.csv
2022/1/30, 43, ,guanajuato,purisima-del rincon purisima del rincon-air-quality.csv
2022/1/31, 18, ,guanajuato,purisima-del rincon purisima del rincon-air-quality.csv
2022/2/1, 30, ,guanajuato,purisima-del rincon purisima del rincon-air-quality.csv
2022/2/2, 97, 28,guanajuato,purisima-del rincon purisima del rincon-air-quality.csv
2022/2/3, 40, 27,guanajuato,purisima-del rincon purisima del rincon-air-quality.csv
2022/2/4, 34, 27,guanajuato,purisima-del rincon purisima del rincon-air-quality.csv
2022/2/5, 28, 33,guanajuato,purisima-del rincon purisima del rincon-air-quality.csv
2022/2/6, 37, 26,guanajuato,purisima-del rincon purisima del rincon-air-quality.csv
2022/2/7, 27, 25,guanajuato,purisima-del rincon purisima del rincon-air-quality.csv
2022/2/8, 25, 31,guanajuato,purisima-del rincon purisima del rincon-air-quality.csv
2022/2/9, 25, 30,guanajuato,purisima-del rincon purisima del rincon-air-quality.csv
2022/2/10, 40, 28,guanajuato,purisima-del rincon purisima del rincon-air-quality.csv
2022/2/11, 35, 28,guanajuato,purisima-del rincon purisima del rincon-air-quality.csv
2022/2/12, 32, 28,guanajuato,purisima-del rincon purisima del rincon-air-quality.csv
2022/2/13, 35, 31,guanajuato,purisima-del rincon purisima del rincon-air-quality.csv
2022/2/14, 30, 30,guanajuato,purisima-del rincon purisima del rincon-air-quality.csv
2022/2/15, 30, 34,guanajuato,purisima-del rincon purisima del rincon-air-quality.csv
2022/2/16, 33, 27,guanajuato,purisima-del rincon purisima del rincon-air-quality.csv
2022/2/17, 30, 22,guanajuato,purisima-del rincon purisima del rincon-air-quality.csv
2022/2/18, 26, 14,guanajuato,purisima-del rincon purisima del rincon-air-quality.csv
2022/2/19, 40, 3,guanajuato,purisima-del rincon purisima del rincon-air-quality.csv
2022/2/20, 49, 2,guanajuato,purisima-del rincon purisima del rincon-air-quality.csv
2022/2/21, 41, 1,guanajuato,purisima-del rincon purisima del rincon-air-quality.csv
2022/2/22, 40, ,guanajuato,purisima-del rincon purisima del rincon-air-quality.csv
2022/2/23, 31, ,guanajuato,purisima-del rincon purisima del rincon-air-quality.csv
2022/2/24, 42, ,guanajuato,purisima-del rincon purisima del rincon-air-quality.csv
2022/2/25, 50, ,guanajuato,purisima-del rincon purisima del rincon-air-quality.csv
2022/2/26, 49, ,guanajuato,purisima-del rincon purisima del rincon-air-quality.csv
2022/2/27, 49, ,guanajuato,purisima-del rincon purisima del rincon-air-quality.csv
2022/2/28, 43, 37,guanajuato,purisima-del rincon purisima del rincon-air-quality.csv
2022/3/1, 46, 36,guanajuato,purisima-del rincon purisima del rincon-air-quality.csv
2022/3/2, 48, 34,guanajuato,purisima-del rincon purisima del rincon-air-quality.csv
2022/3/3, 47, 43,guanajuato,purisima-del rincon purisima del rincon-air-quality.csv
2022/3/4, 50, 42,guanajuato,purisima-del rincon purisima del rincon-air-quality.csv
2022/3/5, 47, 11,guanajuato,purisima-del rincon purisima del rincon-air-quality.csv
2022/3/6, 52, ,guanajuato,purisima-del rincon purisima del rincon-air-quality.csv
2022/3/11, 31, 33,guanajuato,purisima-del rincon purisima del rincon-air-quality.csv
2022/3/12, 26, 40,guanajuato,purisima-del rincon purisima del rincon-air-quality.csv
2022/3/13, 46, 30,guanajuato,purisima-del rincon purisima del rincon-air-quality.csv
2022/3/14, 35, 37,guanajuato,purisima-del rincon purisima del rincon-air-quality.csv
2022/3/15, 37, 38,guanajuato,purisima-del rincon purisima del rincon-air-quality.csv
2022/3/16, 43, 34,guanajuato,purisima-del rincon purisima del rincon-air-quality.csv
2022/3/17, 42, 34,guanajuato,purisima-del rincon purisima del rincon-air-quality.csv
2022/3/18, 40, 36,guanajuato,purisima-del rincon purisima del rincon-air-quality.csv
2022/3/19, 33, 35,guanajuato,purisima-del rincon purisima del rincon-air-quality.csv
2022/3/20, 45, 28,guanajuato,purisima-del rincon purisima del rincon-air-quality.csv
2022/3/21, 32, 32,guanajuato,purisima-del rincon purisima del rincon-air-quality.csv
2022/3/22, 39, 34,guanajuato,purisima-del rincon purisima del rincon-air-quality.csv
2022/3/23, 45, 34,guanajuato,purisima-del rincon purisima del rincon-air-quality.csv
2022/3/24, 45, 37,guanajuato,purisima-del rincon purisima del rincon-air-quality.csv
2022/3/25, 46, 41,guanajuato,purisima-del rincon purisima del rincon-air-quality.csv
2022/3/26, 49, 45,guanajuato,purisima-del rincon purisima del rincon-air-quality.csv
2022/3/27, 51, 35,guanajuato,purisima-del rincon purisima del rincon-air-quality.csv
2022/3/28, 47, 45,guanajuato,purisima-del rincon purisima del rincon-air-quality.csv
2022/3/29, 43, 46,guanajuato,purisima-del rincon purisima del rincon-air-quality.csv
2022/3/30, 50, 31,guanajuato,purisima-del rincon purisima del rincon-air-quality.csv
2022/3/31, 40, 42,guanajuato,purisima-del rincon purisima del rincon-air-quality.csv
2022/4/1, 40, 42,guanajuato,purisima-del rincon purisima del rincon-air-quality.csv
2021/11/5, 32, 40,guanajuato,purisima-del rincon purisima del rincon-air-quality.csv
2021/11/6, 36, 41,guanajuato,purisima-del rincon purisima del rincon-air-quality.csv
2021/11/7, 36, 43,guanajuato,purisima-del rincon purisima del rincon-air-quality.csv
2021/11/8, 29, 44,guanajuato,purisima-del rincon purisima del rincon-air-quality.csv
2021/11/9, 32, 49,guanajuato,purisima-del rincon purisima del rincon-air-quality.csv
2021/11/10, 39, 48,guanajuato,purisima-del rincon purisima del rincon-air-quality.csv
2021/11/11, 68, 61,guanajuato,purisima-del rincon purisima del rincon-air-quality.csv
2021/11/12, 44, 45,guanajuato,purisima-del rincon purisima del rincon-air-quality.csv
2021/11/13, 41, 34,guanajuato,purisima-del rincon purisima del rincon-air-quality.csv
2021/11/14, 30, 39,guanajuato,purisima-del rincon purisima del rincon-air-quality.csv
2021/11/15, 16, ,guanajuato,purisima-del rincon purisima del rincon-air-quality.csv
2021/11/20, 36, ,guanajuato,purisima-del rincon purisima del rincon-air-quality.csv
2021/11/22, 23, ,guanajuato,purisima-del rincon purisima del rincon-air-quality.csv
2021/11/24, 37, ,guanajuato,purisima-del rincon purisima del rincon-air-quality.csv
2021/11/25, 21, ,guanajuato,purisima-del rincon purisima del rincon-air-quality.csv
2021/11/26, 36, ,guanajuato,purisima-del rincon purisima del rincon-air-quality.csv
2021/11/27, 46, ,guanajuato,purisima-del rincon purisima del rincon-air-quality.csv
2021/11/28, 35, ,guanajuato,purisima-del rincon purisima del rincon-air-quality.csv
2021/11/29, 30, ,guanajuato,purisima-del rincon purisima del rincon-air-quality.csv
2021/11/30, 42, ,guanajuato,purisima-del rincon purisima del rincon-air-quality.csv
2021/12/1, 42, ,guanajuato,purisima-del rincon purisima del rincon-air-quality.csv
2021/12/2, 43, 31,guanajuato,purisima-del rincon purisima del rincon-air-quality.csv
2021/12/3, 37, 35,guanajuato,purisima-del rincon purisima del rincon-air-quality.csv
2021/12/4, 36, 41,guanajuato,purisima-del rincon purisima del rincon-air-quality.csv
2021/12/5, 47, 39,guanajuato,purisima-del rincon purisima del rincon-air-quality.csv
2021/12/6, 26, 49,guanajuato,purisima-del rincon purisima del rincon-air-quality.csv
2021/12/7, 47, 54,guanajuato,purisima-del rincon purisima del rincon-air-quality.csv
2021/12/8, 42, 43,guanajuato,purisima-del rincon purisima del rincon-air-quality.csv
2021/12/9, 41, 37,guanajuato,purisima-del rincon purisima del rincon-air-quality.csv
2021/12/10, 30, 39,guanajuato,purisima-del rincon purisima del rincon-air-quality.csv
2021/12/11, 38, 43,guanajuato,purisima-del rincon purisima del rincon-air-quality.csv
2021/12/12, 43, 35,guanajuato,purisima-del rincon purisima del rincon-air-quality.csv
2021/12/13, 51, 59,guanajuato,purisima-del rincon purisima del rincon-air-quality.csv
2021/12/14, 63, 49,guanajuato,purisima-del rincon purisima del rincon-air-quality.csv
2021/12/15, 43, 33,guanajuato,purisima-del rincon purisima del rincon-air-quality.csv
2021/12/16, 39, 31,guanajuato,purisima-del rincon purisima del rincon-air-quality.csv
2021/12/17, 64, 51,guanajuato,purisima-del rincon purisima del rincon-air-quality.csv
2021/12/18, 51, 39,guanajuato,purisima-del rincon purisima del rincon-air-quality.csv
2021/12/19, 45, 16,guanajuato,purisima-del rincon purisima del rincon-air-quality.csv
2021/12/20, 34, 29,guanajuato,purisima-del rincon purisima del rincon-air-quality.csv
2021/12/21, 18, 39,guanajuato,purisima-del rincon purisima del rincon-air-quality.csv
2021/12/22, 26, 55,guanajuato,purisima-del rincon purisima del rincon-air-quality.csv
2021/12/23, 45, 95,guanajuato,purisima-del rincon purisima del rincon-air-quality.csv
2021/12/24, 45, ,guanajuato,purisima-del rincon purisima del rincon-air-quality.csv
2021/12/26, 53, 18,guanajuato,purisima-del rincon purisima del rincon-air-quality.csv
2021/12/27, 44, 40,guanajuato,purisima-del rincon purisima del rincon-air-quality.csv
2021/12/28, 40, 39,guanajuato,purisima-del rincon purisima del rincon-air-quality.csv
2021/12/29, 37, 37,guanajuato,purisima-del rincon purisima del rincon-air-quality.csv
2021/12/30, 34, 46,guanajuato,purisima-del rincon purisima del rincon-air-quality.csv
2021/12/31, 45, 33,guanajuato,purisima-del rincon purisima del rincon-air-quality.csv
2022/1/1, 32, 30,guanajuato,purisima-del rincon purisima del rincon-air-quality.csv
2022/1/2, 26, 38,guanajuato,purisima-del rincon purisima del rincon-air-quality.csv
2022/1/3, 33, 38,guanajuato,purisima-del rincon purisima del rincon-air-quality.csv
2021/7/2, 12, 31,guanajuato,purisima-del rincon purisima del rincon-air-quality.csv
2021/7/3, 13, 26,guanajuato,purisima-del rincon purisima del rincon-air-quality.csv
2021/7/4, 14, 27,guanajuato,purisima-del rincon purisima del rincon-air-quality.csv
2021/7/5, 10, 29,guanajuato,purisima-del rincon purisima del rincon-air-quality.csv
2021/7/6, 13, 24,guanajuato,purisima-del rincon purisima del rincon-air-quality.csv
2021/7/7, 14, 32,guanajuato,purisima-del rincon purisima del rincon-air-quality.csv
2021/7/8, 10, 30,guanajuato,purisima-del rincon purisima del rincon-air-quality.csv
2021/7/9, 9, 29,guanajuato,purisima-del rincon purisima del rincon-air-quality.csv
2021/7/10, 21, 34,guanajuato,purisima-del rincon purisima del rincon-air-quality.csv
2021/7/11, 12, 39,guanajuato,purisima-del rincon purisima del rincon-air-quality.csv
2021/7/12, 9, 34,guanajuato,purisima-del rincon purisima del rincon-air-quality.csv
2021/7/13, 20, 28,guanajuato,purisima-del rincon purisima del rincon-air-quality.csv
2021/7/14, 12, ,guanajuato,purisima-del rincon purisima del rincon-air-quality.csv
2021/7/22, 22, 39,guanajuato,purisima-del rincon purisima del rincon-air-quality.csv
2021/7/23, 13, 45,guanajuato,purisima-del rincon purisima del rincon-air-quality.csv
2021/7/24, 25, 45,guanajuato,purisima-del rincon purisima del rincon-air-quality.csv
2021/7/25, 23, 39,guanajuato,purisima-del rincon purisima del rincon-air-quality.csv
2021/7/26, 33, 52,guanajuato,purisima-del rincon purisima del rincon-air-quality.csv
2021/7/27, 30, 47,guanajuato,purisima-del rincon purisima del rincon-air-quality.csv
2021/7/28, 18, 40,guanajuato,purisima-del rincon purisima del rincon-air-quality.csv
2021/7/29, 17, 35,guanajuato,purisima-del rincon purisima del rincon-air-quality.csv
2021/7/30, 19, ,guanajuato,purisima-del rincon purisima del rincon-air-quality.csv
2021/8/1, 19, 40,guanajuato,purisima-del rincon purisima del rincon-air-quality.csv
2021/8/2, 24, 37,guanajuato,purisima-del rincon purisima del rincon-air-quality.csv
2021/8/3, 18, 34,guanajuato,purisima-del rincon purisima del rincon-air-quality.csv
2021/8/4, 22, ,guanajuato,purisima-del rincon purisima del rincon-air-quality.csv
2021/8/6, 15, 36,guanajuato,purisima-del rincon purisima del rincon-air-quality.csv
2021/8/7, 13, 39,guanajuato,purisima-del rincon purisima del rincon-air-quality.csv
2021/8/8, 18, 31,guanajuato,purisima-del rincon purisima del rincon-air-quality.csv
2021/8/9, 12, 37,guanajuato,purisima-del rincon purisima del rincon-air-quality.csv
2021/8/10, 13, ,guanajuato,purisima-del rincon purisima del rincon-air-quality.csv
2021/8/18, 20, 42,guanajuato,purisima-del rincon purisima del rincon-air-quality.csv
2021/8/19, 20, 93,guanajuato,purisima-del rincon purisima del rincon-air-quality.csv
2021/8/20, 21, 80,guanajuato,purisima-del rincon purisima del rincon-air-quality.csv
2021/8/21, 21, ,guanajuato,purisima-del rincon purisima del rincon-air-quality.csv
2021/8/22, 12, ,guanajuato,purisima-del rincon purisima del rincon-air-quality.csv
2021/8/23, 11, ,guanajuato,purisima-del rincon purisima del rincon-air-quality.csv
2021/8/24, 23, ,guanajuato,purisima-del rincon purisima del rincon-air-quality.csv
2021/8/25, 29, ,guanajuato,purisima-del rincon purisima del rincon-air-quality.csv
2021/8/26, 31, ,guanajuato,purisima-del rincon purisima del rincon-air-quality.csv
2021/8/27, 35, ,guanajuato,purisima-del rincon purisima del rincon-air-quality.csv
2021/8/28, 41, ,guanajuato,purisima-del rincon purisima del rincon-air-quality.csv
2021/8/29, 20, ,guanajuato,purisima-del rincon purisima del rincon-air-quality.csv
2021/8/30, 10, ,guanajuato,purisima-del rincon purisima del rincon-air-quality.csv
2021/8/31, 12, ,guanajuato,purisima-del rincon purisima del rincon-air-quality.csv
2021/9/1, 13, ,guanajuato,purisima-del rincon purisima del rincon-air-quality.csv
2021/9/2, 11, ,guanajuato,purisima-del rincon purisima del rincon-air-quality.csv
2021/9/3, 14, ,guanajuato,purisima-del rincon purisima del rincon-air-quality.csv
2021/9/4, 10, ,guanajuato,purisima-del rincon purisima del rincon-air-quality.csv
2021/9/5, 11, ,guanajuato,purisima-del rincon purisima del rincon-air-quality.csv
2021/9/6, 16, ,guanajuato,purisima-del rincon purisima del rincon-air-quality.csv
2021/9/7, 11, ,guanajuato,purisima-del rincon purisima del rincon-air-quality.csv
2021/9/8, 9, ,guanajuato,purisima-del rincon purisima del rincon-air-quality.csv
2021/9/9, 14, ,guanajuato,purisima-del rincon purisima del rincon-air-quality.csv
2021/9/10, 19, ,guanajuato,purisima-del rincon purisima del rincon-air-quality.csv
2021/9/11, 24, ,guanajuato,purisima-del rincon purisima del rincon-air-quality.csv
2021/9/12, 21, ,guanajuato,purisima-del rincon purisima del rincon-air-quality.csv
2021/9/13, 13, ,guanajuato,purisima-del rincon purisima del rincon-air-quality.csv
2021/9/14, 16, ,guanajuato,purisima-del rincon purisima del rincon-air-quality.csv
2021/9/15, 9, ,guanajuato,purisima-del rincon purisima del rincon-air-quality.csv
2021/9/16, 13, ,guanajuato,purisima-del rincon purisima del rincon-air-quality.csv
2021/9/17, 12, ,guanajuato,purisima-del rincon purisima del rincon-air-quality.csv
2021/9/18, 13, ,guanajuato,purisima-del rincon purisima del rincon-air-quality.csv
2021/9/19, 14, ,guanajuato,purisima-del rincon purisima del rincon-air-quality.csv
2021/9/20, 16, ,guanajuato,purisima-del rincon purisima del rincon-air-quality.csv
2021/4/2, 44, 32,guanajuato,purisima-del rincon purisima del rincon-air-quality.csv
2021/4/3, 19, 40,guanajuato,purisima-del rincon purisima del rincon-air-quality.csv
2021/4/4, 21, 44,guanajuato,purisima-del rincon purisima del rincon-air-quality.csv
2021/4/5, 25, 45,guanajuato,purisima-del rincon purisima del rincon-air-quality.csv
2021/4/6, 37, 48,guanajuato,purisima-del rincon purisima del rincon-air-quality.csv
2021/4/7, 21, 49,guanajuato,purisima-del rincon purisima del rincon-air-quality.csv
2021/4/8, 25, 54,guanajuato,purisima-del rincon purisima del rincon-air-quality.csv
2021/4/9, 41, 59,guanajuato,purisima-del rincon purisima del rincon-air-quality.csv
2021/4/10, 43, 45,guanajuato,purisima-del rincon purisima del rincon-air-quality.csv
2021/4/11, 33, 27,guanajuato,purisima-del rincon purisima del rincon-air-quality.csv
2021/4/12, 35, 47,guanajuato,purisima-del rincon purisima del rincon-air-quality.csv
2021/4/13, 44, 46,guanajuato,purisima-del rincon purisima del rincon-air-quality.csv
2021/4/14, 38, 52,guanajuato,purisima-del rincon purisima del rincon-air-quality.csv
2021/4/15, 37, 57,guanajuato,purisima-del rincon purisima del rincon-air-quality.csv
2021/4/16, 43, 52,guanajuato,purisima-del rincon purisima del rincon-air-quality.csv
2021/4/17, 46, 45,guanajuato,purisima-del rincon purisima del rincon-air-quality.csv
2021/4/18, 55, 46,guanajuato,purisima-del rincon purisima del rincon-air-quality.csv
2021/4/19, 36, 42,guanajuato,purisima-del rincon purisima del rincon-air-quality.csv
2021/4/20, 41, 42,guanajuato,purisima-del rincon purisima del rincon-air-quality.csv
2021/4/21, 34, 48,guanajuato,purisima-del rincon purisima del rincon-air-quality.csv
2021/4/22, 44, 35,guanajuato,purisima-del rincon purisima del rincon-air-quality.csv
2021/4/23, 45, 39,guanajuato,purisima-del rincon purisima del rincon-air-quality.csv
2021/4/24, 46, 32,guanajuato,purisima-del rincon purisima del rincon-air-quality.csv
2021/4/25, 30, 50,guanajuato,purisima-del rincon purisima del rincon-air-quality.csv
2021/4/26, 49, 57,guanajuato,purisima-del rincon purisima del rincon-air-quality.csv
2021/4/27, 51, 44,guanajuato,purisima-del rincon purisima del rincon-air-quality.csv
2021/4/28, 50, 46,guanajuato,purisima-del rincon purisima del rincon-air-quality.csv
2021/4/29, 45, 47,guanajuato,purisima-del rincon purisima del rincon-air-quality.csv
2021/4/30, 43, 43,guanajuato,purisima-del rincon purisima del rincon-air-quality.csv
2021/5/1, 39, 36,guanajuato,purisima-del rincon purisima del rincon-air-quality.csv
2021/5/2, 36, 46,guanajuato,purisima-del rincon purisima del rincon-air-quality.csv
2021/5/3, 25, 42,guanajuato,purisima-del rincon purisima del rincon-air-quality.csv
2021/5/4, 41, 53,guanajuato,purisima-del rincon purisima del rincon-air-quality.csv
2021/5/5, 49, 58,guanajuato,purisima-del rincon purisima del rincon-air-quality.csv
2021/5/6, 57, 54,guanajuato,purisima-del rincon purisima del rincon-air-quality.csv
2021/5/7, 31, 40,guanajuato,purisima-del rincon purisima del rincon-air-quality.csv
2021/5/8, 31, ,guanajuato,purisima-del rincon purisima del rincon-air-quality.csv
2021/5/15, 17, 55,guanajuato,purisima-del rincon purisima del rincon-air-quality.csv
2021/5/16, 15, 40,guanajuato,purisima-del rincon purisima del rincon-air-quality.csv
2021/5/17, 16, 54,guanajuato,purisima-del rincon purisima del rincon-air-quality.csv
2021/5/18, 27, 47,guanajuato,purisima-del rincon purisima del rincon-air-quality.csv
2021/5/19, 27, 49,guanajuato,purisima-del rincon purisima del rincon-air-quality.csv
2021/5/20, 28, 62,guanajuato,purisima-del rincon purisima del rincon-air-quality.csv
2021/5/21, 37, 70,guanajuato,purisima-del rincon purisima del rincon-air-quality.csv
2021/5/22, 37, 67,guanajuato,purisima-del rincon purisima del rincon-air-quality.csv
2021/5/23, 39, 62,guanajuato,purisima-del rincon purisima del rincon-air-quality.csv
2021/5/24, 37, 55,guanajuato,purisima-del rincon purisima del rincon-air-quality.csv
2021/5/25, 33, 61,guanajuato,purisima-del rincon purisima del rincon-air-quality.csv
2021/5/26, 42, 53,guanajuato,purisima-del rincon purisima del rincon-air-quality.csv
2021/5/27, 39, 57,guanajuato,purisima-del rincon purisima del rincon-air-quality.csv
2021/5/28, 31, 61,guanajuato,purisima-del rincon purisima del rincon-air-quality.csv
2021/5/29, 42, 58,guanajuato,purisima-del rincon purisima del rincon-air-quality.csv
2021/5/30, 46, 59,guanajuato,purisima-del rincon purisima del rincon-air-quality.csv
2021/5/31, 38, 55,guanajuato,purisima-del rincon purisima del rincon-air-quality.csv
2021/6/1, 33, 56,guanajuato,purisima-del rincon purisima del rincon-air-quality.csv
2021/6/2, 24, 41,guanajuato,purisima-del rincon purisima del rincon-air-quality.csv
2021/6/3, 11, 44,guanajuato,purisima-del rincon purisima del rincon-air-quality.csv
2021/6/4, 9, 42,guanajuato,purisima-del rincon purisima del rincon-air-quality.csv
2021/6/5, 10, 61,guanajuato,purisima-del rincon purisima del rincon-air-quality.csv
2021/6/6, 17, 60,guanajuato,purisima-del rincon purisima del rincon-air-quality.csv
2021/6/7, 18, 57,guanajuato,purisima-del rincon purisima del rincon-air-quality.csv
2021/6/8, 28, 55,guanajuato,purisima-del rincon purisima del rincon-air-quality.csv
2021/6/9, 31, 55,guanajuato,purisima-del rincon purisima del rincon-air-quality.csv
2021/6/10, 31, 40,guanajuato,purisima-del rincon purisima del rincon-air-quality.csv
2021/6/11, 38, 40,guanajuato,purisima-del rincon purisima del rincon-air-quality.csv
2021/6/12, 24, 35,guanajuato,purisima-del rincon purisima del rincon-air-quality.csv
2021/6/13, 23, 21,guanajuato,purisima-del rincon purisima del rincon-air-quality.csv
2021/6/14, 9, 23,guanajuato,purisima-del rincon purisima del rincon-air-quality.csv
2021/6/15, 13, 40,guanajuato,purisima-del rincon purisima del rincon-air-quality.csv
2021/6/16, 22, 41,guanajuato,purisima-del rincon purisima del rincon-air-quality.csv
2021/6/17, 23, 37,guanajuato,purisima-del rincon purisima del rincon-air-quality.csv
2021/6/18, 43, 34,guanajuato,purisima-del rincon purisima del rincon-air-quality.csv
2021/6/19, 19, 14,guanajuato,purisima-del rincon purisima del rincon-air-quality.csv
2021/6/20, 11, 31,guanajuato,purisima-del rincon purisima del rincon-air-quality.csv
2021/6/21, 8, 36,guanajuato,purisima-del rincon purisima del rincon-air-quality.csv
2021/6/22, 14, 28,guanajuato,purisima-del rincon purisima del rincon-air-quality.csv
2021/6/23, 16, 39,guanajuato,purisima-del rincon purisima del rincon-air-quality.csv
2021/6/24, 27, 39,guanajuato,purisima-del rincon purisima del rincon-air-quality.csv
2021/6/25, 15, 36,guanajuato,purisima-del rincon purisima del rincon-air-quality.csv
2021/6/26, 13, 29,guanajuato,purisima-del rincon purisima del rincon-air-quality.csv
2021/6/27, 16, 20,guanajuato,purisima-del rincon purisima del rincon-air-quality.csv
2021/6/28, 9, 22,guanajuato,purisima-del rincon purisima del rincon-air-quality.csv
2021/6/29, 11, 25,guanajuato,purisima-del rincon purisima del rincon-air-quality.csv
2021/6/30, 10, 32,guanajuato,purisima-del rincon purisima del rincon-air-quality.csv
2021/7/1, 12, 26,guanajuato,purisima-del rincon purisima del rincon-air-quality.csv
2021/1/5, 56, 44,guanajuato,purisima-del rincon purisima del rincon-air-quality.csv
2021/1/6, 49, 34,guanajuato,purisima-del rincon purisima del rincon-air-quality.csv
2021/1/7, 35, 41,guanajuato,purisima-del rincon purisima del rincon-air-quality.csv
2021/1/8, 43, 37,guanajuato,purisima-del rincon purisima del rincon-air-quality.csv
2021/1/9, 47, 28,guanajuato,purisima-del rincon purisima del rincon-air-quality.csv
2021/1/10, 39, 35,guanajuato,purisima-del rincon purisima del rincon-air-quality.csv
2021/1/11, 17, 31,guanajuato,purisima-del rincon purisima del rincon-air-quality.csv
2021/1/12, 25, 29,guanajuato,purisima-del rincon purisima del rincon-air-quality.csv
2021/1/13, 21, 30,guanajuato,purisima-del rincon purisima del rincon-air-quality.csv
2021/1/14, 25, 29,guanajuato,purisima-del rincon purisima del rincon-air-quality.csv
2021/1/15, 44, 26,guanajuato,purisima-del rincon purisima del rincon-air-quality.csv
2021/1/16, 39, 49,guanajuato,purisima-del rincon purisima del rincon-air-quality.csv
2021/1/17, 40, ,guanajuato,purisima-del rincon purisima del rincon-air-quality.csv
2021/1/19, 41, 38,guanajuato,purisima-del rincon purisima del rincon-air-quality.csv
2021/1/20, 32, 40,guanajuato,purisima-del rincon purisima del rincon-air-quality.csv
2021/1/21, 35, 45,guanajuato,purisima-del rincon purisima del rincon-air-quality.csv
2021/1/22, 35, 38,guanajuato,purisima-del rincon purisima del rincon-air-quality.csv
2021/1/23, 27, 41,guanajuato,purisima-del rincon purisima del rincon-air-quality.csv
2021/1/24, 32, 36,guanajuato,purisima-del rincon purisima del rincon-air-quality.csv
2021/1/25, 30, 36,guanajuato,purisima-del rincon purisima del rincon-air-quality.csv
2021/1/26, 32, 38,guanajuato,purisima-del rincon purisima del rincon-air-quality.csv
2021/1/27, 37, 46,guanajuato,purisima-del rincon purisima del rincon-air-quality.csv
2021/1/28, 42, ,guanajuato,purisima-del rincon purisima del rincon-air-quality.csv
2021/1/30, 50, 48,guanajuato,purisima-del rincon purisima del rincon-air-quality.csv
2021/1/31, 50, 48,guanajuato,purisima-del rincon purisima del rincon-air-quality.csv
2021/2/1, 44, 38,guanajuato,purisima-del rincon purisima del rincon-air-quality.csv
2021/2/2, 33, 47,guanajuato,purisima-del rincon purisima del rincon-air-quality.csv
2021/2/3, 42, 51,guanajuato,purisima-del rincon purisima del rincon-air-quality.csv
2021/2/4, 43, 55,guanajuato,purisima-del rincon purisima del rincon-air-quality.csv
2021/2/5, 48, 52,guanajuato,purisima-del rincon purisima del rincon-air-quality.csv
2021/2/6, 40, 39,guanajuato,purisima-del rincon purisima del rincon-air-quality.csv
2021/2/7, 36, 42,guanajuato,purisima-del rincon purisima del rincon-air-quality.csv
2021/2/8, 40, 45,guanajuato,purisima-del rincon purisima del rincon-air-quality.csv
2021/2/9, 36, 42,guanajuato,purisima-del rincon purisima del rincon-air-quality.csv
2021/2/10, 40, 34,guanajuato,purisima-del rincon purisima del rincon-air-quality.csv
2021/2/11, 36, 29,guanajuato,purisima-del rincon purisima del rincon-air-quality.csv
2021/2/12, 37, 27,guanajuato,purisima-del rincon purisima del rincon-air-quality.csv
2021/2/13, 35, 40,guanajuato,purisima-del rincon purisima del rincon-air-quality.csv
2021/2/14, 28, 37,guanajuato,purisima-del rincon purisima del rincon-air-quality.csv
2021/2/15, 30, 40,guanajuato,purisima-del rincon purisima del rincon-air-quality.csv
2021/2/16, 28, 44,guanajuato,purisima-del rincon purisima del rincon-air-quality.csv
2021/2/17, 31, 38,guanajuato,purisima-del rincon purisima del rincon-air-quality.csv
2021/2/18, 29, 36,guanajuato,purisima-del rincon purisima del rincon-air-quality.csv
2021/2/19, 29, 56,guanajuato,purisima-del rincon purisima del rincon-air-quality.csv
2021/2/20, 45, 49,guanajuato,purisima-del rincon purisima del rincon-air-quality.csv
2021/2/21, 44, 58,guanajuato,purisima-del rincon purisima del rincon-air-quality.csv
2021/2/22, 46, 49,guanajuato,purisima-del rincon purisima del rincon-air-quality.csv
2021/2/23, 38, 45,guanajuato,purisima-del rincon purisima del rincon-air-quality.csv
2021/2/24, 41, 59,guanajuato,purisima-del rincon purisima del rincon-air-quality.csv
2021/2/25, 60, 43,guanajuato,purisima-del rincon purisima del rincon-air-quality.csv
2021/2/26, 42, 58,guanajuato,purisima-del rincon purisima del rincon-air-quality.csv
2021/2/27, 51, 64,guanajuato,purisima-del rincon purisima del rincon-air-quality.csv
2021/2/28, 48, 60,guanajuato,purisima-del rincon purisima del rincon-air-quality.csv
2021/3/1, 44, 51,guanajuato,purisima-del rincon purisima del rincon-air-quality.csv
2021/3/2, 46, 53,guanajuato,purisima-del rincon purisima del rincon-air-quality.csv
2021/3/3, 55, 55,guanajuato,purisima-del rincon purisima del rincon-air-quality.csv
2021/3/4, 47, 49,guanajuato,purisima-del rincon purisima del rincon-air-quality.csv
2021/3/5, 46, 49,guanajuato,purisima-del rincon purisima del rincon-air-quality.csv
2021/3/6, 39, 42,guanajuato,purisima-del rincon purisima del rincon-air-quality.csv
2021/3/7, 53, 38,guanajuato,purisima-del rincon purisima del rincon-air-quality.csv
2021/3/8, 40, 41,guanajuato,purisima-del rincon purisima del rincon-air-quality.csv
2021/3/9, 36, 44,guanajuato,purisima-del rincon purisima del rincon-air-quality.csv
2021/3/10, 38, 43,guanajuato,purisima-del rincon purisima del rincon-air-quality.csv
2021/3/11, 47, 53,guanajuato,purisima-del rincon purisima del rincon-air-quality.csv
2021/3/12, 47, ,guanajuato,purisima-del rincon purisima del rincon-air-quality.csv
2021/3/14, 54, 40,guanajuato,purisima-del rincon purisima del rincon-air-quality.csv
2021/3/15, 36, 40,guanajuato,purisima-del rincon purisima del rincon-air-quality.csv
2021/3/16, 39, 37,guanajuato,purisima-del rincon purisima del rincon-air-quality.csv
2021/3/17, 41, 36,guanajuato,purisima-del rincon purisima del rincon-air-quality.csv
2021/3/18, 29, 47,guanajuato,purisima-del rincon purisima del rincon-air-quality.csv
2021/3/19, 66, 49,guanajuato,purisima-del rincon purisima del rincon-air-quality.csv
2021/3/20, 52, 21,guanajuato,purisima-del rincon purisima del rincon-air-quality.csv
2021/3/21, 53, ,guanajuato,purisima-del rincon purisima del rincon-air-quality.csv
2021/3/23, 30, 32,guanajuato,purisima-del rincon purisima del rincon-air-quality.csv
2021/3/24, 31, 42,guanajuato,purisima-del rincon purisima del rincon-air-quality.csv
2021/3/25, 30, 42,guanajuato,purisima-del rincon purisima del rincon-air-quality.csv
2021/3/26, 31, 45,guanajuato,purisima-del rincon purisima del rincon-air-quality.csv
2021/3/27, 35, 56,guanajuato,purisima-del rincon purisima del rincon-air-quality.csv
2021/3/28, 42, 49,guanajuato,purisima-del rincon purisima del rincon-air-quality.csv
2021/3/29, 41, 43,guanajuato,purisima-del rincon purisima del rincon-air-quality.csv
2021/3/30, 51, 50,guanajuato,purisima-del rincon purisima del rincon-air-quality.csv
2021/3/31, 50, 61,guanajuato,purisima-del rincon purisima del rincon-air-quality.csv
2021/4/1, 52, 31,guanajuato,purisima-del rincon purisima del rincon-air-quality.csv
2020/10/2, 26, 33,guanajuato,purisima-del rincon purisima del rincon-air-quality.csv
2020/10/3, 28, 43,guanajuato,purisima-del rincon purisima del rincon-air-quality.csv
2020/10/4, 23, 17,guanajuato,purisima-del rincon purisima del rincon-air-quality.csv
2020/10/5, 29, 40,guanajuato,purisima-del rincon purisima del rincon-air-quality.csv
2020/10/6, 35, 45,guanajuato,purisima-del rincon purisima del rincon-air-quality.csv
2020/10/7, 33, 50,guanajuato,purisima-del rincon purisima del rincon-air-quality.csv
2020/10/8, 33, 45,guanajuato,purisima-del rincon purisima del rincon-air-quality.csv
2020/10/9, 37, 50,guanajuato,purisima-del rincon purisima del rincon-air-quality.csv
2020/10/10, 44, 52,guanajuato,purisima-del rincon purisima del rincon-air-quality.csv
2020/10/11, 41, 44,guanajuato,purisima-del rincon purisima del rincon-air-quality.csv
2020/10/12, 38, 45,guanajuato,purisima-del rincon purisima del rincon-air-quality.csv
2020/10/13, 34, 31,guanajuato,purisima-del rincon purisima del rincon-air-quality.csv
2020/10/14, 22, 34,guanajuato,purisima-del rincon purisima del rincon-air-quality.csv
2020/10/15, 27, 40,guanajuato,purisima-del rincon purisima del rincon-air-quality.csv
2020/10/16, 23, 32,guanajuato,purisima-del rincon purisima del rincon-air-quality.csv
2020/10/17, 24, 42,guanajuato,purisima-del rincon purisima del rincon-air-quality.csv
2020/10/18, 22, 40,guanajuato,purisima-del rincon purisima del rincon-air-quality.csv
2020/10/19, 27, 46,guanajuato,purisima-del rincon purisima del rincon-air-quality.csv
2020/10/20, 24, 49,guanajuato,purisima-del rincon purisima del rincon-air-quality.csv
2020/10/21, 19, 32,guanajuato,purisima-del rincon purisima del rincon-air-quality.csv
2020/10/22, 39, 43,guanajuato,purisima-del rincon purisima del rincon-air-quality.csv
2020/10/23, 34, 46,guanajuato,purisima-del rincon purisima del rincon-air-quality.csv
2020/10/24, 40, 38,guanajuato,purisima-del rincon purisima del rincon-air-quality.csv
2020/10/25, 33, 37,guanajuato,purisima-del rincon purisima del rincon-air-quality.csv
2020/10/26, 31, 52,guanajuato,purisima-del rincon purisima del rincon-air-quality.csv
2020/10/27, 33, ,guanajuato,purisima-del rincon purisima del rincon-air-quality.csv
2020/10/30, 41, 44,guanajuato,purisima-del rincon purisima del rincon-air-quality.csv
2020/10/31, 35, 42,guanajuato,purisima-del rincon purisima del rincon-air-quality.csv
2020/11/1, 35, 33,guanajuato,purisima-del rincon purisima del rincon-air-quality.csv
2020/11/2, 30, 33,guanajuato,purisima-del rincon purisima del rincon-air-quality.csv
2020/11/3, 32, 39,guanajuato,purisima-del rincon purisima del rincon-air-quality.csv
2020/11/4, 26, 44,guanajuato,purisima-del rincon purisima del rincon-air-quality.csv
2020/11/5, 27, 48,guanajuato,purisima-del rincon purisima del rincon-air-quality.csv
2020/11/6, 35, 45,guanajuato,purisima-del rincon purisima del rincon-air-quality.csv
2020/11/7, 33, 44,guanajuato,purisima-del rincon purisima del rincon-air-quality.csv
2020/11/8, 44, 38,guanajuato,purisima-del rincon purisima del rincon-air-quality.csv
2020/11/9, 36, 51,guanajuato,purisima-del rincon purisima del rincon-air-quality.csv
2020/11/10, 31, 44,guanajuato,purisima-del rincon purisima del rincon-air-quality.csv
2020/11/11, 36, 41,guanajuato,purisima-del rincon purisima del rincon-air-quality.csv
2020/11/12, 29, 48,guanajuato,purisima-del rincon purisima del rincon-air-quality.csv
2020/11/13, 35, 65,guanajuato,purisima-del rincon purisima del rincon-air-quality.csv
2020/11/14, 52, 47,guanajuato,purisima-del rincon purisima del rincon-air-quality.csv
2020/11/15, 43, 50,guanajuato,purisima-del rincon purisima del rincon-air-quality.csv
2020/11/16, 46, 26,guanajuato,purisima-del rincon purisima del rincon-air-quality.csv
2020/11/17, 27, 27,guanajuato,purisima-del rincon purisima del rincon-air-quality.csv
2020/11/18, 26, 32,guanajuato,purisima-del rincon purisima del rincon-air-quality.csv
2020/11/19, 23, 26,guanajuato,purisima-del rincon purisima del rincon-air-quality.csv
2020/11/20, 27, 11,guanajuato,purisima-del rincon purisima del rincon-air-quality.csv
2020/11/21, 49, 14,guanajuato,purisima-del rincon purisima del rincon-air-quality.csv
2020/11/22, 24, 17,guanajuato,purisima-del rincon purisima del rincon-air-quality.csv
2020/11/23, 28, 17,guanajuato,purisima-del rincon purisima del rincon-air-quality.csv
2020/11/24, 31, 23,guanajuato,purisima-del rincon purisima del rincon-air-quality.csv
2020/11/25, 44, 23,guanajuato,purisima-del rincon purisima del rincon-air-quality.csv
2020/11/26, 39, 29,guanajuato,purisima-del rincon purisima del rincon-air-quality.csv
2020/11/27, 47, 27,guanajuato,purisima-del rincon purisima del rincon-air-quality.csv
2020/11/28, 45, 29,guanajuato,purisima-del rincon purisima del rincon-air-quality.csv
2020/11/29, 41, 19,guanajuato,purisima-del rincon purisima del rincon-air-quality.csv
2020/11/30, 35, 17,guanajuato,purisima-del rincon purisima del rincon-air-quality.csv
2020/12/1, 47, 19,guanajuato,purisima-del rincon purisima del rincon-air-quality.csv
2020/12/2, 34, 20,guanajuato,purisima-del rincon purisima del rincon-air-quality.csv
2020/12/3, 32, 18,guanajuato,purisima-del rincon purisima del rincon-air-quality.csv
2020/12/4, 33, 10,guanajuato,purisima-del rincon purisima del rincon-air-quality.csv
2020/12/5, 20, 15,guanajuato,purisima-del rincon purisima del rincon-air-quality.csv
2020/12/6, 16, ,guanajuato,purisima-del rincon purisima del rincon-air-quality.csv
2020/12/8, 23, 21,guanajuato,purisima-del rincon purisima del rincon-air-quality.csv
2020/12/9, 43, 26,guanajuato,purisima-del rincon purisima del rincon-air-quality.csv
2020/12/10, 43, 35,guanajuato,purisima-del rincon purisima del rincon-air-quality.csv
2020/12/11, 39, 32,guanajuato,purisima-del rincon purisima del rincon-air-quality.csv
2020/12/12, 21, 35,guanajuato,purisima-del rincon purisima del rincon-air-quality.csv
2020/12/13, 24, ,guanajuato,purisima-del rincon purisima del rincon-air-quality.csv
2020/12/15, 27, 29,guanajuato,purisima-del rincon purisima del rincon-air-quality.csv
2020/12/16, 27, 27,guanajuato,purisima-del rincon purisima del rincon-air-quality.csv
2020/12/17, 18, 35,guanajuato,purisima-del rincon purisima del rincon-air-quality.csv
2020/12/18, 32, 33,guanajuato,purisima-del rincon purisima del rincon-air-quality.csv
2020/12/19, 31, 36,guanajuato,purisima-del rincon purisima del rincon-air-quality.csv
2020/12/20, 38, 46,guanajuato,purisima-del rincon purisima del rincon-air-quality.csv
2020/12/21, 43, 40,guanajuato,purisima-del rincon purisima del rincon-air-quality.csv
2020/12/22, 40, 41,guanajuato,purisima-del rincon purisima del rincon-air-quality.csv
2020/12/23, 36, 32,guanajuato,purisima-del rincon purisima del rincon-air-quality.csv
2020/12/24, 26, 33,guanajuato,purisima-del rincon purisima del rincon-air-quality.csv
2020/12/25, 39, 21,guanajuato,purisima-del rincon purisima del rincon-air-quality.csv
2020/12/26, 74, 27,guanajuato,purisima-del rincon purisima del rincon-air-quality.csv
2020/12/27, 18, 37,guanajuato,purisima-del rincon purisima del rincon-air-quality.csv
2020/12/28, 29, 42,guanajuato,purisima-del rincon purisima del rincon-air-quality.csv
2020/12/29, 46, 44,guanajuato,purisima-del rincon purisima del rincon-air-quality.csv
2020/12/30, 48, 34,guanajuato,purisima-del rincon purisima del rincon-air-quality.csv
2020/12/31, 45, 38,guanajuato,purisima-del rincon purisima del rincon-air-quality.csv
2021/1/1, 22, 36,guanajuato,purisima-del rincon purisima del rincon-air-quality.csv
2021/1/2, 40, 39,guanajuato,purisima-del rincon purisima del rincon-air-quality.csv
2021/1/3, 31, 37,guanajuato,purisima-del rincon purisima del rincon-air-quality.csv
2021/1/4, 46, 44,guanajuato,purisima-del rincon purisima del rincon-air-quality.csv
2020/7/2, 12, ,guanajuato,purisima-del rincon purisima del rincon-air-quality.csv
2020/7/3, 17, ,guanajuato,purisima-del rincon purisima del rincon-air-quality.csv
2020/7/4, 30, ,guanajuato,purisima-del rincon purisima del rincon-air-quality.csv
2020/7/5, 26, ,guanajuato,purisima-del rincon purisima del rincon-air-quality.csv
2020/7/6, 20, ,guanajuato,purisima-del rincon purisima del rincon-air-quality.csv
2020/7/7, 22, ,guanajuato,purisima-del rincon purisima del rincon-air-quality.csv
2020/7/8, 19, ,guanajuato,purisima-del rincon purisima del rincon-air-quality.csv
2020/7/9, 13, 8,guanajuato,purisima-del rincon purisima del rincon-air-quality.csv
2020/7/10, 12, 22,guanajuato,purisima-del rincon purisima del rincon-air-quality.csv
2020/7/11, 8, 20,guanajuato,purisima-del rincon purisima del rincon-air-quality.csv
2020/7/12, 17, 20,guanajuato,purisima-del rincon purisima del rincon-air-quality.csv
2020/7/13, 13, 26,guanajuato,purisima-del rincon purisima del rincon-air-quality.csv
2020/7/14, 15, 30,guanajuato,purisima-del rincon purisima del rincon-air-quality.csv
2020/7/15, 22, 23,guanajuato,purisima-del rincon purisima del rincon-air-quality.csv
2020/7/16, 29, 27,guanajuato,purisima-del rincon purisima del rincon-air-quality.csv
2020/7/17, 23, 24,guanajuato,purisima-del rincon purisima del rincon-air-quality.csv
2020/7/18, 38, 26,guanajuato,purisima-del rincon purisima del rincon-air-quality.csv
2020/7/19, 30, 15,guanajuato,purisima-del rincon purisima del rincon-air-quality.csv
2020/7/20, 11, 25,guanajuato,purisima-del rincon purisima del rincon-air-quality.csv
2020/7/21, 19, 22,guanajuato,purisima-del rincon purisima del rincon-air-quality.csv
2020/7/22, 19, 24,guanajuato,purisima-del rincon purisima del rincon-air-quality.csv
2020/7/23, 21, 26,guanajuato,purisima-del rincon purisima del rincon-air-quality.csv
2020/7/24, 16, 23,guanajuato,purisima-del rincon purisima del rincon-air-quality.csv
2020/7/25, 19, 19,guanajuato,purisima-del rincon purisima del rincon-air-quality.csv
2020/7/26, 18, 19,guanajuato,purisima-del rincon purisima del rincon-air-quality.csv
2020/7/27, 12, 13,guanajuato,purisima-del rincon purisima del rincon-air-quality.csv
2020/7/28, 9, 21,guanajuato,purisima-del rincon purisima del rincon-air-quality.csv
2020/7/29, 18, 13,guanajuato,purisima-del rincon purisima del rincon-air-quality.csv
2020/7/30, 23, 15,guanajuato,purisima-del rincon purisima del rincon-air-quality.csv
2020/7/31, 10, 17,guanajuato,purisima-del rincon purisima del rincon-air-quality.csv
2020/8/1, 19, 14,guanajuato,purisima-del rincon purisima del rincon-air-quality.csv
2020/8/2, 13, 16,guanajuato,purisima-del rincon purisima del rincon-air-quality.csv
2020/8/3, 14, 13,guanajuato,purisima-del rincon purisima del rincon-air-quality.csv
2020/8/4, 11, 20,guanajuato,purisima-del rincon purisima del rincon-air-quality.csv
2020/8/5, 20, 18,guanajuato,purisima-del rincon purisima del rincon-air-quality.csv
2020/8/6, 21, 16,guanajuato,purisima-del rincon purisima del rincon-air-quality.csv
2020/8/7, 22, 19,guanajuato,purisima-del rincon purisima del rincon-air-quality.csv
2020/8/8, 20, 12,guanajuato,purisima-del rincon purisima del rincon-air-quality.csv
2020/8/9, 20, 8,guanajuato,purisima-del rincon purisima del rincon-air-quality.csv
2020/8/10, 10, 13,guanajuato,purisima-del rincon purisima del rincon-air-quality.csv
2020/8/11, 9, 14,guanajuato,purisima-del rincon purisima del rincon-air-quality.csv
2020/8/12, 14, 14,guanajuato,purisima-del rincon purisima del rincon-air-quality.csv
2020/8/13, 19, 18,guanajuato,purisima-del rincon purisima del rincon-air-quality.csv
2020/8/14, 14, 18,guanajuato,purisima-del rincon purisima del rincon-air-quality.csv
2020/8/15, 14, 18,guanajuato,purisima-del rincon purisima del rincon-air-quality.csv
2020/8/16, 16, 16,guanajuato,purisima-del rincon purisima del rincon-air-quality.csv
2020/8/17, 13, 13,guanajuato,purisima-del rincon purisima del rincon-air-quality.csv
2020/8/18, 21, 13,guanajuato,purisima-del rincon purisima del rincon-air-quality.csv
2020/8/19, 13, 12,guanajuato,purisima-del rincon purisima del rincon-air-quality.csv
2020/8/20, 10, 17,guanajuato,purisima-del rincon purisima del rincon-air-quality.csv
2020/8/21, 14, 17,guanajuato,purisima-del rincon purisima del rincon-air-quality.csv
2020/8/22, 20, 21,guanajuato,purisima-del rincon purisima del rincon-air-quality.csv
2020/8/23, 22, 17,guanajuato,purisima-del rincon purisima del rincon-air-quality.csv
2020/8/24, 20, 18,guanajuato,purisima-del rincon purisima del rincon-air-quality.csv
2020/8/25, 21, 12,guanajuato,purisima-del rincon purisima del rincon-air-quality.csv
2020/8/26, 15, 11,guanajuato,purisima-del rincon purisima del rincon-air-quality.csv
2020/8/27, 14, 8,guanajuato,purisima-del rincon purisima del rincon-air-quality.csv
2020/8/28, 11, 8,guanajuato,purisima-del rincon purisima del rincon-air-quality.csv
2020/8/29, 7, 14,guanajuato,purisima-del rincon purisima del rincon-air-quality.csv
2020/8/30, 13, 12,guanajuato,purisima-del rincon purisima del rincon-air-quality.csv
2020/8/31, 12, 10,guanajuato,purisima-del rincon purisima del rincon-air-quality.csv
2020/9/1, 14, 17,guanajuato,purisima-del rincon purisima del rincon-air-quality.csv
2020/9/2, 13, 15,guanajuato,purisima-del rincon purisima del rincon-air-quality.csv
2020/9/3, 13, 20,guanajuato,purisima-del rincon purisima del rincon-air-quality.csv
2020/9/4, 20, 11,guanajuato,purisima-del rincon purisima del rincon-air-quality.csv
2020/9/5, 22, 10,guanajuato,purisima-del rincon purisima del rincon-air-quality.csv
2020/9/6, 12, 10,guanajuato,purisima-del rincon purisima del rincon-air-quality.csv
2020/9/7, 7, 14,guanajuato,purisima-del rincon purisima del rincon-air-quality.csv
2020/9/8, 12, 13,guanajuato,purisima-del rincon purisima del rincon-air-quality.csv
2020/9/9, 11, 16,guanajuato,purisima-del rincon purisima del rincon-air-quality.csv
2020/9/10, 11, 11,guanajuato,purisima-del rincon purisima del rincon-air-quality.csv
2020/9/11, 10, 12,guanajuato,purisima-del rincon purisima del rincon-air-quality.csv
2020/9/12, 14, 18,guanajuato,purisima-del rincon purisima del rincon-air-quality.csv
2020/9/13, 14, 14,guanajuato,purisima-del rincon purisima del rincon-air-quality.csv
2020/9/14, 13, 18,guanajuato,purisima-del rincon purisima del rincon-air-quality.csv
2020/9/15, 18, 29,guanajuato,purisima-del rincon purisima del rincon-air-quality.csv
2020/9/16, 12, 29,guanajuato,purisima-del rincon purisima del rincon-air-quality.csv
2020/9/17, 12, 31,guanajuato,purisima-del rincon purisima del rincon-air-quality.csv
2020/9/18, 12, 32,guanajuato,purisima-del rincon purisima del rincon-air-quality.csv
2020/9/19, 15, 17,guanajuato,purisima-del rincon purisima del rincon-air-quality.csv
2020/9/20, 17, 35,guanajuato,purisima-del rincon purisima del rincon-air-quality.csv
2020/9/21, 17, 33,guanajuato,purisima-del rincon purisima del rincon-air-quality.csv
2020/9/22, 15, 31,guanajuato,purisima-del rincon purisima del rincon-air-quality.csv
2020/9/23, 15, 40,guanajuato,purisima-del rincon purisima del rincon-air-quality.csv
2020/9/24, 23, 42,guanajuato,purisima-del rincon purisima del rincon-air-quality.csv
2020/9/25, 28, 45,guanajuato,purisima-del rincon purisima del rincon-air-quality.csv
2020/9/26, 26, 49,guanajuato,purisima-del rincon purisima del rincon-air-quality.csv
2020/9/27, 26, 43,guanajuato,purisima-del rincon purisima del rincon-air-quality.csv
2020/9/28, 26, 39,guanajuato,purisima-del rincon purisima del rincon-air-quality.csv
2020/9/29, 29, 30,guanajuato,purisima-del rincon purisima del rincon-air-quality.csv
2020/9/30, 28, 41,guanajuato,purisima-del rincon purisima del rincon-air-quality.csv
2020/10/1, 27, 43,guanajuato,purisima-del rincon purisima del rincon-air-quality.csv
2020/4/2, 37, 45,guanajuato,purisima-del rincon purisima del rincon-air-quality.csv
2020/4/3, 30, 45,guanajuato,purisima-del rincon purisima del rincon-air-quality.csv
2020/4/4, 44, 39,guanajuato,purisima-del rincon purisima del rincon-air-quality.csv
2020/4/5, 34, 35,guanajuato,purisima-del rincon purisima del rincon-air-quality.csv
2020/4/6, 29, 33,guanajuato,purisima-del rincon purisima del rincon-air-quality.csv
2020/4/7, 33, 35,guanajuato,purisima-del rincon purisima del rincon-air-quality.csv
2020/4/8, 29, 40,guanajuato,purisima-del rincon purisima del rincon-air-quality.csv
2020/4/9, 31, 40,guanajuato,purisima-del rincon purisima del rincon-air-quality.csv
2020/4/10, 31, 37,guanajuato,purisima-del rincon purisima del rincon-air-quality.csv
2020/4/11, 26, 36,guanajuato,purisima-del rincon purisima del rincon-air-quality.csv
2020/4/12, 29, 37,guanajuato,purisima-del rincon purisima del rincon-air-quality.csv
2020/4/13, 22, 59,guanajuato,purisima-del rincon purisima del rincon-air-quality.csv
2020/4/14, 26, 51,guanajuato,purisima-del rincon purisima del rincon-air-quality.csv
2020/4/15, 33, 40,guanajuato,purisima-del rincon purisima del rincon-air-quality.csv
2020/4/16, 32, 41,guanajuato,purisima-del rincon purisima del rincon-air-quality.csv
2020/4/17, 34, 43,guanajuato,purisima-del rincon purisima del rincon-air-quality.csv
2020/4/18, 45, 46,guanajuato,purisima-del rincon purisima del rincon-air-quality.csv
2020/4/19, 41, 44,guanajuato,purisima-del rincon purisima del rincon-air-quality.csv
2020/4/20, 28, 42,guanajuato,purisima-del rincon purisima del rincon-air-quality.csv
2020/4/21, 28, 52,guanajuato,purisima-del rincon purisima del rincon-air-quality.csv
2020/4/22, 36, 51,guanajuato,purisima-del rincon purisima del rincon-air-quality.csv
2020/4/23, 36, 47,guanajuato,purisima-del rincon purisima del rincon-air-quality.csv
2020/4/24, 33, 66,guanajuato,purisima-del rincon purisima del rincon-air-quality.csv
2020/4/25, 33, 49,guanajuato,purisima-del rincon purisima del rincon-air-quality.csv
2020/4/26, 41, 48,guanajuato,purisima-del rincon purisima del rincon-air-quality.csv
2020/4/27, 45, 53,guanajuato,purisima-del rincon purisima del rincon-air-quality.csv
2020/4/28, 30, 47,guanajuato,purisima-del rincon purisima del rincon-air-quality.csv
2020/4/29, 27, 53,guanajuato,purisima-del rincon purisima del rincon-air-quality.csv
2020/4/30, 31, 48,guanajuato,purisima-del rincon purisima del rincon-air-quality.csv
2020/5/1, 29, ,guanajuato,purisima-del rincon purisima del rincon-air-quality.csv
2020/5/5, 44, 46,guanajuato,purisima-del rincon purisima del rincon-air-quality.csv
2020/5/6, 20, 48,guanajuato,purisima-del rincon purisima del rincon-air-quality.csv
2020/5/7, 18, 50,guanajuato,purisima-del rincon purisima del rincon-air-quality.csv
2020/5/8, 17, 33,guanajuato,purisima-del rincon purisima del rincon-air-quality.csv
2020/5/9, 11, ,guanajuato,purisima-del rincon purisima del rincon-air-quality.csv
2020/5/11, 16, 29,guanajuato,purisima-del rincon purisima del rincon-air-quality.csv
2020/5/12, 12, 72,guanajuato,purisima-del rincon purisima del rincon-air-quality.csv
2020/5/13, 20, 52,guanajuato,purisima-del rincon purisima del rincon-air-quality.csv
2020/5/14, 33, 52,guanajuato,purisima-del rincon purisima del rincon-air-quality.csv
2020/5/15, 29, 34,guanajuato,purisima-del rincon purisima del rincon-air-quality.csv
2020/5/16, 34, ,guanajuato,purisima-del rincon purisima del rincon-air-quality.csv
2020/5/18, 22, 54,guanajuato,purisima-del rincon purisima del rincon-air-quality.csv
2020/5/19, 40, 63,guanajuato,purisima-del rincon purisima del rincon-air-quality.csv
2020/5/20, 48, 43,guanajuato,purisima-del rincon purisima del rincon-air-quality.csv
2020/5/21, 37, 38,guanajuato,purisima-del rincon purisima del rincon-air-quality.csv
2020/5/22, 27, 45,guanajuato,purisima-del rincon purisima del rincon-air-quality.csv
2020/5/23, 19, 45,guanajuato,purisima-del rincon purisima del rincon-air-quality.csv
2020/5/24, 25, 57,guanajuato,purisima-del rincon purisima del rincon-air-quality.csv
2020/5/25, 21, 90,guanajuato,purisima-del rincon purisima del rincon-air-quality.csv
2020/5/26, 33, 60,guanajuato,purisima-del rincon purisima del rincon-air-quality.csv
2020/5/27, 36, 60,guanajuato,purisima-del rincon purisima del rincon-air-quality.csv
2020/5/28, 40, 63,guanajuato,purisima-del rincon purisima del rincon-air-quality.csv
2020/5/29, 40, 45,guanajuato,purisima-del rincon purisima del rincon-air-quality.csv
2020/5/30, 29, 43,guanajuato,purisima-del rincon purisima del rincon-air-quality.csv
2020/5/31, 19, 46,guanajuato,purisima-del rincon purisima del rincon-air-quality.csv
2020/6/1, 23, 52,guanajuato,purisima-del rincon purisima del rincon-air-quality.csv
2020/6/2, 21, 46,guanajuato,purisima-del rincon purisima del rincon-air-quality.csv
2020/6/3, 22, 42,guanajuato,purisima-del rincon purisima del rincon-air-quality.csv
2020/6/4, 20, 43,guanajuato,purisima-del rincon purisima del rincon-air-quality.csv
2020/6/5, 25, 48,guanajuato,purisima-del rincon purisima del rincon-air-quality.csv
2020/6/6, 25, 42,guanajuato,purisima-del rincon purisima del rincon-air-quality.csv
2020/6/7, 24, 42,guanajuato,purisima-del rincon purisima del rincon-air-quality.csv
2020/6/8, 22, 41,guanajuato,purisima-del rincon purisima del rincon-air-quality.csv
2020/6/9, 19, ,guanajuato,purisima-del rincon purisima del rincon-air-quality.csv
2020/6/11, 17, 35,guanajuato,purisima-del rincon purisima del rincon-air-quality.csv
2020/6/12, 19, 30,guanajuato,purisima-del rincon purisima del rincon-air-quality.csv
2020/6/13, 13, 55,guanajuato,purisima-del rincon purisima del rincon-air-quality.csv
2020/6/14, 25, 53,guanajuato,purisima-del rincon purisima del rincon-air-quality.csv
2020/6/15, 24, 56,guanajuato,purisima-del rincon purisima del rincon-air-quality.csv
2020/6/16, 24, 49,guanajuato,purisima-del rincon purisima del rincon-air-quality.csv
2020/6/17, 22, 48,guanajuato,purisima-del rincon purisima del rincon-air-quality.csv
2020/6/18, 26, 46,guanajuato,purisima-del rincon purisima del rincon-air-quality.csv
2020/6/19, 29, 45,guanajuato,purisima-del rincon purisima del rincon-air-quality.csv
2020/6/20, 19, 29,guanajuato,purisima-del rincon purisima del rincon-air-quality.csv
2020/6/21, 14, ,guanajuato,purisima-del rincon purisima del rincon-air-quality.csv
2020/6/26, 15, ,guanajuato,purisima-del rincon purisima del rincon-air-quality.csv
2020/6/27, 14, ,guanajuato,purisima-del rincon purisima del rincon-air-quality.csv
2020/6/28, 20, ,guanajuato,purisima-del rincon purisima del rincon-air-quality.csv
2020/6/29, 27, ,guanajuato,purisima-del rincon purisima del rincon-air-quality.csv
2020/6/30, 16, ,guanajuato,purisima-del rincon purisima del rincon-air-quality.csv
2020/7/1, 15, ,guanajuato,purisima-del rincon purisima del rincon-air-quality.csv
2020/1/2, 38, 23,guanajuato,purisima-del rincon purisima del rincon-air-quality.csv
2020/1/3, 10, 35,guanajuato,purisima-del rincon purisima del rincon-air-quality.csv
2020/1/4, 12, 39,guanajuato,purisima-del rincon purisima del rincon-air-quality.csv
2020/1/5, 16, 45,guanajuato,purisima-del rincon purisima del rincon-air-quality.csv
2020/1/6, 23, 51,guanajuato,purisima-del rincon purisima del rincon-air-quality.csv
2020/1/7, 30, 37,guanajuato,purisima-del rincon purisima del rincon-air-quality.csv
2020/1/8, 35, 41,guanajuato,purisima-del rincon purisima del rincon-air-quality.csv
2020/1/9, 39, 54,guanajuato,purisima-del rincon purisima del rincon-air-quality.csv
2020/1/10, 35, 33,guanajuato,purisima-del rincon purisima del rincon-air-quality.csv
2020/1/11, 27, 40,guanajuato,purisima-del rincon purisima del rincon-air-quality.csv
2020/1/12, 40, 39,guanajuato,purisima-del rincon purisima del rincon-air-quality.csv
2020/1/13, 46, 52,guanajuato,purisima-del rincon purisima del rincon-air-quality.csv
2020/1/14, 39, 43,guanajuato,purisima-del rincon purisima del rincon-air-quality.csv
2020/1/15, 45, 43,guanajuato,purisima-del rincon purisima del rincon-air-quality.csv
2020/1/16, 45, 38,guanajuato,purisima-del rincon purisima del rincon-air-quality.csv
2020/1/17, 53, 37,guanajuato,purisima-del rincon purisima del rincon-air-quality.csv
2020/1/18, 32, 42,guanajuato,purisima-del rincon purisima del rincon-air-quality.csv
2020/1/19, 37, 29,guanajuato,purisima-del rincon purisima del rincon-air-quality.csv
2020/1/20, 33, 32,guanajuato,purisima-del rincon purisima del rincon-air-quality.csv
2020/1/21, 13, 36,guanajuato,purisima-del rincon purisima del rincon-air-quality.csv
2020/1/22, 24, 34,guanajuato,purisima-del rincon purisima del rincon-air-quality.csv
2020/1/23, 36, 24,guanajuato,purisima-del rincon purisima del rincon-air-quality.csv
2020/1/24, 31, 43,guanajuato,purisima-del rincon purisima del rincon-air-quality.csv
2020/1/25, 33, 23,guanajuato,purisima-del rincon purisima del rincon-air-quality.csv
2020/1/26, 18, 22,guanajuato,purisima-del rincon purisima del rincon-air-quality.csv
2020/1/27, 16, 33,guanajuato,purisima-del rincon purisima del rincon-air-quality.csv
2020/1/28, 17, 45,guanajuato,purisima-del rincon purisima del rincon-air-quality.csv
2020/1/29, 26, 40,guanajuato,purisima-del rincon purisima del rincon-air-quality.csv
2020/1/30, 32, 30,guanajuato,purisima-del rincon purisima del rincon-air-quality.csv
2020/1/31, 29, 34,guanajuato,purisima-del rincon purisima del rincon-air-quality.csv
2020/2/1, 22, 40,guanajuato,purisima-del rincon purisima del rincon-air-quality.csv
2020/2/2, 33, 31,guanajuato,purisima-del rincon purisima del rincon-air-quality.csv
2020/2/3, 23, 21,guanajuato,purisima-del rincon purisima del rincon-air-quality.csv
2020/2/4, 20, 18,guanajuato,purisima-del rincon purisima del rincon-air-quality.csv
2020/2/5, 7, 20,guanajuato,purisima-del rincon purisima del rincon-air-quality.csv
2020/2/6, 8, 33,guanajuato,purisima-del rincon purisima del rincon-air-quality.csv
2020/2/7, 12, 40,guanajuato,purisima-del rincon purisima del rincon-air-quality.csv
2020/2/8, 22, 38,guanajuato,purisima-del rincon purisima del rincon-air-quality.csv
2020/2/9, 22, 24,guanajuato,purisima-del rincon purisima del rincon-air-quality.csv
2020/2/10, 12, 27,guanajuato,purisima-del rincon purisima del rincon-air-quality.csv
2020/2/11, 17, 31,guanajuato,purisima-del rincon purisima del rincon-air-quality.csv
2020/2/12, 21, 25,guanajuato,purisima-del rincon purisima del rincon-air-quality.csv
2020/2/13, 14, 31,guanajuato,purisima-del rincon purisima del rincon-air-quality.csv
2020/2/14, 15, 34,guanajuato,purisima-del rincon purisima del rincon-air-quality.csv
2020/2/15, 32, 46,guanajuato,purisima-del rincon purisima del rincon-air-quality.csv
2020/2/16, 42, 47,guanajuato,purisima-del rincon purisima del rincon-air-quality.csv
2020/2/17, 29, 41,guanajuato,purisima-del rincon purisima del rincon-air-quality.csv
2020/2/18, 28, 47,guanajuato,purisima-del rincon purisima del rincon-air-quality.csv
2020/2/19, 40, 49,guanajuato,purisima-del rincon purisima del rincon-air-quality.csv
2020/2/20, 41, 57,guanajuato,purisima-del rincon purisima del rincon-air-quality.csv
2020/2/21, 49, 38,guanajuato,purisima-del rincon purisima del rincon-air-quality.csv
2020/2/22, 33, 46,guanajuato,purisima-del rincon purisima del rincon-air-quality.csv
2020/2/23, 32, 41,guanajuato,purisima-del rincon purisima del rincon-air-quality.csv
2020/2/24, 30, 45,guanajuato,purisima-del rincon purisima del rincon-air-quality.csv
2020/2/25, 24, 40,guanajuato,purisima-del rincon purisima del rincon-air-quality.csv
2020/2/26, 26, 42,guanajuato,purisima-del rincon purisima del rincon-air-quality.csv
2020/2/27, 26, 21,guanajuato,purisima-del rincon purisima del rincon-air-quality.csv
2020/2/28, 22, 21,guanajuato,purisima-del rincon purisima del rincon-air-quality.csv
2020/2/29, 66, 60,guanajuato,purisima-del rincon purisima del rincon-air-quality.csv
2020/3/1, 39, 37,guanajuato,purisima-del rincon purisima del rincon-air-quality.csv
2020/3/2, 27, 34,guanajuato,purisima-del rincon purisima del rincon-air-quality.csv
2020/3/3, 26, 34,guanajuato,purisima-del rincon purisima del rincon-air-quality.csv
2020/3/4, 41, 30,guanajuato,purisima-del rincon purisima del rincon-air-quality.csv
2020/3/5, 25, 35,guanajuato,purisima-del rincon purisima del rincon-air-quality.csv
2020/3/6, 35, 39,guanajuato,purisima-del rincon purisima del rincon-air-quality.csv
2020/3/7, 33, 50,guanajuato,purisima-del rincon purisima del rincon-air-quality.csv
2020/3/8, 29, 44,guanajuato,purisima-del rincon purisima del rincon-air-quality.csv
2020/3/9, 36, 46,guanajuato,purisima-del rincon purisima del rincon-air-quality.csv
2020/3/10, 34, 47,guanajuato,purisima-del rincon purisima del rincon-air-quality.csv
2020/3/11, 36, 47,guanajuato,purisima-del rincon purisima del rincon-air-quality.csv
2020/3/12, 38, 51,guanajuato,purisima-del rincon purisima del rincon-air-quality.csv
2020/3/13, 45, 50,guanajuato,purisima-del rincon purisima del rincon-air-quality.csv
2020/3/14, 36, 50,guanajuato,purisima-del rincon purisima del rincon-air-quality.csv
2020/3/15, 38, 40,guanajuato,purisima-del rincon purisima del rincon-air-quality.csv
2020/3/16, 31, 41,guanajuato,purisima-del rincon purisima del rincon-air-quality.csv
2020/3/17, 20, 40,guanajuato,purisima-del rincon purisima del rincon-air-quality.csv
2020/3/18, 23, ,guanajuato,purisima-del rincon purisima del rincon-air-quality.csv
2020/3/21, 34, 44,guanajuato,purisima-del rincon purisima del rincon-air-quality.csv
2020/3/22, 40, 43,guanajuato,purisima-del rincon purisima del rincon-air-quality.csv
2020/3/23, 34, 46,guanajuato,purisima-del rincon purisima del rincon-air-quality.csv
2020/3/24, 41, 43,guanajuato,purisima-del rincon purisima del rincon-air-quality.csv
2020/3/25, 37, 52,guanajuato,purisima-del rincon purisima del rincon-air-quality.csv
2020/3/26, 40, 52,guanajuato,purisima-del rincon purisima del rincon-air-quality.csv
2020/3/27, 44, 44,guanajuato,purisima-del rincon purisima del rincon-air-quality.csv
2020/3/28, 40, 41,guanajuato,purisima-del rincon purisima del rincon-air-quality.csv
2020/3/29, 29, 48,guanajuato,purisima-del rincon purisima del rincon-air-quality.csv
2020/3/30, 42, 42,guanajuato,purisima-del rincon purisima del rincon-air-quality.csv
2020/3/31, 39, 45,guanajuato,purisima-del rincon purisima del rincon-air-quality.csv
2020/4/1, 34, 46,guanajuato,purisima-del rincon purisima del rincon-air-quality.csv
2019/10/2, 12, 35,guanajuato,purisima-del rincon purisima del rincon-air-quality.csv
2019/10/3, 14, 36,guanajuato,purisima-del rincon purisima del rincon-air-quality.csv
2019/10/4, 15, 42,guanajuato,purisima-del rincon purisima del rincon-air-quality.csv
2019/10/5, 19, 38,guanajuato,purisima-del rincon purisima del rincon-air-quality.csv
2019/10/6, 21, 39,guanajuato,purisima-del rincon purisima del rincon-air-quality.csv
2019/10/7, 15, 35,guanajuato,purisima-del rincon purisima del rincon-air-quality.csv
2019/10/8, 23, 38,guanajuato,purisima-del rincon purisima del rincon-air-quality.csv
2019/10/9, 20, 42,guanajuato,purisima-del rincon purisima del rincon-air-quality.csv
2019/10/10, 22, 41,guanajuato,purisima-del rincon purisima del rincon-air-quality.csv
2019/10/11, 25, 46,guanajuato,purisima-del rincon purisima del rincon-air-quality.csv
2019/10/12, 29, 33,guanajuato,purisima-del rincon purisima del rincon-air-quality.csv
2019/10/13, 24, 33,guanajuato,purisima-del rincon purisima del rincon-air-quality.csv
2019/10/14, 18, 42,guanajuato,purisima-del rincon purisima del rincon-air-quality.csv
2019/10/15, 25, 44,guanajuato,purisima-del rincon purisima del rincon-air-quality.csv
2019/10/16, 25, 33,guanajuato,purisima-del rincon purisima del rincon-air-quality.csv
2019/10/17, 31, 33,guanajuato,purisima-del rincon purisima del rincon-air-quality.csv
2019/10/18, 17, 31,guanajuato,purisima-del rincon purisima del rincon-air-quality.csv
2019/10/19, 16, 32,guanajuato,purisima-del rincon purisima del rincon-air-quality.csv
2019/10/20, 14, 19,guanajuato,purisima-del rincon purisima del rincon-air-quality.csv
2019/10/21, 9, 26,guanajuato,purisima-del rincon purisima del rincon-air-quality.csv
2019/10/22, 11, 30,guanajuato,purisima-del rincon purisima del rincon-air-quality.csv
2019/10/23, 18, 43,guanajuato,purisima-del rincon purisima del rincon-air-quality.csv
2019/10/24, 19, 36,guanajuato,purisima-del rincon purisima del rincon-air-quality.csv
2019/10/25, 13, 36,guanajuato,purisima-del rincon purisima del rincon-air-quality.csv
2019/10/26, 14, 31,guanajuato,purisima-del rincon purisima del rincon-air-quality.csv
2019/10/27, 13, 32,guanajuato,purisima-del rincon purisima del rincon-air-quality.csv
2019/10/28, 20, 45,guanajuato,purisima-del rincon purisima del rincon-air-quality.csv
2019/10/29, 20, 34,guanajuato,purisima-del rincon purisima del rincon-air-quality.csv
2019/10/30, 17, 33,guanajuato,purisima-del rincon purisima del rincon-air-quality.csv
2019/10/31, 19, 33,guanajuato,purisima-del rincon purisima del rincon-air-quality.csv
2019/11/1, 23, 39,guanajuato,purisima-del rincon purisima del rincon-air-quality.csv
2019/11/2, 21, 37,guanajuato,purisima-del rincon purisima del rincon-air-quality.csv
2019/11/3, 24, 34,guanajuato,purisima-del rincon purisima del rincon-air-quality.csv
2019/11/4, 14, 31,guanajuato,purisima-del rincon purisima del rincon-air-quality.csv
2019/11/5, 12, 31,guanajuato,purisima-del rincon purisima del rincon-air-quality.csv
2019/11/6, 20, 32,guanajuato,purisima-del rincon purisima del rincon-air-quality.csv
2019/11/7, 15, 39,guanajuato,purisima-del rincon purisima del rincon-air-quality.csv
2019/11/8, 20, 34,guanajuato,purisima-del rincon purisima del rincon-air-quality.csv
2019/11/9, 19, ,guanajuato,purisima-del rincon purisima del rincon-air-quality.csv
2019/11/11, 26, 41,guanajuato,purisima-del rincon purisima del rincon-air-quality.csv
2019/11/12, 25, 39,guanajuato,purisima-del rincon purisima del rincon-air-quality.csv
2019/11/13, 27, 24,guanajuato,purisima-del rincon purisima del rincon-air-quality.csv
2019/11/14, 15, 27,guanajuato,purisima-del rincon purisima del rincon-air-quality.csv
2019/11/15, 9, 40,guanajuato,purisima-del rincon purisima del rincon-air-quality.csv
2019/11/16, 18, ,guanajuato,purisima-del rincon purisima del rincon-air-quality.csv
2019/11/18, 22, 33,guanajuato,purisima-del rincon purisima del rincon-air-quality.csv
2019/11/19, 14, 28,guanajuato,purisima-del rincon purisima del rincon-air-quality.csv
2019/11/20, 15, 32,guanajuato,purisima-del rincon purisima del rincon-air-quality.csv
2019/11/21, 17, 36,guanajuato,purisima-del rincon purisima del rincon-air-quality.csv
2019/11/22, 20, 34,guanajuato,purisima-del rincon purisima del rincon-air-quality.csv
2019/11/23, 18, ,guanajuato,purisima-del rincon purisima del rincon-air-quality.csv
2019/11/25, 33, 49,guanajuato,purisima-del rincon purisima del rincon-air-quality.csv
2019/11/26, 23, 32,guanajuato,purisima-del rincon purisima del rincon-air-quality.csv
2019/11/27, 26, 47,guanajuato,purisima-del rincon purisima del rincon-air-quality.csv
2019/11/28, 37, 38,guanajuato,purisima-del rincon purisima del rincon-air-quality.csv
2019/11/29, 28, 51,guanajuato,purisima-del rincon purisima del rincon-air-quality.csv
2019/11/30, 36, 32,guanajuato,purisima-del rincon purisima del rincon-air-quality.csv
2019/12/1, 24, 40,guanajuato,purisima-del rincon purisima del rincon-air-quality.csv
2019/12/2, 23, 39,guanajuato,purisima-del rincon purisima del rincon-air-quality.csv
2019/12/3, 33, 44,guanajuato,purisima-del rincon purisima del rincon-air-quality.csv
2019/12/4, 32, 42,guanajuato,purisima-del rincon purisima del rincon-air-quality.csv
2019/12/5, 29, 55,guanajuato,purisima-del rincon purisima del rincon-air-quality.csv
2019/12/6, 36, 49,guanajuato,purisima-del rincon purisima del rincon-air-quality.csv
2019/12/7, 37, 42,guanajuato,purisima-del rincon purisima del rincon-air-quality.csv
2019/12/8, 34, 42,guanajuato,purisima-del rincon purisima del rincon-air-quality.csv
2019/12/9, 37, 55,guanajuato,purisima-del rincon purisima del rincon-air-quality.csv
2019/12/10, 36, 47,guanajuato,purisima-del rincon purisima del rincon-air-quality.csv
2019/12/11, 33, 41,guanajuato,purisima-del rincon purisima del rincon-air-quality.csv
2019/12/12, 43, 37,guanajuato,purisima-del rincon purisima del rincon-air-quality.csv
2019/12/13, 34, 32,guanajuato,purisima-del rincon purisima del rincon-air-quality.csv
2019/12/14, 24, 46,guanajuato,purisima-del rincon purisima del rincon-air-quality.csv
2019/12/15, 38, 42,guanajuato,purisima-del rincon purisima del rincon-air-quality.csv
2019/12/16, 28, 32,guanajuato,purisima-del rincon purisima del rincon-air-quality.csv
2019/12/17, 23, 48,guanajuato,purisima-del rincon purisima del rincon-air-quality.csv
2019/12/18, 41, 42,guanajuato,purisima-del rincon purisima del rincon-air-quality.csv
2019/12/19, 37, 37,guanajuato,purisima-del rincon purisima del rincon-air-quality.csv
2019/12/20, 39, 14,guanajuato,purisima-del rincon purisima del rincon-air-quality.csv
2019/12/21, 34, 12,guanajuato,purisima-del rincon purisima del rincon-air-quality.csv
2019/12/22, 10, 31,guanajuato,purisima-del rincon purisima del rincon-air-quality.csv
2019/12/23, 9, 31,guanajuato,purisima-del rincon purisima del rincon-air-quality.csv
2019/12/24, 23, 28,guanajuato,purisima-del rincon purisima del rincon-air-quality.csv
2019/12/25, 18, 29,guanajuato,purisima-del rincon purisima del rincon-air-quality.csv
2019/12/26, 21, 31,guanajuato,purisima-del rincon purisima del rincon-air-quality.csv
2019/12/27, 14, 31,guanajuato,purisima-del rincon purisima del rincon-air-quality.csv
2019/12/28, 18, 11,guanajuato,purisima-del rincon purisima del rincon-air-quality.csv
2019/12/29, 28, ,guanajuato,purisima-del rincon purisima del rincon-air-quality.csv
2019/7/5, 21, ,guanajuato,purisima-del rincon purisima del rincon-air-quality.csv
2019/7/6, 10, ,guanajuato,purisima-del rincon purisima del rincon-air-quality.csv
2019/7/7, 29, ,guanajuato,purisima-del rincon purisima del rincon-air-quality.csv
2019/7/8, 22, ,guanajuato,purisima-del rincon purisima del rincon-air-quality.csv
2019/7/10, 24, ,guanajuato,purisima-del rincon purisima del rincon-air-quality.csv
2019/7/11, 19, ,guanajuato,purisima-del rincon purisima del rincon-air-quality.csv
2019/7/12, 21, ,guanajuato,purisima-del rincon purisima del rincon-air-quality.csv
2019/7/13, 16, ,guanajuato,purisima-del rincon purisima del rincon-air-quality.csv
2019/7/14, 14, ,guanajuato,purisima-del rincon purisima del rincon-air-quality.csv
2019/7/15, 12, ,guanajuato,purisima-del rincon purisima del rincon-air-quality.csv
2019/7/16, 18, ,guanajuato,purisima-del rincon purisima del rincon-air-quality.csv
2019/7/17, 16, ,guanajuato,purisima-del rincon purisima del rincon-air-quality.csv
2019/7/18, 20, ,guanajuato,purisima-del rincon purisima del rincon-air-quality.csv
2019/7/19, 24, ,guanajuato,purisima-del rincon purisima del rincon-air-quality.csv
2019/7/20, 26, ,guanajuato,purisima-del rincon purisima del rincon-air-quality.csv
2019/7/21, 16, ,guanajuato,purisima-del rincon purisima del rincon-air-quality.csv
2019/7/22, 10, ,guanajuato,purisima-del rincon purisima del rincon-air-quality.csv
2019/7/23, 11, ,guanajuato,purisima-del rincon purisima del rincon-air-quality.csv
2019/7/24, 12, ,guanajuato,purisima-del rincon purisima del rincon-air-quality.csv
2019/7/25, 18, ,guanajuato,purisima-del rincon purisima del rincon-air-quality.csv
2019/7/26, 15, ,guanajuato,purisima-del rincon purisima del rincon-air-quality.csv
2019/7/27, 16, ,guanajuato,purisima-del rincon purisima del rincon-air-quality.csv
2019/7/28, 17, ,guanajuato,purisima-del rincon purisima del rincon-air-quality.csv
2019/7/29, 21, ,guanajuato,purisima-del rincon purisima del rincon-air-quality.csv
2019/7/30, 20, ,guanajuato,purisima-del rincon purisima del rincon-air-quality.csv
2019/7/31, 21, ,guanajuato,purisima-del rincon purisima del rincon-air-quality.csv
2019/8/1, 30, ,guanajuato,purisima-del rincon purisima del rincon-air-quality.csv
2019/8/2, 31, ,guanajuato,purisima-del rincon purisima del rincon-air-quality.csv
2019/8/3, 27, ,guanajuato,purisima-del rincon purisima del rincon-air-quality.csv
2019/8/4, 30, ,guanajuato,purisima-del rincon purisima del rincon-air-quality.csv
2019/8/5, 21, ,guanajuato,purisima-del rincon purisima del rincon-air-quality.csv
2019/8/6, 21, ,guanajuato,purisima-del rincon purisima del rincon-air-quality.csv
2019/8/7, 18, ,guanajuato,purisima-del rincon purisima del rincon-air-quality.csv
2019/8/8, 11, ,guanajuato,purisima-del rincon purisima del rincon-air-quality.csv
2019/8/9, 15, ,guanajuato,purisima-del rincon purisima del rincon-air-quality.csv
2019/8/10, 17, ,guanajuato,purisima-del rincon purisima del rincon-air-quality.csv
2019/8/11, 17, ,guanajuato,purisima-del rincon purisima del rincon-air-quality.csv
2019/8/12, 11, ,guanajuato,purisima-del rincon purisima del rincon-air-quality.csv
2019/8/13, 14, ,guanajuato,purisima-del rincon purisima del rincon-air-quality.csv
2019/8/14, 19, ,guanajuato,purisima-del rincon purisima del rincon-air-quality.csv
2019/8/15, 16, ,guanajuato,purisima-del rincon purisima del rincon-air-quality.csv
2019/8/16, 24, ,guanajuato,purisima-del rincon purisima del rincon-air-quality.csv
2019/8/17, 24, ,guanajuato,purisima-del rincon purisima del rincon-air-quality.csv
2019/8/18, 26, ,guanajuato,purisima-del rincon purisima del rincon-air-quality.csv
2019/8/19, 17, ,guanajuato,purisima-del rincon purisima del rincon-air-quality.csv
2019/8/20, 25, 38,guanajuato,purisima-del rincon purisima del rincon-air-quality.csv
2019/8/21, 28, 41,guanajuato,purisima-del rincon purisima del rincon-air-quality.csv
2019/8/22, 25, 36,guanajuato,purisima-del rincon purisima del rincon-air-quality.csv
2019/8/23, 15, 33,guanajuato,purisima-del rincon purisima del rincon-air-quality.csv
2019/8/24, 8, 33,guanajuato,purisima-del rincon purisima del rincon-air-quality.csv
2019/8/25, 9, 33,guanajuato,purisima-del rincon purisima del rincon-air-quality.csv
2019/8/26, 11, 27,guanajuato,purisima-del rincon purisima del rincon-air-quality.csv
2019/8/27, 10, 43,guanajuato,purisima-del rincon purisima del rincon-air-quality.csv
2019/8/28, 17, 58,guanajuato,purisima-del rincon purisima del rincon-air-quality.csv
2019/8/29, 24, 59,guanajuato,purisima-del rincon purisima del rincon-air-quality.csv
2019/8/30, 28, 44,guanajuato,purisima-del rincon purisima del rincon-air-quality.csv
2019/8/31, 28, 45,guanajuato,purisima-del rincon purisima del rincon-air-quality.csv
2019/9/1, 30, 40,guanajuato,purisima-del rincon purisima del rincon-air-quality.csv
2019/9/2, 23, 37,guanajuato,purisima-del rincon purisima del rincon-air-quality.csv
2019/9/3, 22, 42,guanajuato,purisima-del rincon purisima del rincon-air-quality.csv
2019/9/4, 16, 41,guanajuato,purisima-del rincon purisima del rincon-air-quality.csv
2019/9/5, 18, 44,guanajuato,purisima-del rincon purisima del rincon-air-quality.csv
2019/9/6, 18, 40,guanajuato,purisima-del rincon purisima del rincon-air-quality.csv
2019/9/7, 17, 44,guanajuato,purisima-del rincon purisima del rincon-air-quality.csv
2019/9/8, 22, ,guanajuato,purisima-del rincon purisima del rincon-air-quality.csv
2019/9/10, 17, 41,guanajuato,purisima-del rincon purisima del rincon-air-quality.csv
2019/9/11, 18, 36,guanajuato,purisima-del rincon purisima del rincon-air-quality.csv
2019/9/12, 19, 26,guanajuato,purisima-del rincon purisima del rincon-air-quality.csv
2019/9/13, 15, ,guanajuato,purisima-del rincon purisima del rincon-air-quality.csv
2019/9/15, 15, 38,guanajuato,purisima-del rincon purisima del rincon-air-quality.csv
2019/9/16, 13, 43,guanajuato,purisima-del rincon purisima del rincon-air-quality.csv
2019/9/17, 20, 52,guanajuato,purisima-del rincon purisima del rincon-air-quality.csv
2019/9/18, 26, 37,guanajuato,purisima-del rincon purisima del rincon-air-quality.csv
2019/9/19, 26, 22,guanajuato,purisima-del rincon purisima del rincon-air-quality.csv
2019/9/20, 11, 41,guanajuato,purisima-del rincon purisima del rincon-air-quality.csv
2019/9/21, 15, 38,guanajuato,purisima-del rincon purisima del rincon-air-quality.csv
2019/9/22, 16, 43,guanajuato,purisima-del rincon purisima del rincon-air-quality.csv
2019/9/23, 19, 15,guanajuato,purisima-del rincon purisima del rincon-air-quality.csv
2019/9/24, 30, 45,guanajuato,purisima-del rincon purisima del rincon-air-quality.csv
2019/9/25, 24, 48,guanajuato,purisima-del rincon purisima del rincon-air-quality.csv
2019/9/26, 28, 38,guanajuato,purisima-del rincon purisima del rincon-air-quality.csv
2019/9/27, 21, 50,guanajuato,purisima-del rincon purisima del rincon-air-quality.csv
2019/9/28, 25, 41,guanajuato,purisima-del rincon purisima del rincon-air-quality.csv
2019/9/29, 24, 23,guanajuato,purisima-del rincon purisima del rincon-air-quality.csv
2019/9/30, 12, 24,guanajuato,purisima-del rincon purisima del rincon-air-quality.csv
2019/10/1, 11, 32,guanajuato,purisima-del rincon purisima del rincon-air-quality.csv
2019/5/24, 53, ,guanajuato,purisima-del rincon purisima del rincon-air-quality.csv
2019/5/25, 55, ,guanajuato,purisima-del rincon purisima del rincon-air-quality.csv
2019/5/26, 52, ,guanajuato,purisima-del rincon purisima del rincon-air-quality.csv
2019/5/27, 42, ,guanajuato,purisima-del rincon purisima del rincon-air-quality.csv
2019/5/28, 33, ,guanajuato,purisima-del rincon purisima del rincon-air-quality.csv
2019/5/29, 35, ,guanajuato,purisima-del rincon purisima del rincon-air-quality.csv
2019/5/30, 40, ,guanajuato,purisima-del rincon purisima del rincon-air-quality.csv
2019/5/31, 45, ,guanajuato,purisima-del rincon purisima del rincon-air-quality.csv
2019/6/1, 39, ,guanajuato,purisima-del rincon purisima del rincon-air-quality.csv
2019/6/2, 34, ,guanajuato,purisima-del rincon purisima del rincon-air-quality.csv
2019/6/3, 26, ,guanajuato,purisima-del rincon purisima del rincon-air-quality.csv
2019/6/4, 23, ,guanajuato,purisima-del rincon purisima del rincon-air-quality.csv
2019/6/5, 20, ,guanajuato,purisima-del rincon purisima del rincon-air-quality.csv
2019/6/6, 13, ,guanajuato,purisima-del rincon purisima del rincon-air-quality.csv
2019/6/7, 20, ,guanajuato,purisima-del rincon purisima del rincon-air-quality.csv
2019/6/8, 41, ,guanajuato,purisima-del rincon purisima del rincon-air-quality.csv
2019/6/9, 33, ,guanajuato,purisima-del rincon purisima del rincon-air-quality.csv
2019/6/10, 35, ,guanajuato,purisima-del rincon purisima del rincon-air-quality.csv
2019/6/11, 12, ,guanajuato,purisima-del rincon purisima del rincon-air-quality.csv
2019/6/21, 26, ,guanajuato,purisima-del rincon purisima del rincon-air-quality.csv
2019/6/22, 20, ,guanajuato,purisima-del rincon purisima del rincon-air-quality.csv
2019/6/23, 24, ,guanajuato,purisima-del rincon purisima del rincon-air-quality.csv
2019/6/24, 19, ,guanajuato,purisima-del rincon purisima del rincon-air-quality.csv
2019/6/25, 27, ,guanajuato,purisima-del rincon purisima del rincon-air-quality.csv
2019/6/26, 20, ,guanajuato,purisima-del rincon purisima del rincon-air-quality.csv
2019/6/27, 20, ,guanajuato,purisima-del rincon purisima del rincon-air-quality.csv
2019/6/28, 24, ,guanajuato,purisima-del rincon purisima del rincon-air-quality.csv
2019/6/29, 19, ,guanajuato,purisima-del rincon purisima del rincon-air-quality.csv
2018/10/2, 25, 26,guanajuato,purisima-del rincon purisima del rincon-air-quality.csv
2018/10/3, 21, 26,guanajuato,purisima-del rincon purisima del rincon-air-quality.csv
2018/10/4, 22, 25,guanajuato,purisima-del rincon purisima del rincon-air-quality.csv
2018/10/5, 27, 25,guanajuato,purisima-del rincon purisima del rincon-air-quality.csv
2018/10/6, 22, 31,guanajuato,purisima-del rincon purisima del rincon-air-quality.csv
2018/10/7, 37, 19,guanajuato,purisima-del rincon purisima del rincon-air-quality.csv
2018/10/8, 9, 20,guanajuato,purisima-del rincon purisima del rincon-air-quality.csv
2018/10/9, 8, 22,guanajuato,purisima-del rincon purisima del rincon-air-quality.csv
2018/10/10, 12, 23,guanajuato,purisima-del rincon purisima del rincon-air-quality.csv
2018/10/11, 19, 29,guanajuato,purisima-del rincon purisima del rincon-air-quality.csv
2018/10/12, 29, 22,guanajuato,purisima-del rincon purisima del rincon-air-quality.csv
2018/10/13, 29, 30,guanajuato,purisima-del rincon purisima del rincon-air-quality.csv
2018/10/14, 28, 22,guanajuato,purisima-del rincon purisima del rincon-air-quality.csv
2018/10/15, 22, 17,guanajuato,purisima-del rincon purisima del rincon-air-quality.csv
2018/10/16, 15, 21,guanajuato,purisima-del rincon purisima del rincon-air-quality.csv
2018/10/17, 19, 17,guanajuato,purisima-del rincon purisima del rincon-air-quality.csv
2018/10/18, 13, 15,guanajuato,purisima-del rincon purisima del rincon-air-quality.csv
2018/10/19, 16, 13,guanajuato,purisima-del rincon purisima del rincon-air-quality.csv
2018/10/20, 16, ,guanajuato,purisima-del rincon purisima del rincon-air-quality.csv
2018/11/8, 44, 25,guanajuato,purisima-del rincon purisima del rincon-air-quality.csv
2018/11/9, 29, 30,guanajuato,purisima-del rincon purisima del rincon-air-quality.csv
2018/11/10, 37, 24,guanajuato,purisima-del rincon purisima del rincon-air-quality.csv
2018/11/11, 34, 22,guanajuato,purisima-del rincon purisima del rincon-air-quality.csv
2018/11/12, 31, 21,guanajuato,purisima-del rincon purisima del rincon-air-quality.csv
2018/11/13, 30, 18,guanajuato,purisima-del rincon purisima del rincon-air-quality.csv
2018/11/14, 25, 19,guanajuato,purisima-del rincon purisima del rincon-air-quality.csv
2018/11/15, 22, 21,guanajuato,purisima-del rincon purisima del rincon-air-quality.csv
2018/11/16, 27, 26,guanajuato,purisima-del rincon purisima del rincon-air-quality.csv
2018/11/17, 33, 26,guanajuato,purisima-del rincon purisima del rincon-air-quality.csv
2018/11/18, 34, 32,guanajuato,purisima-del rincon purisima del rincon-air-quality.csv
2018/11/19, 42, 26,guanajuato,purisima-del rincon purisima del rincon-air-quality.csv
2018/11/20, 30, 31,guanajuato,purisima-del rincon purisima del rincon-air-quality.csv
2018/11/21, 41, 28,guanajuato,purisima-del rincon purisima del rincon-air-quality.csv
2018/11/22, 57, 30,guanajuato,purisima-del rincon purisima del rincon-air-quality.csv
2018/11/23, 44, 26,guanajuato,purisima-del rincon purisima del rincon-air-quality.csv
2018/11/24, 39, 29,guanajuato,purisima-del rincon purisima del rincon-air-quality.csv
2018/11/25, 33, 20,guanajuato,purisima-del rincon purisima del rincon-air-quality.csv
2018/11/26, 24, 20,guanajuato,purisima-del rincon purisima del rincon-air-quality.csv
2018/11/27, 38, 26,guanajuato,purisima-del rincon purisima del rincon-air-quality.csv
2018/11/28, 40, 15,guanajuato,purisima-del rincon purisima del rincon-air-quality.csv
2018/11/29, 16, 19,guanajuato,purisima-del rincon purisima del rincon-air-quality.csv
2018/11/30, 6, 18,guanajuato,purisima-del rincon purisima del rincon-air-quality.csv
2018/12/1, 21, 23,guanajuato,purisima-del rincon purisima del rincon-air-quality.csv
2018/12/2, 22, 19,guanajuato,purisima-del rincon purisima del rincon-air-quality.csv
2018/12/3, 21, 34,guanajuato,purisima-del rincon purisima del rincon-air-quality.csv
2018/12/4, 27, 32,guanajuato,purisima-del rincon purisima del rincon-air-quality.csv
2018/12/5, 30, 26,guanajuato,purisima-del rincon purisima del rincon-air-quality.csv
2018/12/6, 35, 27,guanajuato,purisima-del rincon purisima del rincon-air-quality.csv
2018/12/7, 30, 24,guanajuato,purisima-del rincon purisima del rincon-air-quality.csv
2018/12/8, 41, 18,guanajuato,purisima-del rincon purisima del rincon-air-quality.csv
2018/12/9, 23, 19,guanajuato,purisima-del rincon purisima del rincon-air-quality.csv
2018/12/10, 17, 23,guanajuato,purisima-del rincon purisima del rincon-air-quality.csv
2018/12/11, 35, 21,guanajuato,purisima-del rincon purisima del rincon-air-quality.csv
2018/12/12, 34, 22,guanajuato,purisima-del rincon purisima del rincon-air-quality.csv
2018/12/13, 35, 17,guanajuato,purisima-del rincon purisima del rincon-air-quality.csv
2018/12/14, 23, 22,guanajuato,purisima-del rincon purisima del rincon-air-quality.csv
2018/12/15, 21, 34,guanajuato,purisima-del rincon purisima del rincon-air-quality.csv
2018/12/16, 27, 31,guanajuato,purisima-del rincon purisima del rincon-air-quality.csv
2018/12/17, 37, 28,guanajuato,purisima-del rincon purisima del rincon-air-quality.csv
2018/12/18, 44, 21,guanajuato,purisima-del rincon purisima del rincon-air-quality.csv
2018/12/19, 39, 20,guanajuato,purisima-del rincon purisima del rincon-air-quality.csv
2018/12/20, 27, 16,guanajuato,purisima-del rincon purisima del rincon-air-quality.csv
2018/12/21, 34, 20,guanajuato,purisima-del rincon purisima del rincon-air-quality.csv
2018/12/22, 49, 34,guanajuato,purisima-del rincon purisima del rincon-air-quality.csv
2018/12/23, 56, 31,guanajuato,purisima-del rincon purisima del rincon-air-quality.csv
2018/12/24, 54, 29,guanajuato,purisima-del rincon purisima del rincon-air-quality.csv
2018/12/25, 44, 29,guanajuato,purisima-del rincon purisima del rincon-air-quality.csv
2018/12/26, 65, 18,guanajuato,purisima-del rincon purisima del rincon-air-quality.csv
2018/12/27, 33, 17,guanajuato,purisima-del rincon purisima del rincon-air-quality.csv
2018/12/28, 30, 18,guanajuato,purisima-del rincon purisima del rincon-air-quality.csv
2018/12/29, 43, 24,guanajuato,purisima-del rincon purisima del rincon-air-quality.csv
2018/12/30, 37, 17,guanajuato,purisima-del rincon purisima del rincon-air-quality.csv
2018/12/31, 34, ,guanajuato,purisima-del rincon purisima del rincon-air-quality.csv
2018/7/2, 29, 50,guanajuato,purisima-del rincon purisima del rincon-air-quality.csv
2018/7/3, 29, 45,guanajuato,purisima-del rincon purisima del rincon-air-quality.csv
2018/7/4, 33, 56,guanajuato,purisima-del rincon purisima del rincon-air-quality.csv
2018/7/5, 26, 35,guanajuato,purisima-del rincon purisima del rincon-air-quality.csv
2018/7/6, 32, 34,guanajuato,purisima-del rincon purisima del rincon-air-quality.csv
2018/7/7, 30, 38,guanajuato,purisima-del rincon purisima del rincon-air-quality.csv
2018/7/8, 24, 31,guanajuato,purisima-del rincon purisima del rincon-air-quality.csv
2018/7/9, 19, 31,guanajuato,purisima-del rincon purisima del rincon-air-quality.csv
2018/7/10, 14, 26,guanajuato,purisima-del rincon purisima del rincon-air-quality.csv
2018/7/11, 23, 37,guanajuato,purisima-del rincon purisima del rincon-air-quality.csv
2018/7/12, 19, 27,guanajuato,purisima-del rincon purisima del rincon-air-quality.csv
2018/7/13, 22, 29,guanajuato,purisima-del rincon purisima del rincon-air-quality.csv
2018/7/14, 34, 29,guanajuato,purisima-del rincon purisima del rincon-air-quality.csv
2018/7/15, 28, 27,guanajuato,purisima-del rincon purisima del rincon-air-quality.csv
2018/7/16, 25, 35,guanajuato,purisima-del rincon purisima del rincon-air-quality.csv
2018/7/17, 38, 22,guanajuato,purisima-del rincon purisima del rincon-air-quality.csv
2018/7/18, 28, 28,guanajuato,purisima-del rincon purisima del rincon-air-quality.csv
2018/7/19, 12, 37,guanajuato,purisima-del rincon purisima del rincon-air-quality.csv
2018/7/20, 30, 34,guanajuato,purisima-del rincon purisima del rincon-air-quality.csv
2018/7/21, 31, 35,guanajuato,purisima-del rincon purisima del rincon-air-quality.csv
2018/7/22, 31, 36,guanajuato,purisima-del rincon purisima del rincon-air-quality.csv
2018/7/23, 28, 32,guanajuato,purisima-del rincon purisima del rincon-air-quality.csv
2018/7/24, 33, 32,guanajuato,purisima-del rincon purisima del rincon-air-quality.csv
2018/7/25, 35, 37,guanajuato,purisima-del rincon purisima del rincon-air-quality.csv
2018/7/26, 37, 34,guanajuato,purisima-del rincon purisima del rincon-air-quality.csv
2018/7/27, 41, 37,guanajuato,purisima-del rincon purisima del rincon-air-quality.csv
2018/7/28, 29, 35,guanajuato,purisima-del rincon purisima del rincon-air-quality.csv
2018/7/29, 20, 22,guanajuato,purisima-del rincon purisima del rincon-air-quality.csv
2018/7/30, 46, 35,guanajuato,purisima-del rincon purisima del rincon-air-quality.csv
2018/7/31, 28, 35,guanajuato,purisima-del rincon purisima del rincon-air-quality.csv
2018/8/1, 25, 32,guanajuato,purisima-del rincon purisima del rincon-air-quality.csv
2018/8/2, 37, 19,guanajuato,purisima-del rincon purisima del rincon-air-quality.csv
2018/8/3, 10, ,guanajuato,purisima-del rincon purisima del rincon-air-quality.csv
2018/8/11, 29, 29,guanajuato,purisima-del rincon purisima del rincon-air-quality.csv
2018/8/12, 13, 28,guanajuato,purisima-del rincon purisima del rincon-air-quality.csv
2018/8/13, 10, 26,guanajuato,purisima-del rincon purisima del rincon-air-quality.csv
2018/8/14, 9, 29,guanajuato,purisima-del rincon purisima del rincon-air-quality.csv
2018/8/15, 21, 29,guanajuato,purisima-del rincon purisima del rincon-air-quality.csv
2018/8/16, 28, 26,guanajuato,purisima-del rincon purisima del rincon-air-quality.csv
2018/8/17, 20, 29,guanajuato,purisima-del rincon purisima del rincon-air-quality.csv
2018/8/18, 24, ,guanajuato,purisima-del rincon purisima del rincon-air-quality.csv
2018/8/21, 46, ,guanajuato,purisima-del rincon purisima del rincon-air-quality.csv
2018/8/27, 20, 28,guanajuato,purisima-del rincon purisima del rincon-air-quality.csv
2018/8/28, 29, 28,guanajuato,purisima-del rincon purisima del rincon-air-quality.csv
2018/8/29, 28, 23,guanajuato,purisima-del rincon purisima del rincon-air-quality.csv
2018/8/30, 19, 25,guanajuato,purisima-del rincon purisima del rincon-air-quality.csv
2018/8/31, 20, ,guanajuato,purisima-del rincon purisima del rincon-air-quality.csv
2018/9/3, 16, 31,guanajuato,purisima-del rincon purisima del rincon-air-quality.csv
2018/9/4, 18, 28,guanajuato,purisima-del rincon purisima del rincon-air-quality.csv
2018/9/5, 43, 30,guanajuato,purisima-del rincon purisima del rincon-air-quality.csv
2018/9/6, 29, 13,guanajuato,purisima-del rincon purisima del rincon-air-quality.csv
2018/9/7, 23, ,guanajuato,purisima-del rincon purisima del rincon-air-quality.csv
2018/9/13, 20, 19,guanajuato,purisima-del rincon purisima del rincon-air-quality.csv
2018/9/14, 9, ,guanajuato,purisima-del rincon purisima del rincon-air-quality.csv
2018/9/27, 23, 24,guanajuato,purisima-del rincon purisima del rincon-air-quality.csv
2018/9/28, 29, 25,guanajuato,purisima-del rincon purisima del rincon-air-quality.csv
2018/9/29, 18, 25,guanajuato,purisima-del rincon purisima del rincon-air-quality.csv
2018/9/30, 19, 26,guanajuato,purisima-del rincon purisima del rincon-air-quality.csv
2018/10/1, 17, 27,guanajuato,purisima-del rincon purisima del rincon-air-quality.csv
2018/4/6, 34, 45,guanajuato,purisima-del rincon purisima del rincon-air-quality.csv
2018/4/7, 40, 48,guanajuato,purisima-del rincon purisima del rincon-air-quality.csv
2018/4/8, 33, 51,guanajuato,purisima-del rincon purisima del rincon-air-quality.csv
2018/4/9, 34, 49,guanajuato,purisima-del rincon purisima del rincon-air-quality.csv
2018/4/10, 38, 60,guanajuato,purisima-del rincon purisima del rincon-air-quality.csv
2018/4/11, 47, 54,guanajuato,purisima-del rincon purisima del rincon-air-quality.csv
2018/4/12, 20, 66,guanajuato,purisima-del rincon purisima del rincon-air-quality.csv
2018/4/13, 18, 50,guanajuato,purisima-del rincon purisima del rincon-air-quality.csv
2018/4/14, 33, 47,guanajuato,purisima-del rincon purisima del rincon-air-quality.csv
2018/4/15, 24, 27,guanajuato,purisima-del rincon purisima del rincon-air-quality.csv
2018/4/16, 40, 62,guanajuato,purisima-del rincon purisima del rincon-air-quality.csv
2018/4/17, 45, 53,guanajuato,purisima-del rincon purisima del rincon-air-quality.csv
2018/4/18, 47, 38,guanajuato,purisima-del rincon purisima del rincon-air-quality.csv
2018/4/19, 36, 71,guanajuato,purisima-del rincon purisima del rincon-air-quality.csv
2018/4/20, 52, 57,guanajuato,purisima-del rincon purisima del rincon-air-quality.csv
2018/4/21, 50, 48,guanajuato,purisima-del rincon purisima del rincon-air-quality.csv
2018/4/22, 41, 23,guanajuato,purisima-del rincon purisima del rincon-air-quality.csv
2018/4/23, 28, ,guanajuato,purisima-del rincon purisima del rincon-air-quality.csv
2018/4/25, 37, 47,guanajuato,purisima-del rincon purisima del rincon-air-quality.csv
2018/4/26, 32, 54,guanajuato,purisima-del rincon purisima del rincon-air-quality.csv
2018/4/27, 44, 64,guanajuato,purisima-del rincon purisima del rincon-air-quality.csv
2018/4/28, 42, 52,guanajuato,purisima-del rincon purisima del rincon-air-quality.csv
2018/4/29, 36, 40,guanajuato,purisima-del rincon purisima del rincon-air-quality.csv
2018/4/30, 43, 46,guanajuato,purisima-del rincon purisima del rincon-air-quality.csv
2018/5/1, 43, 51,guanajuato,purisima-del rincon purisima del rincon-air-quality.csv
2018/5/2, 45, 52,guanajuato,purisima-del rincon purisima del rincon-air-quality.csv
2018/5/3, 26, 60,guanajuato,purisima-del rincon purisima del rincon-air-quality.csv
2018/5/4, 17, 56,guanajuato,purisima-del rincon purisima del rincon-air-quality.csv
2018/5/5, 29, 51,guanajuato,purisima-del rincon purisima del rincon-air-quality.csv
2018/5/6, 17, 40,guanajuato,purisima-del rincon purisima del rincon-air-quality.csv
2018/5/7, 12, 50,guanajuato,purisima-del rincon purisima del rincon-air-quality.csv
2018/5/8, 12, 40,guanajuato,purisima-del rincon purisima del rincon-air-quality.csv
2018/5/9, 7, 54,guanajuato,purisima-del rincon purisima del rincon-air-quality.csv
2018/5/10, 24, 65,guanajuato,purisima-del rincon purisima del rincon-air-quality.csv
2018/5/11, 16, 66,guanajuato,purisima-del rincon purisima del rincon-air-quality.csv
2018/5/12, 19, 62,guanajuato,purisima-del rincon purisima del rincon-air-quality.csv
2018/5/13, 20, 55,guanajuato,purisima-del rincon purisima del rincon-air-quality.csv
2018/5/14, 2, 61,guanajuato,purisima-del rincon purisima del rincon-air-quality.csv
2018/5/16, 22, 52,guanajuato,purisima-del rincon purisima del rincon-air-quality.csv
2018/5/17, 11, 51,guanajuato,purisima-del rincon purisima del rincon-air-quality.csv
2018/5/18, 32, 42,guanajuato,purisima-del rincon purisima del rincon-air-quality.csv
2018/5/19, 25, 45,guanajuato,purisima-del rincon purisima del rincon-air-quality.csv
2018/5/20, 25, 54,guanajuato,purisima-del rincon purisima del rincon-air-quality.csv
2018/5/21, 21, 54,guanajuato,purisima-del rincon purisima del rincon-air-quality.csv
2018/5/22, 32, 69,guanajuato,purisima-del rincon purisima del rincon-air-quality.csv
2018/5/23, 43, 60,guanajuato,purisima-del rincon purisima del rincon-air-quality.csv
2018/5/24, 49, 60,guanajuato,purisima-del rincon purisima del rincon-air-quality.csv
2018/5/25, 51, 55,guanajuato,purisima-del rincon purisima del rincon-air-quality.csv
2018/5/26, 44, 50,guanajuato,purisima-del rincon purisima del rincon-air-quality.csv
2018/5/27, 36, 56,guanajuato,purisima-del rincon purisima del rincon-air-quality.csv
2018/5/28, 33, 55,guanajuato,purisima-del rincon purisima del rincon-air-quality.csv
2018/5/29, 46, 55,guanajuato,purisima-del rincon purisima del rincon-air-quality.csv
2018/5/30, 54, 52,guanajuato,purisima-del rincon purisima del rincon-air-quality.csv
2018/5/31, 26, 66,guanajuato,purisima-del rincon purisima del rincon-air-quality.csv
2018/6/1, 51, 64,guanajuato,purisima-del rincon purisima del rincon-air-quality.csv
2018/6/2, 42, ,guanajuato,purisima-del rincon purisima del rincon-air-quality.csv
2018/6/6, 24, 58,guanajuato,purisima-del rincon purisima del rincon-air-quality.csv
2018/6/7, 31, 65,guanajuato,purisima-del rincon purisima del rincon-air-quality.csv
2018/6/8, 41, 47,guanajuato,purisima-del rincon purisima del rincon-air-quality.csv
2018/6/9, 39, 50,guanajuato,purisima-del rincon purisima del rincon-air-quality.csv
2018/6/10, 29, 42,guanajuato,purisima-del rincon purisima del rincon-air-quality.csv
2018/6/11, 29, 44,guanajuato,purisima-del rincon purisima del rincon-air-quality.csv
2018/6/12, 32, 40,guanajuato,purisima-del rincon purisima del rincon-air-quality.csv
2018/6/13, 10, 27,guanajuato,purisima-del rincon purisima del rincon-air-quality.csv
2018/6/14, 12, 32,guanajuato,purisima-del rincon purisima del rincon-air-quality.csv
2018/6/15, 13, 32,guanajuato,purisima-del rincon purisima del rincon-air-quality.csv
2018/6/16, 12, 48,guanajuato,purisima-del rincon purisima del rincon-air-quality.csv
2018/6/17, 26, 36,guanajuato,purisima-del rincon purisima del rincon-air-quality.csv
2018/6/18, 15, 35,guanajuato,purisima-del rincon purisima del rincon-air-quality.csv
2018/6/19, 12, 30,guanajuato,purisima-del rincon purisima del rincon-air-quality.csv
2018/6/20, 9, 27,guanajuato,purisima-del rincon purisima del rincon-air-quality.csv
2018/6/21, 5, 34,guanajuato,purisima-del rincon purisima del rincon-air-quality.csv
2018/6/22, 17, 39,guanajuato,purisima-del rincon purisima del rincon-air-quality.csv
2018/6/23, 11, ,guanajuato,purisima-del rincon purisima del rincon-air-quality.csv
2018/6/26, 12, 29,guanajuato,purisima-del rincon purisima del rincon-air-quality.csv
2018/6/27, 12, 43,guanajuato,purisima-del rincon purisima del rincon-air-quality.csv
2018/6/28, 16, 43,guanajuato,purisima-del rincon purisima del rincon-air-quality.csv
2018/6/29, 18, 46,guanajuato,purisima-del rincon purisima del rincon-air-quality.csv
2018/6/30, 17, ,guanajuato,purisima-del rincon purisima del rincon-air-quality.csv
2025/8/19, , 36,guanajuato,purisima-del rincon purisima del rincon-air-quality.csv
2025/8/23, , 35,guanajuato,purisima-del rincon purisima del rincon-air-quality.csv
2025/7/10, , 30,guanajuato,purisima-del rincon purisima del rincon-air-quality.csv
2025/5/18, , 38,guanajuato,purisima-del rincon purisima del rincon-air-quality.csv
2025/5/24, , 45,guanajuato,purisima-del rincon purisima del rincon-air-quality.csv
2025/6/3, , 38,guanajuato,purisima-del rincon purisima del rincon-air-quality.csv
2025/6/4, , 37,guanajuato,purisima-del rincon purisima del rincon-air-quality.csv
2025/6/9, , 34,guanajuato,purisima-del rincon purisima del rincon-air-quality.csv
2025/6/14, , 21,guanajuato,purisima-del rincon purisima del rincon-air-quality.csv
2025/6/28, , 30,guanajuato,purisima-del rincon purisima del rincon-air-quality.csv
2025/1/1, , 46,guanajuato,purisima-del rincon purisima del rincon-air-quality.csv
2025/1/16, , 34,guanajuato,purisima-del rincon purisima del rincon-air-quality.csv
2025/1/23, , 37,guanajuato,purisima-del rincon purisima del rincon-air-quality.csv
2025/1/28, , 46,guanajuato,purisima-del rincon purisima del rincon-air-quality.csv
2025/2/21, , 25,guanajuato,purisima-del rincon purisima del rincon-air-quality.csv
2025/3/11, , 36,guanajuato,purisima-del rincon purisima del rincon-air-quality.csv
2024/10/20, , 31,guanajuato,purisima-del rincon purisima del rincon-air-quality.csv
2024/11/3, , 27,guanajuato,purisima-del rincon purisima del rincon-air-quality.csv
2024/11/17, , 21,guanajuato,purisima-del rincon purisima del rincon-air-quality.csv
2024/11/19, , 24,guanajuato,purisima-del rincon purisima del rincon-air-quality.csv
2024/12/17, , 35,guanajuato,purisima-del rincon purisima del rincon-air-quality.csv
2024/9/3, , 27,guanajuato,purisima-del rincon purisima del rincon-air-quality.csv
2024/5/20, , 26,guanajuato,purisima-del rincon purisima del rincon-air-quality.csv
2024/2/16, , 15,guanajuato,purisima-del rincon purisima del rincon-air-quality.csv
2024/3/13, , 30,guanajuato,purisima-del rincon purisima del rincon-air-quality.csv
2023/10/11, , 24,guanajuato,purisima-del rincon purisima del rincon-air-quality.csv
2023/10/19, , 12,guanajuato,purisima-del rincon purisima del rincon-air-quality.csv
2023/11/30, , 23,guanajuato,purisima-del rincon purisima del rincon-air-quality.csv
2023/12/7, , 13,guanajuato,purisima-del rincon purisima del rincon-air-quality.csv
2023/12/15, , 6,guanajuato,purisima-del rincon purisima del rincon-air-quality.csv
2023/12/21, , 15,guanajuato,purisima-del rincon purisima del rincon-air-quality.csv
2023/12/28, , 10,guanajuato,purisima-del rincon purisima del rincon-air-quality.csv
2023/7/11, , 41,guanajuato,purisima-del rincon purisima del rincon-air-quality.csv
2023/8/14, , 35,guanajuato,purisima-del rincon purisima del rincon-air-quality.csv
2023/8/19, , 27,guanajuato,purisima-del rincon purisima del rincon-air-quality.csv
2023/8/25, , 20,guanajuato,purisima-del rincon purisima del rincon-air-quality.csv
2023/6/1, , 36,guanajuato,purisima-del rincon purisima del rincon-air-quality.csv
2023/1/5, , 38,guanajuato,purisima-del rincon purisima del rincon-air-quality.csv
2023/1/25, , 32,guanajuato,purisima-del rincon purisima del rincon-air-quality.csv
2023/2/5, , 35,guanajuato,purisima-del rincon purisima del rincon-air-quality.csv
2023/2/10, , 27,guanajuato,purisima-del rincon purisima del rincon-air-quality.csv
2023/2/15, , 18,guanajuato,purisima-del rincon purisima del rincon-air-quality.csv
2023/2/20, , 40,guanajuato,purisima-del rincon purisima del rincon-air-quality.csv
2023/3/27, , 40,guanajuato,purisima-del rincon purisima del rincon-air-quality.csv
2022/10/31, , 32,guanajuato,purisima-del rincon purisima del rincon-air-quality.csv
2022/12/14, , 36,guanajuato,purisima-del rincon purisima del rincon-air-quality.csv
2022/12/19, , 17,guanajuato,purisima-del rincon purisima del rincon-air-quality.csv
2022/8/8, , 34,guanajuato,purisima-del rincon purisima del rincon-air-quality.csv
2022/9/12, , 36,guanajuato,purisima-del rincon purisima del rincon-air-quality.csv
2022/9/14, , 42,guanajuato,purisima-del rincon purisima del rincon-air-quality.csv
2022/5/17, , 43,guanajuato,purisima-del rincon purisima del rincon-air-quality.csv
2022/5/25, , 51,guanajuato,purisima-del rincon purisima del rincon-air-quality.csv
2022/6/16, , 15,guanajuato,purisima-del rincon purisima del rincon-air-quality.csv
2022/6/27, , 29,guanajuato,purisima-del rincon purisima del rincon-air-quality.csv
2022/3/10, , 27,guanajuato,purisima-del rincon purisima del rincon-air-quality.csv
2021/11/4, , 35,guanajuato,purisima-del rincon purisima del rincon-air-quality.csv
2021/12/25, , 39,guanajuato,purisima-del rincon purisima del rincon-air-quality.csv
2021/7/21, , 37,guanajuato,purisima-del rincon purisima del rincon-air-quality.csv
2021/7/31, , 32,guanajuato,purisima-del rincon purisima del rincon-air-quality.csv
2021/8/5, , 25,guanajuato,purisima-del rincon purisima del rincon-air-quality.csv
2021/8/17, , 38,guanajuato,purisima-del rincon purisima del rincon-air-quality.csv
2021/5/14, , 47,guanajuato,purisima-del rincon purisima del rincon-air-quality.csv
2021/1/18, , 38,guanajuato,purisima-del rincon purisima del rincon-air-quality.csv
2021/1/29, , 38,guanajuato,purisima-del rincon purisima del rincon-air-quality.csv
2021/3/13, , 46,guanajuato,purisima-del rincon purisima del rincon-air-quality.csv
2021/3/22, , 38,guanajuato,purisima-del rincon purisima del rincon-air-quality.csv
2020/10/29, , 42,guanajuato,purisima-del rincon purisima del rincon-air-quality.csv
2020/12/7, , 21,guanajuato,purisima-del rincon purisima del rincon-air-quality.csv
2020/12/14, , 31,guanajuato,purisima-del rincon purisima del rincon-air-quality.csv
2020/5/4, , 46,guanajuato,purisima-del rincon purisima del rincon-air-quality.csv
2020/5/10, , 53,guanajuato,purisima-del rincon purisima del rincon-air-quality.csv
2020/5/17, , 45,guanajuato,purisima-del rincon purisima del rincon-air-quality.csv
2020/6/10, , 44,guanajuato,purisima-del rincon purisima del rincon-air-quality.csv
2020/1/1, , 17,guanajuato,purisima-del rincon purisima del rincon-air-quality.csv
2020/3/20, , 37,guanajuato,purisima-del rincon purisima del rincon-air-quality.csv
2019/11/10, , 36,guanajuato,purisima-del rincon purisima del rincon-air-quality.csv
2019/11/17, , 35,guanajuato,purisima-del rincon purisima del rincon-air-quality.csv
2019/11/24, , 28,guanajuato,purisima-del rincon purisima del rincon-air-quality.csv
2019/9/9, , 34,guanajuato,purisima-del rincon purisima del rincon-air-quality.csv
2019/9/14, , 30,guanajuato,purisima-del rincon purisima del rincon-air-quality.csv
2018/11/7, , 17,guanajuato,purisima-del rincon purisima del rincon-air-quality.csv
2018/7/1, , 41,guanajuato,purisima-del rincon purisima del rincon-air-quality.csv
2018/8/10, , 32,guanajuato,purisima-del rincon purisima del rincon-air-quality.csv
2018/8/20, , 31,guanajuato,purisima-del rincon purisima del rincon-air-quality.csv
2018/8/26, , 26,guanajuato,purisima-del rincon purisima del rincon-air-quality.csv
2018/9/2, , 20,guanajuato,purisima-del rincon purisima del rincon-air-quality.csv
2018/9/12, , 21,guanajuato,purisima-del rincon purisima del rincon-air-quality.csv
2018/9/26, , 22,guanajuato,purisima-del rincon purisima del rincon-air-quality.csv
2018/4/5, , 46,guanajuato,purisima-del rincon purisima del rincon-air-quality.csv
2018/4/24, , 27,guanajuato,purisima-del rincon purisima del rincon-air-quality.csv
2018/5/15, , 49,guanajuato,purisima-del rincon purisima del rincon-air-quality.csv
2018/6/5, , 51,guanajuato,purisima-del rincon purisima del rincon-air-quality.csv
2018/6/25, , 41,guanajuato,purisima-del rincon purisima del rincon-air-quality.csv
