date, pm25,estado,fuente_archivo
2025/8/2,35,guanajuato,abasolo-presidencia municipal-air-quality.csv
2025/8/3,34,guanajuato,abasolo-presidencia municipal-air-quality.csv
2025/8/4,40,guanajuato,abasolo-presidencia municipal-air-quality.csv
2025/8/5,36,guanajuato,abasolo-presidencia municipal-air-quality.csv
2025/8/6,23,guanajuato,abasolo-presidencia municipal-air-quality.csv
2025/8/7,28,guanajuato,abasolo-presidencia municipal-air-quality.csv
2025/8/8,20,guanajuato,abasolo-presidencia municipal-air-quality.csv
2025/8/9,35,guanajuato,abasolo-presidencia municipal-air-quality.csv
2025/8/10,45,guanajuato,abasolo-presidencia municipal-air-quality.csv
2025/8/11,45,guanajuato,abasolo-presidencia municipal-air-quality.csv
2025/8/12,52,guanajuato,abasolo-presidencia municipal-air-quality.csv
2025/8/13,56,guanajuato,abasolo-presidencia municipal-air-quality.csv
2025/8/14,52,guanajuato,abasolo-presidencia municipal-air-quality.csv
2025/8/24,35,guanajuato,abasolo-presidencia municipal-air-quality.csv
2025/8/25,34,guanajuato,abasolo-presidencia municipal-air-quality.csv
2025/8/26,42,guanajuato,abasolo-presidencia municipal-air-quality.csv
2025/8/27,46,guanajuato,abasolo-presidencia municipal-air-quality.csv
2025/8/28,45,guanajuato,abasolo-presidencia municipal-air-quality.csv
2025/8/29,35,guanajuato,abasolo-presidencia municipal-air-quality.csv
2025/8/30,25,guanajuato,abasolo-presidencia municipal-air-quality.csv
2025/7/2,12,guanajuato,abasolo-presidencia municipal-air-quality.csv
2025/7/3,18,guanajuato,abasolo-presidencia municipal-air-quality.csv
2025/7/4,45,guanajuato,abasolo-presidencia municipal-air-quality.csv
2025/7/5,57,guanajuato,abasolo-presidencia municipal-air-quality.csv
2025/7/6,38,guanajuato,abasolo-presidencia municipal-air-quality.csv
2025/7/8,49,guanajuato,abasolo-presidencia municipal-air-quality.csv
2025/7/9,51,guanajuato,abasolo-presidencia municipal-air-quality.csv
2025/7/11,48,guanajuato,abasolo-presidencia municipal-air-quality.csv
2025/7/12,29,guanajuato,abasolo-presidencia municipal-air-quality.csv
2025/7/13,26,guanajuato,abasolo-presidencia municipal-air-quality.csv
2025/7/14,41,guanajuato,abasolo-presidencia municipal-air-quality.csv
2025/7/15,37,guanajuato,abasolo-presidencia municipal-air-quality.csv
2025/7/16,53,guanajuato,abasolo-presidencia municipal-air-quality.csv
2025/7/17,42,guanajuato,abasolo-presidencia municipal-air-quality.csv
2025/7/18,42,guanajuato,abasolo-presidencia municipal-air-quality.csv
2025/7/19,42,guanajuato,abasolo-presidencia municipal-air-quality.csv
2025/7/20,58,guanajuato,abasolo-presidencia municipal-air-quality.csv
2025/7/21,41,guanajuato,abasolo-presidencia municipal-air-quality.csv
2025/7/22,49,guanajuato,abasolo-presidencia municipal-air-quality.csv
2025/7/23,58,guanajuato,abasolo-presidencia municipal-air-quality.csv
2025/7/24,48,guanajuato,abasolo-presidencia municipal-air-quality.csv
2025/7/25,28,guanajuato,abasolo-presidencia municipal-air-quality.csv
2025/7/26,24,guanajuato,abasolo-presidencia municipal-air-quality.csv
2025/7/27,39,guanajuato,abasolo-presidencia municipal-air-quality.csv
2025/7/28,24,guanajuato,abasolo-presidencia municipal-air-quality.csv
2025/7/29,20,guanajuato,abasolo-presidencia municipal-air-quality.csv
2025/7/30,24,guanajuato,abasolo-presidencia municipal-air-quality.csv
2025/7/31,27,guanajuato,abasolo-presidencia municipal-air-quality.csv
2025/8/1,43,guanajuato,abasolo-presidencia municipal-air-quality.csv
2025/4/2,66,guanajuato,abasolo-presidencia municipal-air-quality.csv
2025/4/3,59,guanajuato,abasolo-presidencia municipal-air-quality.csv
2025/4/4,47,guanajuato,abasolo-presidencia municipal-air-quality.csv
2025/4/5,48,guanajuato,abasolo-presidencia municipal-air-quality.csv
2025/4/6,48,guanajuato,abasolo-presidencia municipal-air-quality.csv
2025/4/7,54,guanajuato,abasolo-presidencia municipal-air-quality.csv
2025/4/8,41,guanajuato,abasolo-presidencia municipal-air-quality.csv
2025/4/9,49,guanajuato,abasolo-presidencia municipal-air-quality.csv
2025/4/10,47,guanajuato,abasolo-presidencia municipal-air-quality.csv
2025/4/11,48,guanajuato,abasolo-presidencia municipal-air-quality.csv
2025/4/12,34,guanajuato,abasolo-presidencia municipal-air-quality.csv
2025/4/13,41,guanajuato,abasolo-presidencia municipal-air-quality.csv
2025/4/14,43,guanajuato,abasolo-presidencia municipal-air-quality.csv
2025/4/15,44,guanajuato,abasolo-presidencia municipal-air-quality.csv
2025/4/16,41,guanajuato,abasolo-presidencia municipal-air-quality.csv
2025/4/17,58,guanajuato,abasolo-presidencia municipal-air-quality.csv
2025/4/18,60,guanajuato,abasolo-presidencia municipal-air-quality.csv
2025/4/19,65,guanajuato,abasolo-presidencia municipal-air-quality.csv
2025/4/20,73,guanajuato,abasolo-presidencia municipal-air-quality.csv
2025/4/21,60,guanajuato,abasolo-presidencia municipal-air-quality.csv
2025/4/22,76,guanajuato,abasolo-presidencia municipal-air-quality.csv
2025/4/23,73,guanajuato,abasolo-presidencia municipal-air-quality.csv
2025/4/24,56,guanajuato,abasolo-presidencia municipal-air-quality.csv
2025/4/25,52,guanajuato,abasolo-presidencia municipal-air-quality.csv
2025/4/26,52,guanajuato,abasolo-presidencia municipal-air-quality.csv
2025/4/27,80,guanajuato,abasolo-presidencia municipal-air-quality.csv
2025/4/28,55,guanajuato,abasolo-presidencia municipal-air-quality.csv
2025/4/29,52,guanajuato,abasolo-presidencia municipal-air-quality.csv
2025/4/30,85,guanajuato,abasolo-presidencia municipal-air-quality.csv
2025/5/1,81,guanajuato,abasolo-presidencia municipal-air-quality.csv
2025/5/2,61,guanajuato,abasolo-presidencia municipal-air-quality.csv
2025/5/3,54,guanajuato,abasolo-presidencia municipal-air-quality.csv
2025/5/4,48,guanajuato,abasolo-presidencia municipal-air-quality.csv
2025/5/5,53,guanajuato,abasolo-presidencia municipal-air-quality.csv
2025/5/6,73,guanajuato,abasolo-presidencia municipal-air-quality.csv
2025/5/7,67,guanajuato,abasolo-presidencia municipal-air-quality.csv
2025/5/8,69,guanajuato,abasolo-presidencia municipal-air-quality.csv
2025/5/9,59,guanajuato,abasolo-presidencia municipal-air-quality.csv
2025/5/10,55,guanajuato,abasolo-presidencia municipal-air-quality.csv
2025/5/11,35,guanajuato,abasolo-presidencia municipal-air-quality.csv
2025/5/12,36,guanajuato,abasolo-presidencia municipal-air-quality.csv
2025/5/13,58,guanajuato,abasolo-presidencia municipal-air-quality.csv
2025/5/14,77,guanajuato,abasolo-presidencia municipal-air-quality.csv
2025/5/15,67,guanajuato,abasolo-presidencia municipal-air-quality.csv
2025/5/16,61,guanajuato,abasolo-presidencia municipal-air-quality.csv
2025/5/19,76,guanajuato,abasolo-presidencia municipal-air-quality.csv
2025/5/20,65,guanajuato,abasolo-presidencia municipal-air-quality.csv
2025/5/21,79,guanajuato,abasolo-presidencia municipal-air-quality.csv
2025/5/22,78,guanajuato,abasolo-presidencia municipal-air-quality.csv
2025/5/23,66,guanajuato,abasolo-presidencia municipal-air-quality.csv
2025/5/24,59,guanajuato,abasolo-presidencia municipal-air-quality.csv
2025/5/25,60,guanajuato,abasolo-presidencia municipal-air-quality.csv
2025/5/26,55,guanajuato,abasolo-presidencia municipal-air-quality.csv
2025/5/27,58,guanajuato,abasolo-presidencia municipal-air-quality.csv
2025/5/28,59,guanajuato,abasolo-presidencia municipal-air-quality.csv
2025/5/29,58,guanajuato,abasolo-presidencia municipal-air-quality.csv
2025/5/30,31,guanajuato,abasolo-presidencia municipal-air-quality.csv
2025/5/31,40,guanajuato,abasolo-presidencia municipal-air-quality.csv
2025/6/1,42,guanajuato,abasolo-presidencia municipal-air-quality.csv
2025/6/2,32,guanajuato,abasolo-presidencia municipal-air-quality.csv
2025/6/3,43,guanajuato,abasolo-presidencia municipal-air-quality.csv
2025/6/4,30,guanajuato,abasolo-presidencia municipal-air-quality.csv
2025/6/5,37,guanajuato,abasolo-presidencia municipal-air-quality.csv
2025/6/10,44,guanajuato,abasolo-presidencia municipal-air-quality.csv
2025/6/11,41,guanajuato,abasolo-presidencia municipal-air-quality.csv
2025/6/15,27,guanajuato,abasolo-presidencia municipal-air-quality.csv
2025/6/16,14,guanajuato,abasolo-presidencia municipal-air-quality.csv
2025/6/17,34,guanajuato,abasolo-presidencia municipal-air-quality.csv
2025/6/18,28,guanajuato,abasolo-presidencia municipal-air-quality.csv
2025/6/19,23,guanajuato,abasolo-presidencia municipal-air-quality.csv
2025/6/20,17,guanajuato,abasolo-presidencia municipal-air-quality.csv
2025/6/21,12,guanajuato,abasolo-presidencia municipal-air-quality.csv
2025/6/22,19,guanajuato,abasolo-presidencia municipal-air-quality.csv
2025/6/23,14,guanajuato,abasolo-presidencia municipal-air-quality.csv
2025/6/24,14,guanajuato,abasolo-presidencia municipal-air-quality.csv
2025/6/26,39,guanajuato,abasolo-presidencia municipal-air-quality.csv
2025/6/27,25,guanajuato,abasolo-presidencia municipal-air-quality.csv
2025/6/29,34,guanajuato,abasolo-presidencia municipal-air-quality.csv
2025/6/30,37,guanajuato,abasolo-presidencia municipal-air-quality.csv
2025/7/1,31,guanajuato,abasolo-presidencia municipal-air-quality.csv
2025/1/2,121,guanajuato,abasolo-presidencia municipal-air-quality.csv
2025/1/3,61,guanajuato,abasolo-presidencia municipal-air-quality.csv
2025/1/4,56,guanajuato,abasolo-presidencia municipal-air-quality.csv
2025/1/5,40,guanajuato,abasolo-presidencia municipal-air-quality.csv
2025/1/6,40,guanajuato,abasolo-presidencia municipal-air-quality.csv
2025/1/7,40,guanajuato,abasolo-presidencia municipal-air-quality.csv
2025/1/8,40,guanajuato,abasolo-presidencia municipal-air-quality.csv
2025/1/9,40,guanajuato,abasolo-presidencia municipal-air-quality.csv
2025/1/10,40,guanajuato,abasolo-presidencia municipal-air-quality.csv
2025/1/11,40,guanajuato,abasolo-presidencia municipal-air-quality.csv
2025/1/12,40,guanajuato,abasolo-presidencia municipal-air-quality.csv
2025/1/13,40,guanajuato,abasolo-presidencia municipal-air-quality.csv
2025/1/17,59,guanajuato,abasolo-presidencia municipal-air-quality.csv
2025/1/18,60,guanajuato,abasolo-presidencia municipal-air-quality.csv
2025/1/19,49,guanajuato,abasolo-presidencia municipal-air-quality.csv
2025/1/20,44,guanajuato,abasolo-presidencia municipal-air-quality.csv
2025/1/21,58,guanajuato,abasolo-presidencia municipal-air-quality.csv
2025/1/24,42,guanajuato,abasolo-presidencia municipal-air-quality.csv
2025/1/25,50,guanajuato,abasolo-presidencia municipal-air-quality.csv
2025/1/26,54,guanajuato,abasolo-presidencia municipal-air-quality.csv
2025/1/27,92,guanajuato,abasolo-presidencia municipal-air-quality.csv
2025/1/29,70,guanajuato,abasolo-presidencia municipal-air-quality.csv
2025/1/30,61,guanajuato,abasolo-presidencia municipal-air-quality.csv
2025/1/31,45,guanajuato,abasolo-presidencia municipal-air-quality.csv
2025/2/1,52,guanajuato,abasolo-presidencia municipal-air-quality.csv
2025/2/2,53,guanajuato,abasolo-presidencia municipal-air-quality.csv
2025/2/3,57,guanajuato,abasolo-presidencia municipal-air-quality.csv
2025/2/4,52,guanajuato,abasolo-presidencia municipal-air-quality.csv
2025/2/5,57,guanajuato,abasolo-presidencia municipal-air-quality.csv
2025/2/6,58,guanajuato,abasolo-presidencia municipal-air-quality.csv
2025/2/7,68,guanajuato,abasolo-presidencia municipal-air-quality.csv
2025/2/8,60,guanajuato,abasolo-presidencia municipal-air-quality.csv
2025/2/9,60,guanajuato,abasolo-presidencia municipal-air-quality.csv
2025/2/10,67,guanajuato,abasolo-presidencia municipal-air-quality.csv
2025/2/11,65,guanajuato,abasolo-presidencia municipal-air-quality.csv
2025/2/12,58,guanajuato,abasolo-presidencia municipal-air-quality.csv
2025/2/13,52,guanajuato,abasolo-presidencia municipal-air-quality.csv
2025/2/14,57,guanajuato,abasolo-presidencia municipal-air-quality.csv
2025/2/15,60,guanajuato,abasolo-presidencia municipal-air-quality.csv
2025/2/16,49,guanajuato,abasolo-presidencia municipal-air-quality.csv
2025/2/17,50,guanajuato,abasolo-presidencia municipal-air-quality.csv
2025/2/18,47,guanajuato,abasolo-presidencia municipal-air-quality.csv
2025/2/19,59,guanajuato,abasolo-presidencia municipal-air-quality.csv
2025/2/20,52,guanajuato,abasolo-presidencia municipal-air-quality.csv
2025/2/22,68,guanajuato,abasolo-presidencia municipal-air-quality.csv
2025/2/23,50,guanajuato,abasolo-presidencia municipal-air-quality.csv
2025/2/24,42,guanajuato,abasolo-presidencia municipal-air-quality.csv
2025/2/25,36,guanajuato,abasolo-presidencia municipal-air-quality.csv
2025/2/26,47,guanajuato,abasolo-presidencia municipal-air-quality.csv
2025/2/27,69,guanajuato,abasolo-presidencia municipal-air-quality.csv
2025/2/28,49,guanajuato,abasolo-presidencia municipal-air-quality.csv
2025/3/1,64,guanajuato,abasolo-presidencia municipal-air-quality.csv
2025/3/2,51,guanajuato,abasolo-presidencia municipal-air-quality.csv
2025/3/3,50,guanajuato,abasolo-presidencia municipal-air-quality.csv
2025/3/4,36,guanajuato,abasolo-presidencia municipal-air-quality.csv
2025/3/5,30,guanajuato,abasolo-presidencia municipal-air-quality.csv
2025/3/6,64,guanajuato,abasolo-presidencia municipal-air-quality.csv
2025/3/7,62,guanajuato,abasolo-presidencia municipal-air-quality.csv
2025/3/8,53,guanajuato,abasolo-presidencia municipal-air-quality.csv
2025/3/9,76,guanajuato,abasolo-presidencia municipal-air-quality.csv
2025/3/11,53,guanajuato,abasolo-presidencia municipal-air-quality.csv
2025/3/12,59,guanajuato,abasolo-presidencia municipal-air-quality.csv
2025/3/13,40,guanajuato,abasolo-presidencia municipal-air-quality.csv
2025/3/14,40,guanajuato,abasolo-presidencia municipal-air-quality.csv
2025/3/15,48,guanajuato,abasolo-presidencia municipal-air-quality.csv
2025/3/16,41,guanajuato,abasolo-presidencia municipal-air-quality.csv
2025/3/17,53,guanajuato,abasolo-presidencia municipal-air-quality.csv
2025/3/18,57,guanajuato,abasolo-presidencia municipal-air-quality.csv
2025/3/19,71,guanajuato,abasolo-presidencia municipal-air-quality.csv
2025/3/20,54,guanajuato,abasolo-presidencia municipal-air-quality.csv
2025/3/21,93,guanajuato,abasolo-presidencia municipal-air-quality.csv
2025/3/22,56,guanajuato,abasolo-presidencia municipal-air-quality.csv
2025/3/23,60,guanajuato,abasolo-presidencia municipal-air-quality.csv
2025/3/24,61,guanajuato,abasolo-presidencia municipal-air-quality.csv
2025/3/25,62,guanajuato,abasolo-presidencia municipal-air-quality.csv
2025/3/26,71,guanajuato,abasolo-presidencia municipal-air-quality.csv
2025/3/27,69,guanajuato,abasolo-presidencia municipal-air-quality.csv
2025/3/28,56,guanajuato,abasolo-presidencia municipal-air-quality.csv
2025/3/29,41,guanajuato,abasolo-presidencia municipal-air-quality.csv
2025/3/30,54,guanajuato,abasolo-presidencia municipal-air-quality.csv
2025/3/31,55,guanajuato,abasolo-presidencia municipal-air-quality.csv
2025/4/1,57,guanajuato,abasolo-presidencia municipal-air-quality.csv
2024/10/21,27,guanajuato,abasolo-presidencia municipal-air-quality.csv
2024/10/22,29,guanajuato,abasolo-presidencia municipal-air-quality.csv
2024/10/23,36,guanajuato,abasolo-presidencia municipal-air-quality.csv
2024/10/24,36,guanajuato,abasolo-presidencia municipal-air-quality.csv
2024/10/25,41,guanajuato,abasolo-presidencia municipal-air-quality.csv
2024/10/26,44,guanajuato,abasolo-presidencia municipal-air-quality.csv
2024/10/27,45,guanajuato,abasolo-presidencia municipal-air-quality.csv
2024/10/28,29,guanajuato,abasolo-presidencia municipal-air-quality.csv
2024/10/29,55,guanajuato,abasolo-presidencia municipal-air-quality.csv
2024/10/30,68,guanajuato,abasolo-presidencia municipal-air-quality.csv
2024/10/31,58,guanajuato,abasolo-presidencia municipal-air-quality.csv
2024/11/1,51,guanajuato,abasolo-presidencia municipal-air-quality.csv
2024/11/2,75,guanajuato,abasolo-presidencia municipal-air-quality.csv
2024/11/3,71,guanajuato,abasolo-presidencia municipal-air-quality.csv
2024/11/4,60,guanajuato,abasolo-presidencia municipal-air-quality.csv
2024/11/5,61,guanajuato,abasolo-presidencia municipal-air-quality.csv
2024/11/6,47,guanajuato,abasolo-presidencia municipal-air-quality.csv
2024/11/7,55,guanajuato,abasolo-presidencia municipal-air-quality.csv
2024/11/8,57,guanajuato,abasolo-presidencia municipal-air-quality.csv
2024/11/9,61,guanajuato,abasolo-presidencia municipal-air-quality.csv
2024/11/10,61,guanajuato,abasolo-presidencia municipal-air-quality.csv
2024/11/11,67,guanajuato,abasolo-presidencia municipal-air-quality.csv
2024/11/12,54,guanajuato,abasolo-presidencia municipal-air-quality.csv
2024/11/13,55,guanajuato,abasolo-presidencia municipal-air-quality.csv
2024/11/14,63,guanajuato,abasolo-presidencia municipal-air-quality.csv
2024/11/15,54,guanajuato,abasolo-presidencia municipal-air-quality.csv
2024/11/16,52,guanajuato,abasolo-presidencia municipal-air-quality.csv
2024/11/18,64,guanajuato,abasolo-presidencia municipal-air-quality.csv
2024/11/19,55,guanajuato,abasolo-presidencia municipal-air-quality.csv
2024/11/20,33,guanajuato,abasolo-presidencia municipal-air-quality.csv
2024/11/21,53,guanajuato,abasolo-presidencia municipal-air-quality.csv
2024/11/22,34,guanajuato,abasolo-presidencia municipal-air-quality.csv
2024/11/23,33,guanajuato,abasolo-presidencia municipal-air-quality.csv
2024/11/24,57,guanajuato,abasolo-presidencia municipal-air-quality.csv
2024/11/25,73,guanajuato,abasolo-presidencia municipal-air-quality.csv
2024/11/26,61,guanajuato,abasolo-presidencia municipal-air-quality.csv
2024/11/27,51,guanajuato,abasolo-presidencia municipal-air-quality.csv
2024/11/28,63,guanajuato,abasolo-presidencia municipal-air-quality.csv
2024/11/29,78,guanajuato,abasolo-presidencia municipal-air-quality.csv
2024/11/30,89,guanajuato,abasolo-presidencia municipal-air-quality.csv
2024/12/1,73,guanajuato,abasolo-presidencia municipal-air-quality.csv
2024/12/2,62,guanajuato,abasolo-presidencia municipal-air-quality.csv
2024/12/3,50,guanajuato,abasolo-presidencia municipal-air-quality.csv
2024/12/4,42,guanajuato,abasolo-presidencia municipal-air-quality.csv
2024/12/5,56,guanajuato,abasolo-presidencia municipal-air-quality.csv
2024/12/6,83,guanajuato,abasolo-presidencia municipal-air-quality.csv
2024/12/7,55,guanajuato,abasolo-presidencia municipal-air-quality.csv
2024/12/8,55,guanajuato,abasolo-presidencia municipal-air-quality.csv
2024/12/9,58,guanajuato,abasolo-presidencia municipal-air-quality.csv
2024/12/10,58,guanajuato,abasolo-presidencia municipal-air-quality.csv
2024/12/11,73,guanajuato,abasolo-presidencia municipal-air-quality.csv
2024/12/12,51,guanajuato,abasolo-presidencia municipal-air-quality.csv
2024/12/13,56,guanajuato,abasolo-presidencia municipal-air-quality.csv
2024/12/14,83,guanajuato,abasolo-presidencia municipal-air-quality.csv
2024/12/15,115,guanajuato,abasolo-presidencia municipal-air-quality.csv
2024/12/18,60,guanajuato,abasolo-presidencia municipal-air-quality.csv
2024/12/19,54,guanajuato,abasolo-presidencia municipal-air-quality.csv
2024/12/20,30,guanajuato,abasolo-presidencia municipal-air-quality.csv
2024/12/21,37,guanajuato,abasolo-presidencia municipal-air-quality.csv
2024/12/22,33,guanajuato,abasolo-presidencia municipal-air-quality.csv
2024/12/23,30,guanajuato,abasolo-presidencia municipal-air-quality.csv
2024/12/24,69,guanajuato,abasolo-presidencia municipal-air-quality.csv
2024/12/25,80,guanajuato,abasolo-presidencia municipal-air-quality.csv
2024/12/26,61,guanajuato,abasolo-presidencia municipal-air-quality.csv
2024/4/8,45,guanajuato,abasolo-presidencia municipal-air-quality.csv
2024/4/9,72,guanajuato,abasolo-presidencia municipal-air-quality.csv
2024/4/10,88,guanajuato,abasolo-presidencia municipal-air-quality.csv
2024/4/11,70,guanajuato,abasolo-presidencia municipal-air-quality.csv
2024/4/12,60,guanajuato,abasolo-presidencia municipal-air-quality.csv
2024/4/13,44,guanajuato,abasolo-presidencia municipal-air-quality.csv
2024/4/14,52,guanajuato,abasolo-presidencia municipal-air-quality.csv
2024/4/15,49,guanajuato,abasolo-presidencia municipal-air-quality.csv
2024/4/16,60,guanajuato,abasolo-presidencia municipal-air-quality.csv
2024/4/17,62,guanajuato,abasolo-presidencia municipal-air-quality.csv
2024/4/18,55,guanajuato,abasolo-presidencia municipal-air-quality.csv
2024/4/19,51,guanajuato,abasolo-presidencia municipal-air-quality.csv
2024/4/20,52,guanajuato,abasolo-presidencia municipal-air-quality.csv
2024/4/21,55,guanajuato,abasolo-presidencia municipal-air-quality.csv
2024/4/22,46,guanajuato,abasolo-presidencia municipal-air-quality.csv
2024/4/23,45,guanajuato,abasolo-presidencia municipal-air-quality.csv
2024/4/24,60,guanajuato,abasolo-presidencia municipal-air-quality.csv
2024/4/25,63,guanajuato,abasolo-presidencia municipal-air-quality.csv
2024/4/26,57,guanajuato,abasolo-presidencia municipal-air-quality.csv
2024/4/27,56,guanajuato,abasolo-presidencia municipal-air-quality.csv
2024/4/28,47,guanajuato,abasolo-presidencia municipal-air-quality.csv
2024/4/29,45,guanajuato,abasolo-presidencia municipal-air-quality.csv
2024/6/4,47,guanajuato,abasolo-presidencia municipal-air-quality.csv
2024/6/5,55,guanajuato,abasolo-presidencia municipal-air-quality.csv
2024/6/6,57,guanajuato,abasolo-presidencia municipal-air-quality.csv
2024/6/7,59,guanajuato,abasolo-presidencia municipal-air-quality.csv
2024/6/8,84,guanajuato,abasolo-presidencia municipal-air-quality.csv
2024/6/9,60,guanajuato,abasolo-presidencia municipal-air-quality.csv
2024/6/27,29,guanajuato,abasolo-presidencia municipal-air-quality.csv
2024/6/28,41,guanajuato,abasolo-presidencia municipal-air-quality.csv
2024/2/16,48,guanajuato,abasolo-presidencia municipal-air-quality.csv
2024/2/17,18,guanajuato,abasolo-presidencia municipal-air-quality.csv
2024/3/12,25,guanajuato,abasolo-presidencia municipal-air-quality.csv
2024/3/28,52,guanajuato,abasolo-presidencia municipal-air-quality.csv
2023/10/2,36,guanajuato,abasolo-presidencia municipal-air-quality.csv
2023/10/3,36,guanajuato,abasolo-presidencia municipal-air-quality.csv
2023/10/4,33,guanajuato,abasolo-presidencia municipal-air-quality.csv
2023/10/5,34,guanajuato,abasolo-presidencia municipal-air-quality.csv
2023/10/6,44,guanajuato,abasolo-presidencia municipal-air-quality.csv
2023/10/7,30,guanajuato,abasolo-presidencia municipal-air-quality.csv
2023/10/8,11,guanajuato,abasolo-presidencia municipal-air-quality.csv
2023/10/9,14,guanajuato,abasolo-presidencia municipal-air-quality.csv
2023/10/10,9,guanajuato,abasolo-presidencia municipal-air-quality.csv
2023/10/11,7,guanajuato,abasolo-presidencia municipal-air-quality.csv
2023/10/12,18,guanajuato,abasolo-presidencia municipal-air-quality.csv
2023/10/13,19,guanajuato,abasolo-presidencia municipal-air-quality.csv
2023/10/14,33,guanajuato,abasolo-presidencia municipal-air-quality.csv
2023/10/15,33,guanajuato,abasolo-presidencia municipal-air-quality.csv
2023/10/16,17,guanajuato,abasolo-presidencia municipal-air-quality.csv
2023/10/17,15,guanajuato,abasolo-presidencia municipal-air-quality.csv
2023/10/18,24,guanajuato,abasolo-presidencia municipal-air-quality.csv
2023/10/20,29,guanajuato,abasolo-presidencia municipal-air-quality.csv
2023/10/21,32,guanajuato,abasolo-presidencia municipal-air-quality.csv
2023/10/22,29,guanajuato,abasolo-presidencia municipal-air-quality.csv
2023/10/23,31,guanajuato,abasolo-presidencia municipal-air-quality.csv
2023/10/24,22,guanajuato,abasolo-presidencia municipal-air-quality.csv
2023/10/25,32,guanajuato,abasolo-presidencia municipal-air-quality.csv
2023/10/26,58,guanajuato,abasolo-presidencia municipal-air-quality.csv
2023/10/27,64,guanajuato,abasolo-presidencia municipal-air-quality.csv
2023/10/28,39,guanajuato,abasolo-presidencia municipal-air-quality.csv
2023/10/29,29,guanajuato,abasolo-presidencia municipal-air-quality.csv
2023/10/30,30,guanajuato,abasolo-presidencia municipal-air-quality.csv
2023/10/31,36,guanajuato,abasolo-presidencia municipal-air-quality.csv
2023/11/1,35,guanajuato,abasolo-presidencia municipal-air-quality.csv
2023/11/2,21,guanajuato,abasolo-presidencia municipal-air-quality.csv
2023/11/3,18,guanajuato,abasolo-presidencia municipal-air-quality.csv
2023/11/4,29,guanajuato,abasolo-presidencia municipal-air-quality.csv
2023/11/5,31,guanajuato,abasolo-presidencia municipal-air-quality.csv
2023/11/6,17,guanajuato,abasolo-presidencia municipal-air-quality.csv
2023/11/7,84,guanajuato,abasolo-presidencia municipal-air-quality.csv
2023/11/8,49,guanajuato,abasolo-presidencia municipal-air-quality.csv
2023/11/9,61,guanajuato,abasolo-presidencia municipal-air-quality.csv
2023/11/10,59,guanajuato,abasolo-presidencia municipal-air-quality.csv
2023/11/11,58,guanajuato,abasolo-presidencia municipal-air-quality.csv
2023/11/12,54,guanajuato,abasolo-presidencia municipal-air-quality.csv
2023/11/14,24,guanajuato,abasolo-presidencia municipal-air-quality.csv
2023/11/15,17,guanajuato,abasolo-presidencia municipal-air-quality.csv
2023/11/16,23,guanajuato,abasolo-presidencia municipal-air-quality.csv
2023/11/17,24,guanajuato,abasolo-presidencia municipal-air-quality.csv
2023/11/18,74,guanajuato,abasolo-presidencia municipal-air-quality.csv
2023/11/19,34,guanajuato,abasolo-presidencia municipal-air-quality.csv
2023/11/20,69,guanajuato,abasolo-presidencia municipal-air-quality.csv
2023/11/21,61,guanajuato,abasolo-presidencia municipal-air-quality.csv
2023/11/22,58,guanajuato,abasolo-presidencia municipal-air-quality.csv
2023/11/23,28,guanajuato,abasolo-presidencia municipal-air-quality.csv
2023/11/24,45,guanajuato,abasolo-presidencia municipal-air-quality.csv
2023/12/4,52,guanajuato,abasolo-presidencia municipal-air-quality.csv
2023/12/5,52,guanajuato,abasolo-presidencia municipal-air-quality.csv
2023/12/8,21,guanajuato,abasolo-presidencia municipal-air-quality.csv
2023/12/9,44,guanajuato,abasolo-presidencia municipal-air-quality.csv
2023/12/19,68,guanajuato,abasolo-presidencia municipal-air-quality.csv
2023/7/2,20,guanajuato,abasolo-presidencia municipal-air-quality.csv
2023/7/3,39,guanajuato,abasolo-presidencia municipal-air-quality.csv
2023/7/4,46,guanajuato,abasolo-presidencia municipal-air-quality.csv
2023/7/5,63,guanajuato,abasolo-presidencia municipal-air-quality.csv
2023/7/6,50,guanajuato,abasolo-presidencia municipal-air-quality.csv
2023/7/7,52,guanajuato,abasolo-presidencia municipal-air-quality.csv
2023/7/8,42,guanajuato,abasolo-presidencia municipal-air-quality.csv
2023/7/9,53,guanajuato,abasolo-presidencia municipal-air-quality.csv
2023/7/10,37,guanajuato,abasolo-presidencia municipal-air-quality.csv
2023/7/22,64,guanajuato,abasolo-presidencia municipal-air-quality.csv
2023/7/25,24,guanajuato,abasolo-presidencia municipal-air-quality.csv
2023/8/15,42,guanajuato,abasolo-presidencia municipal-air-quality.csv
2023/8/20,34,guanajuato,abasolo-presidencia municipal-air-quality.csv
2023/8/26,46,guanajuato,abasolo-presidencia municipal-air-quality.csv
2023/9/3,56,guanajuato,abasolo-presidencia municipal-air-quality.csv
2023/9/4,53,guanajuato,abasolo-presidencia municipal-air-quality.csv
2023/9/5,44,guanajuato,abasolo-presidencia municipal-air-quality.csv
2023/9/6,49,guanajuato,abasolo-presidencia municipal-air-quality.csv
2023/9/7,41,guanajuato,abasolo-presidencia municipal-air-quality.csv
2023/9/8,44,guanajuato,abasolo-presidencia municipal-air-quality.csv
2023/9/9,53,guanajuato,abasolo-presidencia municipal-air-quality.csv
2023/9/10,42,guanajuato,abasolo-presidencia municipal-air-quality.csv
2023/9/11,26,guanajuato,abasolo-presidencia municipal-air-quality.csv
2023/9/12,35,guanajuato,abasolo-presidencia municipal-air-quality.csv
2023/9/13,41,guanajuato,abasolo-presidencia municipal-air-quality.csv
2023/9/14,35,guanajuato,abasolo-presidencia municipal-air-quality.csv
2023/9/15,56,guanajuato,abasolo-presidencia municipal-air-quality.csv
2023/9/16,45,guanajuato,abasolo-presidencia municipal-air-quality.csv
2023/9/17,42,guanajuato,abasolo-presidencia municipal-air-quality.csv
2023/9/18,43,guanajuato,abasolo-presidencia municipal-air-quality.csv
2023/9/19,37,guanajuato,abasolo-presidencia municipal-air-quality.csv
2023/9/20,32,guanajuato,abasolo-presidencia municipal-air-quality.csv
2023/9/21,33,guanajuato,abasolo-presidencia municipal-air-quality.csv
2023/9/22,37,guanajuato,abasolo-presidencia municipal-air-quality.csv
2023/9/23,47,guanajuato,abasolo-presidencia municipal-air-quality.csv
2023/9/24,43,guanajuato,abasolo-presidencia municipal-air-quality.csv
2023/9/25,44,guanajuato,abasolo-presidencia municipal-air-quality.csv
2023/9/26,35,guanajuato,abasolo-presidencia municipal-air-quality.csv
2023/9/27,31,guanajuato,abasolo-presidencia municipal-air-quality.csv
2023/9/28,34,guanajuato,abasolo-presidencia municipal-air-quality.csv
2023/9/29,34,guanajuato,abasolo-presidencia municipal-air-quality.csv
2023/9/30,43,guanajuato,abasolo-presidencia municipal-air-quality.csv
2023/10/1,46,guanajuato,abasolo-presidencia municipal-air-quality.csv
2023/4/2,65,guanajuato,abasolo-presidencia municipal-air-quality.csv
2023/4/3,69,guanajuato,abasolo-presidencia municipal-air-quality.csv
2023/4/4,64,guanajuato,abasolo-presidencia municipal-air-quality.csv
2023/4/5,58,guanajuato,abasolo-presidencia municipal-air-quality.csv
2023/4/6,60,guanajuato,abasolo-presidencia municipal-air-quality.csv
2023/4/7,67,guanajuato,abasolo-presidencia municipal-air-quality.csv
2023/4/8,54,guanajuato,abasolo-presidencia municipal-air-quality.csv
2023/4/9,49,guanajuato,abasolo-presidencia municipal-air-quality.csv
2023/4/10,49,guanajuato,abasolo-presidencia municipal-air-quality.csv
2023/4/11,37,guanajuato,abasolo-presidencia municipal-air-quality.csv
2023/4/12,32,guanajuato,abasolo-presidencia municipal-air-quality.csv
2023/4/13,20,guanajuato,abasolo-presidencia municipal-air-quality.csv
2023/4/14,53,guanajuato,abasolo-presidencia municipal-air-quality.csv
2023/4/15,45,guanajuato,abasolo-presidencia municipal-air-quality.csv
2023/4/16,46,guanajuato,abasolo-presidencia municipal-air-quality.csv
2023/4/17,66,guanajuato,abasolo-presidencia municipal-air-quality.csv
2023/4/18,47,guanajuato,abasolo-presidencia municipal-air-quality.csv
2023/4/19,36,guanajuato,abasolo-presidencia municipal-air-quality.csv
2023/4/20,56,guanajuato,abasolo-presidencia municipal-air-quality.csv
2023/4/21,54,guanajuato,abasolo-presidencia municipal-air-quality.csv
2023/4/22,44,guanajuato,abasolo-presidencia municipal-air-quality.csv
2023/4/23,67,guanajuato,abasolo-presidencia municipal-air-quality.csv
2023/4/24,69,guanajuato,abasolo-presidencia municipal-air-quality.csv
2023/4/25,56,guanajuato,abasolo-presidencia municipal-air-quality.csv
2023/4/26,61,guanajuato,abasolo-presidencia municipal-air-quality.csv
2023/4/27,55,guanajuato,abasolo-presidencia municipal-air-quality.csv
2023/4/28,68,guanajuato,abasolo-presidencia municipal-air-quality.csv
2023/4/29,50,guanajuato,abasolo-presidencia municipal-air-quality.csv
2023/4/30,68,guanajuato,abasolo-presidencia municipal-air-quality.csv
2023/5/1,57,guanajuato,abasolo-presidencia municipal-air-quality.csv
2023/5/2,71,guanajuato,abasolo-presidencia municipal-air-quality.csv
2023/5/3,69,guanajuato,abasolo-presidencia municipal-air-quality.csv
2023/5/4,85,guanajuato,abasolo-presidencia municipal-air-quality.csv
2023/5/5,92,guanajuato,abasolo-presidencia municipal-air-quality.csv
2023/5/6,102,guanajuato,abasolo-presidencia municipal-air-quality.csv
2023/5/7,94,guanajuato,abasolo-presidencia municipal-air-quality.csv
2023/5/8,103,guanajuato,abasolo-presidencia municipal-air-quality.csv
2023/5/9,68,guanajuato,abasolo-presidencia municipal-air-quality.csv
2023/5/10,67,guanajuato,abasolo-presidencia municipal-air-quality.csv
2023/5/11,111,guanajuato,abasolo-presidencia municipal-air-quality.csv
2023/5/13,60,guanajuato,abasolo-presidencia municipal-air-quality.csv
2023/5/14,80,guanajuato,abasolo-presidencia municipal-air-quality.csv
2023/5/15,51,guanajuato,abasolo-presidencia municipal-air-quality.csv
2023/5/16,42,guanajuato,abasolo-presidencia municipal-air-quality.csv
2023/5/17,59,guanajuato,abasolo-presidencia municipal-air-quality.csv
2023/5/18,60,guanajuato,abasolo-presidencia municipal-air-quality.csv
2023/5/19,59,guanajuato,abasolo-presidencia municipal-air-quality.csv
2023/5/20,68,guanajuato,abasolo-presidencia municipal-air-quality.csv
2023/5/21,59,guanajuato,abasolo-presidencia municipal-air-quality.csv
2023/5/22,59,guanajuato,abasolo-presidencia municipal-air-quality.csv
2023/5/23,53,guanajuato,abasolo-presidencia municipal-air-quality.csv
2023/5/24,103,guanajuato,abasolo-presidencia municipal-air-quality.csv
2023/5/25,100,guanajuato,abasolo-presidencia municipal-air-quality.csv
2023/5/26,76,guanajuato,abasolo-presidencia municipal-air-quality.csv
2023/5/27,69,guanajuato,abasolo-presidencia municipal-air-quality.csv
2023/5/28,54,guanajuato,abasolo-presidencia municipal-air-quality.csv
2023/5/29,58,guanajuato,abasolo-presidencia municipal-air-quality.csv
2023/5/30,62,guanajuato,abasolo-presidencia municipal-air-quality.csv
2023/5/31,52,guanajuato,abasolo-presidencia municipal-air-quality.csv
2023/6/1,68,guanajuato,abasolo-presidencia municipal-air-quality.csv
2023/6/2,57,guanajuato,abasolo-presidencia municipal-air-quality.csv
2023/6/3,48,guanajuato,abasolo-presidencia municipal-air-quality.csv
2023/6/4,57,guanajuato,abasolo-presidencia municipal-air-quality.csv
2023/6/5,35,guanajuato,abasolo-presidencia municipal-air-quality.csv
2023/6/6,40,guanajuato,abasolo-presidencia municipal-air-quality.csv
2023/6/7,47,guanajuato,abasolo-presidencia municipal-air-quality.csv
2023/6/8,66,guanajuato,abasolo-presidencia municipal-air-quality.csv
2023/6/9,63,guanajuato,abasolo-presidencia municipal-air-quality.csv
2023/6/10,35,guanajuato,abasolo-presidencia municipal-air-quality.csv
2023/6/11,60,guanajuato,abasolo-presidencia municipal-air-quality.csv
2023/6/12,55,guanajuato,abasolo-presidencia municipal-air-quality.csv
2023/6/13,56,guanajuato,abasolo-presidencia municipal-air-quality.csv
2023/6/14,21,guanajuato,abasolo-presidencia municipal-air-quality.csv
2023/6/15,62,guanajuato,abasolo-presidencia municipal-air-quality.csv
2023/6/16,62,guanajuato,abasolo-presidencia municipal-air-quality.csv
2023/6/17,59,guanajuato,abasolo-presidencia municipal-air-quality.csv
2023/6/18,133,guanajuato,abasolo-presidencia municipal-air-quality.csv
2023/6/20,141,guanajuato,abasolo-presidencia municipal-air-quality.csv
2023/6/21,61,guanajuato,abasolo-presidencia municipal-air-quality.csv
2023/6/22,71,guanajuato,abasolo-presidencia municipal-air-quality.csv
2023/6/23,65,guanajuato,abasolo-presidencia municipal-air-quality.csv
2023/6/24,65,guanajuato,abasolo-presidencia municipal-air-quality.csv
2023/6/25,54,guanajuato,abasolo-presidencia municipal-air-quality.csv
2023/6/26,53,guanajuato,abasolo-presidencia municipal-air-quality.csv
2023/6/27,38,guanajuato,abasolo-presidencia municipal-air-quality.csv
2023/6/28,39,guanajuato,abasolo-presidencia municipal-air-quality.csv
2023/6/29,54,guanajuato,abasolo-presidencia municipal-air-quality.csv
2023/6/30,37,guanajuato,abasolo-presidencia municipal-air-quality.csv
2023/7/1,49,guanajuato,abasolo-presidencia municipal-air-quality.csv
2023/1/3,40,guanajuato,abasolo-presidencia municipal-air-quality.csv
2023/1/4,49,guanajuato,abasolo-presidencia municipal-air-quality.csv
2023/1/5,63,guanajuato,abasolo-presidencia municipal-air-quality.csv
2023/1/6,59,guanajuato,abasolo-presidencia municipal-air-quality.csv
2023/1/7,44,guanajuato,abasolo-presidencia municipal-air-quality.csv
2023/1/8,63,guanajuato,abasolo-presidencia municipal-air-quality.csv
2023/1/9,76,guanajuato,abasolo-presidencia municipal-air-quality.csv
2023/1/10,57,guanajuato,abasolo-presidencia municipal-air-quality.csv
2023/1/11,82,guanajuato,abasolo-presidencia municipal-air-quality.csv
2023/1/12,89,guanajuato,abasolo-presidencia municipal-air-quality.csv
2023/1/13,78,guanajuato,abasolo-presidencia municipal-air-quality.csv
2023/1/14,54,guanajuato,abasolo-presidencia municipal-air-quality.csv
2023/1/15,32,guanajuato,abasolo-presidencia municipal-air-quality.csv
2023/1/16,82,guanajuato,abasolo-presidencia municipal-air-quality.csv
2023/1/17,64,guanajuato,abasolo-presidencia municipal-air-quality.csv
2023/1/18,81,guanajuato,abasolo-presidencia municipal-air-quality.csv
2023/1/19,62,guanajuato,abasolo-presidencia municipal-air-quality.csv
2023/1/20,79,guanajuato,abasolo-presidencia municipal-air-quality.csv
2023/1/21,71,guanajuato,abasolo-presidencia municipal-air-quality.csv
2023/1/22,70,guanajuato,abasolo-presidencia municipal-air-quality.csv
2023/1/23,56,guanajuato,abasolo-presidencia municipal-air-quality.csv
2023/1/24,54,guanajuato,abasolo-presidencia municipal-air-quality.csv
2023/1/25,55,guanajuato,abasolo-presidencia municipal-air-quality.csv
2023/1/26,50,guanajuato,abasolo-presidencia municipal-air-quality.csv
2023/1/27,63,guanajuato,abasolo-presidencia municipal-air-quality.csv
2023/1/28,50,guanajuato,abasolo-presidencia municipal-air-quality.csv
2023/1/29,56,guanajuato,abasolo-presidencia municipal-air-quality.csv
2023/1/30,47,guanajuato,abasolo-presidencia municipal-air-quality.csv
2023/1/31,43,guanajuato,abasolo-presidencia municipal-air-quality.csv
2023/2/1,69,guanajuato,abasolo-presidencia municipal-air-quality.csv
2023/2/2,70,guanajuato,abasolo-presidencia municipal-air-quality.csv
2023/2/3,57,guanajuato,abasolo-presidencia municipal-air-quality.csv
2023/2/4,61,guanajuato,abasolo-presidencia municipal-air-quality.csv
2023/2/6,33,guanajuato,abasolo-presidencia municipal-air-quality.csv
2023/2/7,51,guanajuato,abasolo-presidencia municipal-air-quality.csv
2023/2/8,71,guanajuato,abasolo-presidencia municipal-air-quality.csv
2023/2/9,57,guanajuato,abasolo-presidencia municipal-air-quality.csv
2023/2/10,61,guanajuato,abasolo-presidencia municipal-air-quality.csv
2023/2/11,72,guanajuato,abasolo-presidencia municipal-air-quality.csv
2023/2/12,41,guanajuato,abasolo-presidencia municipal-air-quality.csv
2023/2/13,38,guanajuato,abasolo-presidencia municipal-air-quality.csv
2023/2/25,51,guanajuato,abasolo-presidencia municipal-air-quality.csv
2023/3/6,69,guanajuato,abasolo-presidencia municipal-air-quality.csv
2023/3/9,46,guanajuato,abasolo-presidencia municipal-air-quality.csv
2023/3/10,83,guanajuato,abasolo-presidencia municipal-air-quality.csv
2023/3/24,35,guanajuato,abasolo-presidencia municipal-air-quality.csv
2023/3/28,74,guanajuato,abasolo-presidencia municipal-air-quality.csv
2023/3/29,53,guanajuato,abasolo-presidencia municipal-air-quality.csv
2023/3/30,73,guanajuato,abasolo-presidencia municipal-air-quality.csv
2023/3/31,57,guanajuato,abasolo-presidencia municipal-air-quality.csv
2023/4/1,56,guanajuato,abasolo-presidencia municipal-air-quality.csv
2022/10/2,17,guanajuato,abasolo-presidencia municipal-air-quality.csv
2022/10/3,34,guanajuato,abasolo-presidencia municipal-air-quality.csv
2022/10/4,45,guanajuato,abasolo-presidencia municipal-air-quality.csv
2022/10/5,38,guanajuato,abasolo-presidencia municipal-air-quality.csv
2022/10/6,40,guanajuato,abasolo-presidencia municipal-air-quality.csv
2022/10/7,32,guanajuato,abasolo-presidencia municipal-air-quality.csv
2022/10/8,18,guanajuato,abasolo-presidencia municipal-air-quality.csv
2022/10/9,18,guanajuato,abasolo-presidencia municipal-air-quality.csv
2022/10/10,14,guanajuato,abasolo-presidencia municipal-air-quality.csv
2022/10/11,13,guanajuato,abasolo-presidencia municipal-air-quality.csv
2022/10/12,21,guanajuato,abasolo-presidencia municipal-air-quality.csv
2022/10/13,29,guanajuato,abasolo-presidencia municipal-air-quality.csv
2022/10/14,28,guanajuato,abasolo-presidencia municipal-air-quality.csv
2022/10/15,38,guanajuato,abasolo-presidencia municipal-air-quality.csv
2022/10/16,33,guanajuato,abasolo-presidencia municipal-air-quality.csv
2022/10/17,40,guanajuato,abasolo-presidencia municipal-air-quality.csv
2022/10/18,53,guanajuato,abasolo-presidencia municipal-air-quality.csv
2022/10/19,34,guanajuato,abasolo-presidencia municipal-air-quality.csv
2022/10/20,14,guanajuato,abasolo-presidencia municipal-air-quality.csv
2022/10/21,27,guanajuato,abasolo-presidencia municipal-air-quality.csv
2022/10/22,26,guanajuato,abasolo-presidencia municipal-air-quality.csv
2022/10/23,45,guanajuato,abasolo-presidencia municipal-air-quality.csv
2022/10/24,38,guanajuato,abasolo-presidencia municipal-air-quality.csv
2022/10/26,42,guanajuato,abasolo-presidencia municipal-air-quality.csv
2022/10/27,46,guanajuato,abasolo-presidencia municipal-air-quality.csv
2022/10/28,45,guanajuato,abasolo-presidencia municipal-air-quality.csv
2022/10/29,55,guanajuato,abasolo-presidencia municipal-air-quality.csv
2022/10/30,57,guanajuato,abasolo-presidencia municipal-air-quality.csv
2022/10/31,51,guanajuato,abasolo-presidencia municipal-air-quality.csv
2022/11/1,51,guanajuato,abasolo-presidencia municipal-air-quality.csv
2022/11/2,44,guanajuato,abasolo-presidencia municipal-air-quality.csv
2022/11/3,54,guanajuato,abasolo-presidencia municipal-air-quality.csv
2022/11/4,50,guanajuato,abasolo-presidencia municipal-air-quality.csv
2022/11/5,62,guanajuato,abasolo-presidencia municipal-air-quality.csv
2022/11/6,42,guanajuato,abasolo-presidencia municipal-air-quality.csv
2022/11/7,50,guanajuato,abasolo-presidencia municipal-air-quality.csv
2022/11/8,47,guanajuato,abasolo-presidencia municipal-air-quality.csv
2022/11/9,37,guanajuato,abasolo-presidencia municipal-air-quality.csv
2022/11/10,34,guanajuato,abasolo-presidencia municipal-air-quality.csv
2022/11/11,60,guanajuato,abasolo-presidencia municipal-air-quality.csv
2022/11/12,57,guanajuato,abasolo-presidencia municipal-air-quality.csv
2022/11/13,70,guanajuato,abasolo-presidencia municipal-air-quality.csv
2022/11/14,61,guanajuato,abasolo-presidencia municipal-air-quality.csv
2022/11/15,57,guanajuato,abasolo-presidencia municipal-air-quality.csv
2022/11/16,63,guanajuato,abasolo-presidencia municipal-air-quality.csv
2022/11/17,63,guanajuato,abasolo-presidencia municipal-air-quality.csv
2022/11/18,58,guanajuato,abasolo-presidencia municipal-air-quality.csv
2022/11/19,44,guanajuato,abasolo-presidencia municipal-air-quality.csv
2022/11/20,57,guanajuato,abasolo-presidencia municipal-air-quality.csv
2022/11/21,33,guanajuato,abasolo-presidencia municipal-air-quality.csv
2022/11/22,27,guanajuato,abasolo-presidencia municipal-air-quality.csv
2022/11/23,38,guanajuato,abasolo-presidencia municipal-air-quality.csv
2022/11/24,48,guanajuato,abasolo-presidencia municipal-air-quality.csv
2022/11/25,50,guanajuato,abasolo-presidencia municipal-air-quality.csv
2022/11/26,51,guanajuato,abasolo-presidencia municipal-air-quality.csv
2022/11/27,40,guanajuato,abasolo-presidencia municipal-air-quality.csv
2022/11/28,44,guanajuato,abasolo-presidencia municipal-air-quality.csv
2022/11/29,38,guanajuato,abasolo-presidencia municipal-air-quality.csv
2022/11/30,48,guanajuato,abasolo-presidencia municipal-air-quality.csv
2022/12/1,60,guanajuato,abasolo-presidencia municipal-air-quality.csv
2022/12/2,19,guanajuato,abasolo-presidencia municipal-air-quality.csv
2022/12/3,31,guanajuato,abasolo-presidencia municipal-air-quality.csv
2022/12/4,19,guanajuato,abasolo-presidencia municipal-air-quality.csv
2022/12/5,21,guanajuato,abasolo-presidencia municipal-air-quality.csv
2022/12/6,52,guanajuato,abasolo-presidencia municipal-air-quality.csv
2022/12/7,78,guanajuato,abasolo-presidencia municipal-air-quality.csv
2022/12/8,84,guanajuato,abasolo-presidencia municipal-air-quality.csv
2022/12/9,67,guanajuato,abasolo-presidencia municipal-air-quality.csv
2022/12/10,68,guanajuato,abasolo-presidencia municipal-air-quality.csv
2022/12/11,76,guanajuato,abasolo-presidencia municipal-air-quality.csv
2022/12/12,81,guanajuato,abasolo-presidencia municipal-air-quality.csv
2022/12/13,86,guanajuato,abasolo-presidencia municipal-air-quality.csv
2022/12/14,80,guanajuato,abasolo-presidencia municipal-air-quality.csv
2022/12/15,67,guanajuato,abasolo-presidencia municipal-air-quality.csv
2022/12/16,89,guanajuato,abasolo-presidencia municipal-air-quality.csv
2022/12/17,82,guanajuato,abasolo-presidencia municipal-air-quality.csv
2022/12/18,86,guanajuato,abasolo-presidencia municipal-air-quality.csv
2022/12/19,81,guanajuato,abasolo-presidencia municipal-air-quality.csv
2022/12/20,68,guanajuato,abasolo-presidencia municipal-air-quality.csv
2022/12/21,85,guanajuato,abasolo-presidencia municipal-air-quality.csv
2022/12/22,40,guanajuato,abasolo-presidencia municipal-air-quality.csv
2022/12/23,79,guanajuato,abasolo-presidencia municipal-air-quality.csv
2022/12/24,98,guanajuato,abasolo-presidencia municipal-air-quality.csv
2022/12/25,88,guanajuato,abasolo-presidencia municipal-air-quality.csv
2022/12/26,86,guanajuato,abasolo-presidencia municipal-air-quality.csv
2022/12/27,38,guanajuato,abasolo-presidencia municipal-air-quality.csv
2022/12/28,38,guanajuato,abasolo-presidencia municipal-air-quality.csv
2022/12/29,83,guanajuato,abasolo-presidencia municipal-air-quality.csv
2022/12/30,50,guanajuato,abasolo-presidencia municipal-air-quality.csv
2022/12/31,70,guanajuato,abasolo-presidencia municipal-air-quality.csv
2023/1/1,68,guanajuato,abasolo-presidencia municipal-air-quality.csv
2023/1/2,78,guanajuato,abasolo-presidencia municipal-air-quality.csv
2022/7/12,30,guanajuato,abasolo-presidencia municipal-air-quality.csv
2022/8/6,52,guanajuato,abasolo-presidencia municipal-air-quality.csv
2022/8/9,5,guanajuato,abasolo-presidencia municipal-air-quality.csv
2022/8/11,25,guanajuato,abasolo-presidencia municipal-air-quality.csv
2022/9/13,17,guanajuato,abasolo-presidencia municipal-air-quality.csv
2022/9/15,25,guanajuato,abasolo-presidencia municipal-air-quality.csv
2022/9/16,29,guanajuato,abasolo-presidencia municipal-air-quality.csv
2022/9/17,16,guanajuato,abasolo-presidencia municipal-air-quality.csv
2022/9/18,12,guanajuato,abasolo-presidencia municipal-air-quality.csv
2022/9/19,14,guanajuato,abasolo-presidencia municipal-air-quality.csv
2022/9/20,16,guanajuato,abasolo-presidencia municipal-air-quality.csv
2022/9/21,18,guanajuato,abasolo-presidencia municipal-air-quality.csv
2022/9/23,19,guanajuato,abasolo-presidencia municipal-air-quality.csv
2022/9/24,15,guanajuato,abasolo-presidencia municipal-air-quality.csv
2022/9/25,24,guanajuato,abasolo-presidencia municipal-air-quality.csv
2022/9/26,19,guanajuato,abasolo-presidencia municipal-air-quality.csv
2022/9/27,24,guanajuato,abasolo-presidencia municipal-air-quality.csv
2022/9/28,12,guanajuato,abasolo-presidencia municipal-air-quality.csv
2022/9/29,22,guanajuato,abasolo-presidencia municipal-air-quality.csv
2022/9/30,20,guanajuato,abasolo-presidencia municipal-air-quality.csv
2022/10/1,17,guanajuato,abasolo-presidencia municipal-air-quality.csv
2022/4/2,87,guanajuato,abasolo-presidencia municipal-air-quality.csv
2022/4/3,70,guanajuato,abasolo-presidencia municipal-air-quality.csv
2022/4/4,78,guanajuato,abasolo-presidencia municipal-air-quality.csv
2022/4/5,78,guanajuato,abasolo-presidencia municipal-air-quality.csv
2022/4/6,76,guanajuato,abasolo-presidencia municipal-air-quality.csv
2022/4/7,54,guanajuato,abasolo-presidencia municipal-air-quality.csv
2022/4/8,81,guanajuato,abasolo-presidencia municipal-air-quality.csv
2022/4/12,44,guanajuato,abasolo-presidencia municipal-air-quality.csv
2022/4/13,33,guanajuato,abasolo-presidencia municipal-air-quality.csv
2022/4/14,24,guanajuato,abasolo-presidencia municipal-air-quality.csv
2022/4/15,54,guanajuato,abasolo-presidencia municipal-air-quality.csv
2022/4/16,34,guanajuato,abasolo-presidencia municipal-air-quality.csv
2022/4/17,46,guanajuato,abasolo-presidencia municipal-air-quality.csv
2022/4/18,42,guanajuato,abasolo-presidencia municipal-air-quality.csv
2022/4/19,68,guanajuato,abasolo-presidencia municipal-air-quality.csv
2022/4/20,62,guanajuato,abasolo-presidencia municipal-air-quality.csv
2022/4/21,48,guanajuato,abasolo-presidencia municipal-air-quality.csv
2022/4/22,53,guanajuato,abasolo-presidencia municipal-air-quality.csv
2022/4/23,42,guanajuato,abasolo-presidencia municipal-air-quality.csv
2022/4/24,55,guanajuato,abasolo-presidencia municipal-air-quality.csv
2022/4/25,61,guanajuato,abasolo-presidencia municipal-air-quality.csv
2022/4/26,58,guanajuato,abasolo-presidencia municipal-air-quality.csv
2022/4/28,24,guanajuato,abasolo-presidencia municipal-air-quality.csv
2022/4/29,47,guanajuato,abasolo-presidencia municipal-air-quality.csv
2022/4/30,51,guanajuato,abasolo-presidencia municipal-air-quality.csv
2022/5/1,64,guanajuato,abasolo-presidencia municipal-air-quality.csv
2022/5/2,89,guanajuato,abasolo-presidencia municipal-air-quality.csv
2022/5/3,78,guanajuato,abasolo-presidencia municipal-air-quality.csv
2022/5/4,71,guanajuato,abasolo-presidencia municipal-air-quality.csv
2022/5/5,81,guanajuato,abasolo-presidencia municipal-air-quality.csv
2022/5/6,81,guanajuato,abasolo-presidencia municipal-air-quality.csv
2022/5/7,96,guanajuato,abasolo-presidencia municipal-air-quality.csv
2022/5/8,88,guanajuato,abasolo-presidencia municipal-air-quality.csv
2022/5/9,79,guanajuato,abasolo-presidencia municipal-air-quality.csv
2022/5/10,78,guanajuato,abasolo-presidencia municipal-air-quality.csv
2022/5/11,81,guanajuato,abasolo-presidencia municipal-air-quality.csv
2022/5/12,70,guanajuato,abasolo-presidencia municipal-air-quality.csv
2022/5/13,46,guanajuato,abasolo-presidencia municipal-air-quality.csv
2022/5/16,62,guanajuato,abasolo-presidencia municipal-air-quality.csv
2022/5/17,52,guanajuato,abasolo-presidencia municipal-air-quality.csv
2022/5/18,64,guanajuato,abasolo-presidencia municipal-air-quality.csv
2022/5/19,59,guanajuato,abasolo-presidencia municipal-air-quality.csv
2022/5/20,53,guanajuato,abasolo-presidencia municipal-air-quality.csv
2022/5/21,92,guanajuato,abasolo-presidencia municipal-air-quality.csv
2022/5/22,76,guanajuato,abasolo-presidencia municipal-air-quality.csv
2022/5/23,80,guanajuato,abasolo-presidencia municipal-air-quality.csv
2022/5/24,88,guanajuato,abasolo-presidencia municipal-air-quality.csv
2022/5/25,92,guanajuato,abasolo-presidencia municipal-air-quality.csv
2022/5/26,57,guanajuato,abasolo-presidencia municipal-air-quality.csv
2022/5/27,86,guanajuato,abasolo-presidencia municipal-air-quality.csv
2022/5/28,78,guanajuato,abasolo-presidencia municipal-air-quality.csv
2022/5/29,60,guanajuato,abasolo-presidencia municipal-air-quality.csv
2022/5/30,76,guanajuato,abasolo-presidencia municipal-air-quality.csv
2022/5/31,50,guanajuato,abasolo-presidencia municipal-air-quality.csv
2022/6/1,60,guanajuato,abasolo-presidencia municipal-air-quality.csv
2022/6/2,62,guanajuato,abasolo-presidencia municipal-air-quality.csv
2022/6/3,32,guanajuato,abasolo-presidencia municipal-air-quality.csv
2022/6/4,42,guanajuato,abasolo-presidencia municipal-air-quality.csv
2022/6/5,52,guanajuato,abasolo-presidencia municipal-air-quality.csv
2022/6/6,60,guanajuato,abasolo-presidencia municipal-air-quality.csv
2022/6/17,59,guanajuato,abasolo-presidencia municipal-air-quality.csv
2022/6/28,42,guanajuato,abasolo-presidencia municipal-air-quality.csv
2022/1/4,42,guanajuato,abasolo-presidencia municipal-air-quality.csv
2022/1/5,70,guanajuato,abasolo-presidencia municipal-air-quality.csv
2022/1/6,69,guanajuato,abasolo-presidencia municipal-air-quality.csv
2022/1/7,64,guanajuato,abasolo-presidencia municipal-air-quality.csv
2022/1/8,62,guanajuato,abasolo-presidencia municipal-air-quality.csv
2022/1/9,65,guanajuato,abasolo-presidencia municipal-air-quality.csv
2022/1/10,69,guanajuato,abasolo-presidencia municipal-air-quality.csv
2022/1/11,44,guanajuato,abasolo-presidencia municipal-air-quality.csv
2022/1/12,18,guanajuato,abasolo-presidencia municipal-air-quality.csv
2022/1/13,38,guanajuato,abasolo-presidencia municipal-air-quality.csv
2022/1/14,58,guanajuato,abasolo-presidencia municipal-air-quality.csv
2022/1/15,45,guanajuato,abasolo-presidencia municipal-air-quality.csv
2022/1/16,55,guanajuato,abasolo-presidencia municipal-air-quality.csv
2022/1/17,44,guanajuato,abasolo-presidencia municipal-air-quality.csv
2022/1/18,48,guanajuato,abasolo-presidencia municipal-air-quality.csv
2022/1/19,63,guanajuato,abasolo-presidencia municipal-air-quality.csv
2022/1/20,46,guanajuato,abasolo-presidencia municipal-air-quality.csv
2022/1/21,54,guanajuato,abasolo-presidencia municipal-air-quality.csv
2022/1/22,56,guanajuato,abasolo-presidencia municipal-air-quality.csv
2022/1/23,54,guanajuato,abasolo-presidencia municipal-air-quality.csv
2022/1/26,17,guanajuato,abasolo-presidencia municipal-air-quality.csv
2022/1/27,41,guanajuato,abasolo-presidencia municipal-air-quality.csv
2022/1/28,50,guanajuato,abasolo-presidencia municipal-air-quality.csv
2022/1/29,30,guanajuato,abasolo-presidencia municipal-air-quality.csv
2022/1/30,41,guanajuato,abasolo-presidencia municipal-air-quality.csv
2022/2/2,48,guanajuato,abasolo-presidencia municipal-air-quality.csv
2022/2/3,38,guanajuato,abasolo-presidencia municipal-air-quality.csv
2022/2/4,42,guanajuato,abasolo-presidencia municipal-air-quality.csv
2022/2/5,39,guanajuato,abasolo-presidencia municipal-air-quality.csv
2022/2/6,50,guanajuato,abasolo-presidencia municipal-air-quality.csv
2022/2/7,46,guanajuato,abasolo-presidencia municipal-air-quality.csv
2022/2/8,27,guanajuato,abasolo-presidencia municipal-air-quality.csv
2022/2/9,35,guanajuato,abasolo-presidencia municipal-air-quality.csv
2022/2/10,54,guanajuato,abasolo-presidencia municipal-air-quality.csv
2022/2/11,43,guanajuato,abasolo-presidencia municipal-air-quality.csv
2022/2/12,49,guanajuato,abasolo-presidencia municipal-air-quality.csv
2022/2/13,31,guanajuato,abasolo-presidencia municipal-air-quality.csv
2022/2/14,33,guanajuato,abasolo-presidencia municipal-air-quality.csv
2022/2/15,23,guanajuato,abasolo-presidencia municipal-air-quality.csv
2022/2/16,45,guanajuato,abasolo-presidencia municipal-air-quality.csv
2022/2/17,40,guanajuato,abasolo-presidencia municipal-air-quality.csv
2022/2/18,45,guanajuato,abasolo-presidencia municipal-air-quality.csv
2022/2/19,55,guanajuato,abasolo-presidencia municipal-air-quality.csv
2022/2/20,58,guanajuato,abasolo-presidencia municipal-air-quality.csv
2022/2/21,47,guanajuato,abasolo-presidencia municipal-air-quality.csv
2022/2/22,38,guanajuato,abasolo-presidencia municipal-air-quality.csv
2022/2/23,46,guanajuato,abasolo-presidencia municipal-air-quality.csv
2022/2/24,64,guanajuato,abasolo-presidencia municipal-air-quality.csv
2022/2/25,62,guanajuato,abasolo-presidencia municipal-air-quality.csv
2022/2/26,62,guanajuato,abasolo-presidencia municipal-air-quality.csv
2022/2/27,49,guanajuato,abasolo-presidencia municipal-air-quality.csv
2022/2/28,40,guanajuato,abasolo-presidencia municipal-air-quality.csv
2022/3/1,24,guanajuato,abasolo-presidencia municipal-air-quality.csv
2022/3/2,40,guanajuato,abasolo-presidencia municipal-air-quality.csv
2022/3/3,44,guanajuato,abasolo-presidencia municipal-air-quality.csv
2022/3/11,41,guanajuato,abasolo-presidencia municipal-air-quality.csv
2022/3/12,42,guanajuato,abasolo-presidencia municipal-air-quality.csv
2022/3/13,55,guanajuato,abasolo-presidencia municipal-air-quality.csv
2022/3/14,39,guanajuato,abasolo-presidencia municipal-air-quality.csv
2022/3/15,44,guanajuato,abasolo-presidencia municipal-air-quality.csv
2022/3/26,37,guanajuato,abasolo-presidencia municipal-air-quality.csv
2022/3/27,45,guanajuato,abasolo-presidencia municipal-air-quality.csv
2022/3/28,48,guanajuato,abasolo-presidencia municipal-air-quality.csv
2022/3/29,53,guanajuato,abasolo-presidencia municipal-air-quality.csv
2022/3/30,56,guanajuato,abasolo-presidencia municipal-air-quality.csv
2022/3/31,49,guanajuato,abasolo-presidencia municipal-air-quality.csv
2022/4/1,47,guanajuato,abasolo-presidencia municipal-air-quality.csv
2021/10/5,24,guanajuato,abasolo-presidencia municipal-air-quality.csv
2021/10/6,18,guanajuato,abasolo-presidencia municipal-air-quality.csv
2021/10/7,5,guanajuato,abasolo-presidencia municipal-air-quality.csv
2021/10/12,15,guanajuato,abasolo-presidencia municipal-air-quality.csv
2021/10/13,16,guanajuato,abasolo-presidencia municipal-air-quality.csv
2021/10/14,29,guanajuato,abasolo-presidencia municipal-air-quality.csv
2021/10/15,24,guanajuato,abasolo-presidencia municipal-air-quality.csv
2021/10/18,9,guanajuato,abasolo-presidencia municipal-air-quality.csv
2021/10/19,16,guanajuato,abasolo-presidencia municipal-air-quality.csv
2021/10/20,30,guanajuato,abasolo-presidencia municipal-air-quality.csv
2021/10/28,25,guanajuato,abasolo-presidencia municipal-air-quality.csv
2021/10/29,55,guanajuato,abasolo-presidencia municipal-air-quality.csv
2021/10/30,48,guanajuato,abasolo-presidencia municipal-air-quality.csv
2021/10/31,40,guanajuato,abasolo-presidencia municipal-air-quality.csv
2021/11/2,50,guanajuato,abasolo-presidencia municipal-air-quality.csv
2021/11/3,29,guanajuato,abasolo-presidencia municipal-air-quality.csv
2021/11/4,26,guanajuato,abasolo-presidencia municipal-air-quality.csv
2021/11/5,48,guanajuato,abasolo-presidencia municipal-air-quality.csv
2021/11/6,28,guanajuato,abasolo-presidencia municipal-air-quality.csv
2021/11/7,20,guanajuato,abasolo-presidencia municipal-air-quality.csv
2021/11/8,17,guanajuato,abasolo-presidencia municipal-air-quality.csv
2021/11/11,72,guanajuato,abasolo-presidencia municipal-air-quality.csv
2021/11/12,62,guanajuato,abasolo-presidencia municipal-air-quality.csv
2021/11/13,44,guanajuato,abasolo-presidencia municipal-air-quality.csv
2021/11/14,29,guanajuato,abasolo-presidencia municipal-air-quality.csv
2021/11/15,33,guanajuato,abasolo-presidencia municipal-air-quality.csv
2021/11/16,19,guanajuato,abasolo-presidencia municipal-air-quality.csv
2021/11/17,29,guanajuato,abasolo-presidencia municipal-air-quality.csv
2021/11/18,54,guanajuato,abasolo-presidencia municipal-air-quality.csv
2021/11/19,66,guanajuato,abasolo-presidencia municipal-air-quality.csv
2021/11/20,23,guanajuato,abasolo-presidencia municipal-air-quality.csv
2021/11/21,34,guanajuato,abasolo-presidencia municipal-air-quality.csv
2021/11/22,43,guanajuato,abasolo-presidencia municipal-air-quality.csv
2021/11/23,41,guanajuato,abasolo-presidencia municipal-air-quality.csv
2021/11/24,29,guanajuato,abasolo-presidencia municipal-air-quality.csv
2021/11/25,48,guanajuato,abasolo-presidencia municipal-air-quality.csv
2021/11/26,36,guanajuato,abasolo-presidencia municipal-air-quality.csv
2021/11/27,46,guanajuato,abasolo-presidencia municipal-air-quality.csv
2021/11/28,49,guanajuato,abasolo-presidencia municipal-air-quality.csv
2021/11/29,56,guanajuato,abasolo-presidencia municipal-air-quality.csv
2021/11/30,56,guanajuato,abasolo-presidencia municipal-air-quality.csv
2021/12/1,54,guanajuato,abasolo-presidencia municipal-air-quality.csv
2021/12/2,70,guanajuato,abasolo-presidencia municipal-air-quality.csv
2021/12/3,21,guanajuato,abasolo-presidencia municipal-air-quality.csv
2021/12/4,32,guanajuato,abasolo-presidencia municipal-air-quality.csv
2021/12/5,45,guanajuato,abasolo-presidencia municipal-air-quality.csv
2021/12/6,43,guanajuato,abasolo-presidencia municipal-air-quality.csv
2021/12/7,54,guanajuato,abasolo-presidencia municipal-air-quality.csv
2021/12/8,61,guanajuato,abasolo-presidencia municipal-air-quality.csv
2021/12/9,53,guanajuato,abasolo-presidencia municipal-air-quality.csv
2021/12/10,64,guanajuato,abasolo-presidencia municipal-air-quality.csv
2021/12/11,54,guanajuato,abasolo-presidencia municipal-air-quality.csv
2021/12/12,82,guanajuato,abasolo-presidencia municipal-air-quality.csv
2021/12/13,70,guanajuato,abasolo-presidencia municipal-air-quality.csv
2021/12/14,67,guanajuato,abasolo-presidencia municipal-air-quality.csv
2021/12/15,42,guanajuato,abasolo-presidencia municipal-air-quality.csv
2021/12/16,45,guanajuato,abasolo-presidencia municipal-air-quality.csv
2021/12/17,97,guanajuato,abasolo-presidencia municipal-air-quality.csv
2021/12/18,95,guanajuato,abasolo-presidencia municipal-air-quality.csv
2021/12/19,73,guanajuato,abasolo-presidencia municipal-air-quality.csv
2021/12/20,58,guanajuato,abasolo-presidencia municipal-air-quality.csv
2021/12/21,57,guanajuato,abasolo-presidencia municipal-air-quality.csv
2021/12/22,59,guanajuato,abasolo-presidencia municipal-air-quality.csv
2021/12/23,93,guanajuato,abasolo-presidencia municipal-air-quality.csv
2021/12/24,120,guanajuato,abasolo-presidencia municipal-air-quality.csv
2021/12/25,125,guanajuato,abasolo-presidencia municipal-air-quality.csv
2021/12/26,122,guanajuato,abasolo-presidencia municipal-air-quality.csv
2021/12/27,79,guanajuato,abasolo-presidencia municipal-air-quality.csv
2021/12/28,85,guanajuato,abasolo-presidencia municipal-air-quality.csv
2021/12/29,71,guanajuato,abasolo-presidencia municipal-air-quality.csv
2021/12/30,68,guanajuato,abasolo-presidencia municipal-air-quality.csv
2021/12/31,84,guanajuato,abasolo-presidencia municipal-air-quality.csv
2022/1/1,78,guanajuato,abasolo-presidencia municipal-air-quality.csv
2022/1/2,73,guanajuato,abasolo-presidencia municipal-air-quality.csv
2021/7/2,18,guanajuato,abasolo-presidencia municipal-air-quality.csv
2021/7/3,18,guanajuato,abasolo-presidencia municipal-air-quality.csv
2021/7/4,30,guanajuato,abasolo-presidencia municipal-air-quality.csv
2021/7/5,27,guanajuato,abasolo-presidencia municipal-air-quality.csv
2021/7/6,17,guanajuato,abasolo-presidencia municipal-air-quality.csv
2021/7/7,18,guanajuato,abasolo-presidencia municipal-air-quality.csv
2021/7/8,15,guanajuato,abasolo-presidencia municipal-air-quality.csv
2021/7/9,26,guanajuato,abasolo-presidencia municipal-air-quality.csv
2021/7/10,26,guanajuato,abasolo-presidencia municipal-air-quality.csv
2021/7/13,40,guanajuato,abasolo-presidencia municipal-air-quality.csv
2021/7/14,26,guanajuato,abasolo-presidencia municipal-air-quality.csv
2021/7/16,34,guanajuato,abasolo-presidencia municipal-air-quality.csv
2021/7/17,31,guanajuato,abasolo-presidencia municipal-air-quality.csv
2021/7/18,62,guanajuato,abasolo-presidencia municipal-air-quality.csv
2021/7/19,50,guanajuato,abasolo-presidencia municipal-air-quality.csv
2021/7/20,38,guanajuato,abasolo-presidencia municipal-air-quality.csv
2021/7/21,63,guanajuato,abasolo-presidencia municipal-air-quality.csv
2021/7/22,48,guanajuato,abasolo-presidencia municipal-air-quality.csv
2021/7/23,51,guanajuato,abasolo-presidencia municipal-air-quality.csv
2021/7/24,53,guanajuato,abasolo-presidencia municipal-air-quality.csv
2021/7/25,45,guanajuato,abasolo-presidencia municipal-air-quality.csv
2021/7/26,40,guanajuato,abasolo-presidencia municipal-air-quality.csv
2021/7/27,37,guanajuato,abasolo-presidencia municipal-air-quality.csv
2021/7/28,37,guanajuato,abasolo-presidencia municipal-air-quality.csv
2021/7/29,39,guanajuato,abasolo-presidencia municipal-air-quality.csv
2021/7/30,43,guanajuato,abasolo-presidencia municipal-air-quality.csv
2021/8/2,50,guanajuato,abasolo-presidencia municipal-air-quality.csv
2021/8/3,40,guanajuato,abasolo-presidencia municipal-air-quality.csv
2021/8/4,57,guanajuato,abasolo-presidencia municipal-air-quality.csv
2021/8/9,35,guanajuato,abasolo-presidencia municipal-air-quality.csv
2021/8/10,21,guanajuato,abasolo-presidencia municipal-air-quality.csv
2021/8/13,45,guanajuato,abasolo-presidencia municipal-air-quality.csv
2021/8/14,34,guanajuato,abasolo-presidencia municipal-air-quality.csv
2021/8/16,40,guanajuato,abasolo-presidencia municipal-air-quality.csv
2021/8/17,26,guanajuato,abasolo-presidencia municipal-air-quality.csv
2021/8/18,25,guanajuato,abasolo-presidencia municipal-air-quality.csv
2021/8/19,36,guanajuato,abasolo-presidencia municipal-air-quality.csv
2021/8/20,46,guanajuato,abasolo-presidencia municipal-air-quality.csv
2021/8/21,36,guanajuato,abasolo-presidencia municipal-air-quality.csv
2021/8/22,15,guanajuato,abasolo-presidencia municipal-air-quality.csv
2021/8/23,15,guanajuato,abasolo-presidencia municipal-air-quality.csv
2021/8/24,25,guanajuato,abasolo-presidencia municipal-air-quality.csv
2021/8/25,32,guanajuato,abasolo-presidencia municipal-air-quality.csv
2021/8/26,26,guanajuato,abasolo-presidencia municipal-air-quality.csv
2021/8/27,45,guanajuato,abasolo-presidencia municipal-air-quality.csv
2021/8/28,56,guanajuato,abasolo-presidencia municipal-air-quality.csv
2021/8/29,42,guanajuato,abasolo-presidencia municipal-air-quality.csv
2021/8/30,14,guanajuato,abasolo-presidencia municipal-air-quality.csv
2021/8/31,20,guanajuato,abasolo-presidencia municipal-air-quality.csv
2021/9/1,11,guanajuato,abasolo-presidencia municipal-air-quality.csv
2021/9/2,25,guanajuato,abasolo-presidencia municipal-air-quality.csv
2021/9/3,19,guanajuato,abasolo-presidencia municipal-air-quality.csv
2021/9/4,24,guanajuato,abasolo-presidencia municipal-air-quality.csv
2021/9/5,20,guanajuato,abasolo-presidencia municipal-air-quality.csv
2021/9/6,28,guanajuato,abasolo-presidencia municipal-air-quality.csv
2021/9/7,26,guanajuato,abasolo-presidencia municipal-air-quality.csv
2021/9/8,17,guanajuato,abasolo-presidencia municipal-air-quality.csv
2021/9/9,23,guanajuato,abasolo-presidencia municipal-air-quality.csv
2021/9/10,23,guanajuato,abasolo-presidencia municipal-air-quality.csv
2021/9/11,34,guanajuato,abasolo-presidencia municipal-air-quality.csv
2021/9/12,37,guanajuato,abasolo-presidencia municipal-air-quality.csv
2021/9/13,14,guanajuato,abasolo-presidencia municipal-air-quality.csv
2021/9/14,19,guanajuato,abasolo-presidencia municipal-air-quality.csv
2021/9/15,30,guanajuato,abasolo-presidencia municipal-air-quality.csv
2021/9/16,13,guanajuato,abasolo-presidencia municipal-air-quality.csv
2021/9/17,25,guanajuato,abasolo-presidencia municipal-air-quality.csv
2021/9/18,28,guanajuato,abasolo-presidencia municipal-air-quality.csv
2021/9/19,31,guanajuato,abasolo-presidencia municipal-air-quality.csv
2021/9/20,16,guanajuato,abasolo-presidencia municipal-air-quality.csv
2021/9/21,22,guanajuato,abasolo-presidencia municipal-air-quality.csv
2021/9/22,31,guanajuato,abasolo-presidencia municipal-air-quality.csv
2021/9/23,32,guanajuato,abasolo-presidencia municipal-air-quality.csv
2021/9/24,14,guanajuato,abasolo-presidencia municipal-air-quality.csv
2021/9/25,26,guanajuato,abasolo-presidencia municipal-air-quality.csv
2021/9/26,15,guanajuato,abasolo-presidencia municipal-air-quality.csv
2021/4/2,60,guanajuato,abasolo-presidencia municipal-air-quality.csv
2021/5/29,67,guanajuato,abasolo-presidencia municipal-air-quality.csv
2021/5/30,61,guanajuato,abasolo-presidencia municipal-air-quality.csv
2021/5/31,107,guanajuato,abasolo-presidencia municipal-air-quality.csv
2021/6/1,67,guanajuato,abasolo-presidencia municipal-air-quality.csv
2021/6/2,55,guanajuato,abasolo-presidencia municipal-air-quality.csv
2021/6/3,36,guanajuato,abasolo-presidencia municipal-air-quality.csv
2021/6/4,35,guanajuato,abasolo-presidencia municipal-air-quality.csv
2021/6/5,24,guanajuato,abasolo-presidencia municipal-air-quality.csv
2021/6/6,20,guanajuato,abasolo-presidencia municipal-air-quality.csv
2021/6/7,35,guanajuato,abasolo-presidencia municipal-air-quality.csv
2021/6/8,38,guanajuato,abasolo-presidencia municipal-air-quality.csv
2021/6/9,37,guanajuato,abasolo-presidencia municipal-air-quality.csv
2021/6/10,60,guanajuato,abasolo-presidencia municipal-air-quality.csv
2021/6/11,40,guanajuato,abasolo-presidencia municipal-air-quality.csv
2021/6/12,25,guanajuato,abasolo-presidencia municipal-air-quality.csv
2021/6/13,15,guanajuato,abasolo-presidencia municipal-air-quality.csv
2021/6/14,26,guanajuato,abasolo-presidencia municipal-air-quality.csv
2021/6/15,13,guanajuato,abasolo-presidencia municipal-air-quality.csv
2021/6/16,23,guanajuato,abasolo-presidencia municipal-air-quality.csv
2021/6/17,26,guanajuato,abasolo-presidencia municipal-air-quality.csv
2021/6/18,17,guanajuato,abasolo-presidencia municipal-air-quality.csv
2021/6/19,15,guanajuato,abasolo-presidencia municipal-air-quality.csv
2021/6/20,17,guanajuato,abasolo-presidencia municipal-air-quality.csv
2021/6/21,17,guanajuato,abasolo-presidencia municipal-air-quality.csv
2021/6/22,14,guanajuato,abasolo-presidencia municipal-air-quality.csv
2021/6/23,15,guanajuato,abasolo-presidencia municipal-air-quality.csv
2021/6/24,13,guanajuato,abasolo-presidencia municipal-air-quality.csv
2021/6/25,36,guanajuato,abasolo-presidencia municipal-air-quality.csv
2021/6/26,33,guanajuato,abasolo-presidencia municipal-air-quality.csv
2021/6/27,23,guanajuato,abasolo-presidencia municipal-air-quality.csv
2021/6/28,13,guanajuato,abasolo-presidencia municipal-air-quality.csv
2021/6/29,13,guanajuato,abasolo-presidencia municipal-air-quality.csv
2021/6/30,21,guanajuato,abasolo-presidencia municipal-air-quality.csv
2021/7/1,29,guanajuato,abasolo-presidencia municipal-air-quality.csv
2021/1/5,72,guanajuato,abasolo-presidencia municipal-air-quality.csv
2021/1/6,82,guanajuato,abasolo-presidencia municipal-air-quality.csv
2021/1/7,83,guanajuato,abasolo-presidencia municipal-air-quality.csv
2021/1/8,81,guanajuato,abasolo-presidencia municipal-air-quality.csv
2021/1/9,110,guanajuato,abasolo-presidencia municipal-air-quality.csv
2021/1/10,66,guanajuato,abasolo-presidencia municipal-air-quality.csv
2021/1/11,49,guanajuato,abasolo-presidencia municipal-air-quality.csv
2021/1/12,48,guanajuato,abasolo-presidencia municipal-air-quality.csv
2021/1/13,51,guanajuato,abasolo-presidencia municipal-air-quality.csv
2021/1/14,56,guanajuato,abasolo-presidencia municipal-air-quality.csv
2021/1/15,75,guanajuato,abasolo-presidencia municipal-air-quality.csv
2021/1/16,93,guanajuato,abasolo-presidencia municipal-air-quality.csv
2021/1/17,85,guanajuato,abasolo-presidencia municipal-air-quality.csv
2021/1/18,48,guanajuato,abasolo-presidencia municipal-air-quality.csv
2021/1/19,56,guanajuato,abasolo-presidencia municipal-air-quality.csv
2021/1/20,54,guanajuato,abasolo-presidencia municipal-air-quality.csv
2021/1/21,67,guanajuato,abasolo-presidencia municipal-air-quality.csv
2021/1/22,52,guanajuato,abasolo-presidencia municipal-air-quality.csv
2021/1/23,47,guanajuato,abasolo-presidencia municipal-air-quality.csv
2021/1/24,51,guanajuato,abasolo-presidencia municipal-air-quality.csv
2021/1/25,46,guanajuato,abasolo-presidencia municipal-air-quality.csv
2021/1/26,42,guanajuato,abasolo-presidencia municipal-air-quality.csv
2021/1/27,61,guanajuato,abasolo-presidencia municipal-air-quality.csv
2021/1/28,77,guanajuato,abasolo-presidencia municipal-air-quality.csv
2021/1/29,48,guanajuato,abasolo-presidencia municipal-air-quality.csv
2021/1/30,36,guanajuato,abasolo-presidencia municipal-air-quality.csv
2021/1/31,71,guanajuato,abasolo-presidencia municipal-air-quality.csv
2021/2/1,62,guanajuato,abasolo-presidencia municipal-air-quality.csv
2021/2/2,47,guanajuato,abasolo-presidencia municipal-air-quality.csv
2021/2/3,50,guanajuato,abasolo-presidencia municipal-air-quality.csv
2021/2/4,54,guanajuato,abasolo-presidencia municipal-air-quality.csv
2021/2/5,61,guanajuato,abasolo-presidencia municipal-air-quality.csv
2021/2/6,66,guanajuato,abasolo-presidencia municipal-air-quality.csv
2021/2/7,48,guanajuato,abasolo-presidencia municipal-air-quality.csv
2021/2/8,74,guanajuato,abasolo-presidencia municipal-air-quality.csv
2021/2/9,80,guanajuato,abasolo-presidencia municipal-air-quality.csv
2021/2/10,61,guanajuato,abasolo-presidencia municipal-air-quality.csv
2021/2/11,45,guanajuato,abasolo-presidencia municipal-air-quality.csv
2021/2/12,38,guanajuato,abasolo-presidencia municipal-air-quality.csv
2021/2/13,42,guanajuato,abasolo-presidencia municipal-air-quality.csv
2021/2/14,44,guanajuato,abasolo-presidencia municipal-air-quality.csv
2021/2/15,31,guanajuato,abasolo-presidencia municipal-air-quality.csv
2021/2/16,30,guanajuato,abasolo-presidencia municipal-air-quality.csv
2021/2/17,35,guanajuato,abasolo-presidencia municipal-air-quality.csv
2021/2/18,57,guanajuato,abasolo-presidencia municipal-air-quality.csv
2021/2/19,65,guanajuato,abasolo-presidencia municipal-air-quality.csv
2021/2/20,62,guanajuato,abasolo-presidencia municipal-air-quality.csv
2021/2/21,61,guanajuato,abasolo-presidencia municipal-air-quality.csv
2021/2/22,74,guanajuato,abasolo-presidencia municipal-air-quality.csv
2021/2/23,62,guanajuato,abasolo-presidencia municipal-air-quality.csv
2021/2/24,59,guanajuato,abasolo-presidencia municipal-air-quality.csv
2021/2/25,69,guanajuato,abasolo-presidencia municipal-air-quality.csv
2021/2/26,63,guanajuato,abasolo-presidencia municipal-air-quality.csv
2021/2/27,82,guanajuato,abasolo-presidencia municipal-air-quality.csv
2021/2/28,57,guanajuato,abasolo-presidencia municipal-air-quality.csv
2021/3/1,52,guanajuato,abasolo-presidencia municipal-air-quality.csv
2021/3/2,61,guanajuato,abasolo-presidencia municipal-air-quality.csv
2021/3/3,93,guanajuato,abasolo-presidencia municipal-air-quality.csv
2021/3/4,78,guanajuato,abasolo-presidencia municipal-air-quality.csv
2021/3/5,55,guanajuato,abasolo-presidencia municipal-air-quality.csv
2021/3/6,62,guanajuato,abasolo-presidencia municipal-air-quality.csv
2021/3/7,63,guanajuato,abasolo-presidencia municipal-air-quality.csv
2021/3/8,86,guanajuato,abasolo-presidencia municipal-air-quality.csv
2021/3/9,91,guanajuato,abasolo-presidencia municipal-air-quality.csv
2021/3/10,53,guanajuato,abasolo-presidencia municipal-air-quality.csv
2021/3/11,57,guanajuato,abasolo-presidencia municipal-air-quality.csv
2021/3/12,71,guanajuato,abasolo-presidencia municipal-air-quality.csv
2021/3/13,65,guanajuato,abasolo-presidencia municipal-air-quality.csv
2021/3/14,69,guanajuato,abasolo-presidencia municipal-air-quality.csv
2021/3/15,58,guanajuato,abasolo-presidencia municipal-air-quality.csv
2021/3/16,72,guanajuato,abasolo-presidencia municipal-air-quality.csv
2021/3/17,63,guanajuato,abasolo-presidencia municipal-air-quality.csv
2021/3/18,44,guanajuato,abasolo-presidencia municipal-air-quality.csv
2021/3/19,81,guanajuato,abasolo-presidencia municipal-air-quality.csv
2021/3/20,72,guanajuato,abasolo-presidencia municipal-air-quality.csv
2021/3/21,50,guanajuato,abasolo-presidencia municipal-air-quality.csv
2021/3/22,63,guanajuato,abasolo-presidencia municipal-air-quality.csv
2021/3/23,47,guanajuato,abasolo-presidencia municipal-air-quality.csv
2021/3/24,42,guanajuato,abasolo-presidencia municipal-air-quality.csv
2021/3/25,45,guanajuato,abasolo-presidencia municipal-air-quality.csv
2021/3/26,41,guanajuato,abasolo-presidencia municipal-air-quality.csv
2021/3/27,46,guanajuato,abasolo-presidencia municipal-air-quality.csv
2021/3/28,59,guanajuato,abasolo-presidencia municipal-air-quality.csv
2021/3/29,65,guanajuato,abasolo-presidencia municipal-air-quality.csv
2021/3/30,59,guanajuato,abasolo-presidencia municipal-air-quality.csv
2021/3/31,63,guanajuato,abasolo-presidencia municipal-air-quality.csv
2021/4/1,57,guanajuato,abasolo-presidencia municipal-air-quality.csv
2020/10/2,25,guanajuato,abasolo-presidencia municipal-air-quality.csv
2020/10/3,21,guanajuato,abasolo-presidencia municipal-air-quality.csv
2020/10/4,28,guanajuato,abasolo-presidencia municipal-air-quality.csv
2020/10/5,33,guanajuato,abasolo-presidencia municipal-air-quality.csv
2020/10/6,41,guanajuato,abasolo-presidencia municipal-air-quality.csv
2020/10/7,38,guanajuato,abasolo-presidencia municipal-air-quality.csv
2020/10/8,31,guanajuato,abasolo-presidencia municipal-air-quality.csv
2020/10/9,37,guanajuato,abasolo-presidencia municipal-air-quality.csv
2020/10/10,51,guanajuato,abasolo-presidencia municipal-air-quality.csv
2020/10/11,57,guanajuato,abasolo-presidencia municipal-air-quality.csv
2020/10/12,55,guanajuato,abasolo-presidencia municipal-air-quality.csv
2020/10/13,51,guanajuato,abasolo-presidencia municipal-air-quality.csv
2020/10/14,41,guanajuato,abasolo-presidencia municipal-air-quality.csv
2020/10/15,33,guanajuato,abasolo-presidencia municipal-air-quality.csv
2020/10/16,41,guanajuato,abasolo-presidencia municipal-air-quality.csv
2020/10/17,24,guanajuato,abasolo-presidencia municipal-air-quality.csv
2020/10/21,25,guanajuato,abasolo-presidencia municipal-air-quality.csv
2020/10/22,26,guanajuato,abasolo-presidencia municipal-air-quality.csv
2020/10/23,30,guanajuato,abasolo-presidencia municipal-air-quality.csv
2020/10/24,49,guanajuato,abasolo-presidencia municipal-air-quality.csv
2020/10/25,36,guanajuato,abasolo-presidencia municipal-air-quality.csv
2020/10/26,38,guanajuato,abasolo-presidencia municipal-air-quality.csv
2020/10/27,43,guanajuato,abasolo-presidencia municipal-air-quality.csv
2020/10/28,52,guanajuato,abasolo-presidencia municipal-air-quality.csv
2020/10/29,51,guanajuato,abasolo-presidencia municipal-air-quality.csv
2020/10/30,49,guanajuato,abasolo-presidencia municipal-air-quality.csv
2020/10/31,26,guanajuato,abasolo-presidencia municipal-air-quality.csv
2020/11/1,37,guanajuato,abasolo-presidencia municipal-air-quality.csv
2020/11/2,27,guanajuato,abasolo-presidencia municipal-air-quality.csv
2020/11/3,29,guanajuato,abasolo-presidencia municipal-air-quality.csv
2020/11/4,30,guanajuato,abasolo-presidencia municipal-air-quality.csv
2020/11/5,18,guanajuato,abasolo-presidencia municipal-air-quality.csv
2020/11/6,28,guanajuato,abasolo-presidencia municipal-air-quality.csv
2020/11/7,37,guanajuato,abasolo-presidencia municipal-air-quality.csv
2020/11/8,47,guanajuato,abasolo-presidencia municipal-air-quality.csv
2020/11/9,42,guanajuato,abasolo-presidencia municipal-air-quality.csv
2020/11/10,33,guanajuato,abasolo-presidencia municipal-air-quality.csv
2020/11/11,34,guanajuato,abasolo-presidencia municipal-air-quality.csv
2020/11/12,41,guanajuato,abasolo-presidencia municipal-air-quality.csv
2020/11/13,58,guanajuato,abasolo-presidencia municipal-air-quality.csv
2020/11/14,65,guanajuato,abasolo-presidencia municipal-air-quality.csv
2020/11/15,57,guanajuato,abasolo-presidencia municipal-air-quality.csv
2020/11/16,63,guanajuato,abasolo-presidencia municipal-air-quality.csv
2020/11/17,37,guanajuato,abasolo-presidencia municipal-air-quality.csv
2020/11/18,18,guanajuato,abasolo-presidencia municipal-air-quality.csv
2020/11/19,17,guanajuato,abasolo-presidencia municipal-air-quality.csv
2020/11/20,17,guanajuato,abasolo-presidencia municipal-air-quality.csv
2020/11/21,18,guanajuato,abasolo-presidencia municipal-air-quality.csv
2020/11/22,15,guanajuato,abasolo-presidencia municipal-air-quality.csv
2020/11/23,19,guanajuato,abasolo-presidencia municipal-air-quality.csv
2020/11/24,38,guanajuato,abasolo-presidencia municipal-air-quality.csv
2020/11/25,59,guanajuato,abasolo-presidencia municipal-air-quality.csv
2020/11/26,58,guanajuato,abasolo-presidencia municipal-air-quality.csv
2020/11/27,70,guanajuato,abasolo-presidencia municipal-air-quality.csv
2020/11/28,73,guanajuato,abasolo-presidencia municipal-air-quality.csv
2020/11/29,76,guanajuato,abasolo-presidencia municipal-air-quality.csv
2020/11/30,63,guanajuato,abasolo-presidencia municipal-air-quality.csv
2020/12/1,54,guanajuato,abasolo-presidencia municipal-air-quality.csv
2020/12/2,47,guanajuato,abasolo-presidencia municipal-air-quality.csv
2020/12/3,58,guanajuato,abasolo-presidencia municipal-air-quality.csv
2020/12/4,49,guanajuato,abasolo-presidencia municipal-air-quality.csv
2020/12/5,51,guanajuato,abasolo-presidencia municipal-air-quality.csv
2020/12/6,24,guanajuato,abasolo-presidencia municipal-air-quality.csv
2020/12/7,47,guanajuato,abasolo-presidencia municipal-air-quality.csv
2020/12/8,36,guanajuato,abasolo-presidencia municipal-air-quality.csv
2020/12/9,31,guanajuato,abasolo-presidencia municipal-air-quality.csv
2020/12/10,35,guanajuato,abasolo-presidencia municipal-air-quality.csv
2020/12/11,53,guanajuato,abasolo-presidencia municipal-air-quality.csv
2020/12/12,53,guanajuato,abasolo-presidencia municipal-air-quality.csv
2020/12/13,66,guanajuato,abasolo-presidencia municipal-air-quality.csv
2020/12/14,43,guanajuato,abasolo-presidencia municipal-air-quality.csv
2020/12/15,58,guanajuato,abasolo-presidencia municipal-air-quality.csv
2020/12/16,48,guanajuato,abasolo-presidencia municipal-air-quality.csv
2020/12/17,59,guanajuato,abasolo-presidencia municipal-air-quality.csv
2020/12/18,69,guanajuato,abasolo-presidencia municipal-air-quality.csv
2020/12/19,77,guanajuato,abasolo-presidencia municipal-air-quality.csv
2020/12/20,93,guanajuato,abasolo-presidencia municipal-air-quality.csv
2020/12/21,69,guanajuato,abasolo-presidencia municipal-air-quality.csv
2020/12/22,71,guanajuato,abasolo-presidencia municipal-air-quality.csv
2020/12/23,99,guanajuato,abasolo-presidencia municipal-air-quality.csv
2020/12/24,61,guanajuato,abasolo-presidencia municipal-air-quality.csv
2020/12/25,82,guanajuato,abasolo-presidencia municipal-air-quality.csv
2020/12/26,58,guanajuato,abasolo-presidencia municipal-air-quality.csv
2020/12/30,85,guanajuato,abasolo-presidencia municipal-air-quality.csv
2020/12/31,52,guanajuato,abasolo-presidencia municipal-air-quality.csv
2021/1/1,39,guanajuato,abasolo-presidencia municipal-air-quality.csv
2021/1/2,109,guanajuato,abasolo-presidencia municipal-air-quality.csv
2021/1/3,66,guanajuato,abasolo-presidencia municipal-air-quality.csv
2021/1/4,91,guanajuato,abasolo-presidencia municipal-air-quality.csv
2020/7/2,34,guanajuato,abasolo-presidencia municipal-air-quality.csv
2020/7/3,45,guanajuato,abasolo-presidencia municipal-air-quality.csv
2020/7/4,48,guanajuato,abasolo-presidencia municipal-air-quality.csv
2020/7/5,47,guanajuato,abasolo-presidencia municipal-air-quality.csv
2020/7/6,35,guanajuato,abasolo-presidencia municipal-air-quality.csv
2020/7/7,38,guanajuato,abasolo-presidencia municipal-air-quality.csv
2020/7/8,32,guanajuato,abasolo-presidencia municipal-air-quality.csv
2020/7/9,18,guanajuato,abasolo-presidencia municipal-air-quality.csv
2020/7/10,26,guanajuato,abasolo-presidencia municipal-air-quality.csv
2020/7/11,37,guanajuato,abasolo-presidencia municipal-air-quality.csv
2020/7/12,31,guanajuato,abasolo-presidencia municipal-air-quality.csv
2020/7/13,31,guanajuato,abasolo-presidencia municipal-air-quality.csv
2020/7/14,27,guanajuato,abasolo-presidencia municipal-air-quality.csv
2020/7/15,30,guanajuato,abasolo-presidencia municipal-air-quality.csv
2020/7/16,57,guanajuato,abasolo-presidencia municipal-air-quality.csv
2020/7/17,49,guanajuato,abasolo-presidencia municipal-air-quality.csv
2020/7/18,42,guanajuato,abasolo-presidencia municipal-air-quality.csv
2020/7/19,43,guanajuato,abasolo-presidencia municipal-air-quality.csv
2020/7/20,43,guanajuato,abasolo-presidencia municipal-air-quality.csv
2020/7/21,42,guanajuato,abasolo-presidencia municipal-air-quality.csv
2020/7/22,45,guanajuato,abasolo-presidencia municipal-air-quality.csv
2020/7/23,47,guanajuato,abasolo-presidencia municipal-air-quality.csv
2020/7/24,41,guanajuato,abasolo-presidencia municipal-air-quality.csv
2020/7/25,42,guanajuato,abasolo-presidencia municipal-air-quality.csv
2020/7/26,31,guanajuato,abasolo-presidencia municipal-air-quality.csv
2020/7/27,24,guanajuato,abasolo-presidencia municipal-air-quality.csv
2020/7/28,18,guanajuato,abasolo-presidencia municipal-air-quality.csv
2020/7/29,32,guanajuato,abasolo-presidencia municipal-air-quality.csv
2020/7/30,17,guanajuato,abasolo-presidencia municipal-air-quality.csv
2020/7/31,56,guanajuato,abasolo-presidencia municipal-air-quality.csv
2020/8/1,35,guanajuato,abasolo-presidencia municipal-air-quality.csv
2020/8/2,57,guanajuato,abasolo-presidencia municipal-air-quality.csv
2020/8/3,60,guanajuato,abasolo-presidencia municipal-air-quality.csv
2020/8/4,50,guanajuato,abasolo-presidencia municipal-air-quality.csv
2020/8/5,47,guanajuato,abasolo-presidencia municipal-air-quality.csv
2020/8/6,55,guanajuato,abasolo-presidencia municipal-air-quality.csv
2020/8/7,45,guanajuato,abasolo-presidencia municipal-air-quality.csv
2020/8/8,24,guanajuato,abasolo-presidencia municipal-air-quality.csv
2020/8/9,15,guanajuato,abasolo-presidencia municipal-air-quality.csv
2020/8/10,28,guanajuato,abasolo-presidencia municipal-air-quality.csv
2020/8/11,25,guanajuato,abasolo-presidencia municipal-air-quality.csv
2020/8/12,18,guanajuato,abasolo-presidencia municipal-air-quality.csv
2020/8/13,20,guanajuato,abasolo-presidencia municipal-air-quality.csv
2020/8/14,22,guanajuato,abasolo-presidencia municipal-air-quality.csv
2020/8/15,35,guanajuato,abasolo-presidencia municipal-air-quality.csv
2020/8/16,29,guanajuato,abasolo-presidencia municipal-air-quality.csv
2020/8/17,23,guanajuato,abasolo-presidencia municipal-air-quality.csv
2020/8/18,19,guanajuato,abasolo-presidencia municipal-air-quality.csv
2020/8/19,22,guanajuato,abasolo-presidencia municipal-air-quality.csv
2020/8/20,37,guanajuato,abasolo-presidencia municipal-air-quality.csv
2020/8/21,50,guanajuato,abasolo-presidencia municipal-air-quality.csv
2020/8/22,39,guanajuato,abasolo-presidencia municipal-air-quality.csv
2020/8/23,60,guanajuato,abasolo-presidencia municipal-air-quality.csv
2020/8/24,36,guanajuato,abasolo-presidencia municipal-air-quality.csv
2020/8/25,38,guanajuato,abasolo-presidencia municipal-air-quality.csv
2020/8/26,21,guanajuato,abasolo-presidencia municipal-air-quality.csv
2020/8/27,9,guanajuato,abasolo-presidencia municipal-air-quality.csv
2020/8/28,14,guanajuato,abasolo-presidencia municipal-air-quality.csv
2020/8/29,5,guanajuato,abasolo-presidencia municipal-air-quality.csv
2020/9/22,36,guanajuato,abasolo-presidencia municipal-air-quality.csv
2020/9/23,32,guanajuato,abasolo-presidencia municipal-air-quality.csv
2020/9/24,41,guanajuato,abasolo-presidencia municipal-air-quality.csv
2020/9/25,54,guanajuato,abasolo-presidencia municipal-air-quality.csv
2020/9/26,54,guanajuato,abasolo-presidencia municipal-air-quality.csv
2020/9/27,65,guanajuato,abasolo-presidencia municipal-air-quality.csv
2020/9/28,56,guanajuato,abasolo-presidencia municipal-air-quality.csv
2020/9/29,40,guanajuato,abasolo-presidencia municipal-air-quality.csv
2020/9/30,30,guanajuato,abasolo-presidencia municipal-air-quality.csv
2020/10/1,18,guanajuato,abasolo-presidencia municipal-air-quality.csv
2020/4/2,65,guanajuato,abasolo-presidencia municipal-air-quality.csv
2020/4/3,52,guanajuato,abasolo-presidencia municipal-air-quality.csv
2020/4/4,52,guanajuato,abasolo-presidencia municipal-air-quality.csv
2020/4/5,50,guanajuato,abasolo-presidencia municipal-air-quality.csv
2020/4/6,51,guanajuato,abasolo-presidencia municipal-air-quality.csv
2020/4/7,43,guanajuato,abasolo-presidencia municipal-air-quality.csv
2020/4/8,43,guanajuato,abasolo-presidencia municipal-air-quality.csv
2020/4/9,56,guanajuato,abasolo-presidencia municipal-air-quality.csv
2020/4/10,58,guanajuato,abasolo-presidencia municipal-air-quality.csv
2020/4/11,47,guanajuato,abasolo-presidencia municipal-air-quality.csv
2020/4/12,52,guanajuato,abasolo-presidencia municipal-air-quality.csv
2020/4/13,37,guanajuato,abasolo-presidencia municipal-air-quality.csv
2020/4/14,39,guanajuato,abasolo-presidencia municipal-air-quality.csv
2020/4/15,37,guanajuato,abasolo-presidencia municipal-air-quality.csv
2020/4/16,61,guanajuato,abasolo-presidencia municipal-air-quality.csv
2020/4/17,57,guanajuato,abasolo-presidencia municipal-air-quality.csv
2020/4/18,64,guanajuato,abasolo-presidencia municipal-air-quality.csv
2020/4/19,68,guanajuato,abasolo-presidencia municipal-air-quality.csv
2020/4/20,58,guanajuato,abasolo-presidencia municipal-air-quality.csv
2020/4/21,43,guanajuato,abasolo-presidencia municipal-air-quality.csv
2020/4/22,42,guanajuato,abasolo-presidencia municipal-air-quality.csv
2020/4/23,62,guanajuato,abasolo-presidencia municipal-air-quality.csv
2020/4/24,57,guanajuato,abasolo-presidencia municipal-air-quality.csv
2020/4/25,51,guanajuato,abasolo-presidencia municipal-air-quality.csv
2020/4/26,66,guanajuato,abasolo-presidencia municipal-air-quality.csv
2020/4/27,63,guanajuato,abasolo-presidencia municipal-air-quality.csv
2020/4/28,56,guanajuato,abasolo-presidencia municipal-air-quality.csv
2020/4/29,51,guanajuato,abasolo-presidencia municipal-air-quality.csv
2020/4/30,31,guanajuato,abasolo-presidencia municipal-air-quality.csv
2020/5/1,29,guanajuato,abasolo-presidencia municipal-air-quality.csv
2020/5/2,37,guanajuato,abasolo-presidencia municipal-air-quality.csv
2020/5/3,51,guanajuato,abasolo-presidencia municipal-air-quality.csv
2020/5/4,64,guanajuato,abasolo-presidencia municipal-air-quality.csv
2020/5/5,64,guanajuato,abasolo-presidencia municipal-air-quality.csv
2020/5/6,35,guanajuato,abasolo-presidencia municipal-air-quality.csv
2020/5/7,43,guanajuato,abasolo-presidencia municipal-air-quality.csv
2020/5/8,45,guanajuato,abasolo-presidencia municipal-air-quality.csv
2020/5/9,50,guanajuato,abasolo-presidencia municipal-air-quality.csv
2020/5/10,24,guanajuato,abasolo-presidencia municipal-air-quality.csv
2020/5/11,23,guanajuato,abasolo-presidencia municipal-air-quality.csv
2020/5/12,36,guanajuato,abasolo-presidencia municipal-air-quality.csv
2020/5/13,52,guanajuato,abasolo-presidencia municipal-air-quality.csv
2020/5/14,67,guanajuato,abasolo-presidencia municipal-air-quality.csv
2020/5/15,64,guanajuato,abasolo-presidencia municipal-air-quality.csv
2020/5/16,60,guanajuato,abasolo-presidencia municipal-air-quality.csv
2020/5/17,65,guanajuato,abasolo-presidencia municipal-air-quality.csv
2020/5/18,60,guanajuato,abasolo-presidencia municipal-air-quality.csv
2020/5/19,60,guanajuato,abasolo-presidencia municipal-air-quality.csv
2020/5/20,93,guanajuato,abasolo-presidencia municipal-air-quality.csv
2020/5/21,85,guanajuato,abasolo-presidencia municipal-air-quality.csv
2020/5/22,65,guanajuato,abasolo-presidencia municipal-air-quality.csv
2020/5/28,43,guanajuato,abasolo-presidencia municipal-air-quality.csv
2020/5/29,69,guanajuato,abasolo-presidencia municipal-air-quality.csv
2020/5/30,36,guanajuato,abasolo-presidencia municipal-air-quality.csv
2020/5/31,21,guanajuato,abasolo-presidencia municipal-air-quality.csv
2020/6/1,22,guanajuato,abasolo-presidencia municipal-air-quality.csv
2020/6/2,31,guanajuato,abasolo-presidencia municipal-air-quality.csv
2020/6/3,20,guanajuato,abasolo-presidencia municipal-air-quality.csv
2020/6/4,19,guanajuato,abasolo-presidencia municipal-air-quality.csv
2020/6/5,17,guanajuato,abasolo-presidencia municipal-air-quality.csv
2020/6/6,17,guanajuato,abasolo-presidencia municipal-air-quality.csv
2020/6/7,25,guanajuato,abasolo-presidencia municipal-air-quality.csv
2020/6/8,35,guanajuato,abasolo-presidencia municipal-air-quality.csv
2020/6/9,36,guanajuato,abasolo-presidencia municipal-air-quality.csv
2020/6/10,27,guanajuato,abasolo-presidencia municipal-air-quality.csv
2020/6/11,23,guanajuato,abasolo-presidencia municipal-air-quality.csv
2020/6/12,25,guanajuato,abasolo-presidencia municipal-air-quality.csv
2020/6/13,12,guanajuato,abasolo-presidencia municipal-air-quality.csv
2020/6/14,30,guanajuato,abasolo-presidencia municipal-air-quality.csv
2020/6/15,27,guanajuato,abasolo-presidencia municipal-air-quality.csv
2020/6/16,29,guanajuato,abasolo-presidencia municipal-air-quality.csv
2020/6/17,30,guanajuato,abasolo-presidencia municipal-air-quality.csv
2020/6/18,35,guanajuato,abasolo-presidencia municipal-air-quality.csv
2020/6/19,38,guanajuato,abasolo-presidencia municipal-air-quality.csv
2020/6/20,26,guanajuato,abasolo-presidencia municipal-air-quality.csv
2020/6/21,28,guanajuato,abasolo-presidencia municipal-air-quality.csv
2020/6/22,33,guanajuato,abasolo-presidencia municipal-air-quality.csv
2020/6/23,25,guanajuato,abasolo-presidencia municipal-air-quality.csv
2020/6/24,18,guanajuato,abasolo-presidencia municipal-air-quality.csv
2020/6/25,39,guanajuato,abasolo-presidencia municipal-air-quality.csv
2020/6/26,28,guanajuato,abasolo-presidencia municipal-air-quality.csv
2020/6/27,24,guanajuato,abasolo-presidencia municipal-air-quality.csv
2020/6/28,61,guanajuato,abasolo-presidencia municipal-air-quality.csv
2020/6/29,61,guanajuato,abasolo-presidencia municipal-air-quality.csv
2020/6/30,38,guanajuato,abasolo-presidencia municipal-air-quality.csv
2020/7/1,38,guanajuato,abasolo-presidencia municipal-air-quality.csv
2020/1/8,48,guanajuato,abasolo-presidencia municipal-air-quality.csv
2020/1/9,52,guanajuato,abasolo-presidencia municipal-air-quality.csv
2020/1/10,110,guanajuato,abasolo-presidencia municipal-air-quality.csv
2020/1/11,74,guanajuato,abasolo-presidencia municipal-air-quality.csv
2020/1/20,22,guanajuato,abasolo-presidencia municipal-air-quality.csv
2020/1/21,16,guanajuato,abasolo-presidencia municipal-air-quality.csv
2020/1/22,36,guanajuato,abasolo-presidencia municipal-air-quality.csv
2020/1/23,75,guanajuato,abasolo-presidencia municipal-air-quality.csv
2020/1/24,34,guanajuato,abasolo-presidencia municipal-air-quality.csv
2020/1/27,44,guanajuato,abasolo-presidencia municipal-air-quality.csv
2020/1/28,29,guanajuato,abasolo-presidencia municipal-air-quality.csv
2020/1/29,38,guanajuato,abasolo-presidencia municipal-air-quality.csv
2020/1/30,37,guanajuato,abasolo-presidencia municipal-air-quality.csv
2020/1/31,26,guanajuato,abasolo-presidencia municipal-air-quality.csv
2020/2/1,20,guanajuato,abasolo-presidencia municipal-air-quality.csv
2020/2/5,19,guanajuato,abasolo-presidencia municipal-air-quality.csv
2020/2/6,20,guanajuato,abasolo-presidencia municipal-air-quality.csv
2020/2/7,28,guanajuato,abasolo-presidencia municipal-air-quality.csv
2020/2/8,30,guanajuato,abasolo-presidencia municipal-air-quality.csv
2020/2/10,48,guanajuato,abasolo-presidencia municipal-air-quality.csv
2020/2/11,29,guanajuato,abasolo-presidencia municipal-air-quality.csv
2020/2/12,34,guanajuato,abasolo-presidencia municipal-air-quality.csv
2020/2/13,20,guanajuato,abasolo-presidencia municipal-air-quality.csv
2020/2/14,43,guanajuato,abasolo-presidencia municipal-air-quality.csv
2020/2/15,32,guanajuato,abasolo-presidencia municipal-air-quality.csv
2020/2/17,50,guanajuato,abasolo-presidencia municipal-air-quality.csv
2020/2/19,57,guanajuato,abasolo-presidencia municipal-air-quality.csv
2020/2/20,54,guanajuato,abasolo-presidencia municipal-air-quality.csv
2020/2/21,53,guanajuato,abasolo-presidencia municipal-air-quality.csv
2020/2/22,32,guanajuato,abasolo-presidencia municipal-air-quality.csv
2020/2/23,43,guanajuato,abasolo-presidencia municipal-air-quality.csv
2020/2/24,53,guanajuato,abasolo-presidencia municipal-air-quality.csv
2020/2/25,36,guanajuato,abasolo-presidencia municipal-air-quality.csv
2020/2/26,35,guanajuato,abasolo-presidencia municipal-air-quality.csv
2020/2/27,42,guanajuato,abasolo-presidencia municipal-air-quality.csv
2020/2/28,22,guanajuato,abasolo-presidencia municipal-air-quality.csv
2020/2/29,47,guanajuato,abasolo-presidencia municipal-air-quality.csv
2020/3/1,39,guanajuato,abasolo-presidencia municipal-air-quality.csv
2020/3/2,46,guanajuato,abasolo-presidencia municipal-air-quality.csv
2020/3/3,38,guanajuato,abasolo-presidencia municipal-air-quality.csv
2020/3/4,34,guanajuato,abasolo-presidencia municipal-air-quality.csv
2020/3/5,44,guanajuato,abasolo-presidencia municipal-air-quality.csv
2020/3/6,45,guanajuato,abasolo-presidencia municipal-air-quality.csv
2020/3/7,41,guanajuato,abasolo-presidencia municipal-air-quality.csv
2020/3/8,46,guanajuato,abasolo-presidencia municipal-air-quality.csv
2020/3/9,51,guanajuato,abasolo-presidencia municipal-air-quality.csv
2020/3/10,51,guanajuato,abasolo-presidencia municipal-air-quality.csv
2020/3/11,54,guanajuato,abasolo-presidencia municipal-air-quality.csv
2020/3/12,51,guanajuato,abasolo-presidencia municipal-air-quality.csv
2020/3/13,67,guanajuato,abasolo-presidencia municipal-air-quality.csv
2020/3/14,52,guanajuato,abasolo-presidencia municipal-air-quality.csv
2020/3/15,51,guanajuato,abasolo-presidencia municipal-air-quality.csv
2020/3/16,50,guanajuato,abasolo-presidencia municipal-air-quality.csv
2020/3/17,59,guanajuato,abasolo-presidencia municipal-air-quality.csv
2020/3/18,54,guanajuato,abasolo-presidencia municipal-air-quality.csv
2020/3/20,67,guanajuato,abasolo-presidencia municipal-air-quality.csv
2020/3/21,54,guanajuato,abasolo-presidencia municipal-air-quality.csv
2020/3/22,73,guanajuato,abasolo-presidencia municipal-air-quality.csv
2020/3/23,63,guanajuato,abasolo-presidencia municipal-air-quality.csv
2020/3/24,54,guanajuato,abasolo-presidencia municipal-air-quality.csv
2020/3/25,49,guanajuato,abasolo-presidencia municipal-air-quality.csv
2020/3/26,53,guanajuato,abasolo-presidencia municipal-air-quality.csv
2020/3/27,55,guanajuato,abasolo-presidencia municipal-air-quality.csv
2020/3/28,53,guanajuato,abasolo-presidencia municipal-air-quality.csv
2020/3/29,47,guanajuato,abasolo-presidencia municipal-air-quality.csv
2020/3/30,61,guanajuato,abasolo-presidencia municipal-air-quality.csv
2020/3/31,68,guanajuato,abasolo-presidencia municipal-air-quality.csv
2020/4/1,47,guanajuato,abasolo-presidencia municipal-air-quality.csv
2019/10/2,16,guanajuato,abasolo-presidencia municipal-air-quality.csv
2019/10/3,24,guanajuato,abasolo-presidencia municipal-air-quality.csv
2019/10/4,28,guanajuato,abasolo-presidencia municipal-air-quality.csv
2019/10/5,36,guanajuato,abasolo-presidencia municipal-air-quality.csv
2019/10/6,28,guanajuato,abasolo-presidencia municipal-air-quality.csv
2019/10/7,20,guanajuato,abasolo-presidencia municipal-air-quality.csv
2019/10/8,26,guanajuato,abasolo-presidencia municipal-air-quality.csv
2019/10/9,18,guanajuato,abasolo-presidencia municipal-air-quality.csv
2019/10/10,25,guanajuato,abasolo-presidencia municipal-air-quality.csv
2019/10/11,37,guanajuato,abasolo-presidencia municipal-air-quality.csv
2019/10/12,30,guanajuato,abasolo-presidencia municipal-air-quality.csv
2019/10/13,29,guanajuato,abasolo-presidencia municipal-air-quality.csv
2019/10/14,24,guanajuato,abasolo-presidencia municipal-air-quality.csv
2019/10/15,24,guanajuato,abasolo-presidencia municipal-air-quality.csv
2019/10/16,22,guanajuato,abasolo-presidencia municipal-air-quality.csv
2019/10/17,21,guanajuato,abasolo-presidencia municipal-air-quality.csv
2019/10/18,14,guanajuato,abasolo-presidencia municipal-air-quality.csv
2019/10/19,14,guanajuato,abasolo-presidencia municipal-air-quality.csv
2019/10/20,12,guanajuato,abasolo-presidencia municipal-air-quality.csv
2019/10/21,21,guanajuato,abasolo-presidencia municipal-air-quality.csv
2019/10/22,31,guanajuato,abasolo-presidencia municipal-air-quality.csv
2019/10/23,19,guanajuato,abasolo-presidencia municipal-air-quality.csv
2019/10/24,8,guanajuato,abasolo-presidencia municipal-air-quality.csv
2019/10/30,32,guanajuato,abasolo-presidencia municipal-air-quality.csv
2019/10/31,34,guanajuato,abasolo-presidencia municipal-air-quality.csv
2019/11/1,28,guanajuato,abasolo-presidencia municipal-air-quality.csv
2019/11/2,28,guanajuato,abasolo-presidencia municipal-air-quality.csv
2019/11/3,18,guanajuato,abasolo-presidencia municipal-air-quality.csv
2019/11/4,25,guanajuato,abasolo-presidencia municipal-air-quality.csv
2019/11/5,26,guanajuato,abasolo-presidencia municipal-air-quality.csv
2019/11/6,31,guanajuato,abasolo-presidencia municipal-air-quality.csv
2019/11/7,16,guanajuato,abasolo-presidencia municipal-air-quality.csv
2019/11/8,26,guanajuato,abasolo-presidencia municipal-air-quality.csv
2019/11/9,21,guanajuato,abasolo-presidencia municipal-air-quality.csv
2019/11/10,17,guanajuato,abasolo-presidencia municipal-air-quality.csv
2019/11/11,23,guanajuato,abasolo-presidencia municipal-air-quality.csv
2019/11/12,38,guanajuato,abasolo-presidencia municipal-air-quality.csv
2019/11/13,32,guanajuato,abasolo-presidencia municipal-air-quality.csv
2019/11/14,22,guanajuato,abasolo-presidencia municipal-air-quality.csv
2019/11/15,17,guanajuato,abasolo-presidencia municipal-air-quality.csv
2019/11/16,22,guanajuato,abasolo-presidencia municipal-air-quality.csv
2019/11/17,21,guanajuato,abasolo-presidencia municipal-air-quality.csv
2019/11/19,53,guanajuato,abasolo-presidencia municipal-air-quality.csv
2019/11/20,33,guanajuato,abasolo-presidencia municipal-air-quality.csv
2019/11/21,32,guanajuato,abasolo-presidencia municipal-air-quality.csv
2019/11/22,37,guanajuato,abasolo-presidencia municipal-air-quality.csv
2019/11/23,23,guanajuato,abasolo-presidencia municipal-air-quality.csv
2019/11/24,13,guanajuato,abasolo-presidencia municipal-air-quality.csv
2019/11/27,55,guanajuato,abasolo-presidencia municipal-air-quality.csv
2019/11/28,70,guanajuato,abasolo-presidencia municipal-air-quality.csv
2019/11/29,58,guanajuato,abasolo-presidencia municipal-air-quality.csv
2019/11/30,63,guanajuato,abasolo-presidencia municipal-air-quality.csv
2019/12/1,59,guanajuato,abasolo-presidencia municipal-air-quality.csv
2019/12/2,52,guanajuato,abasolo-presidencia municipal-air-quality.csv
2019/12/3,53,guanajuato,abasolo-presidencia municipal-air-quality.csv
2019/12/4,55,guanajuato,abasolo-presidencia municipal-air-quality.csv
2019/12/5,43,guanajuato,abasolo-presidencia municipal-air-quality.csv
2019/12/6,80,guanajuato,abasolo-presidencia municipal-air-quality.csv
2019/12/7,66,guanajuato,abasolo-presidencia municipal-air-quality.csv
2019/12/8,56,guanajuato,abasolo-presidencia municipal-air-quality.csv
2019/12/9,64,guanajuato,abasolo-presidencia municipal-air-quality.csv
2019/12/10,81,guanajuato,abasolo-presidencia municipal-air-quality.csv
2019/12/11,68,guanajuato,abasolo-presidencia municipal-air-quality.csv
2019/12/12,57,guanajuato,abasolo-presidencia municipal-air-quality.csv
2019/12/13,46,guanajuato,abasolo-presidencia municipal-air-quality.csv
2019/12/14,66,guanajuato,abasolo-presidencia municipal-air-quality.csv
2019/12/16,68,guanajuato,abasolo-presidencia municipal-air-quality.csv
2019/12/17,51,guanajuato,abasolo-presidencia municipal-air-quality.csv
2019/12/19,41,guanajuato,abasolo-presidencia municipal-air-quality.csv
2019/12/20,46,guanajuato,abasolo-presidencia municipal-air-quality.csv
2019/7/2,18,guanajuato,abasolo-presidencia municipal-air-quality.csv
2019/7/3,33,guanajuato,abasolo-presidencia municipal-air-quality.csv
2019/7/4,14,guanajuato,abasolo-presidencia municipal-air-quality.csv
2019/7/5,40,guanajuato,abasolo-presidencia municipal-air-quality.csv
2019/7/6,43,guanajuato,abasolo-presidencia municipal-air-quality.csv
2019/7/7,54,guanajuato,abasolo-presidencia municipal-air-quality.csv
2019/7/8,43,guanajuato,abasolo-presidencia municipal-air-quality.csv
2019/7/9,34,guanajuato,abasolo-presidencia municipal-air-quality.csv
2019/7/13,42,guanajuato,abasolo-presidencia municipal-air-quality.csv
2019/7/14,39,guanajuato,abasolo-presidencia municipal-air-quality.csv
2019/7/15,46,guanajuato,abasolo-presidencia municipal-air-quality.csv
2019/7/16,38,guanajuato,abasolo-presidencia municipal-air-quality.csv
2019/7/17,52,guanajuato,abasolo-presidencia municipal-air-quality.csv
2019/7/18,40,guanajuato,abasolo-presidencia municipal-air-quality.csv
2019/7/19,28,guanajuato,abasolo-presidencia municipal-air-quality.csv
2019/7/20,40,guanajuato,abasolo-presidencia municipal-air-quality.csv
2019/7/21,41,guanajuato,abasolo-presidencia municipal-air-quality.csv
2019/7/22,50,guanajuato,abasolo-presidencia municipal-air-quality.csv
2019/7/23,49,guanajuato,abasolo-presidencia municipal-air-quality.csv
2019/7/24,33,guanajuato,abasolo-presidencia municipal-air-quality.csv
2019/7/25,41,guanajuato,abasolo-presidencia municipal-air-quality.csv
2019/7/26,37,guanajuato,abasolo-presidencia municipal-air-quality.csv
2019/7/27,32,guanajuato,abasolo-presidencia municipal-air-quality.csv
2019/7/28,35,guanajuato,abasolo-presidencia municipal-air-quality.csv
2019/7/29,30,guanajuato,abasolo-presidencia municipal-air-quality.csv
2019/7/30,39,guanajuato,abasolo-presidencia municipal-air-quality.csv
2019/7/31,48,guanajuato,abasolo-presidencia municipal-air-quality.csv
2019/8/1,47,guanajuato,abasolo-presidencia municipal-air-quality.csv
2019/8/2,45,guanajuato,abasolo-presidencia municipal-air-quality.csv
2019/8/3,31,guanajuato,abasolo-presidencia municipal-air-quality.csv
2019/8/4,43,guanajuato,abasolo-presidencia municipal-air-quality.csv
2019/8/5,47,guanajuato,abasolo-presidencia municipal-air-quality.csv
2019/8/6,34,guanajuato,abasolo-presidencia municipal-air-quality.csv
2019/8/7,19,guanajuato,abasolo-presidencia municipal-air-quality.csv
2019/8/8,36,guanajuato,abasolo-presidencia municipal-air-quality.csv
2019/8/9,31,guanajuato,abasolo-presidencia municipal-air-quality.csv
2019/8/10,52,guanajuato,abasolo-presidencia municipal-air-quality.csv
2019/8/11,46,guanajuato,abasolo-presidencia municipal-air-quality.csv
2019/8/12,24,guanajuato,abasolo-presidencia municipal-air-quality.csv
2019/8/13,38,guanajuato,abasolo-presidencia municipal-air-quality.csv
2019/8/14,32,guanajuato,abasolo-presidencia municipal-air-quality.csv
2019/8/15,36,guanajuato,abasolo-presidencia municipal-air-quality.csv
2019/8/16,51,guanajuato,abasolo-presidencia municipal-air-quality.csv
2019/8/17,47,guanajuato,abasolo-presidencia municipal-air-quality.csv
2019/8/18,48,guanajuato,abasolo-presidencia municipal-air-quality.csv
2019/8/19,35,guanajuato,abasolo-presidencia municipal-air-quality.csv
2019/8/20,39,guanajuato,abasolo-presidencia municipal-air-quality.csv
2019/8/21,31,guanajuato,abasolo-presidencia municipal-air-quality.csv
2019/8/22,24,guanajuato,abasolo-presidencia municipal-air-quality.csv
2019/8/23,25,guanajuato,abasolo-presidencia municipal-air-quality.csv
2019/8/24,17,guanajuato,abasolo-presidencia municipal-air-quality.csv
2019/8/25,16,guanajuato,abasolo-presidencia municipal-air-quality.csv
2019/8/26,21,guanajuato,abasolo-presidencia municipal-air-quality.csv
2019/8/27,18,guanajuato,abasolo-presidencia municipal-air-quality.csv
2019/8/28,31,guanajuato,abasolo-presidencia municipal-air-quality.csv
2019/8/29,50,guanajuato,abasolo-presidencia municipal-air-quality.csv
2019/8/30,52,guanajuato,abasolo-presidencia municipal-air-quality.csv
2019/8/31,40,guanajuato,abasolo-presidencia municipal-air-quality.csv
2019/9/1,44,guanajuato,abasolo-presidencia municipal-air-quality.csv
2019/9/2,40,guanajuato,abasolo-presidencia municipal-air-quality.csv
2019/9/3,34,guanajuato,abasolo-presidencia municipal-air-quality.csv
2019/9/4,23,guanajuato,abasolo-presidencia municipal-air-quality.csv
2019/9/5,40,guanajuato,abasolo-presidencia municipal-air-quality.csv
2019/9/6,51,guanajuato,abasolo-presidencia municipal-air-quality.csv
2019/9/7,53,guanajuato,abasolo-presidencia municipal-air-quality.csv
2019/9/8,49,guanajuato,abasolo-presidencia municipal-air-quality.csv
2019/9/9,38,guanajuato,abasolo-presidencia municipal-air-quality.csv
2019/9/10,38,guanajuato,abasolo-presidencia municipal-air-quality.csv
2019/9/11,31,guanajuato,abasolo-presidencia municipal-air-quality.csv
2019/9/13,23,guanajuato,abasolo-presidencia municipal-air-quality.csv
2019/9/14,11,guanajuato,abasolo-presidencia municipal-air-quality.csv
2019/9/15,21,guanajuato,abasolo-presidencia municipal-air-quality.csv
2019/9/16,21,guanajuato,abasolo-presidencia municipal-air-quality.csv
2019/9/17,22,guanajuato,abasolo-presidencia municipal-air-quality.csv
2019/9/18,38,guanajuato,abasolo-presidencia municipal-air-quality.csv
2019/9/19,35,guanajuato,abasolo-presidencia municipal-air-quality.csv
2019/9/20,19,guanajuato,abasolo-presidencia municipal-air-quality.csv
2019/9/21,37,guanajuato,abasolo-presidencia municipal-air-quality.csv
2019/9/22,45,guanajuato,abasolo-presidencia municipal-air-quality.csv
2019/9/23,36,guanajuato,abasolo-presidencia municipal-air-quality.csv
2019/9/24,24,guanajuato,abasolo-presidencia municipal-air-quality.csv
2019/9/25,36,guanajuato,abasolo-presidencia municipal-air-quality.csv
2019/9/26,47,guanajuato,abasolo-presidencia municipal-air-quality.csv
2019/9/27,41,guanajuato,abasolo-presidencia municipal-air-quality.csv
2019/9/28,40,guanajuato,abasolo-presidencia municipal-air-quality.csv
2019/9/29,33,guanajuato,abasolo-presidencia municipal-air-quality.csv
2019/9/30,16,guanajuato,abasolo-presidencia municipal-air-quality.csv
2019/10/1,17,guanajuato,abasolo-presidencia municipal-air-quality.csv
2019/4/2,50,guanajuato,abasolo-presidencia municipal-air-quality.csv
2019/4/3,52,guanajuato,abasolo-presidencia municipal-air-quality.csv
2019/4/4,63,guanajuato,abasolo-presidencia municipal-air-quality.csv
2019/4/5,65,guanajuato,abasolo-presidencia municipal-air-quality.csv
2019/4/6,78,guanajuato,abasolo-presidencia municipal-air-quality.csv
2019/4/7,57,guanajuato,abasolo-presidencia municipal-air-quality.csv
2019/4/8,66,guanajuato,abasolo-presidencia municipal-air-quality.csv
2019/4/9,53,guanajuato,abasolo-presidencia municipal-air-quality.csv
2019/4/10,44,guanajuato,abasolo-presidencia municipal-air-quality.csv
2019/4/11,76,guanajuato,abasolo-presidencia municipal-air-quality.csv
2019/4/12,50,guanajuato,abasolo-presidencia municipal-air-quality.csv
2019/4/13,64,guanajuato,abasolo-presidencia municipal-air-quality.csv
2019/4/14,41,guanajuato,abasolo-presidencia municipal-air-quality.csv
2019/4/15,64,guanajuato,abasolo-presidencia municipal-air-quality.csv
2019/4/16,63,guanajuato,abasolo-presidencia municipal-air-quality.csv
2019/4/17,69,guanajuato,abasolo-presidencia municipal-air-quality.csv
2019/4/18,55,guanajuato,abasolo-presidencia municipal-air-quality.csv
2019/4/19,45,guanajuato,abasolo-presidencia municipal-air-quality.csv
2019/4/20,58,guanajuato,abasolo-presidencia municipal-air-quality.csv
2019/4/21,41,guanajuato,abasolo-presidencia municipal-air-quality.csv
2019/4/22,63,guanajuato,abasolo-presidencia municipal-air-quality.csv
2019/4/23,50,guanajuato,abasolo-presidencia municipal-air-quality.csv
2019/4/24,60,guanajuato,abasolo-presidencia municipal-air-quality.csv
2019/4/25,65,guanajuato,abasolo-presidencia municipal-air-quality.csv
2019/4/26,76,guanajuato,abasolo-presidencia municipal-air-quality.csv
2019/4/27,78,guanajuato,abasolo-presidencia municipal-air-quality.csv
2019/4/28,77,guanajuato,abasolo-presidencia municipal-air-quality.csv
2019/4/29,93,guanajuato,abasolo-presidencia municipal-air-quality.csv
2019/4/30,82,guanajuato,abasolo-presidencia municipal-air-quality.csv
2019/5/1,83,guanajuato,abasolo-presidencia municipal-air-quality.csv
2019/5/3,49,guanajuato,abasolo-presidencia municipal-air-quality.csv
2019/5/4,81,guanajuato,abasolo-presidencia municipal-air-quality.csv
2019/5/5,77,guanajuato,abasolo-presidencia municipal-air-quality.csv
2019/5/6,85,guanajuato,abasolo-presidencia municipal-air-quality.csv
2019/5/7,53,guanajuato,abasolo-presidencia municipal-air-quality.csv
2019/5/8,67,guanajuato,abasolo-presidencia municipal-air-quality.csv
2019/5/9,63,guanajuato,abasolo-presidencia municipal-air-quality.csv
2019/5/10,99,guanajuato,abasolo-presidencia municipal-air-quality.csv
2019/5/11,109,guanajuato,abasolo-presidencia municipal-air-quality.csv
2019/5/15,61,guanajuato,abasolo-presidencia municipal-air-quality.csv
2019/5/16,91,guanajuato,abasolo-presidencia municipal-air-quality.csv
2019/5/17,90,guanajuato,abasolo-presidencia municipal-air-quality.csv
2019/5/18,87,guanajuato,abasolo-presidencia municipal-air-quality.csv
2019/5/19,85,guanajuato,abasolo-presidencia municipal-air-quality.csv
2019/5/20,79,guanajuato,abasolo-presidencia municipal-air-quality.csv
2019/5/21,70,guanajuato,abasolo-presidencia municipal-air-quality.csv
2019/5/22,72,guanajuato,abasolo-presidencia municipal-air-quality.csv
2019/5/23,78,guanajuato,abasolo-presidencia municipal-air-quality.csv
2019/5/24,76,guanajuato,abasolo-presidencia municipal-air-quality.csv
2019/5/25,87,guanajuato,abasolo-presidencia municipal-air-quality.csv
2019/5/28,79,guanajuato,abasolo-presidencia municipal-air-quality.csv
2019/5/29,74,guanajuato,abasolo-presidencia municipal-air-quality.csv
2019/5/30,83,guanajuato,abasolo-presidencia municipal-air-quality.csv
2019/5/31,76,guanajuato,abasolo-presidencia municipal-air-quality.csv
2019/6/4,5,guanajuato,abasolo-presidencia municipal-air-quality.csv
2019/6/5,23,guanajuato,abasolo-presidencia municipal-air-quality.csv
2019/6/6,40,guanajuato,abasolo-presidencia municipal-air-quality.csv
2019/6/7,37,guanajuato,abasolo-presidencia municipal-air-quality.csv
2019/6/8,50,guanajuato,abasolo-presidencia municipal-air-quality.csv
2019/6/9,59,guanajuato,abasolo-presidencia municipal-air-quality.csv
2019/6/10,42,guanajuato,abasolo-presidencia municipal-air-quality.csv
2019/6/11,44,guanajuato,abasolo-presidencia municipal-air-quality.csv
2019/6/12,31,guanajuato,abasolo-presidencia municipal-air-quality.csv
2019/6/13,28,guanajuato,abasolo-presidencia municipal-air-quality.csv
2019/6/17,48,guanajuato,abasolo-presidencia municipal-air-quality.csv
2019/6/18,46,guanajuato,abasolo-presidencia municipal-air-quality.csv
2019/6/19,54,guanajuato,abasolo-presidencia municipal-air-quality.csv
2019/6/20,34,guanajuato,abasolo-presidencia municipal-air-quality.csv
2019/6/21,36,guanajuato,abasolo-presidencia municipal-air-quality.csv
2019/6/22,31,guanajuato,abasolo-presidencia municipal-air-quality.csv
2019/6/23,48,guanajuato,abasolo-presidencia municipal-air-quality.csv
2019/6/24,35,guanajuato,abasolo-presidencia municipal-air-quality.csv
2019/6/25,49,guanajuato,abasolo-presidencia municipal-air-quality.csv
2019/6/26,20,guanajuato,abasolo-presidencia municipal-air-quality.csv
2019/6/27,34,guanajuato,abasolo-presidencia municipal-air-quality.csv
2019/6/28,31,guanajuato,abasolo-presidencia municipal-air-quality.csv
2019/6/29,31,guanajuato,abasolo-presidencia municipal-air-quality.csv
2019/6/30,32,guanajuato,abasolo-presidencia municipal-air-quality.csv
2019/7/1,31,guanajuato,abasolo-presidencia municipal-air-quality.csv
2019/1/2,109,guanajuato,abasolo-presidencia municipal-air-quality.csv
2019/1/3,72,guanajuato,abasolo-presidencia municipal-air-quality.csv
2019/1/4,65,guanajuato,abasolo-presidencia municipal-air-quality.csv
2019/1/5,96,guanajuato,abasolo-presidencia municipal-air-quality.csv
2019/1/6,106,guanajuato,abasolo-presidencia municipal-air-quality.csv
2019/1/7,95,guanajuato,abasolo-presidencia municipal-air-quality.csv
2019/1/8,68,guanajuato,abasolo-presidencia municipal-air-quality.csv
2019/1/9,55,guanajuato,abasolo-presidencia municipal-air-quality.csv
2019/1/10,38,guanajuato,abasolo-presidencia municipal-air-quality.csv
2019/1/11,32,guanajuato,abasolo-presidencia municipal-air-quality.csv
2019/1/15,31,guanajuato,abasolo-presidencia municipal-air-quality.csv
2019/1/16,31,guanajuato,abasolo-presidencia municipal-air-quality.csv
2019/1/17,70,guanajuato,abasolo-presidencia municipal-air-quality.csv
2019/1/18,75,guanajuato,abasolo-presidencia municipal-air-quality.csv
2019/1/19,64,guanajuato,abasolo-presidencia municipal-air-quality.csv
2019/1/20,55,guanajuato,abasolo-presidencia municipal-air-quality.csv
2019/1/21,33,guanajuato,abasolo-presidencia municipal-air-quality.csv
2019/1/22,33,guanajuato,abasolo-presidencia municipal-air-quality.csv
2019/1/23,90,guanajuato,abasolo-presidencia municipal-air-quality.csv
2019/1/24,79,guanajuato,abasolo-presidencia municipal-air-quality.csv
2019/1/29,39,guanajuato,abasolo-presidencia municipal-air-quality.csv
2019/1/30,55,guanajuato,abasolo-presidencia municipal-air-quality.csv
2019/1/31,58,guanajuato,abasolo-presidencia municipal-air-quality.csv
2019/2/1,29,guanajuato,abasolo-presidencia municipal-air-quality.csv
2019/2/2,51,guanajuato,abasolo-presidencia municipal-air-quality.csv
2019/2/3,38,guanajuato,abasolo-presidencia municipal-air-quality.csv
2019/2/5,51,guanajuato,abasolo-presidencia municipal-air-quality.csv
2019/2/6,64,guanajuato,abasolo-presidencia municipal-air-quality.csv
2019/2/7,89,guanajuato,abasolo-presidencia municipal-air-quality.csv
2019/2/8,63,guanajuato,abasolo-presidencia municipal-air-quality.csv
2019/2/9,63,guanajuato,abasolo-presidencia municipal-air-quality.csv
2019/2/10,25,guanajuato,abasolo-presidencia municipal-air-quality.csv
2019/2/11,33,guanajuato,abasolo-presidencia municipal-air-quality.csv
2019/2/12,57,guanajuato,abasolo-presidencia municipal-air-quality.csv
2019/2/13,51,guanajuato,abasolo-presidencia municipal-air-quality.csv
2019/2/14,35,guanajuato,abasolo-presidencia municipal-air-quality.csv
2019/2/15,65,guanajuato,abasolo-presidencia municipal-air-quality.csv
2019/2/16,48,guanajuato,abasolo-presidencia municipal-air-quality.csv
2019/2/17,60,guanajuato,abasolo-presidencia municipal-air-quality.csv
2019/2/18,49,guanajuato,abasolo-presidencia municipal-air-quality.csv
2019/2/19,59,guanajuato,abasolo-presidencia municipal-air-quality.csv
2019/2/20,55,guanajuato,abasolo-presidencia municipal-air-quality.csv
2019/2/21,35,guanajuato,abasolo-presidencia municipal-air-quality.csv
2019/2/22,35,guanajuato,abasolo-presidencia municipal-air-quality.csv
2019/2/23,27,guanajuato,abasolo-presidencia municipal-air-quality.csv
2019/2/24,22,guanajuato,abasolo-presidencia municipal-air-quality.csv
2019/2/25,47,guanajuato,abasolo-presidencia municipal-air-quality.csv
2019/2/26,36,guanajuato,abasolo-presidencia municipal-air-quality.csv
2019/2/27,43,guanajuato,abasolo-presidencia municipal-air-quality.csv
2019/2/28,48,guanajuato,abasolo-presidencia municipal-air-quality.csv
2019/3/1,35,guanajuato,abasolo-presidencia municipal-air-quality.csv
2019/3/2,42,guanajuato,abasolo-presidencia municipal-air-quality.csv
2019/3/3,37,guanajuato,abasolo-presidencia municipal-air-quality.csv
2019/3/4,32,guanajuato,abasolo-presidencia municipal-air-quality.csv
2019/3/5,61,guanajuato,abasolo-presidencia municipal-air-quality.csv
2019/3/6,67,guanajuato,abasolo-presidencia municipal-air-quality.csv
2019/3/7,43,guanajuato,abasolo-presidencia municipal-air-quality.csv
2019/3/8,60,guanajuato,abasolo-presidencia municipal-air-quality.csv
2019/3/9,49,guanajuato,abasolo-presidencia municipal-air-quality.csv
2019/3/10,45,guanajuato,abasolo-presidencia municipal-air-quality.csv
2019/3/11,44,guanajuato,abasolo-presidencia municipal-air-quality.csv
2019/3/12,67,guanajuato,abasolo-presidencia municipal-air-quality.csv
2019/3/13,64,guanajuato,abasolo-presidencia municipal-air-quality.csv
2019/3/14,42,guanajuato,abasolo-presidencia municipal-air-quality.csv
2019/3/15,53,guanajuato,abasolo-presidencia municipal-air-quality.csv
2019/3/16,70,guanajuato,abasolo-presidencia municipal-air-quality.csv
2019/3/17,46,guanajuato,abasolo-presidencia municipal-air-quality.csv
2019/3/18,60,guanajuato,abasolo-presidencia municipal-air-quality.csv
2019/3/19,58,guanajuato,abasolo-presidencia municipal-air-quality.csv
2019/3/20,46,guanajuato,abasolo-presidencia municipal-air-quality.csv
2019/3/21,49,guanajuato,abasolo-presidencia municipal-air-quality.csv
2019/3/22,39,guanajuato,abasolo-presidencia municipal-air-quality.csv
2019/3/23,31,guanajuato,abasolo-presidencia municipal-air-quality.csv
2019/3/24,41,guanajuato,abasolo-presidencia municipal-air-quality.csv
2019/3/25,74,guanajuato,abasolo-presidencia municipal-air-quality.csv
2019/3/26,43,guanajuato,abasolo-presidencia municipal-air-quality.csv
2019/3/27,45,guanajuato,abasolo-presidencia municipal-air-quality.csv
2019/3/28,58,guanajuato,abasolo-presidencia municipal-air-quality.csv
2019/3/29,49,guanajuato,abasolo-presidencia municipal-air-quality.csv
2019/3/30,58,guanajuato,abasolo-presidencia municipal-air-quality.csv
2019/3/31,56,guanajuato,abasolo-presidencia municipal-air-quality.csv
2019/4/1,57,guanajuato,abasolo-presidencia municipal-air-quality.csv
2018/10/2,23,guanajuato,abasolo-presidencia municipal-air-quality.csv
2018/10/3,25,guanajuato,abasolo-presidencia municipal-air-quality.csv
2018/10/4,24,guanajuato,abasolo-presidencia municipal-air-quality.csv
2018/10/5,22,guanajuato,abasolo-presidencia municipal-air-quality.csv
2018/10/6,22,guanajuato,abasolo-presidencia municipal-air-quality.csv
2018/10/7,37,guanajuato,abasolo-presidencia municipal-air-quality.csv
2018/10/8,44,guanajuato,abasolo-presidencia municipal-air-quality.csv
2018/10/12,47,guanajuato,abasolo-presidencia municipal-air-quality.csv
2018/10/13,55,guanajuato,abasolo-presidencia municipal-air-quality.csv
2018/10/14,78,guanajuato,abasolo-presidencia municipal-air-quality.csv
2018/10/15,21,guanajuato,abasolo-presidencia municipal-air-quality.csv
2018/10/16,34,guanajuato,abasolo-presidencia municipal-air-quality.csv
2018/10/17,16,guanajuato,abasolo-presidencia municipal-air-quality.csv
2018/10/18,19,guanajuato,abasolo-presidencia municipal-air-quality.csv
2018/10/19,16,guanajuato,abasolo-presidencia municipal-air-quality.csv
2018/10/20,13,guanajuato,abasolo-presidencia municipal-air-quality.csv
2018/11/8,56,guanajuato,abasolo-presidencia municipal-air-quality.csv
2018/11/9,51,guanajuato,abasolo-presidencia municipal-air-quality.csv
2018/11/10,57,guanajuato,abasolo-presidencia municipal-air-quality.csv
2018/11/11,52,guanajuato,abasolo-presidencia municipal-air-quality.csv
2018/11/12,40,guanajuato,abasolo-presidencia municipal-air-quality.csv
2018/11/13,37,guanajuato,abasolo-presidencia municipal-air-quality.csv
2018/11/14,40,guanajuato,abasolo-presidencia municipal-air-quality.csv
2018/11/15,20,guanajuato,abasolo-presidencia municipal-air-quality.csv
2018/11/16,38,guanajuato,abasolo-presidencia municipal-air-quality.csv
2018/11/17,56,guanajuato,abasolo-presidencia municipal-air-quality.csv
2018/11/18,39,guanajuato,abasolo-presidencia municipal-air-quality.csv
2018/11/22,31,guanajuato,abasolo-presidencia municipal-air-quality.csv
2018/11/23,35,guanajuato,abasolo-presidencia municipal-air-quality.csv
2018/11/24,53,guanajuato,abasolo-presidencia municipal-air-quality.csv
2018/11/25,54,guanajuato,abasolo-presidencia municipal-air-quality.csv
2018/11/26,57,guanajuato,abasolo-presidencia municipal-air-quality.csv
2018/11/27,33,guanajuato,abasolo-presidencia municipal-air-quality.csv
2018/11/28,63,guanajuato,abasolo-presidencia municipal-air-quality.csv
2018/11/29,47,guanajuato,abasolo-presidencia municipal-air-quality.csv
2018/11/30,20,guanajuato,abasolo-presidencia municipal-air-quality.csv
2018/12/1,34,guanajuato,abasolo-presidencia municipal-air-quality.csv
2018/12/2,54,guanajuato,abasolo-presidencia municipal-air-quality.csv
2018/12/3,35,guanajuato,abasolo-presidencia municipal-air-quality.csv
2018/12/4,43,guanajuato,abasolo-presidencia municipal-air-quality.csv
2018/12/5,63,guanajuato,abasolo-presidencia municipal-air-quality.csv
2018/12/6,34,guanajuato,abasolo-presidencia municipal-air-quality.csv
2018/12/7,31,guanajuato,abasolo-presidencia municipal-air-quality.csv
2018/12/8,49,guanajuato,abasolo-presidencia municipal-air-quality.csv
2018/12/9,41,guanajuato,abasolo-presidencia municipal-air-quality.csv
2018/12/10,57,guanajuato,abasolo-presidencia municipal-air-quality.csv
2018/12/11,39,guanajuato,abasolo-presidencia municipal-air-quality.csv
2018/12/12,53,guanajuato,abasolo-presidencia municipal-air-quality.csv
2018/12/13,66,guanajuato,abasolo-presidencia municipal-air-quality.csv
2018/12/14,29,guanajuato,abasolo-presidencia municipal-air-quality.csv
2018/12/15,73,guanajuato,abasolo-presidencia municipal-air-quality.csv
2018/12/18,35,guanajuato,abasolo-presidencia municipal-air-quality.csv
2018/12/19,62,guanajuato,abasolo-presidencia municipal-air-quality.csv
2018/12/24,79,guanajuato,abasolo-presidencia municipal-air-quality.csv
2018/12/25,67,guanajuato,abasolo-presidencia municipal-air-quality.csv
2018/12/26,146,guanajuato,abasolo-presidencia municipal-air-quality.csv
2018/12/27,81,guanajuato,abasolo-presidencia municipal-air-quality.csv
2018/12/28,67,guanajuato,abasolo-presidencia municipal-air-quality.csv
2018/12/29,72,guanajuato,abasolo-presidencia municipal-air-quality.csv
2018/12/30,95,guanajuato,abasolo-presidencia municipal-air-quality.csv
2018/12/31,82,guanajuato,abasolo-presidencia municipal-air-quality.csv
2018/7/2,59,guanajuato,abasolo-presidencia municipal-air-quality.csv
2018/7/3,64,guanajuato,abasolo-presidencia municipal-air-quality.csv
2018/7/4,50,guanajuato,abasolo-presidencia municipal-air-quality.csv
2018/7/5,62,guanajuato,abasolo-presidencia municipal-air-quality.csv
2018/7/6,61,guanajuato,abasolo-presidencia municipal-air-quality.csv
2018/7/7,35,guanajuato,abasolo-presidencia municipal-air-quality.csv
2018/7/8,31,guanajuato,abasolo-presidencia municipal-air-quality.csv
2018/7/9,28,guanajuato,abasolo-presidencia municipal-air-quality.csv
2018/7/10,33,guanajuato,abasolo-presidencia municipal-air-quality.csv
2018/7/11,43,guanajuato,abasolo-presidencia municipal-air-quality.csv
2018/7/12,39,guanajuato,abasolo-presidencia municipal-air-quality.csv
2018/7/13,42,guanajuato,abasolo-presidencia municipal-air-quality.csv
2018/7/14,67,guanajuato,abasolo-presidencia municipal-air-quality.csv
2018/7/15,44,guanajuato,abasolo-presidencia municipal-air-quality.csv
2018/7/16,50,guanajuato,abasolo-presidencia municipal-air-quality.csv
2018/7/17,71,guanajuato,abasolo-presidencia municipal-air-quality.csv
2018/7/18,57,guanajuato,abasolo-presidencia municipal-air-quality.csv
2018/7/19,56,guanajuato,abasolo-presidencia municipal-air-quality.csv
2018/7/20,59,guanajuato,abasolo-presidencia municipal-air-quality.csv
2018/7/21,48,guanajuato,abasolo-presidencia municipal-air-quality.csv
2018/7/22,77,guanajuato,abasolo-presidencia municipal-air-quality.csv
2018/7/23,39,guanajuato,abasolo-presidencia municipal-air-quality.csv
2018/7/24,53,guanajuato,abasolo-presidencia municipal-air-quality.csv
2018/7/25,64,guanajuato,abasolo-presidencia municipal-air-quality.csv
2018/7/26,55,guanajuato,abasolo-presidencia municipal-air-quality.csv
2018/7/27,68,guanajuato,abasolo-presidencia municipal-air-quality.csv
2018/7/28,53,guanajuato,abasolo-presidencia municipal-air-quality.csv
2018/7/29,61,guanajuato,abasolo-presidencia municipal-air-quality.csv
2018/7/30,55,guanajuato,abasolo-presidencia municipal-air-quality.csv
2018/7/31,50,guanajuato,abasolo-presidencia municipal-air-quality.csv
2018/8/1,54,guanajuato,abasolo-presidencia municipal-air-quality.csv
2018/8/2,52,guanajuato,abasolo-presidencia municipal-air-quality.csv
2018/8/3,42,guanajuato,abasolo-presidencia municipal-air-quality.csv
2018/8/4,42,guanajuato,abasolo-presidencia municipal-air-quality.csv
2018/8/5,33,guanajuato,abasolo-presidencia municipal-air-quality.csv
2018/8/6,25,guanajuato,abasolo-presidencia municipal-air-quality.csv
2018/8/7,21,guanajuato,abasolo-presidencia municipal-air-quality.csv
2018/8/8,40,guanajuato,abasolo-presidencia municipal-air-quality.csv
2018/8/9,58,guanajuato,abasolo-presidencia municipal-air-quality.csv
2018/8/10,56,guanajuato,abasolo-presidencia municipal-air-quality.csv
2018/8/11,77,guanajuato,abasolo-presidencia municipal-air-quality.csv
2018/8/12,42,guanajuato,abasolo-presidencia municipal-air-quality.csv
2018/8/13,28,guanajuato,abasolo-presidencia municipal-air-quality.csv
2018/8/14,18,guanajuato,abasolo-presidencia municipal-air-quality.csv
2018/8/15,43,guanajuato,abasolo-presidencia municipal-air-quality.csv
2018/8/20,52,guanajuato,abasolo-presidencia municipal-air-quality.csv
2018/8/21,59,guanajuato,abasolo-presidencia municipal-air-quality.csv
2018/8/22,22,guanajuato,abasolo-presidencia municipal-air-quality.csv
2018/8/23,29,guanajuato,abasolo-presidencia municipal-air-quality.csv
2018/8/29,13,guanajuato,abasolo-presidencia municipal-air-quality.csv
2018/8/30,48,guanajuato,abasolo-presidencia municipal-air-quality.csv
2018/8/31,44,guanajuato,abasolo-presidencia municipal-air-quality.csv
2018/9/1,15,guanajuato,abasolo-presidencia municipal-air-quality.csv
2018/9/2,35,guanajuato,abasolo-presidencia municipal-air-quality.csv
2018/9/3,32,guanajuato,abasolo-presidencia municipal-air-quality.csv
2018/9/4,29,guanajuato,abasolo-presidencia municipal-air-quality.csv
2018/9/5,51,guanajuato,abasolo-presidencia municipal-air-quality.csv
2018/9/6,49,guanajuato,abasolo-presidencia municipal-air-quality.csv
2018/9/7,35,guanajuato,abasolo-presidencia municipal-air-quality.csv
2018/9/8,45,guanajuato,abasolo-presidencia municipal-air-quality.csv
2018/9/13,19,guanajuato,abasolo-presidencia municipal-air-quality.csv
2018/9/14,34,guanajuato,abasolo-presidencia municipal-air-quality.csv
2018/9/15,29,guanajuato,abasolo-presidencia municipal-air-quality.csv
2018/9/16,54,guanajuato,abasolo-presidencia municipal-air-quality.csv
2018/9/17,48,guanajuato,abasolo-presidencia municipal-air-quality.csv
2018/9/18,42,guanajuato,abasolo-presidencia municipal-air-quality.csv
2018/9/19,50,guanajuato,abasolo-presidencia municipal-air-quality.csv
2018/9/20,44,guanajuato,abasolo-presidencia municipal-air-quality.csv
2018/9/21,51,guanajuato,abasolo-presidencia municipal-air-quality.csv
2018/9/22,32,guanajuato,abasolo-presidencia municipal-air-quality.csv
2018/9/23,37,guanajuato,abasolo-presidencia municipal-air-quality.csv
2018/9/24,51,guanajuato,abasolo-presidencia municipal-air-quality.csv
2018/9/25,41,guanajuato,abasolo-presidencia municipal-air-quality.csv
2018/9/26,35,guanajuato,abasolo-presidencia municipal-air-quality.csv
2018/9/27,45,guanajuato,abasolo-presidencia municipal-air-quality.csv
2018/9/28,34,guanajuato,abasolo-presidencia municipal-air-quality.csv
2018/9/29,38,guanajuato,abasolo-presidencia municipal-air-quality.csv
2018/9/30,28,guanajuato,abasolo-presidencia municipal-air-quality.csv
2018/10/1,38,guanajuato,abasolo-presidencia municipal-air-quality.csv
2018/4/6,53,guanajuato,abasolo-presidencia municipal-air-quality.csv
2018/4/7,49,guanajuato,abasolo-presidencia municipal-air-quality.csv
2018/4/10,57,guanajuato,abasolo-presidencia municipal-air-quality.csv
2018/4/11,73,guanajuato,abasolo-presidencia municipal-air-quality.csv
2018/4/12,37,guanajuato,abasolo-presidencia municipal-air-quality.csv
2018/4/13,59,guanajuato,abasolo-presidencia municipal-air-quality.csv
2018/4/14,52,guanajuato,abasolo-presidencia municipal-air-quality.csv
2018/4/15,45,guanajuato,abasolo-presidencia municipal-air-quality.csv
2018/4/16,65,guanajuato,abasolo-presidencia municipal-air-quality.csv
2018/4/17,53,guanajuato,abasolo-presidencia municipal-air-quality.csv
2018/4/18,69,guanajuato,abasolo-presidencia municipal-air-quality.csv
2018/4/19,36,guanajuato,abasolo-presidencia municipal-air-quality.csv
2018/4/20,60,guanajuato,abasolo-presidencia municipal-air-quality.csv
2018/4/21,72,guanajuato,abasolo-presidencia municipal-air-quality.csv
2018/4/22,67,guanajuato,abasolo-presidencia municipal-air-quality.csv
2018/4/23,58,guanajuato,abasolo-presidencia municipal-air-quality.csv
2018/4/24,67,guanajuato,abasolo-presidencia municipal-air-quality.csv
2018/4/25,77,guanajuato,abasolo-presidencia municipal-air-quality.csv
2018/4/26,69,guanajuato,abasolo-presidencia municipal-air-quality.csv
2018/4/27,62,guanajuato,abasolo-presidencia municipal-air-quality.csv
2018/4/28,60,guanajuato,abasolo-presidencia municipal-air-quality.csv
2018/4/29,57,guanajuato,abasolo-presidencia municipal-air-quality.csv
2018/4/30,78,guanajuato,abasolo-presidencia municipal-air-quality.csv
2018/5/1,72,guanajuato,abasolo-presidencia municipal-air-quality.csv
2018/5/2,91,guanajuato,abasolo-presidencia municipal-air-quality.csv
2018/5/3,56,guanajuato,abasolo-presidencia municipal-air-quality.csv
2018/5/4,66,guanajuato,abasolo-presidencia municipal-air-quality.csv
2018/5/5,61,guanajuato,abasolo-presidencia municipal-air-quality.csv
2018/5/6,35,guanajuato,abasolo-presidencia municipal-air-quality.csv
2018/5/7,27,guanajuato,abasolo-presidencia municipal-air-quality.csv
2018/5/8,36,guanajuato,abasolo-presidencia municipal-air-quality.csv
2018/5/9,32,guanajuato,abasolo-presidencia municipal-air-quality.csv
2018/5/10,56,guanajuato,abasolo-presidencia municipal-air-quality.csv
2018/5/11,58,guanajuato,abasolo-presidencia municipal-air-quality.csv
2018/5/12,41,guanajuato,abasolo-presidencia municipal-air-quality.csv
2018/5/14,73,guanajuato,abasolo-presidencia municipal-air-quality.csv
2018/5/15,83,guanajuato,abasolo-presidencia municipal-air-quality.csv
2018/5/16,60,guanajuato,abasolo-presidencia municipal-air-quality.csv
2018/5/17,73,guanajuato,abasolo-presidencia municipal-air-quality.csv
2018/5/18,76,guanajuato,abasolo-presidencia municipal-air-quality.csv
2018/5/19,72,guanajuato,abasolo-presidencia municipal-air-quality.csv
2018/5/20,62,guanajuato,abasolo-presidencia municipal-air-quality.csv
2018/5/21,65,guanajuato,abasolo-presidencia municipal-air-quality.csv
2018/5/22,91,guanajuato,abasolo-presidencia municipal-air-quality.csv
2018/5/23,85,guanajuato,abasolo-presidencia municipal-air-quality.csv
2018/5/24,99,guanajuato,abasolo-presidencia municipal-air-quality.csv
2018/5/25,74,guanajuato,abasolo-presidencia municipal-air-quality.csv
2018/5/26,69,guanajuato,abasolo-presidencia municipal-air-quality.csv
2018/5/27,47,guanajuato,abasolo-presidencia municipal-air-quality.csv
2018/5/28,51,guanajuato,abasolo-presidencia municipal-air-quality.csv
2018/5/29,76,guanajuato,abasolo-presidencia municipal-air-quality.csv
2018/6/6,22,guanajuato,abasolo-presidencia municipal-air-quality.csv
2018/6/7,56,guanajuato,abasolo-presidencia municipal-air-quality.csv
2018/6/8,52,guanajuato,abasolo-presidencia municipal-air-quality.csv
2018/6/9,51,guanajuato,abasolo-presidencia municipal-air-quality.csv
2018/6/10,47,guanajuato,abasolo-presidencia municipal-air-quality.csv
2018/6/11,46,guanajuato,abasolo-presidencia municipal-air-quality.csv
2018/6/12,45,guanajuato,abasolo-presidencia municipal-air-quality.csv
2018/6/13,35,guanajuato,abasolo-presidencia municipal-air-quality.csv
2018/6/14,19,guanajuato,abasolo-presidencia municipal-air-quality.csv
2018/6/15,24,guanajuato,abasolo-presidencia municipal-air-quality.csv
2018/6/16,46,guanajuato,abasolo-presidencia municipal-air-quality.csv
2018/6/17,54,guanajuato,abasolo-presidencia municipal-air-quality.csv
2018/6/18,15,guanajuato,abasolo-presidencia municipal-air-quality.csv
2018/6/19,14,guanajuato,abasolo-presidencia municipal-air-quality.csv
2018/6/20,12,guanajuato,abasolo-presidencia municipal-air-quality.csv
2018/6/21,13,guanajuato,abasolo-presidencia municipal-air-quality.csv
2018/6/22,14,guanajuato,abasolo-presidencia municipal-air-quality.csv
2018/6/23,22,guanajuato,abasolo-presidencia municipal-air-quality.csv
2018/6/25,5,guanajuato,abasolo-presidencia municipal-air-quality.csv
2018/6/26,22,guanajuato,abasolo-presidencia municipal-air-quality.csv
2018/6/27,33,guanajuato,abasolo-presidencia municipal-air-quality.csv
2018/6/28,42,guanajuato,abasolo-presidencia municipal-air-quality.csv
2018/6/29,48,guanajuato,abasolo-presidencia municipal-air-quality.csv
2018/6/30,36,guanajuato,abasolo-presidencia municipal-air-quality.csv
2025/8/19,54,guanajuato,san-luis de la paz presidencia municipal-air-quality.csv
2025/8/20,53,guanajuato,san-luis de la paz presidencia municipal-air-quality.csv
2025/8/21,54,guanajuato,san-luis de la paz presidencia municipal-air-quality.csv
2025/8/22,62,guanajuato,san-luis de la paz presidencia municipal-air-quality.csv
2025/8/23,53,guanajuato,san-luis de la paz presidencia municipal-air-quality.csv
2025/8/24,53,guanajuato,san-luis de la paz presidencia municipal-air-quality.csv
2025/8/25,49,guanajuato,san-luis de la paz presidencia municipal-air-quality.csv
2025/8/26,50,guanajuato,san-luis de la paz presidencia municipal-air-quality.csv
2025/8/27,63,guanajuato,san-luis de la paz presidencia municipal-air-quality.csv
2025/8/28,56,guanajuato,san-luis de la paz presidencia municipal-air-quality.csv
2025/8/29,42,guanajuato,san-luis de la paz presidencia municipal-air-quality.csv
2025/8/30,62,guanajuato,san-luis de la paz presidencia municipal-air-quality.csv
2025/7/23,54,guanajuato,san-luis de la paz presidencia municipal-air-quality.csv
2025/7/24,47,guanajuato,san-luis de la paz presidencia municipal-air-quality.csv
2025/7/25,33,guanajuato,san-luis de la paz presidencia municipal-air-quality.csv
2025/7/26,37,guanajuato,san-luis de la paz presidencia municipal-air-quality.csv
2025/7/27,49,guanajuato,san-luis de la paz presidencia municipal-air-quality.csv
2025/7/28,29,guanajuato,san-luis de la paz presidencia municipal-air-quality.csv
2025/7/29,40,guanajuato,san-luis de la paz presidencia municipal-air-quality.csv
2025/7/30,45,guanajuato,san-luis de la paz presidencia municipal-air-quality.csv
2025/4/2,96,guanajuato,san-luis de la paz presidencia municipal-air-quality.csv
2025/4/3,104,guanajuato,san-luis de la paz presidencia municipal-air-quality.csv
2025/4/4,87,guanajuato,san-luis de la paz presidencia municipal-air-quality.csv
2025/4/5,89,guanajuato,san-luis de la paz presidencia municipal-air-quality.csv
2025/4/6,99,guanajuato,san-luis de la paz presidencia municipal-air-quality.csv
2025/4/7,82,guanajuato,san-luis de la paz presidencia municipal-air-quality.csv
2025/4/8,54,guanajuato,san-luis de la paz presidencia municipal-air-quality.csv
2025/4/9,66,guanajuato,san-luis de la paz presidencia municipal-air-quality.csv
2025/4/10,68,guanajuato,san-luis de la paz presidencia municipal-air-quality.csv
2025/4/11,68,guanajuato,san-luis de la paz presidencia municipal-air-quality.csv
2025/4/12,64,guanajuato,san-luis de la paz presidencia municipal-air-quality.csv
2025/4/13,62,guanajuato,san-luis de la paz presidencia municipal-air-quality.csv
2025/4/14,65,guanajuato,san-luis de la paz presidencia municipal-air-quality.csv
2025/4/15,72,guanajuato,san-luis de la paz presidencia municipal-air-quality.csv
2025/4/16,73,guanajuato,san-luis de la paz presidencia municipal-air-quality.csv
2025/4/17,74,guanajuato,san-luis de la paz presidencia municipal-air-quality.csv
2025/4/18,69,guanajuato,san-luis de la paz presidencia municipal-air-quality.csv
2025/4/19,66,guanajuato,san-luis de la paz presidencia municipal-air-quality.csv
2025/4/20,98,guanajuato,san-luis de la paz presidencia municipal-air-quality.csv
2025/4/21,92,guanajuato,san-luis de la paz presidencia municipal-air-quality.csv
2025/4/22,84,guanajuato,san-luis de la paz presidencia municipal-air-quality.csv
2025/4/23,88,guanajuato,san-luis de la paz presidencia municipal-air-quality.csv
2025/4/24,96,guanajuato,san-luis de la paz presidencia municipal-air-quality.csv
2025/4/25,87,guanajuato,san-luis de la paz presidencia municipal-air-quality.csv
2025/4/26,93,guanajuato,san-luis de la paz presidencia municipal-air-quality.csv
2025/4/27,102,guanajuato,san-luis de la paz presidencia municipal-air-quality.csv
2025/4/28,76,guanajuato,san-luis de la paz presidencia municipal-air-quality.csv
2025/4/29,68,guanajuato,san-luis de la paz presidencia municipal-air-quality.csv
2025/4/30,76,guanajuato,san-luis de la paz presidencia municipal-air-quality.csv
2025/5/1,71,guanajuato,san-luis de la paz presidencia municipal-air-quality.csv
2025/5/3,108,guanajuato,san-luis de la paz presidencia municipal-air-quality.csv
2025/5/4,93,guanajuato,san-luis de la paz presidencia municipal-air-quality.csv
2025/5/5,96,guanajuato,san-luis de la paz presidencia municipal-air-quality.csv
2025/5/7,106,guanajuato,san-luis de la paz presidencia municipal-air-quality.csv
2025/5/8,95,guanajuato,san-luis de la paz presidencia municipal-air-quality.csv
2025/5/9,97,guanajuato,san-luis de la paz presidencia municipal-air-quality.csv
2025/5/10,87,guanajuato,san-luis de la paz presidencia municipal-air-quality.csv
2025/5/11,40,guanajuato,san-luis de la paz presidencia municipal-air-quality.csv
2025/5/12,57,guanajuato,san-luis de la paz presidencia municipal-air-quality.csv
2025/5/13,70,guanajuato,san-luis de la paz presidencia municipal-air-quality.csv
2025/5/15,86,guanajuato,san-luis de la paz presidencia municipal-air-quality.csv
2025/5/16,99,guanajuato,san-luis de la paz presidencia municipal-air-quality.csv
2025/5/19,111,guanajuato,san-luis de la paz presidencia municipal-air-quality.csv
2025/5/20,83,guanajuato,san-luis de la paz presidencia municipal-air-quality.csv
2025/5/21,92,guanajuato,san-luis de la paz presidencia municipal-air-quality.csv
2025/5/22,73,guanajuato,san-luis de la paz presidencia municipal-air-quality.csv
2025/1/2,69,guanajuato,san-luis de la paz presidencia municipal-air-quality.csv
2025/1/3,71,guanajuato,san-luis de la paz presidencia municipal-air-quality.csv
2025/1/4,59,guanajuato,san-luis de la paz presidencia municipal-air-quality.csv
2025/1/5,63,guanajuato,san-luis de la paz presidencia municipal-air-quality.csv
2025/1/6,85,guanajuato,san-luis de la paz presidencia municipal-air-quality.csv
2025/1/7,77,guanajuato,san-luis de la paz presidencia municipal-air-quality.csv
2025/1/8,71,guanajuato,san-luis de la paz presidencia municipal-air-quality.csv
2025/1/9,51,guanajuato,san-luis de la paz presidencia municipal-air-quality.csv
2025/1/10,77,guanajuato,san-luis de la paz presidencia municipal-air-quality.csv
2025/1/11,60,guanajuato,san-luis de la paz presidencia municipal-air-quality.csv
2025/1/12,43,guanajuato,san-luis de la paz presidencia municipal-air-quality.csv
2025/1/13,32,guanajuato,san-luis de la paz presidencia municipal-air-quality.csv
2025/1/17,54,guanajuato,san-luis de la paz presidencia municipal-air-quality.csv
2025/1/18,81,guanajuato,san-luis de la paz presidencia municipal-air-quality.csv
2025/1/19,82,guanajuato,san-luis de la paz presidencia municipal-air-quality.csv
2025/1/20,69,guanajuato,san-luis de la paz presidencia municipal-air-quality.csv
2025/1/21,66,guanajuato,san-luis de la paz presidencia municipal-air-quality.csv
2025/1/24,51,guanajuato,san-luis de la paz presidencia municipal-air-quality.csv
2025/1/25,36,guanajuato,san-luis de la paz presidencia municipal-air-quality.csv
2025/1/26,57,guanajuato,san-luis de la paz presidencia municipal-air-quality.csv
2025/1/27,67,guanajuato,san-luis de la paz presidencia municipal-air-quality.csv
2025/1/29,84,guanajuato,san-luis de la paz presidencia municipal-air-quality.csv
2025/1/30,103,guanajuato,san-luis de la paz presidencia municipal-air-quality.csv
2025/1/31,75,guanajuato,san-luis de la paz presidencia municipal-air-quality.csv
2025/2/1,67,guanajuato,san-luis de la paz presidencia municipal-air-quality.csv
2025/2/2,52,guanajuato,san-luis de la paz presidencia municipal-air-quality.csv
2025/2/3,55,guanajuato,san-luis de la paz presidencia municipal-air-quality.csv
2025/2/4,48,guanajuato,san-luis de la paz presidencia municipal-air-quality.csv
2025/2/5,51,guanajuato,san-luis de la paz presidencia municipal-air-quality.csv
2025/2/6,62,guanajuato,san-luis de la paz presidencia municipal-air-quality.csv
2025/2/7,64,guanajuato,san-luis de la paz presidencia municipal-air-quality.csv
2025/2/8,54,guanajuato,san-luis de la paz presidencia municipal-air-quality.csv
2025/2/9,59,guanajuato,san-luis de la paz presidencia municipal-air-quality.csv
2025/2/10,67,guanajuato,san-luis de la paz presidencia municipal-air-quality.csv
2025/2/11,70,guanajuato,san-luis de la paz presidencia municipal-air-quality.csv
2025/2/12,88,guanajuato,san-luis de la paz presidencia municipal-air-quality.csv
2025/2/13,89,guanajuato,san-luis de la paz presidencia municipal-air-quality.csv
2025/2/14,75,guanajuato,san-luis de la paz presidencia municipal-air-quality.csv
2025/2/15,54,guanajuato,san-luis de la paz presidencia municipal-air-quality.csv
2025/2/16,78,guanajuato,san-luis de la paz presidencia municipal-air-quality.csv
2025/2/17,80,guanajuato,san-luis de la paz presidencia municipal-air-quality.csv
2025/2/18,63,guanajuato,san-luis de la paz presidencia municipal-air-quality.csv
2025/2/19,91,guanajuato,san-luis de la paz presidencia municipal-air-quality.csv
2025/2/20,61,guanajuato,san-luis de la paz presidencia municipal-air-quality.csv
2025/2/21,54,guanajuato,san-luis de la paz presidencia municipal-air-quality.csv
2025/2/22,43,guanajuato,san-luis de la paz presidencia municipal-air-quality.csv
2025/2/23,51,guanajuato,san-luis de la paz presidencia municipal-air-quality.csv
2025/2/24,52,guanajuato,san-luis de la paz presidencia municipal-air-quality.csv
2025/2/25,41,guanajuato,san-luis de la paz presidencia municipal-air-quality.csv
2025/2/26,53,guanajuato,san-luis de la paz presidencia municipal-air-quality.csv
2025/2/27,77,guanajuato,san-luis de la paz presidencia municipal-air-quality.csv
2025/2/28,75,guanajuato,san-luis de la paz presidencia municipal-air-quality.csv
2025/3/1,78,guanajuato,san-luis de la paz presidencia municipal-air-quality.csv
2025/3/2,68,guanajuato,san-luis de la paz presidencia municipal-air-quality.csv
2025/3/3,66,guanajuato,san-luis de la paz presidencia municipal-air-quality.csv
2025/3/4,83,guanajuato,san-luis de la paz presidencia municipal-air-quality.csv
2025/3/5,106,guanajuato,san-luis de la paz presidencia municipal-air-quality.csv
2025/3/6,103,guanajuato,san-luis de la paz presidencia municipal-air-quality.csv
2025/3/7,108,guanajuato,san-luis de la paz presidencia municipal-air-quality.csv
2025/3/8,78,guanajuato,san-luis de la paz presidencia municipal-air-quality.csv
2025/3/9,79,guanajuato,san-luis de la paz presidencia municipal-air-quality.csv
2025/3/11,63,guanajuato,san-luis de la paz presidencia municipal-air-quality.csv
2025/3/12,70,guanajuato,san-luis de la paz presidencia municipal-air-quality.csv
2025/3/13,77,guanajuato,san-luis de la paz presidencia municipal-air-quality.csv
2025/3/14,82,guanajuato,san-luis de la paz presidencia municipal-air-quality.csv
2025/3/15,88,guanajuato,san-luis de la paz presidencia municipal-air-quality.csv
2025/3/16,68,guanajuato,san-luis de la paz presidencia municipal-air-quality.csv
2025/3/17,92,guanajuato,san-luis de la paz presidencia municipal-air-quality.csv
2025/3/18,90,guanajuato,san-luis de la paz presidencia municipal-air-quality.csv
2025/3/19,91,guanajuato,san-luis de la paz presidencia municipal-air-quality.csv
2025/3/20,89,guanajuato,san-luis de la paz presidencia municipal-air-quality.csv
2025/3/21,138,guanajuato,san-luis de la paz presidencia municipal-air-quality.csv
2025/3/22,77,guanajuato,san-luis de la paz presidencia municipal-air-quality.csv
2025/3/23,85,guanajuato,san-luis de la paz presidencia municipal-air-quality.csv
2025/3/24,81,guanajuato,san-luis de la paz presidencia municipal-air-quality.csv
2025/3/25,83,guanajuato,san-luis de la paz presidencia municipal-air-quality.csv
2025/3/26,92,guanajuato,san-luis de la paz presidencia municipal-air-quality.csv
2025/3/27,92,guanajuato,san-luis de la paz presidencia municipal-air-quality.csv
2025/3/28,98,guanajuato,san-luis de la paz presidencia municipal-air-quality.csv
2025/3/29,76,guanajuato,san-luis de la paz presidencia municipal-air-quality.csv
2025/3/30,91,guanajuato,san-luis de la paz presidencia municipal-air-quality.csv
2025/3/31,76,guanajuato,san-luis de la paz presidencia municipal-air-quality.csv
2025/4/1,77,guanajuato,san-luis de la paz presidencia municipal-air-quality.csv
2024/10/21,34,guanajuato,san-luis de la paz presidencia municipal-air-quality.csv
2024/10/22,17,guanajuato,san-luis de la paz presidencia municipal-air-quality.csv
2024/10/23,32,guanajuato,san-luis de la paz presidencia municipal-air-quality.csv
2024/10/25,44,guanajuato,san-luis de la paz presidencia municipal-air-quality.csv
2024/10/26,47,guanajuato,san-luis de la paz presidencia municipal-air-quality.csv
2024/10/27,40,guanajuato,san-luis de la paz presidencia municipal-air-quality.csv
2024/10/28,24,guanajuato,san-luis de la paz presidencia municipal-air-quality.csv
2024/10/29,50,guanajuato,san-luis de la paz presidencia municipal-air-quality.csv
2024/10/30,70,guanajuato,san-luis de la paz presidencia municipal-air-quality.csv
2024/10/31,76,guanajuato,san-luis de la paz presidencia municipal-air-quality.csv
2024/11/1,61,guanajuato,san-luis de la paz presidencia municipal-air-quality.csv
2024/11/2,75,guanajuato,san-luis de la paz presidencia municipal-air-quality.csv
2024/11/3,71,guanajuato,san-luis de la paz presidencia municipal-air-quality.csv
2024/11/4,74,guanajuato,san-luis de la paz presidencia municipal-air-quality.csv
2024/11/5,74,guanajuato,san-luis de la paz presidencia municipal-air-quality.csv
2024/11/6,73,guanajuato,san-luis de la paz presidencia municipal-air-quality.csv
2024/11/7,67,guanajuato,san-luis de la paz presidencia municipal-air-quality.csv
2024/11/8,62,guanajuato,san-luis de la paz presidencia municipal-air-quality.csv
2024/11/9,68,guanajuato,san-luis de la paz presidencia municipal-air-quality.csv
2024/11/10,66,guanajuato,san-luis de la paz presidencia municipal-air-quality.csv
2024/11/11,70,guanajuato,san-luis de la paz presidencia municipal-air-quality.csv
2024/11/12,64,guanajuato,san-luis de la paz presidencia municipal-air-quality.csv
2024/11/13,116,guanajuato,san-luis de la paz presidencia municipal-air-quality.csv
2024/11/14,63,guanajuato,san-luis de la paz presidencia municipal-air-quality.csv
2024/11/15,64,guanajuato,san-luis de la paz presidencia municipal-air-quality.csv
2024/11/16,62,guanajuato,san-luis de la paz presidencia municipal-air-quality.csv
2024/11/19,66,guanajuato,san-luis de la paz presidencia municipal-air-quality.csv
2024/11/20,63,guanajuato,san-luis de la paz presidencia municipal-air-quality.csv
2024/11/21,53,guanajuato,san-luis de la paz presidencia municipal-air-quality.csv
2024/11/22,50,guanajuato,san-luis de la paz presidencia municipal-air-quality.csv
2024/11/23,57,guanajuato,san-luis de la paz presidencia municipal-air-quality.csv
2024/11/24,54,guanajuato,san-luis de la paz presidencia municipal-air-quality.csv
2024/11/25,59,guanajuato,san-luis de la paz presidencia municipal-air-quality.csv
2024/11/26,61,guanajuato,san-luis de la paz presidencia municipal-air-quality.csv
2024/11/27,52,guanajuato,san-luis de la paz presidencia municipal-air-quality.csv
2024/11/28,67,guanajuato,san-luis de la paz presidencia municipal-air-quality.csv
2024/11/29,55,guanajuato,san-luis de la paz presidencia municipal-air-quality.csv
2024/11/30,67,guanajuato,san-luis de la paz presidencia municipal-air-quality.csv
2024/12/1,64,guanajuato,san-luis de la paz presidencia municipal-air-quality.csv
2024/12/3,49,guanajuato,san-luis de la paz presidencia municipal-air-quality.csv
2024/12/4,43,guanajuato,san-luis de la paz presidencia municipal-air-quality.csv
2024/12/5,57,guanajuato,san-luis de la paz presidencia municipal-air-quality.csv
2024/12/6,52,guanajuato,san-luis de la paz presidencia municipal-air-quality.csv
2024/12/7,49,guanajuato,san-luis de la paz presidencia municipal-air-quality.csv
2024/12/8,34,guanajuato,san-luis de la paz presidencia municipal-air-quality.csv
2024/12/9,57,guanajuato,san-luis de la paz presidencia municipal-air-quality.csv
2024/12/10,75,guanajuato,san-luis de la paz presidencia municipal-air-quality.csv
2024/12/11,74,guanajuato,san-luis de la paz presidencia municipal-air-quality.csv
2024/12/12,46,guanajuato,san-luis de la paz presidencia municipal-air-quality.csv
2024/12/13,63,guanajuato,san-luis de la paz presidencia municipal-air-quality.csv
2024/12/14,65,guanajuato,san-luis de la paz presidencia municipal-air-quality.csv
2024/12/15,59,guanajuato,san-luis de la paz presidencia municipal-air-quality.csv
2024/12/18,38,guanajuato,san-luis de la paz presidencia municipal-air-quality.csv
2024/12/19,44,guanajuato,san-luis de la paz presidencia municipal-air-quality.csv
2024/12/20,34,guanajuato,san-luis de la paz presidencia municipal-air-quality.csv
2024/12/21,31,guanajuato,san-luis de la paz presidencia municipal-air-quality.csv
2024/12/22,35,guanajuato,san-luis de la paz presidencia municipal-air-quality.csv
2024/12/23,35,guanajuato,san-luis de la paz presidencia municipal-air-quality.csv
2024/12/24,58,guanajuato,san-luis de la paz presidencia municipal-air-quality.csv
2024/12/25,62,guanajuato,san-luis de la paz presidencia municipal-air-quality.csv
2024/12/26,85,guanajuato,san-luis de la paz presidencia municipal-air-quality.csv
2024/4/2,72,guanajuato,san-luis de la paz presidencia municipal-air-quality.csv
2024/4/3,71,guanajuato,san-luis de la paz presidencia municipal-air-quality.csv
2024/4/4,64,guanajuato,san-luis de la paz presidencia municipal-air-quality.csv
2024/4/5,53,guanajuato,san-luis de la paz presidencia municipal-air-quality.csv
2024/4/6,62,guanajuato,san-luis de la paz presidencia municipal-air-quality.csv
2024/4/7,76,guanajuato,san-luis de la paz presidencia municipal-air-quality.csv
2024/4/8,57,guanajuato,san-luis de la paz presidencia municipal-air-quality.csv
2024/4/9,77,guanajuato,san-luis de la paz presidencia municipal-air-quality.csv
2024/4/10,90,guanajuato,san-luis de la paz presidencia municipal-air-quality.csv
2024/4/11,73,guanajuato,san-luis de la paz presidencia municipal-air-quality.csv
2024/4/12,69,guanajuato,san-luis de la paz presidencia municipal-air-quality.csv
2024/4/13,60,guanajuato,san-luis de la paz presidencia municipal-air-quality.csv
2024/4/14,64,guanajuato,san-luis de la paz presidencia municipal-air-quality.csv
2024/4/15,57,guanajuato,san-luis de la paz presidencia municipal-air-quality.csv
2024/4/16,66,guanajuato,san-luis de la paz presidencia municipal-air-quality.csv
2024/4/17,80,guanajuato,san-luis de la paz presidencia municipal-air-quality.csv
2024/4/18,84,guanajuato,san-luis de la paz presidencia municipal-air-quality.csv
2024/4/19,91,guanajuato,san-luis de la paz presidencia municipal-air-quality.csv
2024/4/26,71,guanajuato,san-luis de la paz presidencia municipal-air-quality.csv
2024/4/27,80,guanajuato,san-luis de la paz presidencia municipal-air-quality.csv
2024/4/28,67,guanajuato,san-luis de la paz presidencia municipal-air-quality.csv
2024/4/29,65,guanajuato,san-luis de la paz presidencia municipal-air-quality.csv
2024/4/30,79,guanajuato,san-luis de la paz presidencia municipal-air-quality.csv
2024/5/1,90,guanajuato,san-luis de la paz presidencia municipal-air-quality.csv
2024/5/2,90,guanajuato,san-luis de la paz presidencia municipal-air-quality.csv
2024/5/3,80,guanajuato,san-luis de la paz presidencia municipal-air-quality.csv
2024/5/4,84,guanajuato,san-luis de la paz presidencia municipal-air-quality.csv
2024/5/5,91,guanajuato,san-luis de la paz presidencia municipal-air-quality.csv
2024/5/6,89,guanajuato,san-luis de la paz presidencia municipal-air-quality.csv
2024/5/7,85,guanajuato,san-luis de la paz presidencia municipal-air-quality.csv
2024/5/8,71,guanajuato,san-luis de la paz presidencia municipal-air-quality.csv
2024/5/9,90,guanajuato,san-luis de la paz presidencia municipal-air-quality.csv
2024/5/10,98,guanajuato,san-luis de la paz presidencia municipal-air-quality.csv
2024/5/11,100,guanajuato,san-luis de la paz presidencia municipal-air-quality.csv
2024/5/12,97,guanajuato,san-luis de la paz presidencia municipal-air-quality.csv
2024/5/13,107,guanajuato,san-luis de la paz presidencia municipal-air-quality.csv
2024/5/14,93,guanajuato,san-luis de la paz presidencia municipal-air-quality.csv
2024/5/15,93,guanajuato,san-luis de la paz presidencia municipal-air-quality.csv
2024/5/16,97,guanajuato,san-luis de la paz presidencia municipal-air-quality.csv
2024/5/17,75,guanajuato,san-luis de la paz presidencia municipal-air-quality.csv
2024/5/18,69,guanajuato,san-luis de la paz presidencia municipal-air-quality.csv
2024/5/19,96,guanajuato,san-luis de la paz presidencia municipal-air-quality.csv
2024/5/20,95,guanajuato,san-luis de la paz presidencia municipal-air-quality.csv
2024/5/21,87,guanajuato,san-luis de la paz presidencia municipal-air-quality.csv
2024/5/22,81,guanajuato,san-luis de la paz presidencia municipal-air-quality.csv
2024/5/23,94,guanajuato,san-luis de la paz presidencia municipal-air-quality.csv
2024/5/24,87,guanajuato,san-luis de la paz presidencia municipal-air-quality.csv
2024/5/25,86,guanajuato,san-luis de la paz presidencia municipal-air-quality.csv
2024/5/26,98,guanajuato,san-luis de la paz presidencia municipal-air-quality.csv
2024/5/27,82,guanajuato,san-luis de la paz presidencia municipal-air-quality.csv
2024/5/28,77,guanajuato,san-luis de la paz presidencia municipal-air-quality.csv
2024/5/29,115,guanajuato,san-luis de la paz presidencia municipal-air-quality.csv
2024/5/30,87,guanajuato,san-luis de la paz presidencia municipal-air-quality.csv
2024/5/31,78,guanajuato,san-luis de la paz presidencia municipal-air-quality.csv
2024/6/1,81,guanajuato,san-luis de la paz presidencia municipal-air-quality.csv
2024/6/2,95,guanajuato,san-luis de la paz presidencia municipal-air-quality.csv
2024/6/3,99,guanajuato,san-luis de la paz presidencia municipal-air-quality.csv
2024/6/4,66,guanajuato,san-luis de la paz presidencia municipal-air-quality.csv
2024/6/5,62,guanajuato,san-luis de la paz presidencia municipal-air-quality.csv
2024/6/6,82,guanajuato,san-luis de la paz presidencia municipal-air-quality.csv
2024/6/7,102,guanajuato,san-luis de la paz presidencia municipal-air-quality.csv
2024/6/8,113,guanajuato,san-luis de la paz presidencia municipal-air-quality.csv
2024/6/9,66,guanajuato,san-luis de la paz presidencia municipal-air-quality.csv
2024/6/10,66,guanajuato,san-luis de la paz presidencia municipal-air-quality.csv
2024/6/11,63,guanajuato,san-luis de la paz presidencia municipal-air-quality.csv
2024/6/12,70,guanajuato,san-luis de la paz presidencia municipal-air-quality.csv
2024/6/13,63,guanajuato,san-luis de la paz presidencia municipal-air-quality.csv
2024/6/14,66,guanajuato,san-luis de la paz presidencia municipal-air-quality.csv
2024/6/15,47,guanajuato,san-luis de la paz presidencia municipal-air-quality.csv
2024/6/16,40,guanajuato,san-luis de la paz presidencia municipal-air-quality.csv
2024/6/17,42,guanajuato,san-luis de la paz presidencia municipal-air-quality.csv
2024/6/18,51,guanajuato,san-luis de la paz presidencia municipal-air-quality.csv
2024/6/19,49,guanajuato,san-luis de la paz presidencia municipal-air-quality.csv
2024/6/20,42,guanajuato,san-luis de la paz presidencia municipal-air-quality.csv
2024/6/21,32,guanajuato,san-luis de la paz presidencia municipal-air-quality.csv
2024/6/22,29,guanajuato,san-luis de la paz presidencia municipal-air-quality.csv
2024/6/23,18,guanajuato,san-luis de la paz presidencia municipal-air-quality.csv
2024/6/24,27,guanajuato,san-luis de la paz presidencia municipal-air-quality.csv
2024/6/25,26,guanajuato,san-luis de la paz presidencia municipal-air-quality.csv
2024/6/26,36,guanajuato,san-luis de la paz presidencia municipal-air-quality.csv
2024/6/27,46,guanajuato,san-luis de la paz presidencia municipal-air-quality.csv
2024/6/28,53,guanajuato,san-luis de la paz presidencia municipal-air-quality.csv
2024/1/31,48,guanajuato,san-luis de la paz presidencia municipal-air-quality.csv
2024/2/1,42,guanajuato,san-luis de la paz presidencia municipal-air-quality.csv
2024/2/2,59,guanajuato,san-luis de la paz presidencia municipal-air-quality.csv
2024/2/3,58,guanajuato,san-luis de la paz presidencia municipal-air-quality.csv
2024/2/4,54,guanajuato,san-luis de la paz presidencia municipal-air-quality.csv
2024/2/5,37,guanajuato,san-luis de la paz presidencia municipal-air-quality.csv
2024/2/6,37,guanajuato,san-luis de la paz presidencia municipal-air-quality.csv
2024/2/7,46,guanajuato,san-luis de la paz presidencia municipal-air-quality.csv
2024/2/8,54,guanajuato,san-luis de la paz presidencia municipal-air-quality.csv
2024/2/9,73,guanajuato,san-luis de la paz presidencia municipal-air-quality.csv
2024/2/10,59,guanajuato,san-luis de la paz presidencia municipal-air-quality.csv
2024/2/11,58,guanajuato,san-luis de la paz presidencia municipal-air-quality.csv
2024/2/12,52,guanajuato,san-luis de la paz presidencia municipal-air-quality.csv
2024/2/13,47,guanajuato,san-luis de la paz presidencia municipal-air-quality.csv
2024/2/14,42,guanajuato,san-luis de la paz presidencia municipal-air-quality.csv
2024/2/15,43,guanajuato,san-luis de la paz presidencia municipal-air-quality.csv
2024/2/16,40,guanajuato,san-luis de la paz presidencia municipal-air-quality.csv
2024/2/17,51,guanajuato,san-luis de la paz presidencia municipal-air-quality.csv
2024/2/18,32,guanajuato,san-luis de la paz presidencia municipal-air-quality.csv
2024/2/19,35,guanajuato,san-luis de la paz presidencia municipal-air-quality.csv
2024/2/20,45,guanajuato,san-luis de la paz presidencia municipal-air-quality.csv
2024/2/21,34,guanajuato,san-luis de la paz presidencia municipal-air-quality.csv
2024/2/22,47,guanajuato,san-luis de la paz presidencia municipal-air-quality.csv
2024/2/23,53,guanajuato,san-luis de la paz presidencia municipal-air-quality.csv
2024/2/24,50,guanajuato,san-luis de la paz presidencia municipal-air-quality.csv
2024/2/25,67,guanajuato,san-luis de la paz presidencia municipal-air-quality.csv
2024/2/26,56,guanajuato,san-luis de la paz presidencia municipal-air-quality.csv
2024/2/27,45,guanajuato,san-luis de la paz presidencia municipal-air-quality.csv
2024/2/28,58,guanajuato,san-luis de la paz presidencia municipal-air-quality.csv
2024/2/29,63,guanajuato,san-luis de la paz presidencia municipal-air-quality.csv
2024/3/1,81,guanajuato,san-luis de la paz presidencia municipal-air-quality.csv
2024/3/2,62,guanajuato,san-luis de la paz presidencia municipal-air-quality.csv
2024/3/3,58,guanajuato,san-luis de la paz presidencia municipal-air-quality.csv
2024/3/4,54,guanajuato,san-luis de la paz presidencia municipal-air-quality.csv
2024/3/5,53,guanajuato,san-luis de la paz presidencia municipal-air-quality.csv
2024/3/6,50,guanajuato,san-luis de la paz presidencia municipal-air-quality.csv
2024/3/7,63,guanajuato,san-luis de la paz presidencia municipal-air-quality.csv
2024/3/8,66,guanajuato,san-luis de la paz presidencia municipal-air-quality.csv
2024/3/12,46,guanajuato,san-luis de la paz presidencia municipal-air-quality.csv
2024/3/13,57,guanajuato,san-luis de la paz presidencia municipal-air-quality.csv
2024/3/14,60,guanajuato,san-luis de la paz presidencia municipal-air-quality.csv
2024/3/15,60,guanajuato,san-luis de la paz presidencia municipal-air-quality.csv
2024/3/16,63,guanajuato,san-luis de la paz presidencia municipal-air-quality.csv
2024/3/17,75,guanajuato,san-luis de la paz presidencia municipal-air-quality.csv
2024/3/18,53,guanajuato,san-luis de la paz presidencia municipal-air-quality.csv
2024/3/19,64,guanajuato,san-luis de la paz presidencia municipal-air-quality.csv
2024/3/20,33,guanajuato,san-luis de la paz presidencia municipal-air-quality.csv
2024/3/21,39,guanajuato,san-luis de la paz presidencia municipal-air-quality.csv
2024/3/22,71,guanajuato,san-luis de la paz presidencia municipal-air-quality.csv
2024/3/23,91,guanajuato,san-luis de la paz presidencia municipal-air-quality.csv
2024/3/24,62,guanajuato,san-luis de la paz presidencia municipal-air-quality.csv
2023/10/2,44,guanajuato,san-luis de la paz presidencia municipal-air-quality.csv
2023/10/3,43,guanajuato,san-luis de la paz presidencia municipal-air-quality.csv
2023/10/4,41,guanajuato,san-luis de la paz presidencia municipal-air-quality.csv
2023/10/5,45,guanajuato,san-luis de la paz presidencia municipal-air-quality.csv
2023/10/6,38,guanajuato,san-luis de la paz presidencia municipal-air-quality.csv
2023/10/7,35,guanajuato,san-luis de la paz presidencia municipal-air-quality.csv
2023/10/8,33,guanajuato,san-luis de la paz presidencia municipal-air-quality.csv
2023/10/9,23,guanajuato,san-luis de la paz presidencia municipal-air-quality.csv
2023/10/10,27,guanajuato,san-luis de la paz presidencia municipal-air-quality.csv
2023/10/11,31,guanajuato,san-luis de la paz presidencia municipal-air-quality.csv
2023/10/12,28,guanajuato,san-luis de la paz presidencia municipal-air-quality.csv
2023/10/13,37,guanajuato,san-luis de la paz presidencia municipal-air-quality.csv
2023/10/14,40,guanajuato,san-luis de la paz presidencia municipal-air-quality.csv
2023/10/15,54,guanajuato,san-luis de la paz presidencia municipal-air-quality.csv
2023/10/16,33,guanajuato,san-luis de la paz presidencia municipal-air-quality.csv
2023/10/17,31,guanajuato,san-luis de la paz presidencia municipal-air-quality.csv
2023/10/18,36,guanajuato,san-luis de la paz presidencia municipal-air-quality.csv
2023/10/19,38,guanajuato,san-luis de la paz presidencia municipal-air-quality.csv
2023/10/20,42,guanajuato,san-luis de la paz presidencia municipal-air-quality.csv
2023/10/21,30,guanajuato,san-luis de la paz presidencia municipal-air-quality.csv
2023/10/22,44,guanajuato,san-luis de la paz presidencia municipal-air-quality.csv
2023/10/23,55,guanajuato,san-luis de la paz presidencia municipal-air-quality.csv
2023/10/24,56,guanajuato,san-luis de la paz presidencia municipal-air-quality.csv
2023/10/25,68,guanajuato,san-luis de la paz presidencia municipal-air-quality.csv
2023/10/26,71,guanajuato,san-luis de la paz presidencia municipal-air-quality.csv
2023/10/27,34,guanajuato,san-luis de la paz presidencia municipal-air-quality.csv
2023/10/28,26,guanajuato,san-luis de la paz presidencia municipal-air-quality.csv
2023/10/29,33,guanajuato,san-luis de la paz presidencia municipal-air-quality.csv
2023/10/30,32,guanajuato,san-luis de la paz presidencia municipal-air-quality.csv
2023/10/31,30,guanajuato,san-luis de la paz presidencia municipal-air-quality.csv
2023/11/1,31,guanajuato,san-luis de la paz presidencia municipal-air-quality.csv
2023/11/2,20,guanajuato,san-luis de la paz presidencia municipal-air-quality.csv
2023/11/3,35,guanajuato,san-luis de la paz presidencia municipal-air-quality.csv
2023/11/11,66,guanajuato,san-luis de la paz presidencia municipal-air-quality.csv
2023/11/12,44,guanajuato,san-luis de la paz presidencia municipal-air-quality.csv
2023/11/13,21,guanajuato,san-luis de la paz presidencia municipal-air-quality.csv
2023/11/14,17,guanajuato,san-luis de la paz presidencia municipal-air-quality.csv
2023/11/15,19,guanajuato,san-luis de la paz presidencia municipal-air-quality.csv
2023/11/16,23,guanajuato,san-luis de la paz presidencia municipal-air-quality.csv
2023/11/17,25,guanajuato,san-luis de la paz presidencia municipal-air-quality.csv
2023/11/18,37,guanajuato,san-luis de la paz presidencia municipal-air-quality.csv
2023/11/19,31,guanajuato,san-luis de la paz presidencia municipal-air-quality.csv
2023/11/20,51,guanajuato,san-luis de la paz presidencia municipal-air-quality.csv
2023/11/21,77,guanajuato,san-luis de la paz presidencia municipal-air-quality.csv
2023/11/22,54,guanajuato,san-luis de la paz presidencia municipal-air-quality.csv
2023/11/23,27,guanajuato,san-luis de la paz presidencia municipal-air-quality.csv
2023/11/24,52,guanajuato,san-luis de la paz presidencia municipal-air-quality.csv
2023/11/25,46,guanajuato,san-luis de la paz presidencia municipal-air-quality.csv
2023/11/26,56,guanajuato,san-luis de la paz presidencia municipal-air-quality.csv
2023/11/27,52,guanajuato,san-luis de la paz presidencia municipal-air-quality.csv
2023/11/28,37,guanajuato,san-luis de la paz presidencia municipal-air-quality.csv
2023/11/29,25,guanajuato,san-luis de la paz presidencia municipal-air-quality.csv
2023/11/30,25,guanajuato,san-luis de la paz presidencia municipal-air-quality.csv
2023/12/1,57,guanajuato,san-luis de la paz presidencia municipal-air-quality.csv
2023/12/2,63,guanajuato,san-luis de la paz presidencia municipal-air-quality.csv
2023/12/3,58,guanajuato,san-luis de la paz presidencia municipal-air-quality.csv
2023/12/4,47,guanajuato,san-luis de la paz presidencia municipal-air-quality.csv
2023/12/5,36,guanajuato,san-luis de la paz presidencia municipal-air-quality.csv
2023/12/6,26,guanajuato,san-luis de la paz presidencia municipal-air-quality.csv
2023/12/7,19,guanajuato,san-luis de la paz presidencia municipal-air-quality.csv
2023/12/8,29,guanajuato,san-luis de la paz presidencia municipal-air-quality.csv
2023/12/9,43,guanajuato,san-luis de la paz presidencia municipal-air-quality.csv
2023/12/16,38,guanajuato,san-luis de la paz presidencia municipal-air-quality.csv
2023/7/2,52,guanajuato,san-luis de la paz presidencia municipal-air-quality.csv
2023/7/3,51,guanajuato,san-luis de la paz presidencia municipal-air-quality.csv
2023/7/4,59,guanajuato,san-luis de la paz presidencia municipal-air-quality.csv
2023/7/5,63,guanajuato,san-luis de la paz presidencia municipal-air-quality.csv
2023/7/6,55,guanajuato,san-luis de la paz presidencia municipal-air-quality.csv
2023/7/7,49,guanajuato,san-luis de la paz presidencia municipal-air-quality.csv
2023/7/8,43,guanajuato,san-luis de la paz presidencia municipal-air-quality.csv
2023/7/9,55,guanajuato,san-luis de la paz presidencia municipal-air-quality.csv
2023/7/10,51,guanajuato,san-luis de la paz presidencia municipal-air-quality.csv
2023/7/11,43,guanajuato,san-luis de la paz presidencia municipal-air-quality.csv
2023/7/12,41,guanajuato,san-luis de la paz presidencia municipal-air-quality.csv
2023/7/21,51,guanajuato,san-luis de la paz presidencia municipal-air-quality.csv
2023/7/22,51,guanajuato,san-luis de la paz presidencia municipal-air-quality.csv
2023/7/23,48,guanajuato,san-luis de la paz presidencia municipal-air-quality.csv
2023/7/24,49,guanajuato,san-luis de la paz presidencia municipal-air-quality.csv
2023/7/25,44,guanajuato,san-luis de la paz presidencia municipal-air-quality.csv
2023/7/26,33,guanajuato,san-luis de la paz presidencia municipal-air-quality.csv
2023/7/27,51,guanajuato,san-luis de la paz presidencia municipal-air-quality.csv
2023/7/28,58,guanajuato,san-luis de la paz presidencia municipal-air-quality.csv
2023/7/29,46,guanajuato,san-luis de la paz presidencia municipal-air-quality.csv
2023/7/30,41,guanajuato,san-luis de la paz presidencia municipal-air-quality.csv
2023/7/31,44,guanajuato,san-luis de la paz presidencia municipal-air-quality.csv
2023/8/1,31,guanajuato,san-luis de la paz presidencia municipal-air-quality.csv
2023/8/2,29,guanajuato,san-luis de la paz presidencia municipal-air-quality.csv
2023/8/3,37,guanajuato,san-luis de la paz presidencia municipal-air-quality.csv
2023/8/4,39,guanajuato,san-luis de la paz presidencia municipal-air-quality.csv
2023/8/5,44,guanajuato,san-luis de la paz presidencia municipal-air-quality.csv
2023/8/6,44,guanajuato,san-luis de la paz presidencia municipal-air-quality.csv
2023/8/7,41,guanajuato,san-luis de la paz presidencia municipal-air-quality.csv
2023/8/8,44,guanajuato,san-luis de la paz presidencia municipal-air-quality.csv
2023/8/9,49,guanajuato,san-luis de la paz presidencia municipal-air-quality.csv
2023/8/10,55,guanajuato,san-luis de la paz presidencia municipal-air-quality.csv
2023/8/11,59,guanajuato,san-luis de la paz presidencia municipal-air-quality.csv
2023/8/12,52,guanajuato,san-luis de la paz presidencia municipal-air-quality.csv
2023/8/13,66,guanajuato,san-luis de la paz presidencia municipal-air-quality.csv
2023/8/14,57,guanajuato,san-luis de la paz presidencia municipal-air-quality.csv
2023/8/15,40,guanajuato,san-luis de la paz presidencia municipal-air-quality.csv
2023/8/16,47,guanajuato,san-luis de la paz presidencia municipal-air-quality.csv
2023/8/18,33,guanajuato,san-luis de la paz presidencia municipal-air-quality.csv
2023/8/19,32,guanajuato,san-luis de la paz presidencia municipal-air-quality.csv
2023/8/20,56,guanajuato,san-luis de la paz presidencia municipal-air-quality.csv
2023/8/21,58,guanajuato,san-luis de la paz presidencia municipal-air-quality.csv
2023/8/23,43,guanajuato,san-luis de la paz presidencia municipal-air-quality.csv
2023/8/24,42,guanajuato,san-luis de la paz presidencia municipal-air-quality.csv
2023/8/25,36,guanajuato,san-luis de la paz presidencia municipal-air-quality.csv
2023/8/26,49,guanajuato,san-luis de la paz presidencia municipal-air-quality.csv
2023/8/27,44,guanajuato,san-luis de la paz presidencia municipal-air-quality.csv
2023/8/28,26,guanajuato,san-luis de la paz presidencia municipal-air-quality.csv
2023/8/29,33,guanajuato,san-luis de la paz presidencia municipal-air-quality.csv
2023/8/30,48,guanajuato,san-luis de la paz presidencia municipal-air-quality.csv
2023/8/31,54,guanajuato,san-luis de la paz presidencia municipal-air-quality.csv
2023/9/1,53,guanajuato,san-luis de la paz presidencia municipal-air-quality.csv
2023/9/2,60,guanajuato,san-luis de la paz presidencia municipal-air-quality.csv
2023/9/3,59,guanajuato,san-luis de la paz presidencia municipal-air-quality.csv
2023/9/4,57,guanajuato,san-luis de la paz presidencia municipal-air-quality.csv
2023/9/5,49,guanajuato,san-luis de la paz presidencia municipal-air-quality.csv
2023/9/6,44,guanajuato,san-luis de la paz presidencia municipal-air-quality.csv
2023/9/7,46,guanajuato,san-luis de la paz presidencia municipal-air-quality.csv
2023/9/8,50,guanajuato,san-luis de la paz presidencia municipal-air-quality.csv
2023/9/9,53,guanajuato,san-luis de la paz presidencia municipal-air-quality.csv
2023/9/10,47,guanajuato,san-luis de la paz presidencia municipal-air-quality.csv
2023/9/11,37,guanajuato,san-luis de la paz presidencia municipal-air-quality.csv
2023/9/12,37,guanajuato,san-luis de la paz presidencia municipal-air-quality.csv
2023/9/13,41,guanajuato,san-luis de la paz presidencia municipal-air-quality.csv
2023/9/14,42,guanajuato,san-luis de la paz presidencia municipal-air-quality.csv
2023/9/15,44,guanajuato,san-luis de la paz presidencia municipal-air-quality.csv
2023/9/16,48,guanajuato,san-luis de la paz presidencia municipal-air-quality.csv
2023/9/17,62,guanajuato,san-luis de la paz presidencia municipal-air-quality.csv
2023/9/18,44,guanajuato,san-luis de la paz presidencia municipal-air-quality.csv
2023/9/19,34,guanajuato,san-luis de la paz presidencia municipal-air-quality.csv
2023/9/20,38,guanajuato,san-luis de la paz presidencia municipal-air-quality.csv
2023/9/21,40,guanajuato,san-luis de la paz presidencia municipal-air-quality.csv
2023/9/22,48,guanajuato,san-luis de la paz presidencia municipal-air-quality.csv
2023/9/23,56,guanajuato,san-luis de la paz presidencia municipal-air-quality.csv
2023/9/24,48,guanajuato,san-luis de la paz presidencia municipal-air-quality.csv
2023/9/25,44,guanajuato,san-luis de la paz presidencia municipal-air-quality.csv
2023/9/26,50,guanajuato,san-luis de la paz presidencia municipal-air-quality.csv
2023/9/27,42,guanajuato,san-luis de la paz presidencia municipal-air-quality.csv
2023/9/28,37,guanajuato,san-luis de la paz presidencia municipal-air-quality.csv
2023/9/29,48,guanajuato,san-luis de la paz presidencia municipal-air-quality.csv
2023/9/30,47,guanajuato,san-luis de la paz presidencia municipal-air-quality.csv
2023/10/1,45,guanajuato,san-luis de la paz presidencia municipal-air-quality.csv
2023/4/2,73,guanajuato,san-luis de la paz presidencia municipal-air-quality.csv
2023/4/3,82,guanajuato,san-luis de la paz presidencia municipal-air-quality.csv
2023/4/4,68,guanajuato,san-luis de la paz presidencia municipal-air-quality.csv
2023/4/5,75,guanajuato,san-luis de la paz presidencia municipal-air-quality.csv
2023/4/6,72,guanajuato,san-luis de la paz presidencia municipal-air-quality.csv
2023/4/7,77,guanajuato,san-luis de la paz presidencia municipal-air-quality.csv
2023/4/8,44,guanajuato,san-luis de la paz presidencia municipal-air-quality.csv
2023/4/9,46,guanajuato,san-luis de la paz presidencia municipal-air-quality.csv
2023/4/10,42,guanajuato,san-luis de la paz presidencia municipal-air-quality.csv
2023/4/11,41,guanajuato,san-luis de la paz presidencia municipal-air-quality.csv
2023/4/12,37,guanajuato,san-luis de la paz presidencia municipal-air-quality.csv
2023/4/13,31,guanajuato,san-luis de la paz presidencia municipal-air-quality.csv
2023/4/14,46,guanajuato,san-luis de la paz presidencia municipal-air-quality.csv
2023/4/15,58,guanajuato,san-luis de la paz presidencia municipal-air-quality.csv
2023/4/16,60,guanajuato,san-luis de la paz presidencia municipal-air-quality.csv
2023/4/17,66,guanajuato,san-luis de la paz presidencia municipal-air-quality.csv
2023/4/18,38,guanajuato,san-luis de la paz presidencia municipal-air-quality.csv
2023/4/19,52,guanajuato,san-luis de la paz presidencia municipal-air-quality.csv
2023/4/20,54,guanajuato,san-luis de la paz presidencia municipal-air-quality.csv
2023/4/21,60,guanajuato,san-luis de la paz presidencia municipal-air-quality.csv
2023/4/22,57,guanajuato,san-luis de la paz presidencia municipal-air-quality.csv
2023/4/23,59,guanajuato,san-luis de la paz presidencia municipal-air-quality.csv
2023/4/24,67,guanajuato,san-luis de la paz presidencia municipal-air-quality.csv
2023/4/25,57,guanajuato,san-luis de la paz presidencia municipal-air-quality.csv
2023/4/29,73,guanajuato,san-luis de la paz presidencia municipal-air-quality.csv
2023/4/30,69,guanajuato,san-luis de la paz presidencia municipal-air-quality.csv
2023/5/1,52,guanajuato,san-luis de la paz presidencia municipal-air-quality.csv
2023/5/2,61,guanajuato,san-luis de la paz presidencia municipal-air-quality.csv
2023/5/3,74,guanajuato,san-luis de la paz presidencia municipal-air-quality.csv
2023/5/4,91,guanajuato,san-luis de la paz presidencia municipal-air-quality.csv
2023/5/5,91,guanajuato,san-luis de la paz presidencia municipal-air-quality.csv
2023/5/6,85,guanajuato,san-luis de la paz presidencia municipal-air-quality.csv
2023/5/7,87,guanajuato,san-luis de la paz presidencia municipal-air-quality.csv
2023/5/8,96,guanajuato,san-luis de la paz presidencia municipal-air-quality.csv
2023/5/9,59,guanajuato,san-luis de la paz presidencia municipal-air-quality.csv
2023/5/10,58,guanajuato,san-luis de la paz presidencia municipal-air-quality.csv
2023/5/11,52,guanajuato,san-luis de la paz presidencia municipal-air-quality.csv
2023/5/12,58,guanajuato,san-luis de la paz presidencia municipal-air-quality.csv
2023/5/13,63,guanajuato,san-luis de la paz presidencia municipal-air-quality.csv
2023/5/14,81,guanajuato,san-luis de la paz presidencia municipal-air-quality.csv
2023/5/15,51,guanajuato,san-luis de la paz presidencia municipal-air-quality.csv
2023/5/16,43,guanajuato,san-luis de la paz presidencia municipal-air-quality.csv
2023/5/17,46,guanajuato,san-luis de la paz presidencia municipal-air-quality.csv
2023/5/18,58,guanajuato,san-luis de la paz presidencia municipal-air-quality.csv
2023/5/19,66,guanajuato,san-luis de la paz presidencia municipal-air-quality.csv
2023/5/20,63,guanajuato,san-luis de la paz presidencia municipal-air-quality.csv
2023/5/21,58,guanajuato,san-luis de la paz presidencia municipal-air-quality.csv
2023/5/22,36,guanajuato,san-luis de la paz presidencia municipal-air-quality.csv
2023/5/23,48,guanajuato,san-luis de la paz presidencia municipal-air-quality.csv
2023/5/24,53,guanajuato,san-luis de la paz presidencia municipal-air-quality.csv
2023/5/25,52,guanajuato,san-luis de la paz presidencia municipal-air-quality.csv
2023/5/26,67,guanajuato,san-luis de la paz presidencia municipal-air-quality.csv
2023/5/27,64,guanajuato,san-luis de la paz presidencia municipal-air-quality.csv
2023/5/28,61,guanajuato,san-luis de la paz presidencia municipal-air-quality.csv
2023/5/29,57,guanajuato,san-luis de la paz presidencia municipal-air-quality.csv
2023/5/30,58,guanajuato,san-luis de la paz presidencia municipal-air-quality.csv
2023/5/31,64,guanajuato,san-luis de la paz presidencia municipal-air-quality.csv
2023/6/1,63,guanajuato,san-luis de la paz presidencia municipal-air-quality.csv
2023/6/2,65,guanajuato,san-luis de la paz presidencia municipal-air-quality.csv
2023/6/3,72,guanajuato,san-luis de la paz presidencia municipal-air-quality.csv
2023/6/4,71,guanajuato,san-luis de la paz presidencia municipal-air-quality.csv
2023/6/6,35,guanajuato,san-luis de la paz presidencia municipal-air-quality.csv
2023/6/7,54,guanajuato,san-luis de la paz presidencia municipal-air-quality.csv
2023/6/8,63,guanajuato,san-luis de la paz presidencia municipal-air-quality.csv
2023/6/9,63,guanajuato,san-luis de la paz presidencia municipal-air-quality.csv
2023/6/10,69,guanajuato,san-luis de la paz presidencia municipal-air-quality.csv
2023/6/11,76,guanajuato,san-luis de la paz presidencia municipal-air-quality.csv
2023/6/12,79,guanajuato,san-luis de la paz presidencia municipal-air-quality.csv
2023/6/13,63,guanajuato,san-luis de la paz presidencia municipal-air-quality.csv
2023/6/14,39,guanajuato,san-luis de la paz presidencia municipal-air-quality.csv
2023/6/15,43,guanajuato,san-luis de la paz presidencia municipal-air-quality.csv
2023/6/16,54,guanajuato,san-luis de la paz presidencia municipal-air-quality.csv
2023/6/17,72,guanajuato,san-luis de la paz presidencia municipal-air-quality.csv
2023/6/18,87,guanajuato,san-luis de la paz presidencia municipal-air-quality.csv
2023/6/19,83,guanajuato,san-luis de la paz presidencia municipal-air-quality.csv
2023/6/20,66,guanajuato,san-luis de la paz presidencia municipal-air-quality.csv
2023/6/21,56,guanajuato,san-luis de la paz presidencia municipal-air-quality.csv
2023/6/22,59,guanajuato,san-luis de la paz presidencia municipal-air-quality.csv
2023/6/23,59,guanajuato,san-luis de la paz presidencia municipal-air-quality.csv
2023/6/24,67,guanajuato,san-luis de la paz presidencia municipal-air-quality.csv
2023/6/25,55,guanajuato,san-luis de la paz presidencia municipal-air-quality.csv
2023/6/26,42,guanajuato,san-luis de la paz presidencia municipal-air-quality.csv
2023/6/27,34,guanajuato,san-luis de la paz presidencia municipal-air-quality.csv
2023/6/28,49,guanajuato,san-luis de la paz presidencia municipal-air-quality.csv
2023/6/29,52,guanajuato,san-luis de la paz presidencia municipal-air-quality.csv
2023/6/30,35,guanajuato,san-luis de la paz presidencia municipal-air-quality.csv
2023/7/1,38,guanajuato,san-luis de la paz presidencia municipal-air-quality.csv
2023/2/17,60,guanajuato,san-luis de la paz presidencia municipal-air-quality.csv
2023/3/28,89,guanajuato,san-luis de la paz presidencia municipal-air-quality.csv
2023/3/29,76,guanajuato,san-luis de la paz presidencia municipal-air-quality.csv
2023/3/30,63,guanajuato,san-luis de la paz presidencia municipal-air-quality.csv
2022/10/4,55,guanajuato,san-luis de la paz presidencia municipal-air-quality.csv
2022/10/5,47,guanajuato,san-luis de la paz presidencia municipal-air-quality.csv
2022/10/6,46,guanajuato,san-luis de la paz presidencia municipal-air-quality.csv
2022/10/7,28,guanajuato,san-luis de la paz presidencia municipal-air-quality.csv
2022/10/8,24,guanajuato,san-luis de la paz presidencia municipal-air-quality.csv
2022/10/9,19,guanajuato,san-luis de la paz presidencia municipal-air-quality.csv
2022/11/14,63,guanajuato,san-luis de la paz presidencia municipal-air-quality.csv
2022/11/15,64,guanajuato,san-luis de la paz presidencia municipal-air-quality.csv
2022/11/16,52,guanajuato,san-luis de la paz presidencia municipal-air-quality.csv
2022/11/17,52,guanajuato,san-luis de la paz presidencia municipal-air-quality.csv
2022/11/18,32,guanajuato,san-luis de la paz presidencia municipal-air-quality.csv
2022/11/19,34,guanajuato,san-luis de la paz presidencia municipal-air-quality.csv
2022/11/20,44,guanajuato,san-luis de la paz presidencia municipal-air-quality.csv
2022/11/21,31,guanajuato,san-luis de la paz presidencia municipal-air-quality.csv
2022/11/22,28,guanajuato,san-luis de la paz presidencia municipal-air-quality.csv
2022/11/23,35,guanajuato,san-luis de la paz presidencia municipal-air-quality.csv
2022/11/24,49,guanajuato,san-luis de la paz presidencia municipal-air-quality.csv
2022/11/25,69,guanajuato,san-luis de la paz presidencia municipal-air-quality.csv
2022/11/26,65,guanajuato,san-luis de la paz presidencia municipal-air-quality.csv
2022/11/27,64,guanajuato,san-luis de la paz presidencia municipal-air-quality.csv
2022/11/28,48,guanajuato,san-luis de la paz presidencia municipal-air-quality.csv
2022/11/29,46,guanajuato,san-luis de la paz presidencia municipal-air-quality.csv
2022/11/30,56,guanajuato,san-luis de la paz presidencia municipal-air-quality.csv
2022/12/1,54,guanajuato,san-luis de la paz presidencia municipal-air-quality.csv
2022/12/2,23,guanajuato,san-luis de la paz presidencia municipal-air-quality.csv
2022/12/3,27,guanajuato,san-luis de la paz presidencia municipal-air-quality.csv
2022/12/4,22,guanajuato,san-luis de la paz presidencia municipal-air-quality.csv
2022/12/5,26,guanajuato,san-luis de la paz presidencia municipal-air-quality.csv
2022/12/6,33,guanajuato,san-luis de la paz presidencia municipal-air-quality.csv
2022/12/7,36,guanajuato,san-luis de la paz presidencia municipal-air-quality.csv
2022/12/8,43,guanajuato,san-luis de la paz presidencia municipal-air-quality.csv
2022/12/9,68,guanajuato,san-luis de la paz presidencia municipal-air-quality.csv
2022/12/10,59,guanajuato,san-luis de la paz presidencia municipal-air-quality.csv
2022/12/11,57,guanajuato,san-luis de la paz presidencia municipal-air-quality.csv
2022/12/12,60,guanajuato,san-luis de la paz presidencia municipal-air-quality.csv
2022/12/13,62,guanajuato,san-luis de la paz presidencia municipal-air-quality.csv
2022/12/14,76,guanajuato,san-luis de la paz presidencia municipal-air-quality.csv
2022/12/15,70,guanajuato,san-luis de la paz presidencia municipal-air-quality.csv
2022/12/16,67,guanajuato,san-luis de la paz presidencia municipal-air-quality.csv
2022/12/17,84,guanajuato,san-luis de la paz presidencia municipal-air-quality.csv
2022/12/18,70,guanajuato,san-luis de la paz presidencia municipal-air-quality.csv
2022/12/19,65,guanajuato,san-luis de la paz presidencia municipal-air-quality.csv
2022/12/20,58,guanajuato,san-luis de la paz presidencia municipal-air-quality.csv
2022/12/21,54,guanajuato,san-luis de la paz presidencia municipal-air-quality.csv
2022/12/22,58,guanajuato,san-luis de la paz presidencia municipal-air-quality.csv
2022/12/23,82,guanajuato,san-luis de la paz presidencia municipal-air-quality.csv
2022/8/6,70,guanajuato,san-luis de la paz presidencia municipal-air-quality.csv
2022/8/9,30,guanajuato,san-luis de la paz presidencia municipal-air-quality.csv
2022/9/13,46,guanajuato,san-luis de la paz presidencia municipal-air-quality.csv
2022/9/15,41,guanajuato,san-luis de la paz presidencia municipal-air-quality.csv
2022/9/16,25,guanajuato,san-luis de la paz presidencia municipal-air-quality.csv
2022/9/17,20,guanajuato,san-luis de la paz presidencia municipal-air-quality.csv
2022/9/18,19,guanajuato,san-luis de la paz presidencia municipal-air-quality.csv
2022/9/19,22,guanajuato,san-luis de la paz presidencia municipal-air-quality.csv
2022/9/20,27,guanajuato,san-luis de la paz presidencia municipal-air-quality.csv
2022/9/21,29,guanajuato,san-luis de la paz presidencia municipal-air-quality.csv
2022/9/22,30,guanajuato,san-luis de la paz presidencia municipal-air-quality.csv
2022/9/23,41,guanajuato,san-luis de la paz presidencia municipal-air-quality.csv
2022/9/24,26,guanajuato,san-luis de la paz presidencia municipal-air-quality.csv
2022/9/25,43,guanajuato,san-luis de la paz presidencia municipal-air-quality.csv
2022/4/2,77,guanajuato,san-luis de la paz presidencia municipal-air-quality.csv
2022/4/3,62,guanajuato,san-luis de la paz presidencia municipal-air-quality.csv
2022/4/4,68,guanajuato,san-luis de la paz presidencia municipal-air-quality.csv
2022/4/5,66,guanajuato,san-luis de la paz presidencia municipal-air-quality.csv
2022/4/6,68,guanajuato,san-luis de la paz presidencia municipal-air-quality.csv
2022/4/7,74,guanajuato,san-luis de la paz presidencia municipal-air-quality.csv
2022/4/8,75,guanajuato,san-luis de la paz presidencia municipal-air-quality.csv
2022/4/9,59,guanajuato,san-luis de la paz presidencia municipal-air-quality.csv
2022/4/10,53,guanajuato,san-luis de la paz presidencia municipal-air-quality.csv
2022/4/11,68,guanajuato,san-luis de la paz presidencia municipal-air-quality.csv
2022/4/12,54,guanajuato,san-luis de la paz presidencia municipal-air-quality.csv
2022/4/13,67,guanajuato,san-luis de la paz presidencia municipal-air-quality.csv
2022/4/14,75,guanajuato,san-luis de la paz presidencia municipal-air-quality.csv
2022/4/15,73,guanajuato,san-luis de la paz presidencia municipal-air-quality.csv
2022/4/16,87,guanajuato,san-luis de la paz presidencia municipal-air-quality.csv
2022/4/17,58,guanajuato,san-luis de la paz presidencia municipal-air-quality.csv
2022/4/18,65,guanajuato,san-luis de la paz presidencia municipal-air-quality.csv
2022/4/19,76,guanajuato,san-luis de la paz presidencia municipal-air-quality.csv
2022/4/20,67,guanajuato,san-luis de la paz presidencia municipal-air-quality.csv
2022/4/21,64,guanajuato,san-luis de la paz presidencia municipal-air-quality.csv
2022/4/22,73,guanajuato,san-luis de la paz presidencia municipal-air-quality.csv
2022/4/23,43,guanajuato,san-luis de la paz presidencia municipal-air-quality.csv
2022/4/24,68,guanajuato,san-luis de la paz presidencia municipal-air-quality.csv
2022/4/25,65,guanajuato,san-luis de la paz presidencia municipal-air-quality.csv
2022/4/26,68,guanajuato,san-luis de la paz presidencia municipal-air-quality.csv
2022/4/27,45,guanajuato,san-luis de la paz presidencia municipal-air-quality.csv
2022/4/28,24,guanajuato,san-luis de la paz presidencia municipal-air-quality.csv
2022/4/29,40,guanajuato,san-luis de la paz presidencia municipal-air-quality.csv
2022/4/30,54,guanajuato,san-luis de la paz presidencia municipal-air-quality.csv
2022/5/1,68,guanajuato,san-luis de la paz presidencia municipal-air-quality.csv
2022/5/2,70,guanajuato,san-luis de la paz presidencia municipal-air-quality.csv
2022/5/3,86,guanajuato,san-luis de la paz presidencia municipal-air-quality.csv
2022/5/4,84,guanajuato,san-luis de la paz presidencia municipal-air-quality.csv
2022/5/5,77,guanajuato,san-luis de la paz presidencia municipal-air-quality.csv
2022/5/6,82,guanajuato,san-luis de la paz presidencia municipal-air-quality.csv
2022/5/7,78,guanajuato,san-luis de la paz presidencia municipal-air-quality.csv
2022/5/8,87,guanajuato,san-luis de la paz presidencia municipal-air-quality.csv
2022/5/9,79,guanajuato,san-luis de la paz presidencia municipal-air-quality.csv
2022/5/10,74,guanajuato,san-luis de la paz presidencia municipal-air-quality.csv
2022/5/11,89,guanajuato,san-luis de la paz presidencia municipal-air-quality.csv
2022/5/12,69,guanajuato,san-luis de la paz presidencia municipal-air-quality.csv
2022/5/13,54,guanajuato,san-luis de la paz presidencia municipal-air-quality.csv
2022/5/14,55,guanajuato,san-luis de la paz presidencia municipal-air-quality.csv
2022/5/15,54,guanajuato,san-luis de la paz presidencia municipal-air-quality.csv
2022/5/16,55,guanajuato,san-luis de la paz presidencia municipal-air-quality.csv
2022/5/17,50,guanajuato,san-luis de la paz presidencia municipal-air-quality.csv
2022/5/18,61,guanajuato,san-luis de la paz presidencia municipal-air-quality.csv
2022/5/19,61,guanajuato,san-luis de la paz presidencia municipal-air-quality.csv
2022/5/20,53,guanajuato,san-luis de la paz presidencia municipal-air-quality.csv
2022/5/21,76,guanajuato,san-luis de la paz presidencia municipal-air-quality.csv
2022/5/22,79,guanajuato,san-luis de la paz presidencia municipal-air-quality.csv
2022/5/23,98,guanajuato,san-luis de la paz presidencia municipal-air-quality.csv
2022/5/24,91,guanajuato,san-luis de la paz presidencia municipal-air-quality.csv
2022/5/25,70,guanajuato,san-luis de la paz presidencia municipal-air-quality.csv
2022/5/26,78,guanajuato,san-luis de la paz presidencia municipal-air-quality.csv
2022/5/27,92,guanajuato,san-luis de la paz presidencia municipal-air-quality.csv
2022/5/30,58,guanajuato,san-luis de la paz presidencia municipal-air-quality.csv
2022/5/31,57,guanajuato,san-luis de la paz presidencia municipal-air-quality.csv
2022/6/17,61,guanajuato,san-luis de la paz presidencia municipal-air-quality.csv
2022/1/12,29,guanajuato,san-luis de la paz presidencia municipal-air-quality.csv
2022/1/13,35,guanajuato,san-luis de la paz presidencia municipal-air-quality.csv
2022/1/14,37,guanajuato,san-luis de la paz presidencia municipal-air-quality.csv
2022/1/15,53,guanajuato,san-luis de la paz presidencia municipal-air-quality.csv
2022/1/16,63,guanajuato,san-luis de la paz presidencia municipal-air-quality.csv
2022/1/17,59,guanajuato,san-luis de la paz presidencia municipal-air-quality.csv
2022/1/18,58,guanajuato,san-luis de la paz presidencia municipal-air-quality.csv
2022/1/19,58,guanajuato,san-luis de la paz presidencia municipal-air-quality.csv
2022/1/20,61,guanajuato,san-luis de la paz presidencia municipal-air-quality.csv
2022/1/21,56,guanajuato,san-luis de la paz presidencia municipal-air-quality.csv
2022/1/22,68,guanajuato,san-luis de la paz presidencia municipal-air-quality.csv
2022/1/23,49,guanajuato,san-luis de la paz presidencia municipal-air-quality.csv
2022/1/24,53,guanajuato,san-luis de la paz presidencia municipal-air-quality.csv
2022/1/25,51,guanajuato,san-luis de la paz presidencia municipal-air-quality.csv
2022/1/26,54,guanajuato,san-luis de la paz presidencia municipal-air-quality.csv
2022/1/27,55,guanajuato,san-luis de la paz presidencia municipal-air-quality.csv
2022/1/28,57,guanajuato,san-luis de la paz presidencia municipal-air-quality.csv
2022/1/29,34,guanajuato,san-luis de la paz presidencia municipal-air-quality.csv
2022/1/30,34,guanajuato,san-luis de la paz presidencia municipal-air-quality.csv
2022/2/2,61,guanajuato,san-luis de la paz presidencia municipal-air-quality.csv
2022/2/3,57,guanajuato,san-luis de la paz presidencia municipal-air-quality.csv
2022/2/4,63,guanajuato,san-luis de la paz presidencia municipal-air-quality.csv
2022/2/5,57,guanajuato,san-luis de la paz presidencia municipal-air-quality.csv
2022/2/6,37,guanajuato,san-luis de la paz presidencia municipal-air-quality.csv
2022/2/7,54,guanajuato,san-luis de la paz presidencia municipal-air-quality.csv
2022/2/8,48,guanajuato,san-luis de la paz presidencia municipal-air-quality.csv
2022/2/9,30,guanajuato,san-luis de la paz presidencia municipal-air-quality.csv
2022/2/10,51,guanajuato,san-luis de la paz presidencia municipal-air-quality.csv
2022/2/11,47,guanajuato,san-luis de la paz presidencia municipal-air-quality.csv
2022/2/12,62,guanajuato,san-luis de la paz presidencia municipal-air-quality.csv
2022/2/13,58,guanajuato,san-luis de la paz presidencia municipal-air-quality.csv
2022/2/14,36,guanajuato,san-luis de la paz presidencia municipal-air-quality.csv
2022/2/15,36,guanajuato,san-luis de la paz presidencia municipal-air-quality.csv
2022/2/16,45,guanajuato,san-luis de la paz presidencia municipal-air-quality.csv
2022/2/17,43,guanajuato,san-luis de la paz presidencia municipal-air-quality.csv
2022/2/18,58,guanajuato,san-luis de la paz presidencia municipal-air-quality.csv
2022/2/19,55,guanajuato,san-luis de la paz presidencia municipal-air-quality.csv
2022/2/20,44,guanajuato,san-luis de la paz presidencia municipal-air-quality.csv
2022/2/21,51,guanajuato,san-luis de la paz presidencia municipal-air-quality.csv
2022/2/22,59,guanajuato,san-luis de la paz presidencia municipal-air-quality.csv
2022/2/24,50,guanajuato,san-luis de la paz presidencia municipal-air-quality.csv
2022/2/25,73,guanajuato,san-luis de la paz presidencia municipal-air-quality.csv
2022/2/26,58,guanajuato,san-luis de la paz presidencia municipal-air-quality.csv
2022/2/27,42,guanajuato,san-luis de la paz presidencia municipal-air-quality.csv
2022/2/28,40,guanajuato,san-luis de la paz presidencia municipal-air-quality.csv
2022/3/1,36,guanajuato,san-luis de la paz presidencia municipal-air-quality.csv
2022/3/2,36,guanajuato,san-luis de la paz presidencia municipal-air-quality.csv
2022/3/3,34,guanajuato,san-luis de la paz presidencia municipal-air-quality.csv
2022/3/10,63,guanajuato,san-luis de la paz presidencia municipal-air-quality.csv
2022/3/11,56,guanajuato,san-luis de la paz presidencia municipal-air-quality.csv
2022/3/12,55,guanajuato,san-luis de la paz presidencia municipal-air-quality.csv
2022/3/13,54,guanajuato,san-luis de la paz presidencia municipal-air-quality.csv
2022/3/14,66,guanajuato,san-luis de la paz presidencia municipal-air-quality.csv
2022/3/15,55,guanajuato,san-luis de la paz presidencia municipal-air-quality.csv
2022/3/16,26,guanajuato,san-luis de la paz presidencia municipal-air-quality.csv
2022/3/20,59,guanajuato,san-luis de la paz presidencia municipal-air-quality.csv
2022/3/21,55,guanajuato,san-luis de la paz presidencia municipal-air-quality.csv
2022/3/22,60,guanajuato,san-luis de la paz presidencia municipal-air-quality.csv
2022/3/23,59,guanajuato,san-luis de la paz presidencia municipal-air-quality.csv
2022/3/24,61,guanajuato,san-luis de la paz presidencia municipal-air-quality.csv
2022/3/25,46,guanajuato,san-luis de la paz presidencia municipal-air-quality.csv
2022/3/26,50,guanajuato,san-luis de la paz presidencia municipal-air-quality.csv
2022/3/27,43,guanajuato,san-luis de la paz presidencia municipal-air-quality.csv
2022/3/28,49,guanajuato,san-luis de la paz presidencia municipal-air-quality.csv
2022/3/29,61,guanajuato,san-luis de la paz presidencia municipal-air-quality.csv
2022/3/30,71,guanajuato,san-luis de la paz presidencia municipal-air-quality.csv
2022/3/31,65,guanajuato,san-luis de la paz presidencia municipal-air-quality.csv
2022/4/1,54,guanajuato,san-luis de la paz presidencia municipal-air-quality.csv
2021/10/18,5,guanajuato,san-luis de la paz presidencia municipal-air-quality.csv
2021/10/19,22,guanajuato,san-luis de la paz presidencia municipal-air-quality.csv
2021/10/20,15,guanajuato,san-luis de la paz presidencia municipal-air-quality.csv
2021/10/21,18,guanajuato,san-luis de la paz presidencia municipal-air-quality.csv
2021/10/27,34,guanajuato,san-luis de la paz presidencia municipal-air-quality.csv
2021/10/28,51,guanajuato,san-luis de la paz presidencia municipal-air-quality.csv
2021/10/29,49,guanajuato,san-luis de la paz presidencia municipal-air-quality.csv
2021/10/30,42,guanajuato,san-luis de la paz presidencia municipal-air-quality.csv
2021/11/4,35,guanajuato,san-luis de la paz presidencia municipal-air-quality.csv
2021/11/5,49,guanajuato,san-luis de la paz presidencia municipal-air-quality.csv
2021/11/6,37,guanajuato,san-luis de la paz presidencia municipal-air-quality.csv
2021/11/7,38,guanajuato,san-luis de la paz presidencia municipal-air-quality.csv
2021/11/8,35,guanajuato,san-luis de la paz presidencia municipal-air-quality.csv
2021/11/17,26,guanajuato,san-luis de la paz presidencia municipal-air-quality.csv
2021/11/18,52,guanajuato,san-luis de la paz presidencia municipal-air-quality.csv
2021/11/19,50,guanajuato,san-luis de la paz presidencia municipal-air-quality.csv
2021/11/20,25,guanajuato,san-luis de la paz presidencia municipal-air-quality.csv
2021/11/21,19,guanajuato,san-luis de la paz presidencia municipal-air-quality.csv
2021/11/22,42,guanajuato,san-luis de la paz presidencia municipal-air-quality.csv
2021/11/23,37,guanajuato,san-luis de la paz presidencia municipal-air-quality.csv
2021/11/24,34,guanajuato,san-luis de la paz presidencia municipal-air-quality.csv
2021/11/25,51,guanajuato,san-luis de la paz presidencia municipal-air-quality.csv
2021/11/26,52,guanajuato,san-luis de la paz presidencia municipal-air-quality.csv
2021/11/27,51,guanajuato,san-luis de la paz presidencia municipal-air-quality.csv
2021/11/28,48,guanajuato,san-luis de la paz presidencia municipal-air-quality.csv
2021/11/29,57,guanajuato,san-luis de la paz presidencia municipal-air-quality.csv
2021/11/30,44,guanajuato,san-luis de la paz presidencia municipal-air-quality.csv
2021/12/1,58,guanajuato,san-luis de la paz presidencia municipal-air-quality.csv
2021/12/2,42,guanajuato,san-luis de la paz presidencia municipal-air-quality.csv
2021/12/3,36,guanajuato,san-luis de la paz presidencia municipal-air-quality.csv
2021/12/4,40,guanajuato,san-luis de la paz presidencia municipal-air-quality.csv
2021/12/5,41,guanajuato,san-luis de la paz presidencia municipal-air-quality.csv
2021/12/6,51,guanajuato,san-luis de la paz presidencia municipal-air-quality.csv
2021/12/7,69,guanajuato,san-luis de la paz presidencia municipal-air-quality.csv
2021/12/8,69,guanajuato,san-luis de la paz presidencia municipal-air-quality.csv
2021/12/9,83,guanajuato,san-luis de la paz presidencia municipal-air-quality.csv
2021/12/10,69,guanajuato,san-luis de la paz presidencia municipal-air-quality.csv
2021/12/11,66,guanajuato,san-luis de la paz presidencia municipal-air-quality.csv
2021/12/12,57,guanajuato,san-luis de la paz presidencia municipal-air-quality.csv
2021/12/13,56,guanajuato,san-luis de la paz presidencia municipal-air-quality.csv
2021/12/14,44,guanajuato,san-luis de la paz presidencia municipal-air-quality.csv
2021/12/15,43,guanajuato,san-luis de la paz presidencia municipal-air-quality.csv
2021/12/16,54,guanajuato,san-luis de la paz presidencia municipal-air-quality.csv
2021/12/17,47,guanajuato,san-luis de la paz presidencia municipal-air-quality.csv
2021/12/18,86,guanajuato,san-luis de la paz presidencia municipal-air-quality.csv
2021/12/19,82,guanajuato,san-luis de la paz presidencia municipal-air-quality.csv
2021/12/20,61,guanajuato,san-luis de la paz presidencia municipal-air-quality.csv
2021/12/21,49,guanajuato,san-luis de la paz presidencia municipal-air-quality.csv
2021/12/22,42,guanajuato,san-luis de la paz presidencia municipal-air-quality.csv
2021/12/23,49,guanajuato,san-luis de la paz presidencia municipal-air-quality.csv
2021/12/24,46,guanajuato,san-luis de la paz presidencia municipal-air-quality.csv
2021/12/25,57,guanajuato,san-luis de la paz presidencia municipal-air-quality.csv
2021/12/26,50,guanajuato,san-luis de la paz presidencia municipal-air-quality.csv
2021/12/27,43,guanajuato,san-luis de la paz presidencia municipal-air-quality.csv
2021/12/28,64,guanajuato,san-luis de la paz presidencia municipal-air-quality.csv
2021/12/29,80,guanajuato,san-luis de la paz presidencia municipal-air-quality.csv
2021/12/30,78,guanajuato,san-luis de la paz presidencia municipal-air-quality.csv
2021/12/31,74,guanajuato,san-luis de la paz presidencia municipal-air-quality.csv
2022/1/1,68,guanajuato,san-luis de la paz presidencia municipal-air-quality.csv
2021/7/2,9,guanajuato,san-luis de la paz presidencia municipal-air-quality.csv
2021/7/3,27,guanajuato,san-luis de la paz presidencia municipal-air-quality.csv
2021/7/4,35,guanajuato,san-luis de la paz presidencia municipal-air-quality.csv
2021/7/5,29,guanajuato,san-luis de la paz presidencia municipal-air-quality.csv
2021/7/6,22,guanajuato,san-luis de la paz presidencia municipal-air-quality.csv
2021/7/7,39,guanajuato,san-luis de la paz presidencia municipal-air-quality.csv
2021/7/22,39,guanajuato,san-luis de la paz presidencia municipal-air-quality.csv
2021/7/23,30,guanajuato,san-luis de la paz presidencia municipal-air-quality.csv
2021/7/24,54,guanajuato,san-luis de la paz presidencia municipal-air-quality.csv
2021/7/25,54,guanajuato,san-luis de la paz presidencia municipal-air-quality.csv
2021/7/26,50,guanajuato,san-luis de la paz presidencia municipal-air-quality.csv
2021/7/27,35,guanajuato,san-luis de la paz presidencia municipal-air-quality.csv
2021/7/28,28,guanajuato,san-luis de la paz presidencia municipal-air-quality.csv
2021/7/29,35,guanajuato,san-luis de la paz presidencia municipal-air-quality.csv
2021/7/30,30,guanajuato,san-luis de la paz presidencia municipal-air-quality.csv
2021/8/3,33,guanajuato,san-luis de la paz presidencia municipal-air-quality.csv
2021/8/4,38,guanajuato,san-luis de la paz presidencia municipal-air-quality.csv
2021/8/16,10,guanajuato,san-luis de la paz presidencia municipal-air-quality.csv
2021/8/17,19,guanajuato,san-luis de la paz presidencia municipal-air-quality.csv
2021/8/18,24,guanajuato,san-luis de la paz presidencia municipal-air-quality.csv
2021/8/19,30,guanajuato,san-luis de la paz presidencia municipal-air-quality.csv
2021/8/20,44,guanajuato,san-luis de la paz presidencia municipal-air-quality.csv
2021/8/21,28,guanajuato,san-luis de la paz presidencia municipal-air-quality.csv
2021/8/22,17,guanajuato,san-luis de la paz presidencia municipal-air-quality.csv
2021/8/23,13,guanajuato,san-luis de la paz presidencia municipal-air-quality.csv
2021/8/24,34,guanajuato,san-luis de la paz presidencia municipal-air-quality.csv
2021/8/25,36,guanajuato,san-luis de la paz presidencia municipal-air-quality.csv
2021/8/26,26,guanajuato,san-luis de la paz presidencia municipal-air-quality.csv
2021/8/27,42,guanajuato,san-luis de la paz presidencia municipal-air-quality.csv
2021/8/28,52,guanajuato,san-luis de la paz presidencia municipal-air-quality.csv
2021/8/29,43,guanajuato,san-luis de la paz presidencia municipal-air-quality.csv
2021/8/30,31,guanajuato,san-luis de la paz presidencia municipal-air-quality.csv
2021/8/31,17,guanajuato,san-luis de la paz presidencia municipal-air-quality.csv
2021/9/1,21,guanajuato,san-luis de la paz presidencia municipal-air-quality.csv
2021/9/3,39,guanajuato,san-luis de la paz presidencia municipal-air-quality.csv
2021/9/9,17,guanajuato,san-luis de la paz presidencia municipal-air-quality.csv
2021/9/10,35,guanajuato,san-luis de la paz presidencia municipal-air-quality.csv
2021/9/11,25,guanajuato,san-luis de la paz presidencia municipal-air-quality.csv
2021/9/12,19,guanajuato,san-luis de la paz presidencia municipal-air-quality.csv
2021/9/13,8,guanajuato,san-luis de la paz presidencia municipal-air-quality.csv
2021/9/14,15,guanajuato,san-luis de la paz presidencia municipal-air-quality.csv
2021/9/15,18,guanajuato,san-luis de la paz presidencia municipal-air-quality.csv
2021/9/16,31,guanajuato,san-luis de la paz presidencia municipal-air-quality.csv
2021/9/17,36,guanajuato,san-luis de la paz presidencia municipal-air-quality.csv
2021/9/18,35,guanajuato,san-luis de la paz presidencia municipal-air-quality.csv
2021/9/19,24,guanajuato,san-luis de la paz presidencia municipal-air-quality.csv
2021/9/20,30,guanajuato,san-luis de la paz presidencia municipal-air-quality.csv
2021/9/21,20,guanajuato,san-luis de la paz presidencia municipal-air-quality.csv
2021/9/22,44,guanajuato,san-luis de la paz presidencia municipal-air-quality.csv
2021/4/2,32,guanajuato,san-luis de la paz presidencia municipal-air-quality.csv
2021/4/3,10,guanajuato,san-luis de la paz presidencia municipal-air-quality.csv
2021/4/4,15,guanajuato,san-luis de la paz presidencia municipal-air-quality.csv
2021/4/5,22,guanajuato,san-luis de la paz presidencia municipal-air-quality.csv
2021/4/6,26,guanajuato,san-luis de la paz presidencia municipal-air-quality.csv
2021/4/7,42,guanajuato,san-luis de la paz presidencia municipal-air-quality.csv
2021/4/8,51,guanajuato,san-luis de la paz presidencia municipal-air-quality.csv
2021/4/9,54,guanajuato,san-luis de la paz presidencia municipal-air-quality.csv
2021/4/10,74,guanajuato,san-luis de la paz presidencia municipal-air-quality.csv
2021/4/11,66,guanajuato,san-luis de la paz presidencia municipal-air-quality.csv
2021/4/12,69,guanajuato,san-luis de la paz presidencia municipal-air-quality.csv
2021/4/13,75,guanajuato,san-luis de la paz presidencia municipal-air-quality.csv
2021/4/14,66,guanajuato,san-luis de la paz presidencia municipal-air-quality.csv
2021/4/15,67,guanajuato,san-luis de la paz presidencia municipal-air-quality.csv
2021/4/16,59,guanajuato,san-luis de la paz presidencia municipal-air-quality.csv
2021/4/17,75,guanajuato,san-luis de la paz presidencia municipal-air-quality.csv
2021/4/18,92,guanajuato,san-luis de la paz presidencia municipal-air-quality.csv
2021/4/19,65,guanajuato,san-luis de la paz presidencia municipal-air-quality.csv
2021/4/20,50,guanajuato,san-luis de la paz presidencia municipal-air-quality.csv
2021/4/21,45,guanajuato,san-luis de la paz presidencia municipal-air-quality.csv
2021/4/22,46,guanajuato,san-luis de la paz presidencia municipal-air-quality.csv
2021/4/23,60,guanajuato,san-luis de la paz presidencia municipal-air-quality.csv
2021/4/24,89,guanajuato,san-luis de la paz presidencia municipal-air-quality.csv
2021/4/25,87,guanajuato,san-luis de la paz presidencia municipal-air-quality.csv
2021/4/26,70,guanajuato,san-luis de la paz presidencia municipal-air-quality.csv
2021/4/27,75,guanajuato,san-luis de la paz presidencia municipal-air-quality.csv
2021/4/28,74,guanajuato,san-luis de la paz presidencia municipal-air-quality.csv
2021/4/29,83,guanajuato,san-luis de la paz presidencia municipal-air-quality.csv
2021/4/30,77,guanajuato,san-luis de la paz presidencia municipal-air-quality.csv
2021/5/1,63,guanajuato,san-luis de la paz presidencia municipal-air-quality.csv
2021/5/2,62,guanajuato,san-luis de la paz presidencia municipal-air-quality.csv
2021/5/7,67,guanajuato,san-luis de la paz presidencia municipal-air-quality.csv
2021/5/8,57,guanajuato,san-luis de la paz presidencia municipal-air-quality.csv
2021/5/12,57,guanajuato,san-luis de la paz presidencia municipal-air-quality.csv
2021/5/13,40,guanajuato,san-luis de la paz presidencia municipal-air-quality.csv
2021/5/14,16,guanajuato,san-luis de la paz presidencia municipal-air-quality.csv
2021/5/15,12,guanajuato,san-luis de la paz presidencia municipal-air-quality.csv
2021/5/16,22,guanajuato,san-luis de la paz presidencia municipal-air-quality.csv
2021/5/17,31,guanajuato,san-luis de la paz presidencia municipal-air-quality.csv
2021/5/18,52,guanajuato,san-luis de la paz presidencia municipal-air-quality.csv
2021/5/19,43,guanajuato,san-luis de la paz presidencia municipal-air-quality.csv
2021/5/20,56,guanajuato,san-luis de la paz presidencia municipal-air-quality.csv
2021/5/21,49,guanajuato,san-luis de la paz presidencia municipal-air-quality.csv
2021/5/22,51,guanajuato,san-luis de la paz presidencia municipal-air-quality.csv
2021/5/23,56,guanajuato,san-luis de la paz presidencia municipal-air-quality.csv
2021/5/24,54,guanajuato,san-luis de la paz presidencia municipal-air-quality.csv
2021/5/25,41,guanajuato,san-luis de la paz presidencia municipal-air-quality.csv
2021/5/26,52,guanajuato,san-luis de la paz presidencia municipal-air-quality.csv
2021/5/27,47,guanajuato,san-luis de la paz presidencia municipal-air-quality.csv
2021/5/28,44,guanajuato,san-luis de la paz presidencia municipal-air-quality.csv
2021/5/29,48,guanajuato,san-luis de la paz presidencia municipal-air-quality.csv
2021/5/30,66,guanajuato,san-luis de la paz presidencia municipal-air-quality.csv
2021/5/31,50,guanajuato,san-luis de la paz presidencia municipal-air-quality.csv
2021/6/1,64,guanajuato,san-luis de la paz presidencia municipal-air-quality.csv
2021/6/2,60,guanajuato,san-luis de la paz presidencia municipal-air-quality.csv
2021/6/3,21,guanajuato,san-luis de la paz presidencia municipal-air-quality.csv
2021/6/4,27,guanajuato,san-luis de la paz presidencia municipal-air-quality.csv
2021/6/5,34,guanajuato,san-luis de la paz presidencia municipal-air-quality.csv
2021/6/6,37,guanajuato,san-luis de la paz presidencia municipal-air-quality.csv
2021/6/7,30,guanajuato,san-luis de la paz presidencia municipal-air-quality.csv
2021/6/8,32,guanajuato,san-luis de la paz presidencia municipal-air-quality.csv
2021/6/9,50,guanajuato,san-luis de la paz presidencia municipal-air-quality.csv
2021/6/10,65,guanajuato,san-luis de la paz presidencia municipal-air-quality.csv
2021/6/11,40,guanajuato,san-luis de la paz presidencia municipal-air-quality.csv
2021/6/12,22,guanajuato,san-luis de la paz presidencia municipal-air-quality.csv
2021/6/13,17,guanajuato,san-luis de la paz presidencia municipal-air-quality.csv
2021/6/14,13,guanajuato,san-luis de la paz presidencia municipal-air-quality.csv
2021/6/15,13,guanajuato,san-luis de la paz presidencia municipal-air-quality.csv
2021/6/16,24,guanajuato,san-luis de la paz presidencia municipal-air-quality.csv
2021/6/17,23,guanajuato,san-luis de la paz presidencia municipal-air-quality.csv
2021/6/18,14,guanajuato,san-luis de la paz presidencia municipal-air-quality.csv
2021/6/19,12,guanajuato,san-luis de la paz presidencia municipal-air-quality.csv
2021/6/20,29,guanajuato,san-luis de la paz presidencia municipal-air-quality.csv
2021/6/21,29,guanajuato,san-luis de la paz presidencia municipal-air-quality.csv
2021/6/22,36,guanajuato,san-luis de la paz presidencia municipal-air-quality.csv
2021/6/23,24,guanajuato,san-luis de la paz presidencia municipal-air-quality.csv
2021/6/24,36,guanajuato,san-luis de la paz presidencia municipal-air-quality.csv
2021/6/25,36,guanajuato,san-luis de la paz presidencia municipal-air-quality.csv
2021/6/26,45,guanajuato,san-luis de la paz presidencia municipal-air-quality.csv
2021/6/27,35,guanajuato,san-luis de la paz presidencia municipal-air-quality.csv
2021/6/30,20,guanajuato,san-luis de la paz presidencia municipal-air-quality.csv
2021/7/1,21,guanajuato,san-luis de la paz presidencia municipal-air-quality.csv
2021/1/5,44,guanajuato,san-luis de la paz presidencia municipal-air-quality.csv
2021/1/6,41,guanajuato,san-luis de la paz presidencia municipal-air-quality.csv
2021/1/7,47,guanajuato,san-luis de la paz presidencia municipal-air-quality.csv
2021/1/8,49,guanajuato,san-luis de la paz presidencia municipal-air-quality.csv
2021/1/9,42,guanajuato,san-luis de la paz presidencia municipal-air-quality.csv
2021/1/10,45,guanajuato,san-luis de la paz presidencia municipal-air-quality.csv
2021/1/11,44,guanajuato,san-luis de la paz presidencia municipal-air-quality.csv
2021/1/12,41,guanajuato,san-luis de la paz presidencia municipal-air-quality.csv
2021/1/13,27,guanajuato,san-luis de la paz presidencia municipal-air-quality.csv
2021/1/14,30,guanajuato,san-luis de la paz presidencia municipal-air-quality.csv
2021/1/15,52,guanajuato,san-luis de la paz presidencia municipal-air-quality.csv
2021/1/16,40,guanajuato,san-luis de la paz presidencia municipal-air-quality.csv
2021/1/17,42,guanajuato,san-luis de la paz presidencia municipal-air-quality.csv
2021/1/18,40,guanajuato,san-luis de la paz presidencia municipal-air-quality.csv
2021/1/19,40,guanajuato,san-luis de la paz presidencia municipal-air-quality.csv
2021/1/20,46,guanajuato,san-luis de la paz presidencia municipal-air-quality.csv
2021/1/21,51,guanajuato,san-luis de la paz presidencia municipal-air-quality.csv
2021/1/22,48,guanajuato,san-luis de la paz presidencia municipal-air-quality.csv
2021/1/23,64,guanajuato,san-luis de la paz presidencia municipal-air-quality.csv
2021/1/24,60,guanajuato,san-luis de la paz presidencia municipal-air-quality.csv
2021/1/25,63,guanajuato,san-luis de la paz presidencia municipal-air-quality.csv
2021/1/26,52,guanajuato,san-luis de la paz presidencia municipal-air-quality.csv
2021/1/27,52,guanajuato,san-luis de la paz presidencia municipal-air-quality.csv
2021/1/28,44,guanajuato,san-luis de la paz presidencia municipal-air-quality.csv
2021/1/29,27,guanajuato,san-luis de la paz presidencia municipal-air-quality.csv
2021/1/30,31,guanajuato,san-luis de la paz presidencia municipal-air-quality.csv
2021/1/31,46,guanajuato,san-luis de la paz presidencia municipal-air-quality.csv
2021/2/1,41,guanajuato,san-luis de la paz presidencia municipal-air-quality.csv
2021/2/2,25,guanajuato,san-luis de la paz presidencia municipal-air-quality.csv
2021/2/3,30,guanajuato,san-luis de la paz presidencia municipal-air-quality.csv
2021/2/4,32,guanajuato,san-luis de la paz presidencia municipal-air-quality.csv
2021/2/5,55,guanajuato,san-luis de la paz presidencia municipal-air-quality.csv
2021/2/6,64,guanajuato,san-luis de la paz presidencia municipal-air-quality.csv
2021/2/7,61,guanajuato,san-luis de la paz presidencia municipal-air-quality.csv
2021/2/8,69,guanajuato,san-luis de la paz presidencia municipal-air-quality.csv
2021/2/9,57,guanajuato,san-luis de la paz presidencia municipal-air-quality.csv
2021/2/10,53,guanajuato,san-luis de la paz presidencia municipal-air-quality.csv
2021/2/11,64,guanajuato,san-luis de la paz presidencia municipal-air-quality.csv
2021/2/12,62,guanajuato,san-luis de la paz presidencia municipal-air-quality.csv
2021/2/13,45,guanajuato,san-luis de la paz presidencia municipal-air-quality.csv
2021/2/14,44,guanajuato,san-luis de la paz presidencia municipal-air-quality.csv
2021/2/15,45,guanajuato,san-luis de la paz presidencia municipal-air-quality.csv
2021/2/16,36,guanajuato,san-luis de la paz presidencia municipal-air-quality.csv
2021/2/17,46,guanajuato,san-luis de la paz presidencia municipal-air-quality.csv
2021/2/18,46,guanajuato,san-luis de la paz presidencia municipal-air-quality.csv
2021/2/19,48,guanajuato,san-luis de la paz presidencia municipal-air-quality.csv
2021/2/20,23,guanajuato,san-luis de la paz presidencia municipal-air-quality.csv
2021/2/21,30,guanajuato,san-luis de la paz presidencia municipal-air-quality.csv
2021/2/22,47,guanajuato,san-luis de la paz presidencia municipal-air-quality.csv
2021/2/23,50,guanajuato,san-luis de la paz presidencia municipal-air-quality.csv
2021/2/24,46,guanajuato,san-luis de la paz presidencia municipal-air-quality.csv
2021/2/25,42,guanajuato,san-luis de la paz presidencia municipal-air-quality.csv
2021/2/26,39,guanajuato,san-luis de la paz presidencia municipal-air-quality.csv
2021/2/27,52,guanajuato,san-luis de la paz presidencia municipal-air-quality.csv
2021/2/28,64,guanajuato,san-luis de la paz presidencia municipal-air-quality.csv
2021/3/1,70,guanajuato,san-luis de la paz presidencia municipal-air-quality.csv
2021/3/2,72,guanajuato,san-luis de la paz presidencia municipal-air-quality.csv
2021/3/3,42,guanajuato,san-luis de la paz presidencia municipal-air-quality.csv
2021/3/4,39,guanajuato,san-luis de la paz presidencia municipal-air-quality.csv
2021/3/5,53,guanajuato,san-luis de la paz presidencia municipal-air-quality.csv
2021/3/6,50,guanajuato,san-luis de la paz presidencia municipal-air-quality.csv
2021/3/7,43,guanajuato,san-luis de la paz presidencia municipal-air-quality.csv
2021/3/8,42,guanajuato,san-luis de la paz presidencia municipal-air-quality.csv
2021/3/9,29,guanajuato,san-luis de la paz presidencia municipal-air-quality.csv
2021/3/10,31,guanajuato,san-luis de la paz presidencia municipal-air-quality.csv
2021/3/11,31,guanajuato,san-luis de la paz presidencia municipal-air-quality.csv
2021/3/12,33,guanajuato,san-luis de la paz presidencia municipal-air-quality.csv
2021/3/13,45,guanajuato,san-luis de la paz presidencia municipal-air-quality.csv
2021/3/14,67,guanajuato,san-luis de la paz presidencia municipal-air-quality.csv
2021/3/15,64,guanajuato,san-luis de la paz presidencia municipal-air-quality.csv
2021/3/16,68,guanajuato,san-luis de la paz presidencia municipal-air-quality.csv
2021/3/17,65,guanajuato,san-luis de la paz presidencia municipal-air-quality.csv
2021/3/18,52,guanajuato,san-luis de la paz presidencia municipal-air-quality.csv
2021/3/19,64,guanajuato,san-luis de la paz presidencia municipal-air-quality.csv
2021/3/20,44,guanajuato,san-luis de la paz presidencia municipal-air-quality.csv
2021/3/21,39,guanajuato,san-luis de la paz presidencia municipal-air-quality.csv
2021/3/22,43,guanajuato,san-luis de la paz presidencia municipal-air-quality.csv
2021/3/23,50,guanajuato,san-luis de la paz presidencia municipal-air-quality.csv
2021/3/24,51,guanajuato,san-luis de la paz presidencia municipal-air-quality.csv
2021/3/25,49,guanajuato,san-luis de la paz presidencia municipal-air-quality.csv
2021/3/26,52,guanajuato,san-luis de la paz presidencia municipal-air-quality.csv
2021/3/27,61,guanajuato,san-luis de la paz presidencia municipal-air-quality.csv
2021/3/28,61,guanajuato,san-luis de la paz presidencia municipal-air-quality.csv
2021/3/29,80,guanajuato,san-luis de la paz presidencia municipal-air-quality.csv
2021/3/30,30,guanajuato,san-luis de la paz presidencia municipal-air-quality.csv
2021/3/31,49,guanajuato,san-luis de la paz presidencia municipal-air-quality.csv
2021/4/1,57,guanajuato,san-luis de la paz presidencia municipal-air-quality.csv
2020/10/2,18,guanajuato,san-luis de la paz presidencia municipal-air-quality.csv
2020/10/3,23,guanajuato,san-luis de la paz presidencia municipal-air-quality.csv
2020/10/4,19,guanajuato,san-luis de la paz presidencia municipal-air-quality.csv
2020/10/5,45,guanajuato,san-luis de la paz presidencia municipal-air-quality.csv
2020/10/6,43,guanajuato,san-luis de la paz presidencia municipal-air-quality.csv
2020/10/7,42,guanajuato,san-luis de la paz presidencia municipal-air-quality.csv
2020/10/8,35,guanajuato,san-luis de la paz presidencia municipal-air-quality.csv
2020/10/9,33,guanajuato,san-luis de la paz presidencia municipal-air-quality.csv
2020/10/10,30,guanajuato,san-luis de la paz presidencia municipal-air-quality.csv
2020/10/11,24,guanajuato,san-luis de la paz presidencia municipal-air-quality.csv
2020/10/12,31,guanajuato,san-luis de la paz presidencia municipal-air-quality.csv
2020/10/13,28,guanajuato,san-luis de la paz presidencia municipal-air-quality.csv
2020/10/14,42,guanajuato,san-luis de la paz presidencia municipal-air-quality.csv
2020/10/15,26,guanajuato,san-luis de la paz presidencia municipal-air-quality.csv
2020/10/16,32,guanajuato,san-luis de la paz presidencia municipal-air-quality.csv
2020/10/17,37,guanajuato,san-luis de la paz presidencia municipal-air-quality.csv
2020/10/18,27,guanajuato,san-luis de la paz presidencia municipal-air-quality.csv
2020/10/19,25,guanajuato,san-luis de la paz presidencia municipal-air-quality.csv
2020/10/20,19,guanajuato,san-luis de la paz presidencia municipal-air-quality.csv
2020/10/21,22,guanajuato,san-luis de la paz presidencia municipal-air-quality.csv
2020/10/22,22,guanajuato,san-luis de la paz presidencia municipal-air-quality.csv
2020/10/23,27,guanajuato,san-luis de la paz presidencia municipal-air-quality.csv
2020/10/24,25,guanajuato,san-luis de la paz presidencia municipal-air-quality.csv
2020/10/25,33,guanajuato,san-luis de la paz presidencia municipal-air-quality.csv
2020/10/26,28,guanajuato,san-luis de la paz presidencia municipal-air-quality.csv
2020/10/27,28,guanajuato,san-luis de la paz presidencia municipal-air-quality.csv
2020/10/28,41,guanajuato,san-luis de la paz presidencia municipal-air-quality.csv
2020/10/29,62,guanajuato,san-luis de la paz presidencia municipal-air-quality.csv
2020/10/30,42,guanajuato,san-luis de la paz presidencia municipal-air-quality.csv
2020/10/31,25,guanajuato,san-luis de la paz presidencia municipal-air-quality.csv
2020/11/1,28,guanajuato,san-luis de la paz presidencia municipal-air-quality.csv
2020/11/2,22,guanajuato,san-luis de la paz presidencia municipal-air-quality.csv
2020/11/3,29,guanajuato,san-luis de la paz presidencia municipal-air-quality.csv
2020/11/4,25,guanajuato,san-luis de la paz presidencia municipal-air-quality.csv
2020/11/5,23,guanajuato,san-luis de la paz presidencia municipal-air-quality.csv
2020/11/6,29,guanajuato,san-luis de la paz presidencia municipal-air-quality.csv
2020/11/7,35,guanajuato,san-luis de la paz presidencia municipal-air-quality.csv
2020/11/8,37,guanajuato,san-luis de la paz presidencia municipal-air-quality.csv
2020/11/9,49,guanajuato,san-luis de la paz presidencia municipal-air-quality.csv
2020/11/10,48,guanajuato,san-luis de la paz presidencia municipal-air-quality.csv
2020/11/11,41,guanajuato,san-luis de la paz presidencia municipal-air-quality.csv
2020/11/12,45,guanajuato,san-luis de la paz presidencia municipal-air-quality.csv
2020/11/13,55,guanajuato,san-luis de la paz presidencia municipal-air-quality.csv
2020/11/14,46,guanajuato,san-luis de la paz presidencia municipal-air-quality.csv
2020/11/15,58,guanajuato,san-luis de la paz presidencia municipal-air-quality.csv
2020/11/16,51,guanajuato,san-luis de la paz presidencia municipal-air-quality.csv
2020/11/17,22,guanajuato,san-luis de la paz presidencia municipal-air-quality.csv
2020/11/18,15,guanajuato,san-luis de la paz presidencia municipal-air-quality.csv
2020/11/19,21,guanajuato,san-luis de la paz presidencia municipal-air-quality.csv
2020/11/20,19,guanajuato,san-luis de la paz presidencia municipal-air-quality.csv
2020/11/21,15,guanajuato,san-luis de la paz presidencia municipal-air-quality.csv
2020/11/22,16,guanajuato,san-luis de la paz presidencia municipal-air-quality.csv
2020/11/23,13,guanajuato,san-luis de la paz presidencia municipal-air-quality.csv
2020/11/24,18,guanajuato,san-luis de la paz presidencia municipal-air-quality.csv
2020/11/25,39,guanajuato,san-luis de la paz presidencia municipal-air-quality.csv
2020/11/26,47,guanajuato,san-luis de la paz presidencia municipal-air-quality.csv
2020/11/27,47,guanajuato,san-luis de la paz presidencia municipal-air-quality.csv
2020/11/28,50,guanajuato,san-luis de la paz presidencia municipal-air-quality.csv
2020/11/29,43,guanajuato,san-luis de la paz presidencia municipal-air-quality.csv
2020/11/30,54,guanajuato,san-luis de la paz presidencia municipal-air-quality.csv
2020/12/1,15,guanajuato,san-luis de la paz presidencia municipal-air-quality.csv
2020/12/2,47,guanajuato,san-luis de la paz presidencia municipal-air-quality.csv
2020/12/3,58,guanajuato,san-luis de la paz presidencia municipal-air-quality.csv
2020/12/4,45,guanajuato,san-luis de la paz presidencia municipal-air-quality.csv
2020/12/5,43,guanajuato,san-luis de la paz presidencia municipal-air-quality.csv
2020/12/6,45,guanajuato,san-luis de la paz presidencia municipal-air-quality.csv
2020/12/7,40,guanajuato,san-luis de la paz presidencia municipal-air-quality.csv
2020/12/8,28,guanajuato,san-luis de la paz presidencia municipal-air-quality.csv
2020/12/9,16,guanajuato,san-luis de la paz presidencia municipal-air-quality.csv
2020/12/10,20,guanajuato,san-luis de la paz presidencia municipal-air-quality.csv
2020/12/11,47,guanajuato,san-luis de la paz presidencia municipal-air-quality.csv
2020/12/12,53,guanajuato,san-luis de la paz presidencia municipal-air-quality.csv
2020/12/13,55,guanajuato,san-luis de la paz presidencia municipal-air-quality.csv
2020/12/14,48,guanajuato,san-luis de la paz presidencia municipal-air-quality.csv
2020/12/15,58,guanajuato,san-luis de la paz presidencia municipal-air-quality.csv
2020/12/16,58,guanajuato,san-luis de la paz presidencia municipal-air-quality.csv
2020/12/17,36,guanajuato,san-luis de la paz presidencia municipal-air-quality.csv
2020/12/18,34,guanajuato,san-luis de la paz presidencia municipal-air-quality.csv
2020/12/19,59,guanajuato,san-luis de la paz presidencia municipal-air-quality.csv
2020/12/20,61,guanajuato,san-luis de la paz presidencia municipal-air-quality.csv
2020/12/21,36,guanajuato,san-luis de la paz presidencia municipal-air-quality.csv
2020/12/22,46,guanajuato,san-luis de la paz presidencia municipal-air-quality.csv
2020/12/23,51,guanajuato,san-luis de la paz presidencia municipal-air-quality.csv
2020/12/24,50,guanajuato,san-luis de la paz presidencia municipal-air-quality.csv
2020/12/25,57,guanajuato,san-luis de la paz presidencia municipal-air-quality.csv
2020/12/26,40,guanajuato,san-luis de la paz presidencia municipal-air-quality.csv
2020/12/27,53,guanajuato,san-luis de la paz presidencia municipal-air-quality.csv
2020/12/28,38,guanajuato,san-luis de la paz presidencia municipal-air-quality.csv
2020/12/29,42,guanajuato,san-luis de la paz presidencia municipal-air-quality.csv
2020/12/30,53,guanajuato,san-luis de la paz presidencia municipal-air-quality.csv
2020/12/31,68,guanajuato,san-luis de la paz presidencia municipal-air-quality.csv
2021/1/1,51,guanajuato,san-luis de la paz presidencia municipal-air-quality.csv
2021/1/2,58,guanajuato,san-luis de la paz presidencia municipal-air-quality.csv
2021/1/3,43,guanajuato,san-luis de la paz presidencia municipal-air-quality.csv
2021/1/4,41,guanajuato,san-luis de la paz presidencia municipal-air-quality.csv
2020/7/2,52,guanajuato,san-luis de la paz presidencia municipal-air-quality.csv
2020/7/3,60,guanajuato,san-luis de la paz presidencia municipal-air-quality.csv
2020/7/4,51,guanajuato,san-luis de la paz presidencia municipal-air-quality.csv
2020/7/5,35,guanajuato,san-luis de la paz presidencia municipal-air-quality.csv
2020/7/6,25,guanajuato,san-luis de la paz presidencia municipal-air-quality.csv
2020/7/7,31,guanajuato,san-luis de la paz presidencia municipal-air-quality.csv
2020/7/8,44,guanajuato,san-luis de la paz presidencia municipal-air-quality.csv
2020/7/9,36,guanajuato,san-luis de la paz presidencia municipal-air-quality.csv
2020/7/10,22,guanajuato,san-luis de la paz presidencia municipal-air-quality.csv
2020/7/11,26,guanajuato,san-luis de la paz presidencia municipal-air-quality.csv
2020/7/12,41,guanajuato,san-luis de la paz presidencia municipal-air-quality.csv
2020/7/13,24,guanajuato,san-luis de la paz presidencia municipal-air-quality.csv
2020/7/14,28,guanajuato,san-luis de la paz presidencia municipal-air-quality.csv
2020/7/15,40,guanajuato,san-luis de la paz presidencia municipal-air-quality.csv
2020/7/16,49,guanajuato,san-luis de la paz presidencia municipal-air-quality.csv
2020/7/17,60,guanajuato,san-luis de la paz presidencia municipal-air-quality.csv
2020/7/18,67,guanajuato,san-luis de la paz presidencia municipal-air-quality.csv
2020/7/19,67,guanajuato,san-luis de la paz presidencia municipal-air-quality.csv
2020/7/20,74,guanajuato,san-luis de la paz presidencia municipal-air-quality.csv
2020/7/21,50,guanajuato,san-luis de la paz presidencia municipal-air-quality.csv
2020/7/22,52,guanajuato,san-luis de la paz presidencia municipal-air-quality.csv
2020/7/23,44,guanajuato,san-luis de la paz presidencia municipal-air-quality.csv
2020/7/24,37,guanajuato,san-luis de la paz presidencia municipal-air-quality.csv
2020/7/25,35,guanajuato,san-luis de la paz presidencia municipal-air-quality.csv
2020/7/26,35,guanajuato,san-luis de la paz presidencia municipal-air-quality.csv
2020/7/27,32,guanajuato,san-luis de la paz presidencia municipal-air-quality.csv
2020/7/28,51,guanajuato,san-luis de la paz presidencia municipal-air-quality.csv
2020/7/29,46,guanajuato,san-luis de la paz presidencia municipal-air-quality.csv
2020/7/30,32,guanajuato,san-luis de la paz presidencia municipal-air-quality.csv
2020/7/31,37,guanajuato,san-luis de la paz presidencia municipal-air-quality.csv
2020/8/1,26,guanajuato,san-luis de la paz presidencia municipal-air-quality.csv
2020/8/2,28,guanajuato,san-luis de la paz presidencia municipal-air-quality.csv
2020/8/3,44,guanajuato,san-luis de la paz presidencia municipal-air-quality.csv
2020/8/4,28,guanajuato,san-luis de la paz presidencia municipal-air-quality.csv
2020/8/5,26,guanajuato,san-luis de la paz presidencia municipal-air-quality.csv
2020/8/6,31,guanajuato,san-luis de la paz presidencia municipal-air-quality.csv
2020/8/7,30,guanajuato,san-luis de la paz presidencia municipal-air-quality.csv
2020/8/8,23,guanajuato,san-luis de la paz presidencia municipal-air-quality.csv
2020/8/9,11,guanajuato,san-luis de la paz presidencia municipal-air-quality.csv
2020/8/10,12,guanajuato,san-luis de la paz presidencia municipal-air-quality.csv
2020/8/11,11,guanajuato,san-luis de la paz presidencia municipal-air-quality.csv
2020/8/12,20,guanajuato,san-luis de la paz presidencia municipal-air-quality.csv
2020/8/13,27,guanajuato,san-luis de la paz presidencia municipal-air-quality.csv
2020/8/14,31,guanajuato,san-luis de la paz presidencia municipal-air-quality.csv
2020/8/15,30,guanajuato,san-luis de la paz presidencia municipal-air-quality.csv
2020/8/16,23,guanajuato,san-luis de la paz presidencia municipal-air-quality.csv
2020/8/17,23,guanajuato,san-luis de la paz presidencia municipal-air-quality.csv
2020/8/18,19,guanajuato,san-luis de la paz presidencia municipal-air-quality.csv
2020/8/19,16,guanajuato,san-luis de la paz presidencia municipal-air-quality.csv
2020/8/20,20,guanajuato,san-luis de la paz presidencia municipal-air-quality.csv
2020/8/21,28,guanajuato,san-luis de la paz presidencia municipal-air-quality.csv
2020/8/22,29,guanajuato,san-luis de la paz presidencia municipal-air-quality.csv
2020/8/23,37,guanajuato,san-luis de la paz presidencia municipal-air-quality.csv
2020/8/24,44,guanajuato,san-luis de la paz presidencia municipal-air-quality.csv
2020/8/25,42,guanajuato,san-luis de la paz presidencia municipal-air-quality.csv
2020/8/26,22,guanajuato,san-luis de la paz presidencia municipal-air-quality.csv
2020/8/27,10,guanajuato,san-luis de la paz presidencia municipal-air-quality.csv
2020/8/28,24,guanajuato,san-luis de la paz presidencia municipal-air-quality.csv
2020/8/29,33,guanajuato,san-luis de la paz presidencia municipal-air-quality.csv
2020/8/30,49,guanajuato,san-luis de la paz presidencia municipal-air-quality.csv
2020/8/31,37,guanajuato,san-luis de la paz presidencia municipal-air-quality.csv
2020/9/1,23,guanajuato,san-luis de la paz presidencia municipal-air-quality.csv
2020/9/2,43,guanajuato,san-luis de la paz presidencia municipal-air-quality.csv
2020/9/3,41,guanajuato,san-luis de la paz presidencia municipal-air-quality.csv
2020/9/4,55,guanajuato,san-luis de la paz presidencia municipal-air-quality.csv
2020/9/5,38,guanajuato,san-luis de la paz presidencia municipal-air-quality.csv
2020/9/6,12,guanajuato,san-luis de la paz presidencia municipal-air-quality.csv
2020/9/7,12,guanajuato,san-luis de la paz presidencia municipal-air-quality.csv
2020/9/8,11,guanajuato,san-luis de la paz presidencia municipal-air-quality.csv
2020/9/9,21,guanajuato,san-luis de la paz presidencia municipal-air-quality.csv
2020/9/10,42,guanajuato,san-luis de la paz presidencia municipal-air-quality.csv
2020/9/11,41,guanajuato,san-luis de la paz presidencia municipal-air-quality.csv
2020/9/23,57,guanajuato,san-luis de la paz presidencia municipal-air-quality.csv
2020/9/24,53,guanajuato,san-luis de la paz presidencia municipal-air-quality.csv
2020/9/25,46,guanajuato,san-luis de la paz presidencia municipal-air-quality.csv
2020/9/26,40,guanajuato,san-luis de la paz presidencia municipal-air-quality.csv
2020/9/27,36,guanajuato,san-luis de la paz presidencia municipal-air-quality.csv
2020/9/28,32,guanajuato,san-luis de la paz presidencia municipal-air-quality.csv
2020/9/29,33,guanajuato,san-luis de la paz presidencia municipal-air-quality.csv
2020/9/30,34,guanajuato,san-luis de la paz presidencia municipal-air-quality.csv
2020/10/1,22,guanajuato,san-luis de la paz presidencia municipal-air-quality.csv
2020/4/2,86,guanajuato,san-luis de la paz presidencia municipal-air-quality.csv
2020/4/7,47,guanajuato,san-luis de la paz presidencia municipal-air-quality.csv
2020/4/8,47,guanajuato,san-luis de la paz presidencia municipal-air-quality.csv
2020/4/17,44,guanajuato,san-luis de la paz presidencia municipal-air-quality.csv
2020/4/18,64,guanajuato,san-luis de la paz presidencia municipal-air-quality.csv
2020/4/20,50,guanajuato,san-luis de la paz presidencia municipal-air-quality.csv
2020/4/21,56,guanajuato,san-luis de la paz presidencia municipal-air-quality.csv
2020/4/22,64,guanajuato,san-luis de la paz presidencia municipal-air-quality.csv
2020/4/23,66,guanajuato,san-luis de la paz presidencia municipal-air-quality.csv
2020/4/24,57,guanajuato,san-luis de la paz presidencia municipal-air-quality.csv
2020/4/25,57,guanajuato,san-luis de la paz presidencia municipal-air-quality.csv
2020/4/26,77,guanajuato,san-luis de la paz presidencia municipal-air-quality.csv
2020/4/27,62,guanajuato,san-luis de la paz presidencia municipal-air-quality.csv
2020/4/28,54,guanajuato,san-luis de la paz presidencia municipal-air-quality.csv
2020/4/29,58,guanajuato,san-luis de la paz presidencia municipal-air-quality.csv
2020/4/30,36,guanajuato,san-luis de la paz presidencia municipal-air-quality.csv
2020/5/1,40,guanajuato,san-luis de la paz presidencia municipal-air-quality.csv
2020/5/2,41,guanajuato,san-luis de la paz presidencia municipal-air-quality.csv
2020/5/3,45,guanajuato,san-luis de la paz presidencia municipal-air-quality.csv
2020/5/4,36,guanajuato,san-luis de la paz presidencia municipal-air-quality.csv
2020/5/5,50,guanajuato,san-luis de la paz presidencia municipal-air-quality.csv
2020/5/6,42,guanajuato,san-luis de la paz presidencia municipal-air-quality.csv
2020/5/7,46,guanajuato,san-luis de la paz presidencia municipal-air-quality.csv
2020/5/8,50,guanajuato,san-luis de la paz presidencia municipal-air-quality.csv
2020/5/9,52,guanajuato,san-luis de la paz presidencia municipal-air-quality.csv
2020/5/11,26,guanajuato,san-luis de la paz presidencia municipal-air-quality.csv
2020/5/12,30,guanajuato,san-luis de la paz presidencia municipal-air-quality.csv
2020/5/13,46,guanajuato,san-luis de la paz presidencia municipal-air-quality.csv
2020/5/14,66,guanajuato,san-luis de la paz presidencia municipal-air-quality.csv
2020/5/15,74,guanajuato,san-luis de la paz presidencia municipal-air-quality.csv
2020/5/16,79,guanajuato,san-luis de la paz presidencia municipal-air-quality.csv
2020/5/18,56,guanajuato,san-luis de la paz presidencia municipal-air-quality.csv
2020/5/19,46,guanajuato,san-luis de la paz presidencia municipal-air-quality.csv
2020/5/20,55,guanajuato,san-luis de la paz presidencia municipal-air-quality.csv
2020/5/21,88,guanajuato,san-luis de la paz presidencia municipal-air-quality.csv
2020/5/22,58,guanajuato,san-luis de la paz presidencia municipal-air-quality.csv
2020/5/23,60,guanajuato,san-luis de la paz presidencia municipal-air-quality.csv
2020/5/24,54,guanajuato,san-luis de la paz presidencia municipal-air-quality.csv
2020/5/25,50,guanajuato,san-luis de la paz presidencia municipal-air-quality.csv
2020/5/26,54,guanajuato,san-luis de la paz presidencia municipal-air-quality.csv
2020/5/27,73,guanajuato,san-luis de la paz presidencia municipal-air-quality.csv
2020/5/28,89,guanajuato,san-luis de la paz presidencia municipal-air-quality.csv
2020/5/29,50,guanajuato,san-luis de la paz presidencia municipal-air-quality.csv
2020/5/30,35,guanajuato,san-luis de la paz presidencia municipal-air-quality.csv
2020/5/31,23,guanajuato,san-luis de la paz presidencia municipal-air-quality.csv
2020/6/1,27,guanajuato,san-luis de la paz presidencia municipal-air-quality.csv
2020/6/2,36,guanajuato,san-luis de la paz presidencia municipal-air-quality.csv
2020/6/3,34,guanajuato,san-luis de la paz presidencia municipal-air-quality.csv
2020/6/4,26,guanajuato,san-luis de la paz presidencia municipal-air-quality.csv
2020/6/5,32,guanajuato,san-luis de la paz presidencia municipal-air-quality.csv
2020/6/6,30,guanajuato,san-luis de la paz presidencia municipal-air-quality.csv
2020/6/7,40,guanajuato,san-luis de la paz presidencia municipal-air-quality.csv
2020/6/8,51,guanajuato,san-luis de la paz presidencia municipal-air-quality.csv
2020/6/9,50,guanajuato,san-luis de la paz presidencia municipal-air-quality.csv
2020/6/10,37,guanajuato,san-luis de la paz presidencia municipal-air-quality.csv
2020/6/11,62,guanajuato,san-luis de la paz presidencia municipal-air-quality.csv
2020/6/12,35,guanajuato,san-luis de la paz presidencia municipal-air-quality.csv
2020/6/13,33,guanajuato,san-luis de la paz presidencia municipal-air-quality.csv
2020/6/14,40,guanajuato,san-luis de la paz presidencia municipal-air-quality.csv
2020/6/15,41,guanajuato,san-luis de la paz presidencia municipal-air-quality.csv
2020/6/16,47,guanajuato,san-luis de la paz presidencia municipal-air-quality.csv
2020/6/17,35,guanajuato,san-luis de la paz presidencia municipal-air-quality.csv
2020/6/18,34,guanajuato,san-luis de la paz presidencia municipal-air-quality.csv
2020/6/19,37,guanajuato,san-luis de la paz presidencia municipal-air-quality.csv
2020/6/20,38,guanajuato,san-luis de la paz presidencia municipal-air-quality.csv
2020/6/21,39,guanajuato,san-luis de la paz presidencia municipal-air-quality.csv
2020/6/22,33,guanajuato,san-luis de la paz presidencia municipal-air-quality.csv
2020/6/23,29,guanajuato,san-luis de la paz presidencia municipal-air-quality.csv
2020/6/24,74,guanajuato,san-luis de la paz presidencia municipal-air-quality.csv
2020/6/25,23,guanajuato,san-luis de la paz presidencia municipal-air-quality.csv
2020/6/26,26,guanajuato,san-luis de la paz presidencia municipal-air-quality.csv
2020/6/27,29,guanajuato,san-luis de la paz presidencia municipal-air-quality.csv
2020/6/28,53,guanajuato,san-luis de la paz presidencia municipal-air-quality.csv
2020/6/29,85,guanajuato,san-luis de la paz presidencia municipal-air-quality.csv
2020/6/30,53,guanajuato,san-luis de la paz presidencia municipal-air-quality.csv
2020/7/1,57,guanajuato,san-luis de la paz presidencia municipal-air-quality.csv
2020/1/8,20,guanajuato,san-luis de la paz presidencia municipal-air-quality.csv
2020/1/9,34,guanajuato,san-luis de la paz presidencia municipal-air-quality.csv
2020/1/10,53,guanajuato,san-luis de la paz presidencia municipal-air-quality.csv
2020/1/11,54,guanajuato,san-luis de la paz presidencia municipal-air-quality.csv
2020/1/12,33,guanajuato,san-luis de la paz presidencia municipal-air-quality.csv
2020/1/13,40,guanajuato,san-luis de la paz presidencia municipal-air-quality.csv
2020/1/14,31,guanajuato,san-luis de la paz presidencia municipal-air-quality.csv
2020/1/15,24,guanajuato,san-luis de la paz presidencia municipal-air-quality.csv
2020/1/16,23,guanajuato,san-luis de la paz presidencia municipal-air-quality.csv
2020/1/17,29,guanajuato,san-luis de la paz presidencia municipal-air-quality.csv
2020/1/18,21,guanajuato,san-luis de la paz presidencia municipal-air-quality.csv
2020/1/19,22,guanajuato,san-luis de la paz presidencia municipal-air-quality.csv
2020/1/20,16,guanajuato,san-luis de la paz presidencia municipal-air-quality.csv
2020/1/23,41,guanajuato,san-luis de la paz presidencia municipal-air-quality.csv
2020/1/24,37,guanajuato,san-luis de la paz presidencia municipal-air-quality.csv
2020/1/25,33,guanajuato,san-luis de la paz presidencia municipal-air-quality.csv
2020/1/26,50,guanajuato,san-luis de la paz presidencia municipal-air-quality.csv
2020/1/27,48,guanajuato,san-luis de la paz presidencia municipal-air-quality.csv
2020/1/28,27,guanajuato,san-luis de la paz presidencia municipal-air-quality.csv
2020/1/29,35,guanajuato,san-luis de la paz presidencia municipal-air-quality.csv
2020/1/30,45,guanajuato,san-luis de la paz presidencia municipal-air-quality.csv
2020/1/31,64,guanajuato,san-luis de la paz presidencia municipal-air-quality.csv
2020/2/1,33,guanajuato,san-luis de la paz presidencia municipal-air-quality.csv
2020/2/4,58,guanajuato,san-luis de la paz presidencia municipal-air-quality.csv
2020/2/5,25,guanajuato,san-luis de la paz presidencia municipal-air-quality.csv
2020/2/6,40,guanajuato,san-luis de la paz presidencia municipal-air-quality.csv
2020/2/7,25,guanajuato,san-luis de la paz presidencia municipal-air-quality.csv
2020/2/8,43,guanajuato,san-luis de la paz presidencia municipal-air-quality.csv
2020/2/9,42,guanajuato,san-luis de la paz presidencia municipal-air-quality.csv
2020/2/10,36,guanajuato,san-luis de la paz presidencia municipal-air-quality.csv
2020/2/11,30,guanajuato,san-luis de la paz presidencia municipal-air-quality.csv
2020/2/12,59,guanajuato,san-luis de la paz presidencia municipal-air-quality.csv
2020/2/13,46,guanajuato,san-luis de la paz presidencia municipal-air-quality.csv
2020/2/14,41,guanajuato,san-luis de la paz presidencia municipal-air-quality.csv
2020/2/15,25,guanajuato,san-luis de la paz presidencia municipal-air-quality.csv
2020/2/16,44,guanajuato,san-luis de la paz presidencia municipal-air-quality.csv
2020/2/17,45,guanajuato,san-luis de la paz presidencia municipal-air-quality.csv
2020/2/18,32,guanajuato,san-luis de la paz presidencia municipal-air-quality.csv
2020/2/20,50,guanajuato,san-luis de la paz presidencia municipal-air-quality.csv
2020/2/21,73,guanajuato,san-luis de la paz presidencia municipal-air-quality.csv
2020/2/22,23,guanajuato,san-luis de la paz presidencia municipal-air-quality.csv
2020/2/23,26,guanajuato,san-luis de la paz presidencia municipal-air-quality.csv
2020/2/24,46,guanajuato,san-luis de la paz presidencia municipal-air-quality.csv
2020/2/25,49,guanajuato,san-luis de la paz presidencia municipal-air-quality.csv
2020/2/26,55,guanajuato,san-luis de la paz presidencia municipal-air-quality.csv
2020/2/27,34,guanajuato,san-luis de la paz presidencia municipal-air-quality.csv
2020/2/28,36,guanajuato,san-luis de la paz presidencia municipal-air-quality.csv
2020/2/29,30,guanajuato,san-luis de la paz presidencia municipal-air-quality.csv
2020/3/2,34,guanajuato,san-luis de la paz presidencia municipal-air-quality.csv
2020/3/3,47,guanajuato,san-luis de la paz presidencia municipal-air-quality.csv
2020/3/4,57,guanajuato,san-luis de la paz presidencia municipal-air-quality.csv
2020/3/5,41,guanajuato,san-luis de la paz presidencia municipal-air-quality.csv
2020/3/6,46,guanajuato,san-luis de la paz presidencia municipal-air-quality.csv
2020/3/7,27,guanajuato,san-luis de la paz presidencia municipal-air-quality.csv
2020/3/8,32,guanajuato,san-luis de la paz presidencia municipal-air-quality.csv
2020/3/9,44,guanajuato,san-luis de la paz presidencia municipal-air-quality.csv
2020/3/10,35,guanajuato,san-luis de la paz presidencia municipal-air-quality.csv
2020/3/11,38,guanajuato,san-luis de la paz presidencia municipal-air-quality.csv
2020/3/12,40,guanajuato,san-luis de la paz presidencia municipal-air-quality.csv
2020/3/13,48,guanajuato,san-luis de la paz presidencia municipal-air-quality.csv
2020/3/14,61,guanajuato,san-luis de la paz presidencia municipal-air-quality.csv
2020/3/15,49,guanajuato,san-luis de la paz presidencia municipal-air-quality.csv
2020/3/16,62,guanajuato,san-luis de la paz presidencia municipal-air-quality.csv
2020/3/17,61,guanajuato,san-luis de la paz presidencia municipal-air-quality.csv
2020/3/18,23,guanajuato,san-luis de la paz presidencia municipal-air-quality.csv
2020/3/20,81,guanajuato,san-luis de la paz presidencia municipal-air-quality.csv
2020/3/21,71,guanajuato,san-luis de la paz presidencia municipal-air-quality.csv
2020/3/22,74,guanajuato,san-luis de la paz presidencia municipal-air-quality.csv
2020/3/23,55,guanajuato,san-luis de la paz presidencia municipal-air-quality.csv
2020/3/24,43,guanajuato,san-luis de la paz presidencia municipal-air-quality.csv
2020/3/25,49,guanajuato,san-luis de la paz presidencia municipal-air-quality.csv
2020/3/26,41,guanajuato,san-luis de la paz presidencia municipal-air-quality.csv
2020/3/27,57,guanajuato,san-luis de la paz presidencia municipal-air-quality.csv
2020/3/28,62,guanajuato,san-luis de la paz presidencia municipal-air-quality.csv
2020/3/29,59,guanajuato,san-luis de la paz presidencia municipal-air-quality.csv
2020/3/30,80,guanajuato,san-luis de la paz presidencia municipal-air-quality.csv
2020/3/31,73,guanajuato,san-luis de la paz presidencia municipal-air-quality.csv
2020/4/1,70,guanajuato,san-luis de la paz presidencia municipal-air-quality.csv
2019/10/3,9,guanajuato,san-luis de la paz presidencia municipal-air-quality.csv
2019/10/4,39,guanajuato,san-luis de la paz presidencia municipal-air-quality.csv
2019/10/5,45,guanajuato,san-luis de la paz presidencia municipal-air-quality.csv
2019/10/6,24,guanajuato,san-luis de la paz presidencia municipal-air-quality.csv
2019/10/7,24,guanajuato,san-luis de la paz presidencia municipal-air-quality.csv
2019/10/8,39,guanajuato,san-luis de la paz presidencia municipal-air-quality.csv
2019/10/9,18,guanajuato,san-luis de la paz presidencia municipal-air-quality.csv
2019/10/10,21,guanajuato,san-luis de la paz presidencia municipal-air-quality.csv
2019/10/11,21,guanajuato,san-luis de la paz presidencia municipal-air-quality.csv
2019/10/12,32,guanajuato,san-luis de la paz presidencia municipal-air-quality.csv
2019/10/13,22,guanajuato,san-luis de la paz presidencia municipal-air-quality.csv
2019/10/14,13,guanajuato,san-luis de la paz presidencia municipal-air-quality.csv
2019/10/15,16,guanajuato,san-luis de la paz presidencia municipal-air-quality.csv
2019/10/16,21,guanajuato,san-luis de la paz presidencia municipal-air-quality.csv
2019/10/17,32,guanajuato,san-luis de la paz presidencia municipal-air-quality.csv
2019/10/18,18,guanajuato,san-luis de la paz presidencia municipal-air-quality.csv
2019/10/19,27,guanajuato,san-luis de la paz presidencia municipal-air-quality.csv
2019/10/20,26,guanajuato,san-luis de la paz presidencia municipal-air-quality.csv
2019/10/21,22,guanajuato,san-luis de la paz presidencia municipal-air-quality.csv
2019/10/22,23,guanajuato,san-luis de la paz presidencia municipal-air-quality.csv
2019/10/23,15,guanajuato,san-luis de la paz presidencia municipal-air-quality.csv
2019/10/24,20,guanajuato,san-luis de la paz presidencia municipal-air-quality.csv
2019/10/25,22,guanajuato,san-luis de la paz presidencia municipal-air-quality.csv
2019/10/26,18,guanajuato,san-luis de la paz presidencia municipal-air-quality.csv
2019/10/27,25,guanajuato,san-luis de la paz presidencia municipal-air-quality.csv
2019/11/7,13,guanajuato,san-luis de la paz presidencia municipal-air-quality.csv
2019/11/8,23,guanajuato,san-luis de la paz presidencia municipal-air-quality.csv
2019/11/9,20,guanajuato,san-luis de la paz presidencia municipal-air-quality.csv
2019/11/11,17,guanajuato,san-luis de la paz presidencia municipal-air-quality.csv
2019/11/12,31,guanajuato,san-luis de la paz presidencia municipal-air-quality.csv
2019/11/13,31,guanajuato,san-luis de la paz presidencia municipal-air-quality.csv
2019/11/14,29,guanajuato,san-luis de la paz presidencia municipal-air-quality.csv
2019/11/15,30,guanajuato,san-luis de la paz presidencia municipal-air-quality.csv
2019/11/16,18,guanajuato,san-luis de la paz presidencia municipal-air-quality.csv
2019/11/18,23,guanajuato,san-luis de la paz presidencia municipal-air-quality.csv
2019/11/19,26,guanajuato,san-luis de la paz presidencia municipal-air-quality.csv
2019/11/20,28,guanajuato,san-luis de la paz presidencia municipal-air-quality.csv
2019/11/21,33,guanajuato,san-luis de la paz presidencia municipal-air-quality.csv
2019/11/22,43,guanajuato,san-luis de la paz presidencia municipal-air-quality.csv
2019/11/23,33,guanajuato,san-luis de la paz presidencia municipal-air-quality.csv
2019/11/25,46,guanajuato,san-luis de la paz presidencia municipal-air-quality.csv
2019/11/26,44,guanajuato,san-luis de la paz presidencia municipal-air-quality.csv
2019/11/27,62,guanajuato,san-luis de la paz presidencia municipal-air-quality.csv
2019/11/28,58,guanajuato,san-luis de la paz presidencia municipal-air-quality.csv
2019/11/29,65,guanajuato,san-luis de la paz presidencia municipal-air-quality.csv
2019/11/30,63,guanajuato,san-luis de la paz presidencia municipal-air-quality.csv
2019/12/2,40,guanajuato,san-luis de la paz presidencia municipal-air-quality.csv
2019/12/3,34,guanajuato,san-luis de la paz presidencia municipal-air-quality.csv
2019/12/4,48,guanajuato,san-luis de la paz presidencia municipal-air-quality.csv
2019/12/5,30,guanajuato,san-luis de la paz presidencia municipal-air-quality.csv
2019/12/6,27,guanajuato,san-luis de la paz presidencia municipal-air-quality.csv
2019/12/7,31,guanajuato,san-luis de la paz presidencia municipal-air-quality.csv
2019/12/9,37,guanajuato,san-luis de la paz presidencia municipal-air-quality.csv
2019/12/10,43,guanajuato,san-luis de la paz presidencia municipal-air-quality.csv
2019/12/13,55,guanajuato,san-luis de la paz presidencia municipal-air-quality.csv
2019/12/14,35,guanajuato,san-luis de la paz presidencia municipal-air-quality.csv
2019/12/15,50,guanajuato,san-luis de la paz presidencia municipal-air-quality.csv
2019/12/16,66,guanajuato,san-luis de la paz presidencia municipal-air-quality.csv
2019/12/26,32,guanajuato,san-luis de la paz presidencia municipal-air-quality.csv
2019/12/27,29,guanajuato,san-luis de la paz presidencia municipal-air-quality.csv
2019/12/28,37,guanajuato,san-luis de la paz presidencia municipal-air-quality.csv
2019/12/29,51,guanajuato,san-luis de la paz presidencia municipal-air-quality.csv
2019/7/2,39,guanajuato,san-luis de la paz presidencia municipal-air-quality.csv
2019/7/3,33,guanajuato,san-luis de la paz presidencia municipal-air-quality.csv
2019/7/4,26,guanajuato,san-luis de la paz presidencia municipal-air-quality.csv
2019/7/9,48,guanajuato,san-luis de la paz presidencia municipal-air-quality.csv
2019/7/10,56,guanajuato,san-luis de la paz presidencia municipal-air-quality.csv
2019/7/11,46,guanajuato,san-luis de la paz presidencia municipal-air-quality.csv
2019/7/12,39,guanajuato,san-luis de la paz presidencia municipal-air-quality.csv
2019/7/13,52,guanajuato,san-luis de la paz presidencia municipal-air-quality.csv
2019/7/14,47,guanajuato,san-luis de la paz presidencia municipal-air-quality.csv
2019/7/15,39,guanajuato,san-luis de la paz presidencia municipal-air-quality.csv
2019/7/16,55,guanajuato,san-luis de la paz presidencia municipal-air-quality.csv
2019/7/17,56,guanajuato,san-luis de la paz presidencia municipal-air-quality.csv
2019/7/18,46,guanajuato,san-luis de la paz presidencia municipal-air-quality.csv
2019/7/19,39,guanajuato,san-luis de la paz presidencia municipal-air-quality.csv
2019/7/20,53,guanajuato,san-luis de la paz presidencia municipal-air-quality.csv
2019/7/21,56,guanajuato,san-luis de la paz presidencia municipal-air-quality.csv
2019/7/22,61,guanajuato,san-luis de la paz presidencia municipal-air-quality.csv
2019/7/23,35,guanajuato,san-luis de la paz presidencia municipal-air-quality.csv
2019/7/24,44,guanajuato,san-luis de la paz presidencia municipal-air-quality.csv
2019/7/25,45,guanajuato,san-luis de la paz presidencia municipal-air-quality.csv
2019/7/26,34,guanajuato,san-luis de la paz presidencia municipal-air-quality.csv
2019/7/27,30,guanajuato,san-luis de la paz presidencia municipal-air-quality.csv
2019/7/28,36,guanajuato,san-luis de la paz presidencia municipal-air-quality.csv
2019/7/29,45,guanajuato,san-luis de la paz presidencia municipal-air-quality.csv
2019/7/30,38,guanajuato,san-luis de la paz presidencia municipal-air-quality.csv
2019/7/31,56,guanajuato,san-luis de la paz presidencia municipal-air-quality.csv
2019/8/1,63,guanajuato,san-luis de la paz presidencia municipal-air-quality.csv
2019/8/2,42,guanajuato,san-luis de la paz presidencia municipal-air-quality.csv
2019/8/3,35,guanajuato,san-luis de la paz presidencia municipal-air-quality.csv
2019/8/4,47,guanajuato,san-luis de la paz presidencia municipal-air-quality.csv
2019/8/8,48,guanajuato,san-luis de la paz presidencia municipal-air-quality.csv
2019/8/9,49,guanajuato,san-luis de la paz presidencia municipal-air-quality.csv
2019/8/10,46,guanajuato,san-luis de la paz presidencia municipal-air-quality.csv
2019/8/11,41,guanajuato,san-luis de la paz presidencia municipal-air-quality.csv
2019/8/12,40,guanajuato,san-luis de la paz presidencia municipal-air-quality.csv
2019/8/13,36,guanajuato,san-luis de la paz presidencia municipal-air-quality.csv
2019/8/14,43,guanajuato,san-luis de la paz presidencia municipal-air-quality.csv
2019/8/15,49,guanajuato,san-luis de la paz presidencia municipal-air-quality.csv
2019/8/16,51,guanajuato,san-luis de la paz presidencia municipal-air-quality.csv
2019/8/17,41,guanajuato,san-luis de la paz presidencia municipal-air-quality.csv
2019/8/18,48,guanajuato,san-luis de la paz presidencia municipal-air-quality.csv
2019/8/19,53,guanajuato,san-luis de la paz presidencia municipal-air-quality.csv
2019/8/23,38,guanajuato,san-luis de la paz presidencia municipal-air-quality.csv
2019/8/24,42,guanajuato,san-luis de la paz presidencia municipal-air-quality.csv
2019/8/25,38,guanajuato,san-luis de la paz presidencia municipal-air-quality.csv
2019/8/26,38,guanajuato,san-luis de la paz presidencia municipal-air-quality.csv
2019/8/27,36,guanajuato,san-luis de la paz presidencia municipal-air-quality.csv
2019/8/28,39,guanajuato,san-luis de la paz presidencia municipal-air-quality.csv
2019/8/29,59,guanajuato,san-luis de la paz presidencia municipal-air-quality.csv
2019/8/30,49,guanajuato,san-luis de la paz presidencia municipal-air-quality.csv
2019/8/31,48,guanajuato,san-luis de la paz presidencia municipal-air-quality.csv
2019/9/1,48,guanajuato,san-luis de la paz presidencia municipal-air-quality.csv
2019/9/2,47,guanajuato,san-luis de la paz presidencia municipal-air-quality.csv
2019/9/3,40,guanajuato,san-luis de la paz presidencia municipal-air-quality.csv
2019/9/4,23,guanajuato,san-luis de la paz presidencia municipal-air-quality.csv
2019/9/5,33,guanajuato,san-luis de la paz presidencia municipal-air-quality.csv
2019/9/6,32,guanajuato,san-luis de la paz presidencia municipal-air-quality.csv
2019/9/7,52,guanajuato,san-luis de la paz presidencia municipal-air-quality.csv
2019/9/8,52,guanajuato,san-luis de la paz presidencia municipal-air-quality.csv
2019/9/9,34,guanajuato,san-luis de la paz presidencia municipal-air-quality.csv
2019/9/10,30,guanajuato,san-luis de la paz presidencia municipal-air-quality.csv
2019/9/11,45,guanajuato,san-luis de la paz presidencia municipal-air-quality.csv
2019/9/12,33,guanajuato,san-luis de la paz presidencia municipal-air-quality.csv
2019/9/13,20,guanajuato,san-luis de la paz presidencia municipal-air-quality.csv
2019/9/14,21,guanajuato,san-luis de la paz presidencia municipal-air-quality.csv
2019/9/15,19,guanajuato,san-luis de la paz presidencia municipal-air-quality.csv
2019/9/16,22,guanajuato,san-luis de la paz presidencia municipal-air-quality.csv
2019/9/17,47,guanajuato,san-luis de la paz presidencia municipal-air-quality.csv
2019/9/18,44,guanajuato,san-luis de la paz presidencia municipal-air-quality.csv
2019/4/2,32,guanajuato,san-luis de la paz presidencia municipal-air-quality.csv
2019/4/3,45,guanajuato,san-luis de la paz presidencia municipal-air-quality.csv
2019/4/4,55,guanajuato,san-luis de la paz presidencia municipal-air-quality.csv
2019/4/5,59,guanajuato,san-luis de la paz presidencia municipal-air-quality.csv
2019/4/6,65,guanajuato,san-luis de la paz presidencia municipal-air-quality.csv
2019/4/7,84,guanajuato,san-luis de la paz presidencia municipal-air-quality.csv
2019/4/8,61,guanajuato,san-luis de la paz presidencia municipal-air-quality.csv
2019/4/12,56,guanajuato,san-luis de la paz presidencia municipal-air-quality.csv
2019/4/13,64,guanajuato,san-luis de la paz presidencia municipal-air-quality.csv
2019/4/14,65,guanajuato,san-luis de la paz presidencia municipal-air-quality.csv
2019/4/15,58,guanajuato,san-luis de la paz presidencia municipal-air-quality.csv
2019/4/16,45,guanajuato,san-luis de la paz presidencia municipal-air-quality.csv
2019/4/17,70,guanajuato,san-luis de la paz presidencia municipal-air-quality.csv
2019/4/18,55,guanajuato,san-luis de la paz presidencia municipal-air-quality.csv
2019/4/19,49,guanajuato,san-luis de la paz presidencia municipal-air-quality.csv
2019/4/20,28,guanajuato,san-luis de la paz presidencia municipal-air-quality.csv
2019/4/21,28,guanajuato,san-luis de la paz presidencia municipal-air-quality.csv
2019/4/22,53,guanajuato,san-luis de la paz presidencia municipal-air-quality.csv
2019/4/23,46,guanajuato,san-luis de la paz presidencia municipal-air-quality.csv
2019/4/24,62,guanajuato,san-luis de la paz presidencia municipal-air-quality.csv
2019/4/25,68,guanajuato,san-luis de la paz presidencia municipal-air-quality.csv
2019/4/26,61,guanajuato,san-luis de la paz presidencia municipal-air-quality.csv
2019/4/27,63,guanajuato,san-luis de la paz presidencia municipal-air-quality.csv
2019/4/28,65,guanajuato,san-luis de la paz presidencia municipal-air-quality.csv
2019/4/29,67,guanajuato,san-luis de la paz presidencia municipal-air-quality.csv
2019/4/30,84,guanajuato,san-luis de la paz presidencia municipal-air-quality.csv
2019/5/1,73,guanajuato,san-luis de la paz presidencia municipal-air-quality.csv
2019/5/2,69,guanajuato,san-luis de la paz presidencia municipal-air-quality.csv
2019/5/3,64,guanajuato,san-luis de la paz presidencia municipal-air-quality.csv
2019/5/4,61,guanajuato,san-luis de la paz presidencia municipal-air-quality.csv
2019/5/5,66,guanajuato,san-luis de la paz presidencia municipal-air-quality.csv
2019/5/6,71,guanajuato,san-luis de la paz presidencia municipal-air-quality.csv
2019/5/7,64,guanajuato,san-luis de la paz presidencia municipal-air-quality.csv
2019/5/8,73,guanajuato,san-luis de la paz presidencia municipal-air-quality.csv
2019/5/9,73,guanajuato,san-luis de la paz presidencia municipal-air-quality.csv
2019/5/10,73,guanajuato,san-luis de la paz presidencia municipal-air-quality.csv
2019/5/11,93,guanajuato,san-luis de la paz presidencia municipal-air-quality.csv
2019/5/12,70,guanajuato,san-luis de la paz presidencia municipal-air-quality.csv
2019/5/13,62,guanajuato,san-luis de la paz presidencia municipal-air-quality.csv
2019/5/14,63,guanajuato,san-luis de la paz presidencia municipal-air-quality.csv
2019/5/15,84,guanajuato,san-luis de la paz presidencia municipal-air-quality.csv
2019/5/16,94,guanajuato,san-luis de la paz presidencia municipal-air-quality.csv
2019/5/17,69,guanajuato,san-luis de la paz presidencia municipal-air-quality.csv
2019/5/18,68,guanajuato,san-luis de la paz presidencia municipal-air-quality.csv
2019/5/19,67,guanajuato,san-luis de la paz presidencia municipal-air-quality.csv
2019/5/20,54,guanajuato,san-luis de la paz presidencia municipal-air-quality.csv
2019/5/21,77,guanajuato,san-luis de la paz presidencia municipal-air-quality.csv
2019/5/22,79,guanajuato,san-luis de la paz presidencia municipal-air-quality.csv
2019/5/23,81,guanajuato,san-luis de la paz presidencia municipal-air-quality.csv
2019/5/24,89,guanajuato,san-luis de la paz presidencia municipal-air-quality.csv
2019/5/25,76,guanajuato,san-luis de la paz presidencia municipal-air-quality.csv
2019/5/26,59,guanajuato,san-luis de la paz presidencia municipal-air-quality.csv
2019/5/27,44,guanajuato,san-luis de la paz presidencia municipal-air-quality.csv
2019/5/28,43,guanajuato,san-luis de la paz presidencia municipal-air-quality.csv
2019/5/29,62,guanajuato,san-luis de la paz presidencia municipal-air-quality.csv
2019/5/30,74,guanajuato,san-luis de la paz presidencia municipal-air-quality.csv
2019/5/31,80,guanajuato,san-luis de la paz presidencia municipal-air-quality.csv
2019/6/1,54,guanajuato,san-luis de la paz presidencia municipal-air-quality.csv
2019/6/2,36,guanajuato,san-luis de la paz presidencia municipal-air-quality.csv
2019/6/3,29,guanajuato,san-luis de la paz presidencia municipal-air-quality.csv
2019/6/4,16,guanajuato,san-luis de la paz presidencia municipal-air-quality.csv
2019/6/5,17,guanajuato,san-luis de la paz presidencia municipal-air-quality.csv
2019/6/6,37,guanajuato,san-luis de la paz presidencia municipal-air-quality.csv
2019/6/7,46,guanajuato,san-luis de la paz presidencia municipal-air-quality.csv
2019/6/8,38,guanajuato,san-luis de la paz presidencia municipal-air-quality.csv
2019/6/9,44,guanajuato,san-luis de la paz presidencia municipal-air-quality.csv
2019/6/10,41,guanajuato,san-luis de la paz presidencia municipal-air-quality.csv
2019/6/11,58,guanajuato,san-luis de la paz presidencia municipal-air-quality.csv
2019/6/12,30,guanajuato,san-luis de la paz presidencia municipal-air-quality.csv
2019/6/13,35,guanajuato,san-luis de la paz presidencia municipal-air-quality.csv
2019/6/14,36,guanajuato,san-luis de la paz presidencia municipal-air-quality.csv
2019/6/15,26,guanajuato,san-luis de la paz presidencia municipal-air-quality.csv
2019/6/17,33,guanajuato,san-luis de la paz presidencia municipal-air-quality.csv
2019/6/18,41,guanajuato,san-luis de la paz presidencia municipal-air-quality.csv
2019/6/19,51,guanajuato,san-luis de la paz presidencia municipal-air-quality.csv
2019/6/20,60,guanajuato,san-luis de la paz presidencia municipal-air-quality.csv
2019/6/21,51,guanajuato,san-luis de la paz presidencia municipal-air-quality.csv
2019/6/22,40,guanajuato,san-luis de la paz presidencia municipal-air-quality.csv
2019/6/23,42,guanajuato,san-luis de la paz presidencia municipal-air-quality.csv
2019/6/24,39,guanajuato,san-luis de la paz presidencia municipal-air-quality.csv
2019/6/25,49,guanajuato,san-luis de la paz presidencia municipal-air-quality.csv
2019/6/26,30,guanajuato,san-luis de la paz presidencia municipal-air-quality.csv
2019/6/27,30,guanajuato,san-luis de la paz presidencia municipal-air-quality.csv
2019/6/28,46,guanajuato,san-luis de la paz presidencia municipal-air-quality.csv
2019/6/29,49,guanajuato,san-luis de la paz presidencia municipal-air-quality.csv
2019/6/30,34,guanajuato,san-luis de la paz presidencia municipal-air-quality.csv
2019/7/1,29,guanajuato,san-luis de la paz presidencia municipal-air-quality.csv
2019/1/2,53,guanajuato,san-luis de la paz presidencia municipal-air-quality.csv
2019/1/3,58,guanajuato,san-luis de la paz presidencia municipal-air-quality.csv
2019/1/4,48,guanajuato,san-luis de la paz presidencia municipal-air-quality.csv
2019/1/5,44,guanajuato,san-luis de la paz presidencia municipal-air-quality.csv
2019/1/6,37,guanajuato,san-luis de la paz presidencia municipal-air-quality.csv
2019/1/7,50,guanajuato,san-luis de la paz presidencia municipal-air-quality.csv
2019/1/8,41,guanajuato,san-luis de la paz presidencia municipal-air-quality.csv
2019/1/9,34,guanajuato,san-luis de la paz presidencia municipal-air-quality.csv
2019/1/10,24,guanajuato,san-luis de la paz presidencia municipal-air-quality.csv
2019/1/11,34,guanajuato,san-luis de la paz presidencia municipal-air-quality.csv
2019/1/12,58,guanajuato,san-luis de la paz presidencia municipal-air-quality.csv
2019/1/13,34,guanajuato,san-luis de la paz presidencia municipal-air-quality.csv
2019/1/14,22,guanajuato,san-luis de la paz presidencia municipal-air-quality.csv
2019/1/15,15,guanajuato,san-luis de la paz presidencia municipal-air-quality.csv
2019/1/16,18,guanajuato,san-luis de la paz presidencia municipal-air-quality.csv
2019/1/17,25,guanajuato,san-luis de la paz presidencia municipal-air-quality.csv
2019/1/18,23,guanajuato,san-luis de la paz presidencia municipal-air-quality.csv
2019/1/19,43,guanajuato,san-luis de la paz presidencia municipal-air-quality.csv
2019/1/20,51,guanajuato,san-luis de la paz presidencia municipal-air-quality.csv
2019/1/21,20,guanajuato,san-luis de la paz presidencia municipal-air-quality.csv
2019/1/22,35,guanajuato,san-luis de la paz presidencia municipal-air-quality.csv
2019/1/23,50,guanajuato,san-luis de la paz presidencia municipal-air-quality.csv
2019/1/24,53,guanajuato,san-luis de la paz presidencia municipal-air-quality.csv
2019/1/25,45,guanajuato,san-luis de la paz presidencia municipal-air-quality.csv
2019/1/26,36,guanajuato,san-luis de la paz presidencia municipal-air-quality.csv
2019/1/27,36,guanajuato,san-luis de la paz presidencia municipal-air-quality.csv
2019/1/28,29,guanajuato,san-luis de la paz presidencia municipal-air-quality.csv
2019/1/29,18,guanajuato,san-luis de la paz presidencia municipal-air-quality.csv
2019/1/30,23,guanajuato,san-luis de la paz presidencia municipal-air-quality.csv
2019/1/31,46,guanajuato,san-luis de la paz presidencia municipal-air-quality.csv
2019/2/1,47,guanajuato,san-luis de la paz presidencia municipal-air-quality.csv
2019/2/2,42,guanajuato,san-luis de la paz presidencia municipal-air-quality.csv
2019/2/3,38,guanajuato,san-luis de la paz presidencia municipal-air-quality.csv
2019/2/4,47,guanajuato,san-luis de la paz presidencia municipal-air-quality.csv
2019/2/5,49,guanajuato,san-luis de la paz presidencia municipal-air-quality.csv
2019/2/6,45,guanajuato,san-luis de la paz presidencia municipal-air-quality.csv
2019/2/7,53,guanajuato,san-luis de la paz presidencia municipal-air-quality.csv
2019/2/8,53,guanajuato,san-luis de la paz presidencia municipal-air-quality.csv
2019/2/9,51,guanajuato,san-luis de la paz presidencia municipal-air-quality.csv
2019/2/10,13,guanajuato,san-luis de la paz presidencia municipal-air-quality.csv
2019/2/11,34,guanajuato,san-luis de la paz presidencia municipal-air-quality.csv
2019/2/12,49,guanajuato,san-luis de la paz presidencia municipal-air-quality.csv
2019/2/13,47,guanajuato,san-luis de la paz presidencia municipal-air-quality.csv
2019/2/14,22,guanajuato,san-luis de la paz presidencia municipal-air-quality.csv
2019/2/15,48,guanajuato,san-luis de la paz presidencia municipal-air-quality.csv
2019/2/16,43,guanajuato,san-luis de la paz presidencia municipal-air-quality.csv
2019/2/17,48,guanajuato,san-luis de la paz presidencia municipal-air-quality.csv
2019/2/18,53,guanajuato,san-luis de la paz presidencia municipal-air-quality.csv
2019/2/19,54,guanajuato,san-luis de la paz presidencia municipal-air-quality.csv
2019/2/20,55,guanajuato,san-luis de la paz presidencia municipal-air-quality.csv
2019/2/27,19,guanajuato,san-luis de la paz presidencia municipal-air-quality.csv
2019/2/28,25,guanajuato,san-luis de la paz presidencia municipal-air-quality.csv
2019/3/1,36,guanajuato,san-luis de la paz presidencia municipal-air-quality.csv
2019/3/2,59,guanajuato,san-luis de la paz presidencia municipal-air-quality.csv
2019/3/3,52,guanajuato,san-luis de la paz presidencia municipal-air-quality.csv
2019/3/4,46,guanajuato,san-luis de la paz presidencia municipal-air-quality.csv
2019/3/5,60,guanajuato,san-luis de la paz presidencia municipal-air-quality.csv
2019/3/6,23,guanajuato,san-luis de la paz presidencia municipal-air-quality.csv
2019/3/7,23,guanajuato,san-luis de la paz presidencia municipal-air-quality.csv
2019/3/8,44,guanajuato,san-luis de la paz presidencia municipal-air-quality.csv
2019/3/9,64,guanajuato,san-luis de la paz presidencia municipal-air-quality.csv
2019/3/10,71,guanajuato,san-luis de la paz presidencia municipal-air-quality.csv
2019/3/11,54,guanajuato,san-luis de la paz presidencia municipal-air-quality.csv
2019/3/12,64,guanajuato,san-luis de la paz presidencia municipal-air-quality.csv
2019/3/13,77,guanajuato,san-luis de la paz presidencia municipal-air-quality.csv
2019/3/14,58,guanajuato,san-luis de la paz presidencia municipal-air-quality.csv
2019/3/15,56,guanajuato,san-luis de la paz presidencia municipal-air-quality.csv
2019/3/16,51,guanajuato,san-luis de la paz presidencia municipal-air-quality.csv
2019/3/17,21,guanajuato,san-luis de la paz presidencia municipal-air-quality.csv
2019/3/18,31,guanajuato,san-luis de la paz presidencia municipal-air-quality.csv
2019/3/19,33,guanajuato,san-luis de la paz presidencia municipal-air-quality.csv
2019/3/20,31,guanajuato,san-luis de la paz presidencia municipal-air-quality.csv
2019/3/21,29,guanajuato,san-luis de la paz presidencia municipal-air-quality.csv
2019/3/22,21,guanajuato,san-luis de la paz presidencia municipal-air-quality.csv
2019/3/23,25,guanajuato,san-luis de la paz presidencia municipal-air-quality.csv
2019/3/24,30,guanajuato,san-luis de la paz presidencia municipal-air-quality.csv
2019/3/25,33,guanajuato,san-luis de la paz presidencia municipal-air-quality.csv
2019/3/26,32,guanajuato,san-luis de la paz presidencia municipal-air-quality.csv
2019/3/27,54,guanajuato,san-luis de la paz presidencia municipal-air-quality.csv
2019/3/28,49,guanajuato,san-luis de la paz presidencia municipal-air-quality.csv
2019/3/29,40,guanajuato,san-luis de la paz presidencia municipal-air-quality.csv
2019/3/30,55,guanajuato,san-luis de la paz presidencia municipal-air-quality.csv
2019/3/31,51,guanajuato,san-luis de la paz presidencia municipal-air-quality.csv
2019/4/1,62,guanajuato,san-luis de la paz presidencia municipal-air-quality.csv
2018/10/2,10,guanajuato,san-luis de la paz presidencia municipal-air-quality.csv
2018/10/3,15,guanajuato,san-luis de la paz presidencia municipal-air-quality.csv
2018/10/4,11,guanajuato,san-luis de la paz presidencia municipal-air-quality.csv
2018/10/5,13,guanajuato,san-luis de la paz presidencia municipal-air-quality.csv
2018/10/6,13,guanajuato,san-luis de la paz presidencia municipal-air-quality.csv
2018/10/7,20,guanajuato,san-luis de la paz presidencia municipal-air-quality.csv
2018/10/8,38,guanajuato,san-luis de la paz presidencia municipal-air-quality.csv
2018/10/9,31,guanajuato,san-luis de la paz presidencia municipal-air-quality.csv
2018/10/10,37,guanajuato,san-luis de la paz presidencia municipal-air-quality.csv
2018/10/11,29,guanajuato,san-luis de la paz presidencia municipal-air-quality.csv
2018/10/12,30,guanajuato,san-luis de la paz presidencia municipal-air-quality.csv
2018/10/13,27,guanajuato,san-luis de la paz presidencia municipal-air-quality.csv
2018/10/14,26,guanajuato,san-luis de la paz presidencia municipal-air-quality.csv
2018/10/15,45,guanajuato,san-luis de la paz presidencia municipal-air-quality.csv
2018/10/16,49,guanajuato,san-luis de la paz presidencia municipal-air-quality.csv
2018/10/17,18,guanajuato,san-luis de la paz presidencia municipal-air-quality.csv
2018/10/18,9,guanajuato,san-luis de la paz presidencia municipal-air-quality.csv
2018/10/19,9,guanajuato,san-luis de la paz presidencia municipal-air-quality.csv
2018/10/20,8,guanajuato,san-luis de la paz presidencia municipal-air-quality.csv
2018/11/13,57,guanajuato,san-luis de la paz presidencia municipal-air-quality.csv
2018/11/14,22,guanajuato,san-luis de la paz presidencia municipal-air-quality.csv
2018/11/15,14,guanajuato,san-luis de la paz presidencia municipal-air-quality.csv
2018/11/16,18,guanajuato,san-luis de la paz presidencia municipal-air-quality.csv
2018/11/17,30,guanajuato,san-luis de la paz presidencia municipal-air-quality.csv
2018/11/18,38,guanajuato,san-luis de la paz presidencia municipal-air-quality.csv
2018/11/19,41,guanajuato,san-luis de la paz presidencia municipal-air-quality.csv
2018/11/20,36,guanajuato,san-luis de la paz presidencia municipal-air-quality.csv
2018/11/21,53,guanajuato,san-luis de la paz presidencia municipal-air-quality.csv
2018/11/22,46,guanajuato,san-luis de la paz presidencia municipal-air-quality.csv
2018/11/23,42,guanajuato,san-luis de la paz presidencia municipal-air-quality.csv
2018/11/24,53,guanajuato,san-luis de la paz presidencia municipal-air-quality.csv
2018/11/25,46,guanajuato,san-luis de la paz presidencia municipal-air-quality.csv
2018/11/26,57,guanajuato,san-luis de la paz presidencia municipal-air-quality.csv
2018/11/27,34,guanajuato,san-luis de la paz presidencia municipal-air-quality.csv
2018/11/28,31,guanajuato,san-luis de la paz presidencia municipal-air-quality.csv
2018/11/29,37,guanajuato,san-luis de la paz presidencia municipal-air-quality.csv
2018/11/30,24,guanajuato,san-luis de la paz presidencia municipal-air-quality.csv
2018/12/1,17,guanajuato,san-luis de la paz presidencia municipal-air-quality.csv
2018/12/4,39,guanajuato,san-luis de la paz presidencia municipal-air-quality.csv
2018/12/5,54,guanajuato,san-luis de la paz presidencia municipal-air-quality.csv
2018/12/6,12,guanajuato,san-luis de la paz presidencia municipal-air-quality.csv
2018/12/7,5,guanajuato,san-luis de la paz presidencia municipal-air-quality.csv
2018/12/10,29,guanajuato,san-luis de la paz presidencia municipal-air-quality.csv
2018/12/11,19,guanajuato,san-luis de la paz presidencia municipal-air-quality.csv
2018/12/12,28,guanajuato,san-luis de la paz presidencia municipal-air-quality.csv
2018/12/13,38,guanajuato,san-luis de la paz presidencia municipal-air-quality.csv
2018/12/14,32,guanajuato,san-luis de la paz presidencia municipal-air-quality.csv
2018/12/15,30,guanajuato,san-luis de la paz presidencia municipal-air-quality.csv
2018/12/16,19,guanajuato,san-luis de la paz presidencia municipal-air-quality.csv
2018/12/17,30,guanajuato,san-luis de la paz presidencia municipal-air-quality.csv
2018/12/18,27,guanajuato,san-luis de la paz presidencia municipal-air-quality.csv
2018/12/19,59,guanajuato,san-luis de la paz presidencia municipal-air-quality.csv
2018/12/20,47,guanajuato,san-luis de la paz presidencia municipal-air-quality.csv
2018/12/21,25,guanajuato,san-luis de la paz presidencia municipal-air-quality.csv
2018/12/22,22,guanajuato,san-luis de la paz presidencia municipal-air-quality.csv
2018/12/23,41,guanajuato,san-luis de la paz presidencia municipal-air-quality.csv
2018/12/24,24,guanajuato,san-luis de la paz presidencia municipal-air-quality.csv
2018/12/25,45,guanajuato,san-luis de la paz presidencia municipal-air-quality.csv
2018/12/26,60,guanajuato,san-luis de la paz presidencia municipal-air-quality.csv
2018/12/27,65,guanajuato,san-luis de la paz presidencia municipal-air-quality.csv
2018/12/28,55,guanajuato,san-luis de la paz presidencia municipal-air-quality.csv
2018/12/29,56,guanajuato,san-luis de la paz presidencia municipal-air-quality.csv
2018/12/30,52,guanajuato,san-luis de la paz presidencia municipal-air-quality.csv
2018/12/31,55,guanajuato,san-luis de la paz presidencia municipal-air-quality.csv
2018/7/2,57,guanajuato,san-luis de la paz presidencia municipal-air-quality.csv
2018/7/3,66,guanajuato,san-luis de la paz presidencia municipal-air-quality.csv
2018/7/4,56,guanajuato,san-luis de la paz presidencia municipal-air-quality.csv
2018/7/5,40,guanajuato,san-luis de la paz presidencia municipal-air-quality.csv
2018/7/6,64,guanajuato,san-luis de la paz presidencia municipal-air-quality.csv
2018/7/7,30,guanajuato,san-luis de la paz presidencia municipal-air-quality.csv
2018/7/8,23,guanajuato,san-luis de la paz presidencia municipal-air-quality.csv
2018/7/9,34,guanajuato,san-luis de la paz presidencia municipal-air-quality.csv
2018/7/10,35,guanajuato,san-luis de la paz presidencia municipal-air-quality.csv
2018/7/11,31,guanajuato,san-luis de la paz presidencia municipal-air-quality.csv
2018/7/12,24,guanajuato,san-luis de la paz presidencia municipal-air-quality.csv
2018/7/13,40,guanajuato,san-luis de la paz presidencia municipal-air-quality.csv
2018/7/14,43,guanajuato,san-luis de la paz presidencia municipal-air-quality.csv
2018/7/15,31,guanajuato,san-luis de la paz presidencia municipal-air-quality.csv
2018/7/16,64,guanajuato,san-luis de la paz presidencia municipal-air-quality.csv
2018/7/17,66,guanajuato,san-luis de la paz presidencia municipal-air-quality.csv
2018/7/18,62,guanajuato,san-luis de la paz presidencia municipal-air-quality.csv
2018/7/19,50,guanajuato,san-luis de la paz presidencia municipal-air-quality.csv
2018/7/20,38,guanajuato,san-luis de la paz presidencia municipal-air-quality.csv
2018/7/21,46,guanajuato,san-luis de la paz presidencia municipal-air-quality.csv
2018/7/22,51,guanajuato,san-luis de la paz presidencia municipal-air-quality.csv
2018/7/23,45,guanajuato,san-luis de la paz presidencia municipal-air-quality.csv
2018/7/24,50,guanajuato,san-luis de la paz presidencia municipal-air-quality.csv
2018/7/25,49,guanajuato,san-luis de la paz presidencia municipal-air-quality.csv
2018/7/26,45,guanajuato,san-luis de la paz presidencia municipal-air-quality.csv
2018/7/27,65,guanajuato,san-luis de la paz presidencia municipal-air-quality.csv
2018/7/28,72,guanajuato,san-luis de la paz presidencia municipal-air-quality.csv
2018/7/29,57,guanajuato,san-luis de la paz presidencia municipal-air-quality.csv
2018/7/31,38,guanajuato,san-luis de la paz presidencia municipal-air-quality.csv
2018/8/1,30,guanajuato,san-luis de la paz presidencia municipal-air-quality.csv
2018/8/2,36,guanajuato,san-luis de la paz presidencia municipal-air-quality.csv
2018/8/3,33,guanajuato,san-luis de la paz presidencia municipal-air-quality.csv
2018/8/4,26,guanajuato,san-luis de la paz presidencia municipal-air-quality.csv
2018/8/5,18,guanajuato,san-luis de la paz presidencia municipal-air-quality.csv
2018/8/8,32,guanajuato,san-luis de la paz presidencia municipal-air-quality.csv
2018/8/9,32,guanajuato,san-luis de la paz presidencia municipal-air-quality.csv
2018/8/10,38,guanajuato,san-luis de la paz presidencia municipal-air-quality.csv
2018/8/11,33,guanajuato,san-luis de la paz presidencia municipal-air-quality.csv
2018/8/12,46,guanajuato,san-luis de la paz presidencia municipal-air-quality.csv
2018/8/13,27,guanajuato,san-luis de la paz presidencia municipal-air-quality.csv
2018/8/14,58,guanajuato,san-luis de la paz presidencia municipal-air-quality.csv
2018/8/15,49,guanajuato,san-luis de la paz presidencia municipal-air-quality.csv
2018/8/16,46,guanajuato,san-luis de la paz presidencia municipal-air-quality.csv
2018/8/17,33,guanajuato,san-luis de la paz presidencia municipal-air-quality.csv
2018/8/18,38,guanajuato,san-luis de la paz presidencia municipal-air-quality.csv
2018/8/19,29,guanajuato,san-luis de la paz presidencia municipal-air-quality.csv
2018/8/20,35,guanajuato,san-luis de la paz presidencia municipal-air-quality.csv
2018/8/21,36,guanajuato,san-luis de la paz presidencia municipal-air-quality.csv
2018/8/22,22,guanajuato,san-luis de la paz presidencia municipal-air-quality.csv
2018/8/23,20,guanajuato,san-luis de la paz presidencia municipal-air-quality.csv
2018/8/24,12,guanajuato,san-luis de la paz presidencia municipal-air-quality.csv
2018/8/25,20,guanajuato,san-luis de la paz presidencia municipal-air-quality.csv
2018/8/26,32,guanajuato,san-luis de la paz presidencia municipal-air-quality.csv
2018/8/27,30,guanajuato,san-luis de la paz presidencia municipal-air-quality.csv
2018/8/28,33,guanajuato,san-luis de la paz presidencia municipal-air-quality.csv
2018/8/29,34,guanajuato,san-luis de la paz presidencia municipal-air-quality.csv
2018/8/30,33,guanajuato,san-luis de la paz presidencia municipal-air-quality.csv
2018/8/31,38,guanajuato,san-luis de la paz presidencia municipal-air-quality.csv
2018/9/3,29,guanajuato,san-luis de la paz presidencia municipal-air-quality.csv
2018/9/4,36,guanajuato,san-luis de la paz presidencia municipal-air-quality.csv
2018/9/5,36,guanajuato,san-luis de la paz presidencia municipal-air-quality.csv
2018/9/6,35,guanajuato,san-luis de la paz presidencia municipal-air-quality.csv
2018/9/7,15,guanajuato,san-luis de la paz presidencia municipal-air-quality.csv
2018/9/8,27,guanajuato,san-luis de la paz presidencia municipal-air-quality.csv
2018/9/9,44,guanajuato,san-luis de la paz presidencia municipal-air-quality.csv
2018/9/10,53,guanajuato,san-luis de la paz presidencia municipal-air-quality.csv
2018/9/11,32,guanajuato,san-luis de la paz presidencia municipal-air-quality.csv
2018/9/12,44,guanajuato,san-luis de la paz presidencia municipal-air-quality.csv
2018/9/13,31,guanajuato,san-luis de la paz presidencia municipal-air-quality.csv
2018/9/15,13,guanajuato,san-luis de la paz presidencia municipal-air-quality.csv
2018/9/16,24,guanajuato,san-luis de la paz presidencia municipal-air-quality.csv
2018/9/17,56,guanajuato,san-luis de la paz presidencia municipal-air-quality.csv
2018/9/18,37,guanajuato,san-luis de la paz presidencia municipal-air-quality.csv
2018/9/19,43,guanajuato,san-luis de la paz presidencia municipal-air-quality.csv
2018/9/20,30,guanajuato,san-luis de la paz presidencia municipal-air-quality.csv
2018/9/21,29,guanajuato,san-luis de la paz presidencia municipal-air-quality.csv
2018/9/22,31,guanajuato,san-luis de la paz presidencia municipal-air-quality.csv
2018/9/23,23,guanajuato,san-luis de la paz presidencia municipal-air-quality.csv
2018/9/24,19,guanajuato,san-luis de la paz presidencia municipal-air-quality.csv
2018/9/25,22,guanajuato,san-luis de la paz presidencia municipal-air-quality.csv
2018/9/26,23,guanajuato,san-luis de la paz presidencia municipal-air-quality.csv
2018/9/27,29,guanajuato,san-luis de la paz presidencia municipal-air-quality.csv
2018/4/6,32,guanajuato,san-luis de la paz presidencia municipal-air-quality.csv
2018/4/7,47,guanajuato,san-luis de la paz presidencia municipal-air-quality.csv
2018/4/8,77,guanajuato,san-luis de la paz presidencia municipal-air-quality.csv
2018/4/9,55,guanajuato,san-luis de la paz presidencia municipal-air-quality.csv
2018/4/10,59,guanajuato,san-luis de la paz presidencia municipal-air-quality.csv
2018/4/11,58,guanajuato,san-luis de la paz presidencia municipal-air-quality.csv
2018/4/12,14,guanajuato,san-luis de la paz presidencia municipal-air-quality.csv
2018/4/13,54,guanajuato,san-luis de la paz presidencia municipal-air-quality.csv
2018/4/14,67,guanajuato,san-luis de la paz presidencia municipal-air-quality.csv
2018/4/15,67,guanajuato,san-luis de la paz presidencia municipal-air-quality.csv
2018/4/16,62,guanajuato,san-luis de la paz presidencia municipal-air-quality.csv
2018/4/17,50,guanajuato,san-luis de la paz presidencia municipal-air-quality.csv
2018/4/18,53,guanajuato,san-luis de la paz presidencia municipal-air-quality.csv
2018/4/19,53,guanajuato,san-luis de la paz presidencia municipal-air-quality.csv
2018/4/20,71,guanajuato,san-luis de la paz presidencia municipal-air-quality.csv
2018/4/21,61,guanajuato,san-luis de la paz presidencia municipal-air-quality.csv
2018/4/22,60,guanajuato,san-luis de la paz presidencia municipal-air-quality.csv
2018/4/23,64,guanajuato,san-luis de la paz presidencia municipal-air-quality.csv
2018/4/24,67,guanajuato,san-luis de la paz presidencia municipal-air-quality.csv
2018/4/25,56,guanajuato,san-luis de la paz presidencia municipal-air-quality.csv
2018/4/26,57,guanajuato,san-luis de la paz presidencia municipal-air-quality.csv
2018/4/27,59,guanajuato,san-luis de la paz presidencia municipal-air-quality.csv
2018/4/28,47,guanajuato,san-luis de la paz presidencia municipal-air-quality.csv
2018/4/29,34,guanajuato,san-luis de la paz presidencia municipal-air-quality.csv
2018/4/30,34,guanajuato,san-luis de la paz presidencia municipal-air-quality.csv
2018/5/1,51,guanajuato,san-luis de la paz presidencia municipal-air-quality.csv
2018/5/2,58,guanajuato,san-luis de la paz presidencia municipal-air-quality.csv
2018/5/3,44,guanajuato,san-luis de la paz presidencia municipal-air-quality.csv
2018/5/4,74,guanajuato,san-luis de la paz presidencia municipal-air-quality.csv
2018/5/5,64,guanajuato,san-luis de la paz presidencia municipal-air-quality.csv
2018/5/6,54,guanajuato,san-luis de la paz presidencia municipal-air-quality.csv
2018/5/7,26,guanajuato,san-luis de la paz presidencia municipal-air-quality.csv
2018/5/8,25,guanajuato,san-luis de la paz presidencia municipal-air-quality.csv
2018/5/9,38,guanajuato,san-luis de la paz presidencia municipal-air-quality.csv
2018/5/10,39,guanajuato,san-luis de la paz presidencia municipal-air-quality.csv
2018/5/11,62,guanajuato,san-luis de la paz presidencia municipal-air-quality.csv
2018/5/12,47,guanajuato,san-luis de la paz presidencia municipal-air-quality.csv
2018/5/13,70,guanajuato,san-luis de la paz presidencia municipal-air-quality.csv
2018/5/14,53,guanajuato,san-luis de la paz presidencia municipal-air-quality.csv
2018/5/15,76,guanajuato,san-luis de la paz presidencia municipal-air-quality.csv
2018/5/16,63,guanajuato,san-luis de la paz presidencia municipal-air-quality.csv
2018/5/17,59,guanajuato,san-luis de la paz presidencia municipal-air-quality.csv
2018/5/18,54,guanajuato,san-luis de la paz presidencia municipal-air-quality.csv
2018/5/19,52,guanajuato,san-luis de la paz presidencia municipal-air-quality.csv
2018/5/21,59,guanajuato,san-luis de la paz presidencia municipal-air-quality.csv
2018/5/22,65,guanajuato,san-luis de la paz presidencia municipal-air-quality.csv
2018/5/23,49,guanajuato,san-luis de la paz presidencia municipal-air-quality.csv
2018/5/24,65,guanajuato,san-luis de la paz presidencia municipal-air-quality.csv
2018/5/25,61,guanajuato,san-luis de la paz presidencia municipal-air-quality.csv
2018/5/26,54,guanajuato,san-luis de la paz presidencia municipal-air-quality.csv
2018/5/27,36,guanajuato,san-luis de la paz presidencia municipal-air-quality.csv
2018/5/28,32,guanajuato,san-luis de la paz presidencia municipal-air-quality.csv
2018/5/29,40,guanajuato,san-luis de la paz presidencia municipal-air-quality.csv
2018/5/30,46,guanajuato,san-luis de la paz presidencia municipal-air-quality.csv
2018/5/31,49,guanajuato,san-luis de la paz presidencia municipal-air-quality.csv
2018/6/1,55,guanajuato,san-luis de la paz presidencia municipal-air-quality.csv
2018/6/2,61,guanajuato,san-luis de la paz presidencia municipal-air-quality.csv
2018/6/3,52,guanajuato,san-luis de la paz presidencia municipal-air-quality.csv
2018/6/4,39,guanajuato,san-luis de la paz presidencia municipal-air-quality.csv
2018/6/5,30,guanajuato,san-luis de la paz presidencia municipal-air-quality.csv
2018/6/6,32,guanajuato,san-luis de la paz presidencia municipal-air-quality.csv
2018/6/7,36,guanajuato,san-luis de la paz presidencia municipal-air-quality.csv
2018/6/8,55,guanajuato,san-luis de la paz presidencia municipal-air-quality.csv
2018/6/9,57,guanajuato,san-luis de la paz presidencia municipal-air-quality.csv
2018/6/12,55,guanajuato,san-luis de la paz presidencia municipal-air-quality.csv
2018/6/13,45,guanajuato,san-luis de la paz presidencia municipal-air-quality.csv
2018/6/14,36,guanajuato,san-luis de la paz presidencia municipal-air-quality.csv
2018/6/15,26,guanajuato,san-luis de la paz presidencia municipal-air-quality.csv
2018/6/16,28,guanajuato,san-luis de la paz presidencia municipal-air-quality.csv
2018/6/17,30,guanajuato,san-luis de la paz presidencia municipal-air-quality.csv
2018/6/18,51,guanajuato,san-luis de la paz presidencia municipal-air-quality.csv
2018/6/19,35,guanajuato,san-luis de la paz presidencia municipal-air-quality.csv
2018/6/20,29,guanajuato,san-luis de la paz presidencia municipal-air-quality.csv
2018/6/21,35,guanajuato,san-luis de la paz presidencia municipal-air-quality.csv
2018/6/22,34,guanajuato,san-luis de la paz presidencia municipal-air-quality.csv
2018/6/28,21,guanajuato,san-luis de la paz presidencia municipal-air-quality.csv
2018/6/29,19,guanajuato,san-luis de la paz presidencia municipal-air-quality.csv
