date, pm25, pm10, o3, no2, so2, co
2025/1/2, 167, 46, 50, 25, , 
2025/1/3, 118, 49, 46, 24, , 
2025/1/4, 126, , , , , 
2025/1/6, 112, 37, 27, 18, , 
2025/1/7, 88, 37, 28, 17, , 
2025/1/8, 97, 36, 24, 16, , 
2025/1/9, 92, 35, 24, 12, , 
2025/1/10, 83, 29, 18, 14, , 
2025/1/11, 76, 21, 17, 11, , 
2025/1/12, 63, 21, 19, 11, , 
2025/1/13, 62, 28, 27, 16, , 
2025/1/14, 74, 32, 25, 17, , 
2025/1/15, 80, 36, 29, 20, , 
2025/1/16, 92, 38, 29, 40, , 
2024/10/9, 95, , 31, 16, , 
2024/10/10, 97, , 52, 13, , 
2024/10/11, 76, , 52, 13, , 
2024/10/12, 83, , , , , 
2024/11/28, 120, 49, 40, 30, , 
2024/11/29, 118, 51, 46, 28, , 
2024/11/30, 116, 47, 37, 31, , 
2024/12/1, 122, 37, 7, 21, , 
2024/12/2, 94, , , , , 
2024/12/8, 68, 30, 21, 16, , 
2024/12/9, 81, 44, 13, 22, , 
2024/12/10, 107, 41, 8, 23, , 
2024/12/11, 106, , , , , 
2024/12/16, 109, 37, 36, 23, , 
2024/12/17, 87, 36, 34, 22, , 
2024/12/18, 87, 48, 39, 25, , 
2024/12/19, 117, 35, 30, 17, , 
2024/12/20, 93, 46, 38, 21, , 
2024/12/21, 114, 42, 34, 18, , 
2024/12/22, 118, 31, 34, 13, , 
2024/12/23, 103, 34, 24, 22, , 
2024/12/24, 108, 35, 27, 21, , 
2024/12/25, 102, 90, 4, 25, , 
2024/12/26, 196, , , , , 
2024/12/30, 99, , , , , 
2024/7/2, 62, 19, 24, 7, , 
2024/7/3, 61, 21, 22, 10, , 
2024/7/4, 65, 26, 32, 10, , 
2024/7/5, 70, 36, 45, 15, , 
2024/7/6, 87, 41, 39, 18, , 
2024/7/7, 95, 45, 46, 17, , 
2024/7/8, 113, 45, 60, 21, , 
2024/7/9, 104, 31, 39, 14, , 
2024/7/10, 80, 24, 21, 11, , 
2024/7/11, 71, 20, 22, 9, , 
2024/7/12, 62, 22, 32, 8, , 
2024/7/13, 67, 38, 29, 10, , 
2024/7/14, 84, 48, 34, 12, , 
2024/7/15, 98, 27, 27, 14, , 
2024/7/16, 70, 31, 39, 17, , 
2024/7/17, 82, 33, 36, 16, , 
2024/7/18, 91, , 34, 13, , 
2024/7/19, 74, , 31, 16, , 
2024/7/20, 87, , 25, 17, , 
2024/7/21, 87, , 37, 13, , 
2024/7/22, 85, , 17, 14, , 
2024/7/23, 67, , 22, 14, , 
2024/7/24, 74, , 29, 1, , 
2024/7/25, 91, , 34, , , 
2024/7/26, 85, , 27, , , 
2024/7/27, 77, , 28, , , 
2024/7/28, 79, , 35, , , 
2024/7/29, 81, , 38, , , 
2024/7/30, 86, , 25, , , 
2024/7/31, 89, , 27, , , 
2024/8/1, 80, , 41, 23, , 
2024/8/2, 84, , 25, 23, , 
2024/8/3, 85, , 30, 20, , 
2024/8/4, 79, , 37, 17, , 
2024/8/5, 76, , 27, 22, , 
2024/8/6, 78, , 30, 20, , 
2024/8/7, 81, , 40, 14, , 
2024/8/8, 87, , 53, 15, , 
2024/8/9, 91, , 40, 18, , 
2024/8/10, 92, , 25, 11, , 
2024/8/11, 78, , 29, 12, , 
2024/8/12, 86, , 25, 10, , 
2024/8/13, 77, , 33, 14, , 
2024/8/14, 76, , 34, 16, , 
2024/8/15, 87, , 39, 16, , 
2024/8/16, 84, , 19, 10, , 
2024/8/17, 64, , , , , 
2024/9/21, 88, , 22, 11, , 
2024/9/22, 73, , 31, 9, , 
2024/9/23, 75, , 34, 8, , 
2024/9/24, 75, , 24, 8, , 
2024/9/25, 66, , 22, 8, , 
2024/9/26, 66, , 20, 8, , 
2024/9/27, 61, , 16, 4, , 
2024/9/28, 58, , , , , 
2024/4/2, 127, 55, 35, 19, , 
2024/4/3, 121, 45, 22, 9, , 
2024/4/4, 96, 43, 22, 12, , 
2024/4/5, 87, , , , , 
2024/4/23, 114, 52, 44, 3, , 
2024/4/24, 118, 51, 54, 3, , 
2024/4/25, 119, 52, 57, 16, , 
2024/4/26, 123, 56, 38, 28, , 
2024/4/27, 132, 52, 47, 22, , 
2024/4/28, 115, 48, 47, 19, , 
2024/4/29, 111, 52, 47, 25, , 
2024/4/30, 116, 57, 53, 24, , 
2024/5/1, 126, 54, 43, 21, , 
2024/5/2, 124, 62, 46, 20, , 
2024/5/3, 145, 70, 54, 28, , 
2024/5/4, 156, 58, 49, 16, , 
2024/5/5, 133, 56, 58, 19, , 
2024/5/6, 135, 63, 55, 21, , 
2024/5/7, 137, 56, 63, 20, , 
2024/5/8, 123, 133, 51, 26, , 
2024/5/9, 141, 67, 81, 26, , 
2024/5/10, 148, 58, , 23, , 
2024/5/11, 134, 53, , 18, , 
2024/5/12, 116, 66, , 18, , 
2024/5/13, 157, 73, 46, 21, , 
2024/5/14, 160, 70, 60, 21, , 
2024/5/15, 160, 67, 58, 18, , 
2024/5/16, 157, 63, 50, 22, , 
2024/5/17, 150, 58, 55, 27, , 
2024/5/18, 140, 46, 67, , , 
2024/5/19, 122, 45, 62, , , 
2024/5/20, 93, 48, 60, 15, , 
2024/5/22, 106, 57, 61, 19, , 
2024/5/23, 126, 47, 58, 23, , 
2024/5/24, 104, 50, 61, 19, , 
2024/5/25, 117, 47, 62, 20, , 
2024/5/26, 113, 42, 60, 15, , 
2024/5/27, 103, 44, 69, 20, , 
2024/5/28, 94, 48, 55, 13, , 
2024/5/29, 100, 48, 52, 19, , 
2024/5/30, 119, 53, 74, 24, , 
2024/5/31, 131, 51, 67, 24, , 
2024/6/1, 117, 50, 63, 17, , 
2024/6/2, 118, 38, 58, 13, , 
2024/6/3, 83, 47, 59, 18, , 
2024/6/4, 102, 54, 53, 22, , 
2024/6/5, 103, 49, 54, 22, , 
2024/6/6, 105, 46, 75, 19, , 
2024/6/7, 105, 54, 66, 19, , 
2024/6/8, 125, 47, 53, 18, , 
2024/6/9, 122, 39, 50, 14, , 
2024/6/10, 106, 34, 54, 13, , 
2024/6/11, 96, 38, 55, 14, , 
2024/6/12, 90, 38, 38, 13, , 
2024/6/13, 92, 37, 72, 18, , 
2024/6/14, 89, 35, 47, 13, , 
2024/6/15, 89, 35, 55, 14, , 
2024/6/16, 84, 31, 50, 10, , 
2024/6/17, 81, 32, 53, 13, , 
2024/6/18, 80, 35, 50, 11, , 
2024/6/19, 83, 37, 43, 10, , 
2024/6/20, 84, 26, 33, 8, , 
2024/6/21, 74, 23, 35, 11, , 
2024/6/22, 71, 25, 39, , , 
2024/6/23, 74, 24, , , , 
2024/6/24, 73, 30, 20, 19, , 
2024/6/25, 82, 27, 22, 14, , 
2024/6/26, 77, 32, 24, 19, , 
2024/6/27, 83, 30, 31, 15, , 
2024/6/28, 86, 26, 23, , , 
2024/6/29, 73, 26, 21, , , 
2024/6/30, 73, 22, 24, , , 
2024/7/1, 69, 20, 26, 7, , 
2024/1/2, 121, 43, 28, 21, , 
2024/1/3, 93, 41, 29, 20, , 
2024/1/4, 84, 41, 3, 19, , 
2024/1/5, 86, 36, 3, 17, , 
2024/1/6, 78, 35, , 19, , 
2024/1/7, 81, 32, , 17, , 
2024/1/8, 85, 24, 19, 9, , 
2024/1/9, 68, 38, 16, 19, , 
2024/1/10, 85, 38, 28, 18, , 
2024/1/11, 73, 46, 26, 25, , 
2024/1/12, 92, 50, 33, 26, , 
2024/1/13, 96, 51, 23, 23, , 
2024/1/14, 106, 44, 29, 19, , 
2024/1/15, 93, 51, 36, 27, , 
2024/1/16, 106, 47, 98, 26, , 
2024/1/17, 102, , , , , 
2024/1/31, 104, 45, 56, , , 
2024/2/1, 94, 46, 41, , , 
2024/2/2, 101, 37, 45, , , 
2024/2/3, 80, 37, 50, , , 
2024/2/4, 75, 32, 57, , , 
2024/2/5, 75, 29, 56, , , 
2024/2/6, 67, 50, 65, , , 
2024/2/7, 99, 62, 83, , , 
2024/2/8, 125, 58, 78, 38, , 
2024/2/9, 111, 57, 69, 30, , 
2024/2/10, 115, 46, 46, 24, , 
2024/2/11, 108, 30, 44, 20, , 
2024/2/12, 78, 39, 29, 21, , 
2024/2/13, 78, 46, 29, 24, , 
2024/2/14, 92, 46, 26, 25, , 
2024/2/15, 92, 43, 31, 19, , 
2024/2/16, 93, 56, 24, 20, , 
2024/2/17, 103, 24, 16, 17, , 
2024/2/18, 65, 26, 47, 17, , 
2024/2/19, 78, 37, 57, 23, , 
2024/2/20, 86, 50, 70, 34, , 
2024/2/21, 102, 55, 63, 38, , 
2024/2/22, 110, 55, 71, 31, , 
2024/2/23, 111, 54, 75, 32, , 
2024/2/24, 105, 57, 72, 30, , 
2024/2/25, 123, 47, 57, 22, , 
2024/2/26, 106, 46, 42, 26, , 
2024/2/27, 88, 46, 54, 25, , 
2024/2/28, 95, 54, 58, 25, , 
2024/2/29, 98, 54, 37, 19, , 
2024/3/1, 98, 48, 31, 19, , 
2024/3/2, 99, 44, 37, 19, , 
2024/3/3, 90, 40, 33, 16, , 
2024/3/4, 106, 43, 30, 15, , 
2024/3/5, 83, 43, 33, 16, , 
2024/3/6, 80, 48, 47, 21, , 
2024/3/7, 98, 62, 38, 21, , 
2024/3/8, 112, 53, 45, 25, , 
2024/3/9, 107, 49, 53, 22, , 
2024/3/10, 108, 45, 36, 15, , 
2024/3/11, 85, 48, 37, 18, , 
2024/3/12, 87, 44, 41, 19, , 
2024/3/13, 86, 48, 47, 18, , 
2024/3/14, 100, 46, 40, , , 
2024/3/15, 89, 42, 35, 18, , 
2024/3/16, 90, 46, 36, 19, , 
2024/3/17, 88, 39, 36, 16, , 
2024/3/18, 84, 33, 35, 15, , 
2024/3/19, 81, 52, 37, 19, , 
2024/3/20, 112, 52, 35, 21, , 
2024/3/21, 128, 51, 27, 15, , 
2024/3/22, 102, 45, 28, 19, , 
2024/3/23, 98, 48, 35, 17, , 
2024/3/24, 94, 54, 42, 15, , 
2024/3/25, 119, 54, 36, 15, , 
2024/3/26, 111, 56, 53, 20, , 
2024/3/27, 135, 70, 21, , , 
2024/3/28, 164, , , , , 
2024/3/31, 142, 52, 44, , , 
2024/4/1, 134, 55, 33, 13, , 
2023/10/2, 97, 42, 36, 13, , 
2023/10/3, 102, 36, 27, 14, , 
2023/10/4, 88, 28, 23, 11, , 
2023/10/5, 68, 41, 36, 13, , 
2023/10/6, 91, 33, 46, 11, , 
2023/10/7, 76, 25, 29, 7, , 
2023/10/8, 64, 21, 30, 7, , 
2023/10/9, 60, 20, 19, 5, , 
2023/10/10, 59, 24, 20, 5, , 
2023/10/11, 58, 25, , 8, , 
2023/10/12, 58, 35, 18, 5, , 
2023/10/13, 72, 47, 18, , , 
2023/10/14, 95, 39, 33, , , 
2023/10/15, 85, 25, 28, , , 
2023/10/16, 67, 31, 32, , , 
2023/10/17, 67, 51, 37, , , 
2023/10/18, 99, 47, 25, 20, , 
2023/10/19, 93, 54, 47, 25, , 
2023/10/20, 98, 48, 61, 22, , 
2023/10/21, 89, 54, 54, 17, , 
2023/10/22, 112, 46, 47, 12, , 
2023/10/23, 99, 48, 39, 13, , 
2023/10/24, 94, 44, 29, 13, , 
2023/10/25, 88, 25, 16, 10, , 
2023/10/26, 68, 36, 18, 9, , 
2023/10/27, 70, 37, 27, 18, , 
2023/10/28, 86, 46, 45, 18, , 
2023/10/29, 90, 45, 49, 15, , 
2023/10/30, 94, 49, 58, 19, , 
2023/10/31, 99, 46, 52, 16, , 
2023/11/1, 88, 44, 36, 15, , 
2023/11/2, 88, 49, 44, 17, , 
2023/11/3, 100, 43, 40, 16, , 
2023/11/4, 80, 39, 50, 16, , 
2023/11/5, 79, 44, 56, 19, , 
2023/11/6, 84, 50, 56, 19, , 
2023/11/7, 93, 53, 39, 21, , 
2023/11/8, 97, 53, 52, 17, , 
2023/11/9, 94, 54, 34, 18, , 
2023/11/10, 107, 49, 31, 15, , 
2023/11/11, 93, 40, 42, 13, , 
2023/11/12, 86, 29, 22, 9, , 
2023/11/13, 68, 46, 34, 17, , 
2023/11/14, 101, 49, 34, 12, , 
2023/11/15, 95, 50, 35, 16, , 
2023/11/16, 97, 48, 34, 25, , 
2023/11/17, 85, 57, 40, 24, , 
2023/11/18, 92, 43, , 24, , 
2023/11/19, 82, 50, , 21, , 
2023/11/20, 97, 54, , 18, , 
2023/11/21, 112, 54, 43, 15, , 
2023/11/22, 108, 21, 24, 8, , 
2023/11/23, 66, 30, 21, 10, , 
2023/11/24, 65, 40, 49, 13, , 
2023/11/25, 74, 38, , , , 
2023/11/26, 79, 34, , , , 
2023/11/27, 76, 36, 27, 16, , 
2023/11/28, 83, 47, 28, 18, , 
2023/11/29, 103, 35, 28, 14, , 
2023/11/30, 75, 32, 25, 13, , 
2023/12/1, 80, 38, 21, 14, , 
2023/12/2, 84, 36, 18, 15, , 
2023/12/3, 83, 37, 24, 12, , 
2023/12/4, 82, 40, 35, 12, , 
2023/12/5, 86, 26, 23, 8, , 
2023/12/6, 64, 33, 36, 11, , 
2023/12/7, 79, 28, 29, 18, , 
2023/12/8, 71, 38, 28, 12, , 
2023/12/9, 85, 42, 26, , , 
2023/12/10, 85, 38, 38, , , 
2023/12/11, 85, 39, 26, , , 
2023/12/12, 92, 37, 28, , , 
2023/12/13, 87, 46, 24, 17, , 
2023/12/14, 99, 41, 23, 19, , 
2023/12/15, 92, 50, 23, 24, , 
2023/12/16, 104, 41, 34, 17, , 
2023/12/17, 94, 42, 44, 18, , 
2023/12/18, 101, 51, 46, 33, , 
2023/12/19, 107, 58, 59, 38, , 
2023/12/20, 116, 57, 65, 33, , 
2023/12/21, 122, 55, 50, 38, , 
2023/12/22, 115, 58, 56, 36, , 
2023/12/23, 110, 52, 48, 29, , 
2023/12/24, 109, 44, 29, 18, , 
2023/12/25, 94, 53, 28, 15, , 
2023/12/26, 121, 32, 16, 17, , 
2023/12/27, 78, 29, 16, 17, , 
2023/12/28, 76, 34, 31, 22, , 
2023/12/29, 84, 37, 28, 22, , 
2023/12/30, 83, 38, 29, 21, , 
2023/12/31, 86, 38, 38, 21, , 
2024/1/1, 97, 56, 9, 34, , 
2023/7/2, 64, 27, 37, 11, , 
2023/7/3, 67, 38, 50, 16, , 
2023/7/4, 85, 50, 57, 20, , 
2023/7/5, 118, 47, 54, 18, , 
2023/7/6, 113, 32, 27, 12, , 
2023/7/7, 79, 29, 29, 11, , 
2023/7/8, 64, 37, 43, 15, , 
2023/7/9, 79, 33, 44, 17, , 
2023/7/10, 80, 31, 30, 14, , 
2023/7/11, 65, 29, 30, 16, , 
2023/7/12, 64, 25, 31, 11, , 
2023/7/13, 59, 40, 48, 14, , 
2023/7/14, 73, 32, 46, 13, , 
2023/7/15, 64, 43, 56, 17, , 
2023/7/16, 80, 45, 63, 14, , 
2023/7/17, 74, 32, 40, 11, , 
2023/7/18, 68, 40, 49, 13, , 
2023/7/19, 71, 32, 47, 14, , 
2023/7/20, 68, 37, 47, 15, , 
2023/7/21, 70, 31, 44, 16, , 
2023/7/22, 73, 40, 42, 16, , 
2023/7/23, 76, 28, 37, 10, , 
2023/7/24, 65, 26, 30, 12, , 
2023/7/25, 63, 28, 32, 13, , 
2023/7/26, 69, 39, 33, 19, , 
2023/7/27, 82, 34, 30, 15, , 
2023/7/28, 74, 44, 33, 21, , 
2023/7/29, 87, 37, 45, 17, , 
2023/7/30, 77, 30, 29, 12, , 
2023/7/31, 66, 27, 15, 13, , 
2023/8/1, 63, 27, , 13, , 
2023/8/2, 64, 35, , 14, , 
2023/8/3, 68, 39, 23, 17, , 
2023/8/4, 76, 24, 21, 7, , 
2023/8/5, 54, 30, 31, 13, , 
2023/8/6, 73, 23, 26, 9, , 
2023/8/7, 59, 38, 40, 14, , 
2023/8/8, 65, 38, 50, 17, , 
2023/8/9, 76, 28, 32, 9, , 
2023/8/10, 64, 44, 34, 18, , 
2023/8/11, 82, 43, 50, 17, , 
2023/8/12, 84, 41, 52, 15, , 
2023/8/13, 86, 31, 44, 13, , 
2023/8/14, 68, 37, 13, 13, , 
2023/8/15, 75, 35, 26, 11, , 
2023/8/16, 68, 34, 25, 14, , 
2023/8/17, 61, 23, 21, 11, , 
2023/8/18, 57, 39, 26, 9, , 
2023/8/19, 67, 39, 33, , , 
2023/8/20, 85, 50, 34, , , 
2023/8/21, 87, , , , , 
2023/8/23, 80, 27, 35, 9, , 
2023/8/24, 66, 28, 34, 6, , 
2023/8/25, 63, 32, 38, 9, , 
2023/8/26, 69, 42, 32, 16, , 
2023/8/27, 94, 43, 33, 11, , 
2023/8/28, 101, 48, 28, 16, , 
2023/8/29, 100, 47, 40, 17, , 
2023/8/30, 94, 44, 41, 14, , 
2023/8/31, 88, 43, 34, 19, , 
2023/9/1, 102, 48, 39, 16, , 
2023/9/2, 114, 37, 49, 12, , 
2023/9/3, 87, 34, 35, 11, , 
2023/9/4, 78, 32, 29, 10, , 
2023/9/5, 68, 34, 33, 13, , 
2023/9/6, 73, 30, 26, 11, , 
2023/9/7, 70, 35, 37, 14, , 
2023/9/8, 77, 41, 40, 12, , 
2023/9/9, 82, 34, 51, 10, , 
2023/9/10, 72, 31, 42, 8, , 
2023/9/11, 66, 40, 25, 12, , 
2023/9/12, 74, 45, 44, 15, , 
2023/9/13, 81, 52, 40, 17, , 
2023/9/14, 94, 55, 50, 17, , 
2023/9/15, 106, 45, 33, 15, , 
2023/9/16, 100, 33, 32, 11, , 
2023/9/17, 80, 34, 30, 11, , 
2023/9/18, 88, 44, 35, 12, , 
2023/9/19, 104, 33, 34, 13, , 
2023/9/20, 75, 42, 38, 17, , 
2023/9/21, 85, 49, 53, 17, , 
2023/9/22, 94, 45, 27, 10, , 
2023/9/23, 90, , , , , 
2023/9/25, 69, 33, 36, 10, , 
2023/9/26, 67, 36, 38, 11, , 
2023/9/27, 73, 36, 38, 13, , 
2023/9/28, 75, 41, 36, 13, , 
2023/9/29, 84, 47, 38, 16, , 
2023/9/30, 97, 47, 40, 16, , 
2023/10/1, 96, 44, 37, 12, , 
2023/4/2, 96, 55, 68, 17, , 
2023/4/3, 93, 61, 59, 22, , 
2023/4/4, 103, 66, 51, 21, , 
2023/4/5, 110, 61, 45, 21, , 
2023/4/6, 104, 61, 42, 12, , 
2023/4/7, 106, 45, 20, 7, , 
2023/4/8, 78, 46, , 11, , 
2023/4/9, 84, 47, , 13, , 
2023/4/10, 89, 41, , 16, , 
2023/4/11, 89, 42, 34, 18, , 
2023/4/12, 86, 30, 37, 17, , 
2023/4/13, 63, 39, 35, 16, , 
2023/4/14, 75, 43, 37, 17, , 
2023/4/15, 82, 43, 39, 19, , 
2023/4/16, 80, 44, 46, 15, , 
2023/4/17, 82, 54, 34, 19, , 
2023/4/18, 99, 52, 47, 18, , 
2023/4/19, 90, 56, 45, 21, , 
2023/4/20, 102, 58, 44, 21, , 
2023/4/21, 100, 54, 38, 21, , 
2023/4/22, 90, 61, 40, 18, , 
2023/4/23, 91, 54, 36, 12, , 
2023/4/24, 79, 46, 39, 15, , 
2023/4/25, 83, 46, 40, 12, , 
2023/4/26, 80, 61, 40, 19, , 
2023/4/27, 104, 65, 44, 20, , 
2023/4/28, 126, 57, 53, 22, , 
2023/4/29, 104, 57, 47, 22, , 
2023/4/30, 108, 53, 46, 16, , 
2023/5/1, 109, 50, 41, 15, , 
2023/5/2, 102, 56, 39, 17, , 
2023/5/3, 100, 64, 56, 20, , 
2023/5/4, 114, 63, 56, 16, , 
2023/5/5, 130, 59, 48, 27, , 
2023/5/6, 127, 53, 66, 24, , 
2023/5/7, 113, 47, 66, 17, , 
2023/5/8, 103, 51, 41, 25, , 
2023/5/9, 109, 51, 34, 22, , 
2023/5/10, 99, 55, 43, 24, , 
2023/5/11, 119, 51, 42, 19, , 
2023/5/12, 104, 49, 39, 22, , 
2023/5/13, 97, 45, 39, 16, , 
2023/5/14, 93, 40, 38, 12, , 
2023/5/15, 83, 35, 33, 16, , 
2023/5/16, 72, 45, 31, 19, , 
2023/5/17, 91, 43, 39, 21, , 
2023/5/18, 87, 42, 48, 19, , 
2023/5/19, 92, 45, 56, 22, , 
2023/5/20, 97, 49, 49, 24, , 
2023/5/21, 104, 37, 43, 16, , 
2023/5/22, 91, 39, 43, 24, , 
2023/5/23, 98, 36, 47, 18, , 
2023/5/24, 93, 42, 45, 16, , 
2023/5/25, 88, 48, 49, 16, , 
2023/5/26, 95, 45, 45, 20, , 
2023/5/27, 96, 40, 47, 16, , 
2023/5/28, 90, 39, 37, 19, , 
2023/5/29, 81, 42, 37, 18, , 
2023/5/30, 78, 47, 46, 19, , 
2023/5/31, 92, 53, 52, 21, , 
2023/6/1, 105, 54, 47, 22, , 
2023/6/2, 104, 53, 59, 22, , 
2023/6/3, 96, 47, 51, 17, , 
2023/6/4, 90, 40, 38, 13, , 
2023/6/5, 84, 53, 42, 19, , 
2023/6/6, 99, 47, 50, 17, , 
2023/6/7, 97, 42, 47, 21, , 
2023/6/8, 92, 40, 43, 17, , 
2023/6/9, 90, 51, 51, 23, , 
2023/6/10, 95, 51, 50, 22, , 
2023/6/11, 98, 47, 56, 16, , 
2023/6/12, 93, 52, 47, 18, , 
2023/6/13, 86, 42, 78, 23, , 
2023/6/14, 74, 53, 86, 23, , 
2023/6/15, 96, 56, 74, 21, , 
2023/6/16, 98, 52, 66, 18, , 
2023/6/17, 89, 46, 49, 15, , 
2023/6/18, 77, 43, 52, 9, , 
2023/6/19, 69, 50, 67, , , 
2023/6/20, 78, 56, 69, 21, , 
2023/6/21, 89, 50, 57, 18, , 
2023/6/22, 80, 53, 36, 16, , 
2023/6/23, 77, 55, 57, 14, , 
2023/6/24, 81, 46, 50, 15, , 
2023/6/25, 70, 29, 36, 8, , 
2023/6/26, 57, 27, 24, 13, , 
2023/6/27, 55, 37, 43, 14, , 
2023/6/28, 67, 32, 24, 22, , 
2023/6/29, 78, 38, 27, 14, , 
2023/6/30, 76, 24, 23, 6, , 
2023/7/1, 54, 27, 31, 11, , 
2023/1/3, 77, 38, 26, 11, , 12
2023/1/4, 77, 46, 39, 16, , 13
2023/1/5, 78, 53, 51, 19, , 14
2023/1/6, 99, 52, 47, 20, , 13
2023/1/7, 99, 52, 54, 18, , 14
2023/1/8, 98, 51, 63, 21, , 14
2023/1/9, 96, 55, 53, 17, , 13
2023/1/10, 107, 56, 44, 19, , 14
2023/1/11, 112, 53, 42, 21, , 14
2023/1/12, 106, 52, 54, 18, , 14
2023/1/13, 100, 54, 50, 18, , 14
2023/1/14, 101, 55, 56, 22, , 14
2023/1/15, 102, 57, 65, 24, , 15
2023/1/16, 115, 62, 52, 6, , 16
2023/1/17, 125, 62, 12, , , 
2023/1/18, 130, 74, 49, 29, , 15
2023/1/19, 129, 64, 52, 25, , 13
2023/1/20, 114, 65, 51, 25, , 14
2023/1/21, 116, 61, 39, 20, , 12
2023/1/22, 114, 55, 40, 14, , 10
2023/1/23, 104, 54, 34, 13, , 10
2023/1/24, 93, 51, 31, 13, , 9
2023/1/25, 87, 57, 43, 20, , 12
2023/1/26, 97, 53, 36, 12, , 10
2023/1/27, 93, 54, 39, 16, , 11
2023/1/28, 94, 54, 34, 18, , 12
2023/1/29, 95, 49, 46, 16, , 10
2023/1/30, 92, 63, 68, 24, , 13
2023/1/31, 111, 62, 43, 18, , 12
2023/2/1, 105, 61, 41, 17, , 12
2023/2/2, 101, 53, 57, 19, , 12
2023/2/3, 89, , 20, 18, , 9
2023/2/6, 83, 54, , 19, , 11
2023/2/7, 93, 61, 22, 19, , 13
2023/2/8, 98, 64, 47, 19, , 12
2023/2/9, 107, 60, 42, 15, , 12
2023/2/10, 106, 62, 51, 20, , 13
2023/2/11, 110, 59, 48, 11, , 9
2023/2/12, 99, 53, 54, 12, , 10
2023/2/13, 94, 57, 44, 15, , 13
2023/2/14, 92, 60, 36, 14, , 11
2023/2/15, 94, 57, 35, 15, , 13
2023/2/16, 86, 60, 44, 17, , 13
2023/2/17, 92, 63, 45, 12, , 12
2023/2/18, 99, 47, 46, 8, , 9
2023/2/19, 68, 38, 32, 7, , 8
2023/2/20, 61, 52, 51, 15, , 12
2023/2/21, 81, 57, 43, 15, , 11
2023/2/22, 91, 52, 28, 13, , 11
2023/2/23, 79, 61, 27, 18, , 15
2023/2/24, 94, 72, 60, 24, , 16
2023/2/25, 119, 59, 37, 15, , 12
2023/2/26, 91, 44, 31, 12, , 12
2023/2/27, 72, 48, 33, 12, , 12
2023/2/28, 75, 61, 42, 15, , 13
2023/3/1, 90, 63, 46, 15, , 13
2023/3/2, 98, 68, 39, 14, , 12
2023/3/3, 101, 65, 38, 13, , 13
2023/3/4, 89, 56, 42, 15, , 13
2023/3/5, 90, 57, 48, 14, , 12
2023/3/6, 99, 62, 67, 16, , 13
2023/3/7, 96, 62, 52, 18, , 14
2023/3/8, 90, 62, 52, 16, , 13
2023/3/9, 100, 64, 56, 16, , 13
2023/3/10, 103, 63, 48, 18, , 14
2023/3/11, 97, 60, 54, 19, , 13
2023/3/12, 101, 51, 49, 16, , 12
2023/3/13, 100, 50, 35, 14, , 12
2023/3/14, 83, 42, 39, 14, , 13
2023/3/15, 90, 46, 36, 14, , 11
2023/3/16, 95, 32, 29, 13, , 11
2023/3/17, 69, 45, 41, 16, , 13
2023/3/18, 84, 46, 29, 13, , 11
2023/3/19, 80, 34, 31, 9, , 9
2023/3/20, 85, 40, 36, 9, , 10
2023/3/21, 78, 50, 57, 17, , 12
2023/3/22, 103, 55, 52, 17, , 13
2023/3/23, 92, 49, 62, 12, , 10
2023/3/24, 83, 57, 51, 16, , 12
2023/3/25, 92, 59, 59, 20, , 12
2023/3/26, 96, 55, 60, 19, , 12
2023/3/27, 95, 64, 35, 28, , 17
2023/3/28, 99, 63, 61, 18, , 
2023/3/29, 103, 60, 54, 17, , 
2023/3/30, 102, 46, 44, 19, , 
2023/3/31, 81, 55, 61, 22, , 
2023/4/1, 95, 58, 51, 24, , 
2022/10/2, 90, 47, 30, , , 10
2022/10/3, 106, , , , , 
2022/10/5, 73, 39, 51, , , 12
2022/10/6, 79, 45, 12, , , 10
2022/10/7, 82, , , , , 
2022/10/20, 65, 37, 22, 16, , 10
2022/10/21, 78, 38, 21, 20, , 10
2022/10/22, 77, 34, 26, 20, , 10
2022/10/23, 79, 35, 45, 18, , 9
2022/10/24, 81, 48, 28, 18, , 13
2022/10/25, 86, 43, 43, 14, , 11
2022/10/26, 86, 48, 37, 13, , 11
2022/10/27, 92, 48, 28, 16, , 14
2022/10/28, 96, 47, 41, 15, , 13
2022/10/29, 86, 46, 35, 15, , 12
2022/10/30, 91, 42, 38, 15, , 11
2022/10/31, 93, 41, 34, 14, , 11
2022/11/1, 84, 55, 62, 21, , 13
2022/11/2, 116, 45, 45, 12, , 9
2022/11/3, 98, 52, 42, 23, , 14
2022/11/4, 95, 54, 45, 21, , 14
2022/11/5, 97, 50, 46, 22, , 14
2022/11/6, 94, 46, 59, 17, , 12
2022/11/7, 96, 43, 45, 21, , 11
2022/11/8, 79, 40, 42, 12, , 7
2022/11/9, 76, 49, 45, 20, , 11
2022/11/10, 87, 46, 42, 14, , 10
2022/11/11, 79, 49, 57, 20, , 13
2022/11/12, 96, 59, 53, 17, , 12
2022/11/13, 123, 45, 41, 14, , 11
2022/11/14, 96, 55, 38, 16, , 13
2022/11/15, 96, 51, 41, 14, , 12
2022/11/16, 78, 54, 48, 19, , 13
2022/11/17, 93, 54, 64, 18, , 11
2022/11/18, 103, 51, 39, 17, , 13
2022/11/19, 107, 43, 34, 16, , 10
2022/11/20, 95, 43, 29, 14, , 8
2022/11/21, 106, 44, 28, 15, , 9
2022/11/22, 107, 42, 34, 17, , 9
2022/11/23, 95, 56, 36, 23, , 11
2022/11/24, 117, 59, 35, 23, , 12
2022/11/25, 122, 49, 29, 18, , 11
2022/11/26, 98, 45, 25, 17, , 10
2022/11/27, 90, 38, 36, 15, , 9
2022/11/28, 83, 50, 29, 21, , 13
2022/11/29, 88, 50, 28, 19, , 13
2022/11/30, 89, 49, 34, , , 10
2022/12/1, 88, 37, 36, 12, , 8
2022/12/2, 79, 49, 31, 15, , 11
2022/12/3, 82, 50, 33, 18, , 11
2022/12/4, 86, 30, 33, 11, , 8
2022/12/5, 64, 53, 42, 22, , 13
2022/12/6, 89, 60, 55, 26, , 15
2022/12/7, 104, 56, 33, 20, , 14
2022/12/8, 97, 56, 28, 21, , 16
2022/12/9, 93, 58, 31, 21, , 18
2022/12/10, 96, 51, 39, 18, , 17
2022/12/11, 97, 48, 42, , , 17
2022/12/12, 104, 53, 51, , , 19
2022/12/13, 108, 57, 41, , , 20
2022/12/14, 115, 54, 34, , , 19
2022/12/15, 97, 59, 37, , , 21
2022/12/16, 101, 61, 39, , , 23
2022/12/17, 110, 56, 36, , , 
2022/12/18, 104, 51, 36, , , 
2022/12/19, 94, 54, 37, 30, , 16
2022/12/20, 96, 61, 58, 25, , 15
2022/12/21, 108, 53, 31, 18, , 14
2022/12/22, 96, 54, 39, 19, , 14
2022/12/23, 101, 62, , 17, , 13
2022/12/24, 112, 52, , 16, , 12
2022/12/25, 103, 53, , 13, , 12
2022/12/26, 121, 35, , 14, , 12
2022/12/27, 80, 43, 34, 18, , 11
2022/12/28, 91, 40, 38, 14, , 11
2022/12/29, 84, 39, 28, 14, , 11
2022/12/30, 77, 43, 23, 16, , 13
2022/12/31, 86, 40, 25, 11, , 14
2023/1/1, 86, 36, 24, 9, , 12
2023/1/2, 80, 37, 22, 10, , 11
2022/7/2, 101, , , , , 
2022/7/4, 82, 31, 35, 17, , 10
2022/7/5, 83, 22, 31, 14, , 11
2022/7/6, 68, 39, 46, 22, , 14
2022/7/7, 100, 37, 30, 21, , 13
2022/7/8, 88, 36, 44, 20, , 13
2022/7/9, 89, 28, 50, 18, , 12
2022/7/10, 83, 29, 50, 16, , 12
2022/7/11, 84, 37, 40, 21, , 13
2022/7/12, 102, 39, 54, 22, , 13
2022/7/13, 106, 31, 46, 17, , 12
2022/7/14, 79, 23, 44, 18, , 12
2022/7/15, 78, , 30, 17, , 12
2022/7/16, 69, , 27, 10, , 10
2022/7/17, 71, , 37, 11, , 10
2022/7/18, 77, , 38, 19, , 11
2022/7/19, 85, 30, 63, 17, , 12
2022/7/20, 92, 34, 51, 18, , 11
2022/7/21, 83, 37, 70, 15, , 11
2022/7/22, 87, 41, 62, 19, , 11
2022/7/23, 93, 34, 36, 20, , 12
2022/7/24, 88, 29, 51, 15, , 11
2022/7/25, 88, 27, 28, 12, , 10
2022/7/26, 77, 22, 34, 11, , 10
2022/7/27, 55, 20, 34, 15, , 10
2022/7/28, 57, 32, 44, 19, , 13
2022/7/29, 73, 34, 30, 21, , 13
2022/7/30, 69, 34, 44, 21, , 13
2022/7/31, 72, , , , , 
2022/8/2, 63, 27, 37, 19, , 11
2022/8/3, 69, 27, 37, 16, , 11
2022/8/4, 63, 33, 51, 22, , 12
2022/8/5, 78, 33, 59, 19, , 11
2022/8/6, 69, 27, 39, 16, , 11
2022/8/7, 65, 28, 41, 15, , 10
2022/8/8, 69, 21, 39, 15, , 10
2022/8/9, 56, 20, 29, 18, , 11
2022/8/10, 61, 31, 44, 20, , 12
2022/8/11, 73, 32, 52, 16, , 11
2022/8/12, 69, 19, 49, 14, , 9
2022/8/13, 59, , , , , 
2022/8/16, 60, 20, 24, 12, , 10
2022/8/17, 50, , , , , 
2022/8/19, 88, 48, 18, 41, , 19
2022/8/20, 95, 28, 25, 14, , 8
2022/8/21, 66, 31, 31, 18, , 9
2022/8/22, 77, 41, 40, 19, , 10
2022/8/23, 79, 23, 34, 10, , 7
2022/8/24, 52, 38, 50, 18, , 9
2022/8/25, 76, 36, 55, 18, , 9
2022/8/26, 69, 35, 42, 20, , 10
2022/8/27, 67, 44, 54, 23, , 12
2022/8/28, 83, 35, 47, 17, , 10
2022/8/29, 86, 28, 38, 14, , 9
2022/8/30, 64, 28, 30, 16, , 11
2022/8/31, 54, 33, 39, 17, , 9
2022/9/1, 66, 31, 50, 16, , 8
2022/9/2, 67, 29, 44, 14, , 7
2022/9/3, 56, 22, 35, 11, , 6
2022/9/4, 52, 20, 33, 11, , 7
2022/9/5, 47, 16, 28, 8, , 8
2022/9/6, 37, 24, 35, 15, , 10
2022/9/7, 54, 20, 30, 16, , 9
2022/9/8, 51, 21, 35, 11, , 7
2022/9/9, 54, 32, 87, 15, , 9
2022/9/10, 69, 38, 81, 19, , 12
2022/9/11, 75, 31, 58, 17, , 9
2022/9/12, 71, 38, 48, 16, , 9
2022/9/13, 79, 27, 26, 11, , 8
2022/9/14, 67, , , , , 
2022/9/22, 77, 33, 72, 5, , 7
2022/9/23, 63, 32, 72, 6, , 10
2022/9/24, 68, 35, 52, 6, , 9
2022/9/25, 72, 34, 49, 6, , 9
2022/9/26, 77, 30, 43, 5, , 7
2022/9/27, 68, 23, 72, 5, , 7
2022/9/28, 58, 27, 67, , , 7
2022/9/29, 58, 29, 63, , , 8
2022/9/30, 68, 41, 61, , , 37
2022/10/1, 92, 44, 67, , , 11
2022/4/2, 132, 59, 61, 19, , 13
2022/4/3, 113, 51, 47, 15, , 12
2022/4/4, 106, 60, 45, 15, , 13
2022/4/5, 111, 60, 42, 15, , 13
2022/4/6, 119, 56, 67, 17, , 13
2022/4/7, 124, 61, 54, 15, , 11
2022/4/8, 136, 62, 40, 19, , 14
2022/4/9, 125, 49, 39, 19, , 14
2022/4/10, 116, 39, 40, 13, , 11
2022/4/11, 98, 44, 36, 16, , 12
2022/4/12, 107, 47, 39, 15, , 12
2022/4/13, 105, 50, 49, 17, , 13
2022/4/14, 113, 50, 52, 16, , 12
2022/4/15, 123, 44, 50, 8, , 10
2022/4/16, 130, 46, 50, 12, , 11
2022/4/17, 112, 47, 51, 14, , 11
2022/4/18, 98, 47, 57, 15, , 12
2022/4/19, 103, 43, 42, 14, , 11
2022/4/20, 108, 44, 46, 16, , 12
2022/4/21, 99, 48, 52, 16, , 13
2022/4/22, 110, 32, 47, 14, , 12
2022/4/23, 85, 43, 43, 16, , 12
2022/4/24, 103, 35, 43, 13, , 12
2022/4/25, 89, 35, 41, 14, , 12
2022/4/26, 80, 45, 35, 19, , 13
2022/4/27, 98, 34, 44, 16, , 11
2022/4/28, 83, 39, 50, 19, , 13
2022/4/29, 92, 44, 56, 20, , 13
2022/4/30, 106, 40, 45, 16, , 12
2022/5/1, 100, 41, 56, 17, , 11
2022/5/2, 103, 51, 66, 21, , 14
2022/5/3, 128, 57, 78, 22, , 15
2022/5/4, 135, 56, 79, 23, , 14
2022/5/5, 137, 55, 83, 25, , 14
2022/5/6, 140, 55, 78, 23, , 14
2022/5/7, 133, 36, 64, 18, , 12
2022/5/8, 96, 45, 60, 21, , 13
2022/5/9, 116, 43, 73, 17, , 12
2022/5/10, 112, 48, 49, 21, , 13
2022/5/11, 102, 45, 43, 13, , 10
2022/5/12, 95, 38, 62, 16, , 8
2022/5/13, 79, 51, 52, 18, , 10
2022/5/14, 106, 52, 52, 25, , 11
2022/5/15, 115, 48, 53, 16, , 9
2022/5/16, 109, 45, 53, 20, , 10
2022/5/17, 98, 55, 58, 20, , 11
2022/5/18, 116, 57, 52, 22, , 11
2022/5/19, 119, 57, 54, 21, , 11
2022/5/20, 127, 69, 72, 28, , 14
2022/5/21, 144, 63, 81, 26, , 12
2022/5/22, 140, 58, 67, 24, , 12
2022/5/23, 140, 49, 23, 19, , 11
2022/5/24, 127, , , , , 
2022/5/26, 119, 50, 57, 21, , 10
2022/5/27, 106, 45, 49, 16, , 8
2022/5/28, 101, 40, 49, 14, , 8
2022/5/29, 85, 32, 43, 11, , 8
2022/5/30, 78, 42, 51, 15, , 8
2022/5/31, 96, 44, 55, 17, , 8
2022/6/1, 92, 41, 46, 18, , 7
2022/6/2, 93, 39, 50, 17, , 7
2022/6/3, 88, 43, 50, 17, , 7
2022/6/4, 93, 48, 43, 23, , 8
2022/6/5, 103, 41, 42, 18, , 7
2022/6/6, 102, 41, 51, 19, , 7
2022/6/7, 85, 48, 78, 19, , 8
2022/6/8, 99, 48, 63, 17, , 8
2022/6/9, 107, 25, 25, 15, , 8
2022/6/10, 73, 30, 38, 15, , 8
2022/6/11, 78, 31, 45, 16, , 8
2022/6/12, 78, 28, 48, 10, , 6
2022/6/13, 75, 37, 43, 14, , 7
2022/6/14, 79, 30, 24, 18, , 9
2022/6/15, 89, 24, 29, 12, , 9
2022/6/16, 74, 30, 34, 8, , 5
2022/6/17, 72, 38, 44, 15, , 7
2022/6/18, 85, 39, 49, 21, , 7
2022/6/19, 100, 27, 38, 15, , 6
2022/6/20, 75, 27, 55, 13, , 5
2022/6/21, 72, 23, 28, 13, , 5
2022/6/22, 67, 22, 56, 16, , 9
2022/6/23, 69, 26, 29, 10, , 10
2022/6/24, 66, 27, 29, 10, , 10
2022/6/25, 73, 34, 33, 20, , 12
2022/6/26, 87, 35, 68, 20, , 12
2022/6/27, 93, 29, 37, 15, , 10
2022/6/28, 77, 31, 31, 21, , 12
2022/6/29, 87, 35, 48, 20, , 13
2022/6/30, 92, 46, 58, 24, , 13
2022/7/1, 94, 42, 80, 23, , 13
2022/1/4, 115, 59, 41, 27, , 14
2022/1/5, 115, 58, 42, 26, , 14
2022/1/6, 113, 56, 44, 23, , 13
2022/1/7, 104, 44, 27, 20, , 13
2022/1/8, 84, 43, 34, 21, , 12
2022/1/9, 91, 41, 43, 20, , 11
2022/1/10, 94, 33, 36, 14, , 8
2022/1/11, 75, 40, 34, 19, , 10
2022/1/12, 81, 46, 36, 20, , 10
2022/1/13, 98, 45, 37, 21, , 11
2022/1/14, 90, 44, 40, 18, , 11
2022/1/15, 85, , 28, 21, , 12
2022/1/16, 96, , 31, 17, , 10
2022/1/18, 87, 44, 32, 22, , 12
2022/1/19, 90, 52, 39, 24, , 13
2022/1/20, 104, 51, 40, 23, , 12
2022/1/21, 106, 44, 30, 17, , 9
2022/1/22, 86, 36, 30, 16, , 11
2022/1/23, 82, 35, 29, 14, , 10
2022/1/24, 79, 43, 26, 14, , 9
2022/1/25, 85, 38, 22, 15, , 10
2022/1/26, 80, 45, 28, 17, , 11
2022/1/27, 87, 46, 31, 19, , 12
2022/1/28, 90, 46, 34, 17, , 11
2022/1/29, 91, 54, 31, 18, , 11
2022/1/30, 104, 37, 33, 15, , 10
2022/1/31, 88, 37, 24, 13, , 10
2022/2/1, 82, 36, 22, 14, , 10
2022/2/2, 69, 48, 2, 20, , 13
2022/2/3, 80, 45, 27, 16, , 11
2022/2/4, 82, 46, 24, 16, , 12
2022/2/5, 80, 45, 31, 17, , 12
2022/2/6, 86, 39, 32, 13, , 10
2022/2/7, 81, 42, 26, 16, , 10
2022/2/8, 91, 43, 22, 13, , 9
2022/2/9, 85, 41, 25, 14, , 11
2022/2/10, 79, 44, 24, 16, , 11
2022/2/11, 79, 50, 26, 16, , 11
2022/2/12, 78, 34, 24, 13, , 8
2022/2/13, 71, 39, 35, 13, , 9
2022/2/14, 85, 49, 28, 19, , 12
2022/2/15, 93, 38, 33, 18, , 12
2022/2/16, 87, 40, 34, 18, , 12
2022/2/17, 84, 43, 37, 18, , 12
2022/2/18, 87, 51, 32, 24, , 15
2022/2/19, 94, 50, 45, 18, , 
2022/2/20, 95, 39, 47, 15, , 
2022/2/21, 93, 47, 36, 21, , 
2022/2/22, 89, 53, 52, 23, , 
2022/2/23, 107, 58, 44, 25, , 
2022/2/24, 114, 58, 20, 18, , 2
2022/2/25, 97, 58, 20, 20, , 5
2022/2/26, 105, 49, 20, 16, , 4
2022/2/27, 95, 46, 23, 16, , 3
2022/2/28, 87, 52, 18, 19, , 6
2022/3/1, 92, 58, 25, 22, , 8
2022/3/2, 103, 61, 30, 24, , 4
2022/3/3, 104, 63, 32, 21, , 5
2022/3/4, 113, 52, 20, 17, , 15
2022/3/5, 98, , , , , 
2022/3/11, 92, 54, 20, 17, , 11
2022/3/12, 89, 57, 44, 15, , 10
2022/3/13, 106, 49, 45, 12, , 10
2022/3/14, 95, 62, 46, 16, , 11
2022/3/15, 120, 54, 40, 21, , 14
2022/3/16, 117, 52, 38, 16, , 12
2022/3/17, 100, 46, 31, 12, , 11
2022/3/18, 97, 51, 44, 17, , 12
2022/3/19, 105, 49, 32, 15, , 11
2022/3/20, 97, 49, 36, 9, , 9
2022/3/21, 92, , 38, 10, , 9
2022/3/22, 99, 51, 35, 13, , 10
2022/3/23, 87, 50, 37, 13, , 10
2022/3/24, 85, 54, 47, 19, , 12
2022/3/25, 99, 57, 58, 19, , 11
2022/3/26, 103, 55, 58, 17, , 11
2022/3/27, 101, 50, 54, 13, , 10
2022/3/28, 93, 52, 53, 15, , 11
2022/3/29, 97, 60, 67, 16, , 12
2022/3/30, 112, 55, 49, 15, , 11
2022/3/31, 104, 62, 43, 18, , 13
2022/4/1, 107, 62, 40, 17, , 13
2021/10/2, 68, 36, 35, 14, , 10
2021/10/3, 80, 25, 43, 13, , 7
2021/10/4, 78, 32, 27, 14, , 9
2021/10/5, 77, 33, 35, 13, , 15
2021/10/6, 76, 36, 32, 14, , 17
2021/10/7, 84, 37, 38, 14, , 19
2021/10/8, 84, 37, 46, 13, , 19
2021/10/9, 76, 34, 39, 11, , 19
2021/10/10, 84, 25, 30, 10, , 19
2021/10/11, 62, 40, 42, 13, , 19
2021/10/12, 83, 42, 30, 13, , 
2021/10/13, 88, 40, 35, 12, , 
2021/10/14, 76, 43, , , , 
2021/10/15, 87, 48, 36, 18, , 
2021/10/16, 98, 37, 32, 15, , 
2021/10/17, 71, 22, 32, 13, , 
2021/10/18, 61, 37, 40, 17, , 
2021/10/19, 75, 42, 47, 18, , 
2021/10/22, 60, 29, 27, 15, , 
2021/10/23, 68, , , , , 
2021/11/12, 80, 36, 46, 19, , 8
2021/11/13, 75, , 44, 17, , 7
2021/11/18, 93, 49, 51, 21, , 10
2021/11/19, 94, 41, 31, 18, , 8
2021/11/20, 84, 44, 33, 19, , 10
2021/11/21, 93, 39, 39, 17, , 8
2021/11/22, 88, 45, 34, 18, , 8
2021/11/23, 95, 39, 29, 16, , 9
2021/11/24, 88, 43, 28, 17, , 10
2021/11/25, 95, 51, 39, 22, , 12
2021/11/26, 107, 50, 46, 18, , 8
2021/11/27, 109, 51, 42, 21, , 11
2021/11/28, 101, 53, 54, 21, , 10
2021/11/29, 109, 59, 53, 24, , 12
2021/11/30, 127, 60, 49, 25, , 13
2021/12/1, 126, 52, 35, 23, , 12
2021/12/2, 96, 47, 36, 19, , 10
2021/12/3, 79, 56, 33, 25, , 13
2021/12/4, 101, 50, 40, 24, , 12
2021/12/5, 93, 51, 42, 22, , 12
2021/12/6, 98, 55, 42, 23, , 12
2021/12/7, 111, 55, 41, 24, , 13
2021/12/8, 106, 54, 48, 27, , 13
2021/12/9, 102, 57, 95, 27, , 13
2021/12/10, 118, , , , , 
2021/12/12, 125, 58, 59, 21, , 11
2021/12/13, 121, 54, 53, , , 12
2021/12/14, 110, 51, 40, , , 11
2021/12/15, 97, 51, 55, , , 14
2021/12/16, 105, 60, 18, , , 15
2021/12/17, 111, 57, 44, 31, , 13
2021/12/18, 116, 49, 32, 26, , 14
2021/12/19, 108, 46, 27, 24, , 12
2021/12/20, 110, 39, 24, 18, , 9
2021/12/21, 89, 46, 38, , , 
2021/12/22, 96, 48, 43, , , 
2021/12/23, 101, 57, 25, 29, , 17
2021/12/24, 112, 56, 32, 28, , 15
2021/12/25, 109, 66, 32, 19, , 11
2021/12/26, 131, 43, 34, 20, , 10
2021/12/27, 92, 56, 42, 25, , 13
2021/12/28, 124, 59, 36, 18, , 10
2021/12/29, 121, 54, 30, 18, , 10
2021/12/30, 93, 57, 32, 24, , 14
2021/12/31, 98, 54, 36, 23, , 14
2022/1/1, 103, , , , , 
2022/1/3, 92, 64, 48, 21, , 12
2021/7/2, 73, 24, 21, 10, 5, 13
2021/7/3, 60, 27, 19, 8, 5, 12
2021/7/4, 63, 31, 33, 11, 5, 13
2021/7/5, 72, 35, 39, 16, 6, 14
2021/7/6, 80, 44, 58, 15, 6, 14
2021/7/7, 89, , , , , 
2021/7/10, 62, 35, 24, 15, , 9
2021/7/11, 75, , , , , 
2021/8/3, 74, 30, 24, 13, 3, 9
2021/8/4, 81, , , , , 
2021/8/24, 89, 32, 29, 14, , 8
2021/8/25, 75, 32, 34, 12, , 
2021/8/26, 66, 37, 42, 12, , 
2021/8/27, 73, 37, 28, 9, , 
2021/8/28, 76, 21, 16, 7, , 
2021/8/29, 57, 20, 20, 9, , 
2021/8/30, 58, 23, 16, 10, , 
2021/8/31, 63, 25, 21, 12, , 
2021/9/1, 70, 23, 20, 12, , 
2021/9/2, 70, 21, 16, 12, , 
2021/9/3, 70, , 23, 12, , 
2021/9/4, 66, , 28, 12, , 
2021/9/5, 71, , 26, 10, , 
2021/9/6, 75, 22, 22, 12, , 8
2021/9/7, 68, 24, 25, 13, , 8
2021/9/8, 68, 34, 33, 14, , 10
2021/9/9, 83, 39, 46, 12, , 7
2021/9/10, 87, 37, 42, 11, , 6
2021/9/11, 84, 32, 47, 12, , 6
2021/9/12, 77, 22, 34, 9, , 6
2021/9/13, 70, 23, 18, 8, , 6
2021/9/14, 63, 22, 18, 8, , 7
2021/9/15, 60, 31, 22, 10, , 8
2021/9/16, 72, 33, 26, 10, , 8
2021/9/17, 80, 33, 33, 13, , 9
2021/9/18, 81, 32, 32, 13, , 9
2021/9/19, 80, 22, 23, 10, , 7
2021/9/20, 65, 30, 32, 11, , 8
2021/9/21, 72, 44, 74, 15, , 9
2021/9/22, 92, 33, 38, 11, , 6
2021/9/23, 74, 35, 37, 14, , 9
2021/9/24, 74, 44, 37, 16, , 11
2021/9/25, 96, 44, 42, 17, , 10
2021/9/26, 102, 35, 44, 14, , 9
2021/9/27, 89, 23, 26, 12, , 8
2021/9/28, 68, 36, 28, 14, , 9
2021/9/29, 79, 45, 35, 16, , 10
2021/9/30, 93, 42, 31, 18, , 11
2021/10/1, 95, 28, 26, 12, , 9
2021/4/2, 80, 36, 48, 9, 4, 9
2021/4/3, 69, 53, 47, 12, 5, 10
2021/4/4, 87, 49, 55, 13, 7, 10
2021/4/5, 85, 57, 53, 16, 5, 11
2021/4/6, 100, 41, 38, 15, 4, 11
2021/4/7, 76, 47, 56, 21, 5, 13
2021/4/8, 86, 56, 71, 23, 4, 13
2021/4/9, 106, 58, 61, 22, 5, 15
2021/4/10, 103, 58, 64, 21, 4, 14
2021/4/11, 111, 56, 63, 16, 5, 12
2021/4/12, 106, 56, 55, 16, 5, 12
2021/4/13, 99, 59, 66, 23, 5, 15
2021/4/14, 116, 57, 69, 20, 4, 13
2021/4/15, 120, 52, 62, 21, 5, 13
2021/4/16, 109, 61, 62, 18, 5, 13
2021/4/17, 112, 63, 54, 17, 5, 12
2021/4/18, 119, 51, 42, 16, 4, 11
2021/4/19, 97, 56, 46, 18, 5, 13
2021/4/20, 110, 65, 49, 19, 4, 13
2021/4/21, 121, 72, 60, 17, 5, 13
2021/4/22, 149, 75, 74, 18, 6, 14
2021/4/23, 158, 76, 57, 19, 6, 15
2021/4/24, 157, 70, 71, 20, 6, 14
2021/4/25, 145, 69, 72, 16, 7, 14
2021/4/26, 150, 69, 81, 20, 5, 14
2021/4/27, 150, 70, 77, 21, 7, 14
2021/4/28, 141, 72, 69, 18, 6, 13
2021/4/29, 135, 57, 69, 17, 5, 12
2021/4/30, 119, 65, 48, 15, 5, 14
2021/5/1, 126, 69, 48, 14, 4, 14
2021/5/2, 138, 61, 41, 12, 5, 13
2021/5/3, 127, 65, 35, 14, 6, 14
2021/5/4, 122, 66, 45, 16, 6, 14
2021/5/5, 131, 58, 49, 17, 6, 14
2021/5/6, 128, 42, 60, 12, 4, 11
2021/5/7, 84, 36, 60, 12, 4, 10
2021/5/8, 77, , , , , 
2021/5/12, 86, 38, 46, 13, , 12
2021/5/13, 88, 25, 32, 12, , 10
2021/5/14, 63, 34, 35, 15, , 12
2021/5/15, 70, 37, 45, 16, , 12
2021/5/16, 77, 32, 48, 14, , 11
2021/5/17, 74, 41, 49, 14, , 12
2021/5/18, 90, 43, 52, 14, , 11
2021/5/19, 91, 45, 47, 14, , 11
2021/5/20, 96, 44, 60, 18, , 12
2021/5/21, 82, 56, 37, 21, , 14
2021/5/22, 103, 52, 65, 19, , 13
2021/5/23, 103, 51, 65, 14, , 11
2021/5/24, 107, , , , , 
2021/5/31, 86, 43, 53, 14, , 11
2021/6/1, 89, , , , , 
2021/1/7, 88, 53, 34, 25, 8, 11
2021/1/8, 99, 50, 35, 26, 7, 10
2021/1/9, 106, 47, 30, 23, , 10
2021/1/10, 94, 36, 29, 18, , 7
2021/1/11, 76, 44, 25, 21, , 9
2021/1/12, 81, 39, 26, 19, , 9
2021/1/13, 79, 42, 30, 22, , 10
2021/1/14, 80, 37, 25, 20, , 8
2021/1/15, 76, 52, 38, 25, , 11
2021/1/16, 95, 45, 31, 24, , 10
2021/1/17, 87, 38, 23, 20, , 10
2021/1/18, 80, 42, 33, 23, , 12
2021/1/19, 87, 42, 30, 22, , 10
2021/1/20, 82, 43, 31, 20, 6, 9
2021/1/21, 82, 38, 33, 20, 7, 9
2021/1/22, 78, 57, 51, 27, 10, 11
2021/1/23, 103, 56, 49, 28, 8, 11
2021/1/24, 99, 56, 42, 24, 7, 10
2021/1/25, 100, 54, 32, 23, 7, 10
2021/1/26, 93, 61, 37, 25, 7, 11
2021/1/27, 112, 64, 52, 26, 8, 9
2021/1/28, 104, 50, 44, 23, 6, 8
2021/1/29, 79, 60, 38, 25, 7, 11
2021/1/30, 99, 57, 52, 27, 7, 8
2021/1/31, 100, 57, 53, 24, 9, 
2021/2/1, 98, 37, 43, 21, 10, 
2021/2/2, 79, 50, 36, 25, 9, 
2021/2/3, 98, 58, 44, 30, 9, 15
2021/2/4, 104, 60, 48, 30, 8, 12
2021/2/5, 106, 64, 57, 30, 8, 10
2021/2/6, 110, 62, 46, 26, 8, 11
2021/2/7, 112, 66, 39, 23, 7, 9
2021/2/8, 99, 56, 36, 24, 7, 10
2021/2/9, 103, 59, 42, 27, 7, 10
2021/2/10, 111, 54, 34, 24, 7, 9
2021/2/11, 99, 59, 26, 20, 7, 8
2021/2/12, 116, 46, 23, 17, 6, 7
2021/2/13, 81, 47, 31, 20, 7, 9
2021/2/14, 81, 44, 38, 21, 6, 9
2021/2/15, 82, 50, 35, 24, 7, 10
2021/2/16, 103, 55, 36, 21, 7, 9
2021/2/17, 98, 59, 39, 23, 7, 11
2021/2/18, 112, 77, 45, 27, 7, 18
2021/2/19, 147, 72, 50, 28, 8, 16
2021/2/20, 140, 66, 66, 32, 10, 13
2021/2/21, 130, 63, 67, 28, 9, 12
2021/2/22, 136, 61, 73, 29, 9, 11
2021/2/23, 122, 60, 58, 25, 8, 10
2021/2/24, 108, 59, 49, 29, 9, 11
2021/2/25, 109, 61, 47, 26, 7, 11
2021/2/26, 96, 65, 56, 30, 9, 12
2021/2/27, 118, 68, 63, 33, 9, 13
2021/2/28, 124, 61, 53, 27, 7, 12
2021/3/1, 115, 65, 60, 29, 8, 12
2021/3/2, 120, 68, 47, 25, 10, 10
2021/3/3, 145, 66, 62, 28, 8, 11
2021/3/4, 138, 65, 64, 29, 7, 11
2021/3/5, 125, 60, 57, 29, 9, 11
2021/3/6, 117, 61, 41, 29, 10, 12
2021/3/7, 113, 50, 37, 24, 7, 9
2021/3/8, 91, 53, 39, 27, 9, 11
2021/3/9, 96, 52, 46, 25, 9, 10
2021/3/10, 89, 49, 43, 28, 9, 11
2021/3/11, 102, 59, 56, 27, 8, 11
2021/3/12, 109, 65, 66, 30, 9, 12
2021/3/13, 123, 57, 45, 27, 8, 11
2021/3/14, 107, 55, 56, 24, 8, 10
2021/3/15, 102, 56, 49, 25, 9, 10
2021/3/16, 105, 54, 37, 23, 8, 10
2021/3/17, 94, 54, 46, 25, 8, 11
2021/3/18, 104, 60, 43, 31, 9, 10
2021/3/19, 111, 67, 51, 34, 8, 12
2021/3/20, 128, 58, 53, 31, 9, 11
2021/3/21, 120, 47, 46, 22, 7, 9
2021/3/22, 98, 52, 47, 25, 6, 10
2021/3/23, 94, 58, 35, 26, 8, 12
2021/3/24, 93, 54, 39, 18, 15, 11
2021/3/25, 91, 57, 56, 20, 13, 12
2021/3/26, 90, 58, 47, 20, 5, 12
2021/3/27, 96, 66, 65, 23, 4, 14
2021/3/28, 112, 79, 79, 16, 5, 12
2021/3/29, 125, 70, 53, 17, 4, 12
2021/3/30, 119, 65, 74, 18, 6, 12
2021/3/31, 109, 67, 61, 19, 4, 12
2021/4/1, 109, 54, 44, 10, , 9
2020/10/2, 94, 35, 48, 13, 4, 2
2020/10/3, 68, 36, 44, 16, 4, 5
2020/10/4, 74, 40, 47, 9, 5, 1
2020/10/5, 86, 46, 62, 16, 4, 3
2020/10/6, 92, 44, 59, 15, 6, 3
2020/10/7, 87, 44, 57, 17, 6, 4
2020/10/8, 85, 51, 62, 21, 7, 7
2020/10/9, 102, 54, 49, 16, 6, 5
2020/10/10, 114, 40, 47, 16, 6, 5
2020/10/11, 92, 39, 42, 13, 5, 4
2020/10/12, 89, 30, 28, 13, 6, 5
2020/10/13, 73, 41, 46, 16, 5, 4
2020/10/14, 92, 34, 38, 16, 7, 5
2020/10/15, 81, 36, 42, 15, 10, 4
2020/10/16, 81, 34, 27, 15, 8, 3
2020/10/17, 69, 31, 32, 13, , 
2020/10/18, 64, 40, 42, 18, , 
2020/10/19, 88, 40, 32, 20, 1, 11
2020/10/20, 89, 45, 40, 16, 2, 8
2020/10/21, 101, 46, 40, 16, 5, 8
2020/10/22, 96, 41, 41, 15, 2, 7
2020/10/23, 81, 39, 41, 18, 3, 8
2020/10/24, 72, 38, 39, 16, 2, 8
2020/10/25, 69, 37, 40, 15, 3, 8
2020/10/26, 78, 51, 49, 22, 2, 10
2020/10/27, 96, 55, 49, 21, 2, 11
2020/10/28, 104, 53, 48, 19, 1, 10
2020/10/29, 109, 59, 61, 23, 1, 11
2020/10/30, 128, 46, 38, 16, , 8
2020/10/31, 95, 48, 34, 17, , 10
2020/11/1, 94, 45, 33, 11, , 7
2020/11/2, 76, 34, 38, 8, , 5
2020/11/3, 69, 37, 33, 15, , 8
2020/11/4, 69, 52, 40, 19, , 9
2020/11/5, 86, 58, 44, 24, 2, 11
2020/11/6, 103, 58, 37, 20, , 4
2020/11/7, 103, 43, 41, 16, , 4
2020/11/8, 84, 43, 46, 14, , 
2020/11/9, 87, 49, 47, 17, , 8
2020/11/10, 93, 50, 50, 18, , 
2020/11/11, 92, 54, 64, 18, , 
2020/11/12, 104, 60, 61, 21, , 8
2020/11/13, 110, 57, 45, 24, , 7
2020/11/14, 96, 56, 53, 24, , 10
2020/11/15, 99, 52, 47, 14, , 
2020/11/16, 91, 38, 38, 10, , 
2020/11/17, 67, 28, 24, 9, , 
2020/11/18, 61, 30, 27, 10, , 
2020/11/19, 64, 42, 30, 15, , 
2020/11/20, 75, 52, 29, 22, , 
2020/11/21, 102, 39, 31, 14, , 
2020/11/22, 75, 40, 34, 12, , 
2020/11/23, 86, 42, 38, 15, , 
2020/11/24, 77, 51, 39, 24, , 
2020/11/25, 96, 60, 51, 27, , 
2020/11/26, 108, 55, 47, 24, 4, 2
2020/11/27, 95, 56, 41, 26, 5, 11
2020/11/28, 93, 54, 42, 23, 5, 11
2020/11/29, 102, 51, 53, 19, 4, 9
2020/11/30, 99, 51, 34, 14, 4, 8
2020/12/1, 101, 37, 30, 11, 2, 7
2020/12/2, 80, 46, 31, 14, , 8
2020/12/3, 93, 45, 28, 14, , 9
2020/12/4, 83, 48, 25, 13, , 9
2020/12/5, 82, 45, 22, 14, , 10
2020/12/6, 82, 38, 25, 12, , 9
2020/12/7, 76, 41, 24, 15, , 9
2020/12/8, 83, 40, 30, 15, , 8
2020/12/9, 90, 53, 39, 21, , 10
2020/12/10, 119, 58, 46, 21, , 11
2020/12/11, 125, 54, 36, 17, 5, 10
2020/12/12, 113, 49, 31, 16, 4, 11
2020/12/13, 98, 40, 32, 13, 5, 10
2020/12/14, 83, 48, 39, 15, 4, 9
2020/12/15, 86, 47, 32, 18, 4, 10
2020/12/16, 87, 54, 35, 19, 4, 11
2020/12/17, 101, 49, 31, 17, 3, 9
2020/12/18, 92, 48, 24, 15, 6, 12
2020/12/19, 92, 53, 41, , 8, 11
2020/12/20, 108, 53, 41, , 6, 10
2020/12/21, 111, 51, 38, , 7, 9
2020/12/22, 101, 49, 38, , 6, 9
2020/12/23, 98, 58, 39, , 6, 11
2020/12/24, 113, 52, 43, 34, 6, 11
2020/12/25, 104, 57, 43, 26, 6, 9
2020/12/26, 130, 47, 37, 25, 6, 9
2020/12/27, 99, 41, 41, 24, 6, 8
2020/12/28, 83, 57, 50, 31, 8, 11
2020/12/29, 95, 59, 48, 30, 9, 11
2020/12/30, 105, 60, 35, 24, 7, 9
2020/12/31, 95, 57, 34, 22, 9, 9
2021/1/1, 81, , , , , 
2020/7/2, 71, 46, 38, 11, , 6
2020/7/3, 85, 42, 50, 9, , 
2020/7/4, 79, 31, 44, 8, , 
2020/7/5, 72, 32, 37, 10, , 
2020/7/6, 79, 38, 38, 10, 27, 4
2020/7/7, 78, 27, 28, 5, 26, 4
2020/7/8, 59, 23, 22, 8, 11, 5
2020/7/9, 55, 26, 32, 10, 4, 4
2020/7/10, 64, 35, 54, 14, 6, 5
2020/7/11, 72, 32, 31, 11, 5, 5
2020/7/12, 67, 23, 38, 4, 5, 3
2020/7/13, 62, 38, 43, 13, 5, 5
2020/7/14, 78, 40, 48, 15, 5, 6
2020/7/15, 81, 42, 43, 16, 5, 6
2020/7/16, 80, 41, 52, 9, 5, 4
2020/7/17, 77, 48, 36, 10, 5, 5
2020/7/18, 87, 56, 40, 11, 6, 4
2020/7/19, 100, 44, 32, 11, 6, 3
2020/7/20, 88, 37, 44, 15, 7, 4
2020/7/21, 77, 29, 44, 11, 6, 3
2020/7/22, 68, 30, 46, 13, 6, 4
2020/7/23, 75, 31, 45, 12, 6, 4
2020/7/24, 71, 30, 49, 11, 7, 4
2020/7/25, 73, 33, 51, 13, 8, 4
2020/7/26, 81, 30, 36, 9, 7, 4
2020/7/27, 75, 27, 31, 8, 6, 3
2020/7/28, 62, 20, 24, 4, 6, 2
2020/7/29, 52, 23, 24, 7, 6, 3
2020/7/30, 54, 35, 39, 11, 7, 3
2020/7/31, 73, 28, 26, 9, 7, 26
2020/8/1, 67, 29, 26, 11, 6, 26
2020/8/2, 71, 34, 37, 11, 6, 
2020/8/3, 78, 31, 34, 10, 7, 20
2020/8/4, 78, 37, 35, , 8, 20
2020/8/5, 83, 39, 47, 14, 7, 13
2020/8/6, 90, 35, 41, 10, 6, 4
2020/8/7, 81, 33, 40, 6, 6, 3
2020/8/8, 68, 24, 30, 6, 6, 3
2020/8/9, 60, 19, 20, 4, 6, 3
2020/8/10, 53, 33, 30, 13, 7, 6
2020/8/11, 76, 34, 35, 13, 7, 5
2020/8/12, 78, 29, 32, 6, 6, 3
2020/8/13, 63, , , , , 
2020/9/23, 88, 42, 9, 21, , 6
2020/9/24, 99, 48, 34, 16, , 5
2020/9/25, 107, 43, 32, 18, , 5
2020/9/26, 108, 40, 35, 19, , 6
2020/9/27, 103, 40, 33, 14, , 5
2020/9/28, 96, 34, 46, 13, , 3
2020/9/29, 82, 27, 29, 10, , 2
2020/9/30, 68, 33, 30, 14, , 4
2020/10/1, 72, 44, 51, 16, , 4
2020/4/2, 99, 49, 48, 15, , 11
2020/4/3, 97, 53, 44, 16, , 12
2020/4/4, 97, 46, 50, 14, , 12
2020/4/5, 89, 46, 44, 11, , 12
2020/4/6, 86, 48, 40, 13, , 13
2020/4/7, 90, 47, 40, 13, , 14
2020/4/8, 88, 49, 46, 15, , 15
2020/4/9, 95, 48, 49, 13, , 
2020/4/10, 96, 41, 46, 8, , 
2020/4/11, 85, 50, 42, 9, , 
2020/4/12, 92, , 20, , , 
2020/4/13, 99, 53, 52, 14, , 
2020/4/14, 99, 53, 38, 12, , 
2020/4/15, 97, 50, 43, 12, , 
2020/4/16, 100, 53, 49, 12, , 
2020/4/17, 107, 57, 55, 14, , 5
2020/4/18, 115, 57, 64, 14, , 4
2020/4/19, 120, 55, 51, 10, , 2
2020/4/20, 120, 49, 56, 15, , 4
2020/4/21, 105, 49, 52, 13, , 4
2020/4/22, 94, 39, 55, 14, , 4
2020/4/23, 85, 45, 53, 15, , 3
2020/4/24, 98, 49, 53, 16, , 4
2020/4/25, 104, 51, 45, 14, , 4
2020/4/26, 108, 41, 53, 7, , 2
2020/4/27, 92, 44, 62, 14, , 3
2020/4/28, 90, 40, 55, 13, , 3
2020/4/29, 87, 39, 45, 12, , 3
2020/4/30, 82, 34, 54, 11, , 3
2020/5/1, 73, 35, 47, 14, , 3
2020/5/2, 76, 40, 62, 14, , 4
2020/5/3, 94, 40, 66, 12, , 4
2020/5/4, 94, 42, 63, 12, , 3
2020/5/5, 92, 46, 56, 12, , 3
2020/5/6, 96, 36, 66, 10, , 2
2020/5/7, 75, 33, 55, 12, , 3
2020/5/8, 86, 45, 54, 14, , 4
2020/5/9, 110, 45, 51, 12, , 4
2020/5/10, 107, 35, 61, 10, , 2
2020/5/11, 86, 40, 54, 14, , 3
2020/5/12, 92, 46, 57, 13, , 4
2020/5/13, 102, 49, 52, 13, , 4
2020/5/14, 111, 52, 58, 14, , 4
2020/5/15, 117, 50, 53, 14, , 5
2020/5/16, 104, 45, 49, 13, , 4
2020/5/17, 89, 42, 57, 10, , 3
2020/5/18, 88, 54, 57, 15, , 5
2020/5/19, 118, 50, 57, 17, 3, 7
2020/5/20, 110, 60, 75, 13, 3, 8
2020/5/21, 146, 63, 71, 17, , 9
2020/5/22, 139, 51, 56, 12, , 7
2020/5/23, 103, 49, 54, 12, , 7
2020/5/24, 94, 47, 54, 9, , 6
2020/5/25, 97, 50, 59, 12, , 6
2020/5/26, 92, 58, 65, 13, , 6
2020/5/27, 116, 63, 84, 15, , 7
2020/5/28, 141, 58, 66, 12, , 7
2020/5/29, 124, 42, 50, 13, , 6
2020/5/30, 86, 32, 44, 9, , 5
2020/5/31, 76, 41, 47, 13, , 7
2020/6/1, 98, 39, 54, 12, , 6
2020/6/2, 92, 38, 50, 8, , 5
2020/6/3, 87, 29, 31, 5, , 5
2020/6/4, 68, 30, 45, 6, , 4
2020/6/5, 70, 35, 50, 6, , 5
2020/6/6, 75, 39, 41, 10, , 8
2020/6/7, 81, 33, 40, 7, , 7
2020/6/8, 77, 33, 45, 12, , 8
2020/6/9, 76, 35, 58, 10, , 7
2020/6/10, 72, 38, 60, 10, , 7
2020/6/11, 83, 34, 40, 7, , 6
2020/6/12, 81, 30, 40, 4, , 5
2020/6/13, 62, 31, 48, 6, , 6
2020/6/14, 72, 36, 57, 6, , 6
2020/6/15, 80, 36, 53, 9, , 5
2020/6/16, 77, 47, 62, 11, , 6
2020/6/17, 92, 47, 49, 11, , 6
2020/6/18, 95, 46, 44, 12, , 6
2020/6/19, 94, 43, 45, 13, , 7
2020/6/20, 82, 41, 43, 8, , 6
2020/6/21, 85, 33, 45, 9, , 7
2020/6/22, 77, 34, 26, 12, , 8
2020/6/23, 81, 27, 34, 9, , 6
2020/6/24, 70, 23, 27, 7, , 6
2020/6/25, 61, 21, 19, 4, , 5
2020/6/26, 58, 28, 26, 5, , 5
2020/6/27, 63, 42, 37, 9, , 6
2020/6/28, 83, 45, 37, 7, , 5
2020/6/29, 89, 44, 50, 10, , 6
2020/6/30, 90, 34, 42, 9, , 7
2020/7/1, 76, 30, 36, 8, , 7
2020/1/8, 102, 67, 47, 24, 9, 15
2020/1/9, 107, 58, 46, 22, 5, 14
2020/1/10, 101, 57, 32, 21, 6, 15
2020/1/11, 89, 50, 37, 21, 6, 15
2020/1/12, 86, 47, 35, 16, 5, 13
2020/1/13, 85, 58, 38, 19, 6, 16
2020/1/14, 99, 52, 26, 12, 7, 15
2020/1/15, 88, 48, 35, 15, 5, 14
2020/1/16, 82, 51, 43, 17, 4, 12
2020/1/17, 88, 43, 35, 17, 5, 
2020/1/18, 76, 47, 39, 21, 6, 
2020/1/19, 86, 31, 26, 15, 5, 
2020/1/20, 73, 26, 21, 15, 5, 14
2020/1/21, 66, 42, 36, 16, 9, 15
2020/1/22, 96, 43, 39, 17, 9, 12
2020/1/23, 87, 39, 27, 15, 4, 10
2020/1/24, 85, 44, 23, 13, 18, 12
2020/1/25, 88, 43, 26, 14, , 10
2020/1/26, 79, 39, 29, 14, 3, 10
2020/1/27, 80, 45, 34, 14, 4, 9
2020/1/28, 79, 48, 39, 16, 4, 11
2020/1/29, 80, 56, 34, 15, 6, 12
2020/1/30, 84, 40, 28, 14, 2, 9
2020/1/31, 70, 33, 26, 14, 3, 8
2020/2/1, 67, 46, 25, 14, 5, 10
2020/2/2, 82, 40, 20, 12, , 10
2020/2/3, 81, 43, 26, 13, 4, 9
2020/2/4, 77, 42, 20, 11, 4, 10
2020/2/5, 72, 26, 13, 10, 4, 9
2020/2/6, 66, 27, 30, 12, 4, 10
2020/2/7, 66, 48, 33, 16, 5, 13
2020/2/8, 87, 51, 40, 17, , 13
2020/2/9, 90, 42, 36, 15, 4, 11
2020/2/10, 85, 54, 28, 16, 4, 13
2020/2/11, 87, 54, 22, 17, , 14
2020/2/12, 91, 56, 34, 15, , 12
2020/2/13, 98, 57, 41, 17, , 14
2020/2/14, 97, 58, 40, 20, , 16
2020/2/15, 96, 56, 53, 21, , 16
2020/2/16, 113, 44, 37, 18, , 14
2020/2/17, 88, 55, 41, 19, , 14
2020/2/18, 92, 63, 55, 24, , 15
2020/2/19, 104, 68, 57, 23, , 15
2020/2/20, 111, 63, 51, 20, , 13
2020/2/21, 108, 55, 42, 11, , 12
2020/2/22, 89, 50, 59, 14, , 12
2020/2/23, 86, 54, 52, 17, , 13
2020/2/24, 94, 64, 40, 14, , 13
2020/2/25, 94, 59, 34, 14, , 13
2020/2/26, 88, 60, 37, 14, , 13
2020/2/27, 88, 54, 37, 13, , 12
2020/2/28, 83, 62, 55, 21, , 13
2020/2/29, 105, 60, 45, 22, , 13
2020/3/1, 102, 53, 44, 19, , 13
2020/3/2, 99, 52, 44, 17, , 14
2020/3/3, 94, 59, 34, 15, , 12
2020/3/4, 86, 61, 37, 17, 5, 12
2020/3/5, 97, 64, 43, 20, 4, 13
2020/3/6, 98, 67, 71, 23, 4, 13
2020/3/7, 117, 65, 54, 22, 4, 13
2020/3/8, 122, 57, 53, 18, 5, 12
2020/3/9, 105, 58, 40, 17, , 11
2020/3/10, 94, 58, 64, 20, , 12
2020/3/11, 104, 57, 49, 23, , 13
2020/3/12, 101, 57, 59, 22, , 13
2020/3/13, 102, 54, 50, 23, , 13
2020/3/14, 98, 48, 47, 16, , 12
2020/3/15, 90, 41, 49, 13, , 10
2020/3/16, 85, 47, 43, 16, , 11
2020/3/17, 96, 53, 46, 21, , 14
2020/3/18, 92, , , , , 
2020/3/20, 80, 45, 54, 16, , 13
2020/3/21, 89, 51, 49, 14, , 13
2020/3/22, 103, 48, 52, 13, , 13
2020/3/23, 99, 53, 55, 18, , 14
2020/3/24, 95, 51, 52, 16, , 11
2020/3/25, 90, 54, 64, 17, , 8
2020/3/26, 91, 56, 37, 15, , 8
2020/3/27, 88, 51, 32, 16, , 8
2020/3/28, 92, 52, 51, 15, , 9
2020/3/29, 96, 53, 9, 23, , 11
2020/3/30, 102, , , , , 
2019/10/2, 65, 34, 44, 19, 6, 9
2019/10/3, 81, 36, 48, 15, 7, 8
2019/10/4, 75, 32, 44, 20, 6, 10
2019/10/5, 81, 40, 43, 20, 8, 9
2019/10/6, 95, 34, 56, 16, 11, 7
2019/10/7, 82, 34, 23, 16, 6, 7
2019/10/8, 73, 31, 27, 14, 6, 6
2019/10/9, 70, 37, 44, 16, 8, 7
2019/10/10, 77, 28, 30, 14, 6, 6
2019/10/11, 71, 37, 57, 15, 7, 6
2019/10/12, 82, 30, 39, 13, 5, 6
2019/10/13, 76, 34, 40, 12, 5, 6
2019/10/14, 86, 32, 25, 14, 12, 9
2019/10/15, 70, 43, 57, 17, 5, 8
2019/10/16, 88, 38, 25, 15, 5, 7
2019/10/17, 81, 17, 19, 11, 4, 8
2019/10/18, 62, 25, 21, 12, 4, 9
2019/10/19, 66, 27, 27, 11, 5, 8
2019/10/20, 66, 18, 21, 6, 4, 5
2019/10/21, 57, 26, 25, 11, , 7
2019/10/22, 68, 41, 36, 16, , 10
2019/10/23, 86, 43, 40, 14, , 8
2019/10/24, 94, 39, 42, 16, , 9
2019/10/25, 91, 36, 37, 21, , 9
2019/10/26, 89, 34, 38, 17, , 9
2019/10/27, 91, 33, 47, 16, , 8
2019/10/28, 90, 46, 40, 22, 5, 12
2019/10/29, 111, 34, 37, 16, 7, 9
2019/10/30, 88, 36, 40, 17, 5, 9
2019/10/31, 91, 30, 29, 17, 5, 9
2019/11/1, 74, 38, 38, 15, 5, 8
2019/11/2, 85, 37, 30, 14, 5, 7
2019/11/3, 92, 23, 33, 12, 5, 5
2019/11/4, 68, 38, 40, 17, 16, 7
2019/11/5, 92, 40, 49, 21, 8, 5
2019/11/6, 93, 32, 44, 15, 5, 4
2019/11/7, 77, 42, 50, 19, , 5
2019/11/8, 89, 41, 44, 18, 14, 5
2019/11/9, 87, 39, 42, 16, 7, 4
2019/11/10, 79, 37, 46, 16, 7, 4
2019/11/11, 82, 38, 44, 18, 8, 6
2019/11/12, 87, 40, 14, 17, , 15
2019/11/13, 84, 24, 26, 8, , 4
2019/11/14, 62, 43, 28, 16, , 8
2019/11/15, 83, 49, 36, 20, , 6
2019/11/16, 109, 49, 34, 21, , 8
2019/11/17, 112, 42, 43, 20, , 7
2019/11/18, 98, 48, 34, 17, , 7
2019/11/19, 101, 51, 29, 19, , 10
2019/11/20, 94, 38, 29, 13, , 6
2019/11/21, 89, 47, 4, 23, , 10
2019/11/22, 102, 58, , 23, , 10
2019/11/23, 97, , , , , 
2019/12/17, 94, 54, 32, 16, 7, 7
2019/12/18, 107, 51, 30, 16, 6, 7
2019/12/19, 95, 54, 37, 18, 7, 8
2019/12/20, 102, 56, 27, 25, 7, 9
2019/12/21, 108, 51, 35, 16, 7, 7
2019/12/22, 98, 41, 29, 15, 6, 6
2019/12/23, 99, 44, 28, 19, 7, 9
2019/12/24, 89, 42, 28, 16, 7, 8
2019/12/25, 83, 55, 40, 15, 7, 8
2019/12/26, 126, 44, 39, 17, 8, 8
2019/12/27, 92, 53, 40, 21, 7, 11
2019/12/28, 103, 45, 7, 17, 6, 8
2019/12/29, 98, , , , , 
2019/7/2, 76, 26, 38, 16, 8, 6
2019/7/3, 66, 33, 32, 16, 8, 6
2019/7/4, 69, 44, 36, 14, 9, 6
2019/7/5, 92, 49, 53, 19, 6, 8
2019/7/6, 92, 42, 78, 19, 6, 7
2019/7/7, 83, 29, 59, 18, 9, 7
2019/7/8, 67, 38, 43, 11, 9, 5
2019/7/9, 82, 42, 55, 21, 9, 8
2019/7/10, 92, 34, 38, 16, 10, 6
2019/7/11, 75, 30, 31, 15, 10, 7
2019/7/12, 73, 33, 36, 19, 10, 7
2019/7/13, 79, 35, 44, 18, 8, 7
2019/7/14, 81, 36, 39, 17, 8, 8
2019/7/15, 88, 35, 45, 15, 7, 7
2019/7/16, 79, 35, 63, 17, 7, 7
2019/7/17, 84, 29, 28, 13, 7, 6
2019/7/18, 69, 39, 39, 14, 7, 6
2019/7/19, 76, 28, 34, 17, 7, 7
2019/7/20, 73, 43, 48, 19, 7, 8
2019/7/21, 87, 31, 45, 13, 7, 6
2019/7/22, 73, 36, 48, 16, 7, 7
2019/7/23, 81, 33, 39, 15, 7, 7
2019/7/24, 72, 31, 39, 18, 7, 7
2019/7/25, 76, 38, 42, 18, 6, 7
2019/7/26, 86, 31, 36, 18, 7, 7
2019/7/27, 78, 27, 43, 9, 7, 5
2019/7/28, 65, 28, 41, 9, 7, 5
2019/7/29, 66, 33, 38, 14, 7, 6
2019/7/30, 71, 39, 41, 14, 8, 7
2019/7/31, 83, 38, 60, 13, 8, 6
2019/8/1, 85, 33, 63, 16, 8, 6
2019/8/2, 76, 42, 50, 19, 9, 8
2019/8/3, 88, 40, 55, 17, 8, 7
2019/8/4, 81, 41, 49, 14, 13, 7
2019/8/5, 95, 31, 43, 15, 9, 7
2019/8/6, 76, 35, 42, 17, 9, 7
2019/8/7, 90, 23, 34, 12, 8, 7
2019/8/8, 65, 29, 35, 12, 8, 6
2019/8/9, 68, 39, 36, 18, 9, 8
2019/8/10, 77, 27, 25, 9, 9, 6
2019/8/11, 68, 20, 33, 8, 9, 5
2019/8/12, 66, 23, 38, 9, 8, 6
2019/8/13, 64, 27, 36, 12, 9, 6
2019/8/14, 69, 33, 50, 14, 9, 7
2019/8/15, 76, 37, 50, 16, 9, 7
2019/8/16, 85, 41, 58, 20, 7, 8
2019/8/17, 92, 42, 56, 16, 7, 7
2019/8/18, 91, 40, 54, 17, 8, 7
2019/8/19, 107, 34, 37, 14, 7, 6
2019/8/20, 80, 39, 53, 15, 8, 7
2019/8/21, 78, 31, 36, 10, 8, 6
2019/8/22, 69, 33, 30, 14, 9, 6
2019/8/23, 78, 39, 27, 19, 10, 9
2019/8/24, 85, 32, 30, 14, 7, 7
2019/8/25, 76, 31, 35, 13, 8, 7
2019/8/26, 78, 41, 36, 14, 8, 7
2019/8/27, 85, 45, 42, 18, 7, 7
2019/8/28, 82, 56, 63, 18, 8, 8
2019/8/29, 100, 81, 70, 17, 10, 8
2019/8/30, 98, 72, 45, 13, 8, 8
2019/8/31, 83, 97, 69, 18, 9, 7
2019/9/1, 102, 69, 57, 15, 13, 6
2019/9/2, 97, 58, 45, 15, 12, 7
2019/9/3, 98, 55, 50, 12, 16, 6
2019/9/4, 88, 63, 36, 16, 11, 8
2019/9/5, 103, 45, 40, 17, 9, 8
2019/9/6, 87, 57, 48, 16, 9, 8
2019/9/7, 87, 49, 44, 20, 9, 9
2019/9/8, 94, 53, 49, 18, 10, 10
2019/9/9, 117, 34, 47, 15, 10, 9
2019/9/10, 81, 25, 35, 15, 11, 9
2019/9/11, 75, 35, 39, 16, 11, 10
2019/9/12, 85, 32, 37, 15, 13, 8
2019/9/13, 84, 25, 32, 14, 10, 8
2019/9/14, 72, 23, 35, 12, 10, 7
2019/9/15, 65, 28, 51, 14, 10, 8
2019/9/16, 72, 33, 45, 13, 13, 8
2019/9/17, 90, 32, 36, 14, 10, 9
2019/9/18, 85, 20, 28, 11, 10, 8
2019/9/19, 65, 25, 23, 15, 10, 9
2019/9/20, 75, 40, 43, 19, 11, 11
2019/9/21, 99, 35, 59, 16, 11, 9
2019/9/22, 93, 33, 48, 13, 10, 8
2019/9/23, 84, 43, 56, 15, 20, 9
2019/9/24, 96, 44, 43, 19, 15, 10
2019/9/25, 96, 35, 36, 16, 11, 9
2019/9/26, 88, 41, 56, 18, 12, 9
2019/9/27, 104, 41, 50, 18, 8, 8
2019/9/28, 89, 26, 32, 13, 8, 8
2019/9/29, 76, 14, 19, 5, 6, 5
2019/9/30, 57, 17, 19, 11, 7, 8
2019/10/1, 61, 25, 23, 12, 6, 8
2019/5/20, 116, 51, 49, 16, 7, 11
2019/5/21, 102, 52, 78, 15, 6, 9
2019/5/22, 107, 55, 74, 21, 8, 12
2019/5/23, 101, 67, 75, 19, 9, 11
2019/5/24, 129, 44, 82, 20, 10, 12
2019/5/25, 99, 46, 68, 15, 10, 11
2019/5/26, 99, 45, 68, 14, 11, 10
2019/5/27, 93, 52, 73, 12, 13, 9
2019/5/28, 101, 51, 67, 15, 12, 10
2019/5/29, 107, 58, 52, 15, 12, 10
2019/5/30, 121, 52, 53, 16, 12, 12
2019/5/31, 110, 47, 67, 18, 11, 12
2019/6/1, 93, 35, 63, 14, 10, 10
2019/6/2, 72, 27, 40, 14, 11, 10
2019/6/3, 65, 36, 29, 9, 12, 9
2019/6/4, 77, 31, 27, 14, 14, 10
2019/6/5, 75, 29, 18, 14, 12, 14
2019/6/6, 64, 22, 22, 13, 11, 12
2019/6/7, 65, 28, 30, 19, 12, 11
2019/6/8, 70, 42, 49, 15, 12, 11
2019/6/9, 76, 37, 55, 19, 12, 13
2019/6/10, 77, 45, 68, 13, 12, 10
2019/6/11, 78, 37, 53, 16, 11, 10
2019/6/12, 73, 49, 54, 14, 11, 9
2019/6/13, 93, 37, 50, 17, 15, 11
2019/6/14, 78, 35, 46, 16, 11, 10
2019/6/15, 80, 38, 42, 17, 12, 11
2019/6/16, 79, 42, 52, 15, 11, 12
2019/6/17, 88, 49, 49, 15, 11, 11
2019/6/18, 95, 34, 50, 19, 12, 11
2019/6/19, 72, 42, 42, 13, , 9
2019/6/20, 91, 47, 37, 25, , 12
2019/6/21, 100, 40, 49, 25, , 12
2019/6/22, 82, 42, 41, 21, , 11
2019/6/23, 98, 35, 51, 22, , 12
2019/6/24, 89, 25, 30, 18, , 10
2019/6/25, 59, 25, 28, 13, 7, 9
2019/6/26, 58, 36, 23, 11, 8, 7
2019/6/27, 74, 39, 34, 17, 9, 8
2019/6/28, 88, 36, 47, 17, 7, 7
2019/6/29, 74, 31, 47, 13, 8, 5
2019/6/30, 71, 34, 54, 14, 9, 5
2019/7/1, 82, 33, 49, 15, 12, 6
2018/4/2, 85, 48, 40, 24, 5, 8
2018/4/3, 93, 53, 42, 24, 5, 8
2018/4/4, 94, 57, 53, 25, 6, 7
2018/4/5, 90, 56, 42, 23, 5, 8
2018/4/6, 99, 48, 38, 20, 5, 6
2018/4/7, 88, 54, 39, 25, 5, 8
2018/4/8, 96, 50, 46, 20, 9, 6
2018/4/9, 89, 55, 49, 24, 5, 8
2018/4/10, 97, 55, 61, 27, 6, 9
2018/4/11, 103, 35, 44, 20, 5, 6
2018/4/12, 70, 39, 45, 26, 4, 8
2018/4/13, 95, 46, 41, 26, 5, 10
2018/4/14, 91, 43, 36, 19, 5, 6
2018/4/15, 75, 38, 36, 20, 6, 6
2018/4/16, 74, 53, 41, 24, 5, 10
2018/4/17, 87, 51, 49, 22, 5, 7
2018/4/18, 93, 47, 43, 19, 5, 6
2018/4/19, 83, 56, 59, 23, 5, 7
2018/4/20, 80, 60, 53, 26, 5, 8
2018/4/21, 91, 58, 46, 28, 5, 9
2018/4/22, 107, 45, 57, 25, 4, 9
2018/4/23, 102, 50, 48, 24, 4, 11
2018/4/24, 90, 48, 31, 25, 5, 8
2018/4/25, 95, 48, 36, 27, 7, 11
2018/4/26, 96, 58, 41, 26, 6, 10
2018/4/27, 106, 61, 50, 26, 7, 9
2018/4/28, 109, 56, 41, 22, 6, 9
2018/4/29, 104, 57, 58, 25, 6, 9
2018/4/30, 124, 47, 37, 24, 7, 8
2018/5/1, 99, 42, 41, 21, 7, 7
2018/5/2, 84, 37, 32, 18, 8, 6
2018/5/3, 68, 47, 44, 29, 8, 10
2018/5/4, 100, 46, 50, 29, 8, 10
2018/5/5, 110, 34, 38, 21, 9, 6
2018/5/6, 86, 27, 28, 18, 9, 5
2018/5/7, 72, 40, 28, 23, 10, 9
2018/5/8, 83, 26, 19, 24, 9, 9
2018/5/9, 73, 32, 36, 21, 5, 7
2018/5/10, 66, 52, 46, 22, 8, 7
2018/5/11, 86, 53, 51, 30, 5, 10
2018/5/12, 100, 52, 58, 27, 5, 9
2018/5/13, 108, 42, 56, 20, 4, 7
2018/5/14, 94, 48, 47, 25, 6, 9
2018/5/15, 105, 57, 49, 23, 10, 8
2018/5/16, 111, 51, 43, 23, 9, 7
2018/5/17, 85, 55, 40, 22, 8, 6
2018/5/18, 83, 64, 43, 24, 7, 8
2018/5/19, 96, 72, 44, 23, 6, 8
2018/5/20, 110, 40, 47, 20, 5, 7
2018/5/21, 84, 46, 35, 26, 5, 9
2018/5/22, 87, 50, 40, 29, 6, 11
2018/5/23, 100, 63, 49, 30, 5, 11
2018/5/24, 110, 62, 50, 24, 8, 8
2018/5/25, 89, 59, 42, 18, 10, 7
2018/5/26, 81, 49, 54, 18, 11, 6
2018/5/27, 72, 38, 52, 16, 9, 6
2018/5/28, 70, 63, 44, 18, 7, 7
2018/5/29, 80, 57, 37, 18, 8, 8
2018/5/30, 81, 65, 42, 20, 7, 8
2018/5/31, 82, 61, 41, 21, 10, 9
2018/6/1, 79, 51, 53, 17, 10, 7
2018/6/2, 83, 52, 62, 13, 13, 6
2018/6/3, 97, 45, 39, 12, 8, 6
2018/6/4, 76, 48, 66, 13, 9, 6
2018/6/5, 65, 64, 86, 19, 5, 8
2018/6/6, 90, 62, 71, 22, 2, 9
2018/6/7, 110, 69, 70, 20, 4, 9
2018/6/8, 91, 50, 56, 18, 2, 8
2018/6/9, 78, 39, 48, 19, 2, 8
2018/6/10, 79, 40, 41, 11, 3, 6
2018/6/11, 64, 44, 36, 19, 3, 8
2018/6/12, 76, 39, 29, 18, 3, 9
2018/6/13, 78, 18, 30, 14, 4, 9
2018/6/14, 52, 20, 23, 16, 4, 9
2018/6/15, 60, 31, 28, 15, 4, 9
2018/6/16, 61, 40, 47, 19, 4, 8
2018/6/17, 74, 23, 27, 8, 4, 6
2018/6/18, 48, 31, 21, 12, 3, 9
2018/6/19, 49, , 26, 10, , 7
2018/1/12, 97, 66, 55, 41, 8, 14
2018/1/13, 106, 65, 49, 39, 11, 13
2018/1/14, 110, 52, 46, 33, 11, 10
2018/1/15, 87, 60, 38, 34, 8, 14
2018/1/16, 82, 73, 44, 40, 11, 15
2018/1/17, 111, 71, 43, 33, 9, 11
2018/1/18, 111, 68, 58, 37, 9, 12
2018/1/19, 114, 60, 54, 39, 9, 13
2018/1/20, 99, 52, 35, 33, 8, 11
2018/1/21, 86, 46, 35, 30, 8, 9
2018/1/22, 75, 55, 37, 33, 8, 11
2018/1/23, 86, 59, 38, 30, 8, 11
2018/1/24, 96, 46, 32, 32, 8, 10
2018/1/25, 85, 37, 33, 29, 8, 9
2018/1/26, 76, 48, 34, 31, 8, 10
2018/1/27, 91, 45, 40, 36, 8, 11
2018/1/28, 104, 28, 30, 25, 8, 6
2018/1/29, 68, 22, 27, 23, 8, 5
2018/1/30, 50, 40, 32, 34, 14, 7
2018/1/31, 73, 61, 23, 33, 12, 12
2018/2/1, 104, 47, 35, 31, 8, 11
2018/2/2, 79, 55, 52, 34, 9, 11
2018/2/3, 83, 55, 60, 33, 9, 10
2018/2/4, 88, 50, 59, 32, 8, 9
2018/2/5, 86, 56, 49, 32, 9, 9
2018/2/6, 97, 62, 46, 34, 9, 12
2018/2/7, 99, 61, 49, 38, 10, 12
2018/2/8, 108, 54, 42, 27, 9, 8
2018/2/9, 95, 39, 25, 28, 8, 9
2018/2/10, 69, 30, 26, 26, 8, 8
2018/2/11, 66, 36, 31, 25, 8, 9
2018/2/12, 69, 43, 37, 23, 9, 10
2018/2/13, 78, 41, 35, 19, 8, 8
2018/2/14, 63, 50, 33, 25, 9, 10
2018/2/15, 82, 62, 63, 31, 9, 12
2018/2/16, 107, 61, 66, 34, 11, 12
2018/2/17, 96, 60, 62, 33, 10, 12
2018/2/18, 105, 54, 67, 27, 8, 10
2018/2/19, 91, 52, 40, 24, 9, 10
2018/2/20, 86, 56, 38, 24, 9, 10
2018/2/21, 92, 59, 43, 35, 10, 14
2018/2/22, 93, 60, 59, 35, 10, 14
2018/2/23, 116, 54, 61, 31, 9, 11
2018/2/24, 102, 42, 45, 28, 10, 10
2018/2/25, 82, 40, 54, 24, 9, 8
2018/2/26, 85, 44, 52, 30, 10, 10
2018/2/27, 94, 48, 48, 28, 4, 11
2018/2/28, 92, 56, 57, 28, 2, 11
2018/3/1, 106, 61, 80, 30, 4, 11
2018/3/2, 116, 61, 43, 29, 3, 10
2018/3/3, 109, 57, 70, 32, 4, 11
2018/3/4, 95, 53, 64, 29, 3, 10
2018/3/5, 90, 54, 59, 30, 3, 11
2018/3/6, 95, 55, 54, 31, 3, 12
2018/3/7, 98, 52, 41, 32, 6, 11
2018/3/8, 105, 51, 50, 29, 3, 12
2018/3/9, 84, 57, 46, 31, 3, 12
2018/3/10, 96, 51, 52, 28, 3, 10
2018/3/11, 87, 46, 53, 25, 3, 10
2018/3/12, 88, 59, 47, 31, 6, 12
2018/3/13, 92, 56, 44, 26, 4, 10
2018/3/14, 96, 57, 45, 26, 5, 10
2018/3/15, 93, 55, 37, 24, 5, 11
2018/3/16, 83, 53, 38, 27, 5, 12
2018/3/17, 83, 55, 37, 27, 5, 11
2018/3/18, 81, 50, 39, 25, 5, 10
2018/3/19, 84, 47, 42, 23, 4, 9
2018/3/20, 75, 59, 51, 31, 7, 13
2018/3/21, 90, 58, 50, 23, 5, 10
2018/3/22, 98, 55, 45, 29, 6, 11
2018/3/23, 94, 54, 43, 32, 6, 12
2018/3/24, 86, 52, 40, 29, 5, 11
2018/3/25, 82, 50, 51, 25, 5, 11
2018/3/26, 88, 58, 62, 24, 5, 9
2018/3/27, 102, 58, 40, 22, 6, 7
2018/3/28, 104, 63, 37, 20, 5, 6
2018/3/29, 94, 54, 38, 18, 4, 7
2018/3/30, 102, 47, 37, 19, 4, 6
2018/3/31, 93, 44, 43, 19, 5, 6
2018/4/1, 90, 43, 49, 22, 4, 7
2017/10/2, 64, 27, 34, 16, 8, 10
2017/10/3, 67, 31, 31, 16, 8, 10
2017/10/4, 61, 30, 19, 18, 7, 12
2017/10/5, 57, 34, 30, 16, 9, 10
2017/10/6, 63, 39, 33, 19, 14, 9
2017/10/7, 79, 38, 36, 20, 8, 9
2017/10/8, 73, 41, 41, 21, 8, 9
2017/10/9, 100, 46, 32, 27, 7, 11
2017/10/10, 103, 53, 40, 26, 8, 10
2017/10/11, 118, 31, 27, 20, 8, 7
2017/10/12, 68, 34, 32, 18, 8, 7
2017/10/13, 57, 33, 30, 20, 9, 8
2017/10/14, 56, , 36, 19, 7, 7
2017/10/17, 47, 37, 42, 21, 6, 7
2017/10/18, 59, 58, 44, 29, 5, 11
2017/10/19, 103, 50, 46, 27, 7, 10
2017/10/20, 106, 52, 44, 32, 8, 16
2017/10/21, 93, 58, 52, 34, 8, 13
2017/10/22, 103, 44, 41, 22, 7, 7
2017/10/23, 75, 34, 33, 20, 6, 6
2017/10/24, 56, 35, 33, 19, 7, 5
2017/10/25, 55, 50, 51, 22, 9, 6
2017/10/26, 56, 61, 38, 30, 18, 10
2017/10/27, 100, 60, 46, 31, 18, 12
2017/10/28, 86, 76, 51, 30, 18, 10
2017/10/29, 97, 52, 49, 27, 17, 9
2017/10/30, 91, 59, 39, 33, 12, 12
2017/10/31, 109, 60, 33, 28, 7, 11
2017/11/1, 100, 56, 12, 34, , 11
2017/11/2, 113, 54, 58, 29, 6, 9
2017/11/3, 106, 45, 40, 31, 7, 8
2017/11/4, 69, 43, 38, 33, 7, 8
2017/11/5, 66, 48, 58, 36, 7, 9
2017/11/6, 76, 71, 50, 48, 8, 13
2017/11/7, 102, 62, 41, 46, 8, 11
2017/11/8, 80, 60, 45, 45, 8, 13
2017/11/9, 80, 78, 47, 51, 8, 15
2017/11/10, 117, 72, 61, 46, 8, 12
2017/11/11, 111, 60, 42, 36, 7, 11
2017/11/12, 100, 48, , 33, 7, 9
2017/11/13, 80, 41, 20, 28, 6, 6
2017/11/14, 50, 49, 42, 35, 9, 10
2017/11/15, 62, 62, 43, 41, 22, 11
2017/11/16, 95, 64, 42, 47, 13, 13
2017/11/17, 83, 66, 45, 45, 12, 13
2017/11/18, 89, 61, 40, 45, 20, 11
2017/11/19, 92, 45, 48, 32, 9, 8
2017/11/20, 67, 49, 43, 34, 8, 8
2017/11/21, 82, 61, 26, 34, 9, 10
2017/11/22, 93, 67, 47, 39, 14, 10
2017/11/23, 97, 72, 44, 39, 15, 11
2017/11/24, 114, 68, 55, 44, 9, 13
2017/11/25, 102, 63, 56, 44, 9, 12
2017/11/26, 95, 48, 38, 35, 12, 8
2017/11/27, 65, 55, 46, 39, 14, 10
2017/11/28, 78, 69, 56, 47, 10, 13
2017/11/29, 103, 70, 45, 50, 11, 14
2017/11/30, 100, 73, 52, 51, 13, 14
2017/12/1, 112, 77, 53, 56, 11, 15
2017/12/2, 125, 76, 69, 49, 13, 14
2017/12/3, 129, 57, 49, 36, 9, 10
2017/12/4, 95, 67, 65, 43, 9, 14
2017/12/5, 104, 80, 58, 55, 12, 18
2017/12/6, 129, 74, 38, 38, 7, 11
2017/12/7, 100, 69, 38, 33, 7, 12
2017/12/8, 101, 68, 28, 28, 6, 9
2017/12/9, 83, 55, 31, 31, 6, 10
2017/12/10, 86, 60, 52, 32, 10, 8
2017/12/11, 100, 71, 56, 41, 9, 11
2017/12/12, 99, 69, 52, 39, 12, 11
2017/12/13, 106, 80, 53, 43, 11, 14
2017/12/14, 123, 88, 69, 49, 9, 14
2017/12/15, 138, 82, 46, 39, 7, 14
2017/12/16, 118, 57, 29, 24, 6, 8
2017/12/17, 74, 48, 37, 28, 6, 10
2017/12/18, 81, 67, 34, 35, 7, 14
2017/12/19, 138, 59, 37, 35, 7, 14
2017/12/20, 101, 50, 29, 34, 7, 12
2017/12/21, 84, , , , , 
2017/7/2, 47, 19, 31, 14, 5, 5
2017/7/3, 48, 30, 18, 21, 5, 7
2017/7/4, 63, 37, 18, 25, 12, 9
2017/7/5, 70, 39, 39, 30, 24, 6
2017/7/6, 76, 35, 37, 29, 9, 4
2017/7/7, 72, 31, 29, 25, 7, 4
2017/7/8, 65, , , , , 
2017/7/10, 69, 31, 18, 21, 4, 5
2017/7/11, 58, 27, 17, 24, 3, 6
2017/7/12, 62, 30, 23, 30, 6, 8
2017/7/13, 67, 46, 42, 24, 7, 5
2017/7/14, 86, 50, 45, 23, 7, 4
2017/7/15, 82, 44, 51, 25, 9, 4
2017/7/16, 86, 35, 43, 22, 7, 2
2017/7/17, 76, 39, 46, 34, 7, 6
2017/7/18, 92, 46, 29, 32, 7, 7
2017/7/19, 95, 44, 34, 26, 7, 5
2017/7/20, 85, 40, 25, 23, 7, 4
2017/7/21, 70, 43, 33, 27, 7, 5
2017/7/22, 79, 37, 38, 27, 7, 5
2017/7/23, 71, 39, 36, 30, 9, 5
2017/7/24, 91, 37, 26, 27, 7, 5
2017/7/25, 83, 32, 24, 21, 6, 4
2017/7/26, 62, 25, 25, 17, 6, 4
2017/7/27, 45, 40, 32, 26, 7, 6
2017/7/28, 78, 42, 45, 24, 7, 7
2017/7/29, 73, 39, 46, 27, 8, 8
2017/7/30, 85, 43, 33, 25, 9, 5
2017/7/31, 86, 36, 55, 24, 9, 5
2017/8/1, 66, 48, 47, 22, 10, 5
2017/8/2, 86, 33, 34, 15, 8, 5
2017/8/3, 63, 27, 33, 15, 7, 6
2017/8/4, 56, 33, 56, 23, 7, 7
2017/8/5, 84, 50, 39, 21, 7, 8
2017/8/6, 94, , 33, 17, 5, 6
2017/8/7, 59, 34, 58, 20, 9, 7
2017/8/8, 79, 36, 66, 17, 9, 7
2017/8/9, 75, 31, 38, 14, 10, 3
2017/8/10, 69, 14, 22, 12, 6, 4
2017/8/11, 43, 19, 30, 13, 7, 5
2017/8/12, 46, , 43, 17, 6, 6
2017/8/13, 67, , 33, 13, 6, 5
2017/8/14, 53, , 28, 16, 6, 5
2017/8/15, 63, 51, 56, 25, 15, 11
2017/8/16, 102, 35, 30, 15, 26, 9
2017/8/17, 70, 43, 32, 22, 6, 6
2017/8/18, 81, 40, 40, 24, 7, 10
2017/8/19, 90, 48, 53, 26, 7, 13
2017/8/20, 115, 44, 45, 19, 7, 12
2017/8/21, 107, 41, 45, 17, 11, 11
2017/8/22, 85, 46, 39, 19, 8, 12
2017/8/23, 87, 51, 31, 22, 14, 16
2017/8/24, 105, 51, 45, 19, 19, 18
2017/8/25, 110, 54, 31, 25, 9, 23
2017/8/26, 103, 48, 49, 23, 8, 29
2017/8/27, 118, 39, 35, 20, 8, 24
2017/8/28, 104, 31, 29, 23, 8, 20
2017/8/29, 80, 25, 18, 14, 6, 17
2017/8/30, 60, 21, 15, 17, 6, 16
2017/8/31, 65, 33, 27, 21, 8, 17
2017/9/1, 78, 38, 41, 22, 8, 19
2017/9/2, 101, 36, 32, 17, 10, 16
2017/9/3, 83, 32, 25, 16, 9, 16
2017/9/4, 69, 27, 24, 16, 7, 18
2017/9/5, 67, 27, 17, 16, 7, 18
2017/9/6, 67, , , , , 
2017/9/11, 59, 42, 43, 19, 10, 10
2017/9/12, 77, 55, 58, 26, 15, 11
2017/9/13, 103, 62, 58, 26, 13, 12
2017/9/14, 111, 58, 55, 21, 9, 11
2017/9/15, 108, 50, 51, 24, 12, 11
2017/9/16, 102, 50, 70, 19, 11, 9
2017/9/17, 95, 25, 25, 12, 6, 7
2017/9/18, 59, 41, 42, 22, 8, 12
2017/9/19, 91, 54, 44, 20, 15, 9
2017/9/20, 122, 48, 39, 21, 8, 11
2017/9/21, 111, 37, 25, 17, 7, 11
2017/9/22, 84, 27, 26, 11, 6, 8
2017/9/23, 61, 26, 27, 11, 6, 8
2017/9/24, 54, 19, 17, 10, 6, 9
2017/9/25, 51, 33, 16, 17, 8, 11
2017/9/26, 65, 36, 29, 17, 7, 12
2017/9/27, 75, 45, 38, 21, 8, 12
2017/9/28, 101, 38, 23, 19, 8, 11
2017/9/29, 77, 32, 18, 19, 9, 11
2017/9/30, 68, 25, 22, 16, 8, 10
2017/10/1, 62, 24, 30, 14, 8, 10
2017/4/2, 84, 30, 34, 27, 4, 4
2017/4/3, 56, 54, 52, 37, 7, 11
2017/4/4, 77, 62, 41, 32, 7, 10
2017/4/5, 93, 68, 30, 36, 6, 12
2017/4/6, 99, 70, 53, 30, 5, 7
2017/4/7, 111, 63, 48, 40, 6, 13
2017/4/8, 109, , , , , 
2017/4/10, 91, 61, 73, 31, 4, 8
2017/4/11, 105, 52, 48, 30, 4, 8
2017/4/12, 93, 42, 60, 26, 3, 6
2017/4/13, 77, 41, 57, 27, 4, 7
2017/4/14, 92, 37, 66, 22, 3, 6
2017/4/15, 78, 40, 66, 24, 5, 6
2017/4/16, 81, 32, 55, 22, 4, 5
2017/4/17, 72, 37, 55, 27, 4, 8
2017/4/18, 79, 50, 60, 27, 3, 7
2017/4/19, 91, 40, 63, 31, 5, 8
2017/4/20, 76, 46, 71, 26, 7, 7
2017/4/21, 78, 53, 55, 31, 7, 7
2017/4/22, 98, , , , , 
2017/4/25, 97, 64, 53, 29, 4, 11
2017/4/26, 114, 66, 65, 31, 4, 10
2017/4/27, 120, 75, 59, 34, 5, 13
2017/4/28, 130, 78, 37, 30, 7, 13
2017/4/29, 134, 73, 42, 26, 5, 10
2017/4/30, 116, 70, 64, 25, 6, 11
2017/5/1, 138, 77, 61, 23, 5, 10
2017/5/2, 149, 73, 47, 26, 6, 11
2017/5/3, 138, 68, 47, 23, 5, 9
2017/5/4, 135, 64, 53, 24, 5, 10
2017/5/5, 142, 44, 46, 22, 5, 7
2017/5/6, 91, 48, 57, 27, 5, 8
2017/5/7, 97, 49, 57, 24, 5, 8
2017/5/8, 101, 60, 50, 26, 7, 10
2017/5/9, 117, 58, 55, 29, 6, 10
2017/5/10, 118, 55, 58, 32, 5, 10
2017/5/11, 112, 56, 66, 32, 8, 11
2017/5/12, 119, 40, 54, 28, 6, 10
2017/5/13, 82, 46, 55, 26, 5, 8
2017/5/14, 88, 49, 56, 20, 5, 6
2017/5/15, 106, 60, 65, 26, 5, 9
2017/5/16, 129, 60, 60, 28, 6, 11
2017/5/17, 126, 61, 60, 27, 6, 11
2017/5/18, 125, 67, 67, 30, 6, 11
2017/5/19, 138, 64, 65, 29, 6, 11
2017/5/20, 127, 57, 76, 24, 6, 8
2017/5/21, 114, 48, 64, 17, 6, 5
2017/5/22, 99, 50, 59, 24, 7, 9
2017/5/23, 101, 52, 51, 24, 6, 10
2017/5/24, 107, 61, 56, 21, 6, 8
2017/5/25, 132, 38, 52, 22, 5, 5
2017/5/26, 89, 45, 80, 32, 6, 7
2017/5/27, 87, 51, 70, 26, 5, 7
2017/5/28, 102, 40, 59, 19, 8, 6
2017/5/29, 85, 32, 47, 11, 5, 2
2017/5/30, 87, , , , , 
2017/6/6, 75, 39, 67, 21, 5, 4
2017/6/7, 83, 43, 60, 25, 5, 6
2017/6/8, 94, 50, 61, 25, 7, 5
2017/6/9, 109, 42, 53, 22, 6, 5
2017/6/10, 92, 45, 61, 26, 5, 6
2017/6/11, 99, 41, 70, 23, 6, 5
2017/6/12, 95, 36, 76, 20, 8, 5
2017/6/13, 77, 42, 79, 20, 6, 9
2017/6/14, 80, 31, 38, 20, 9, 10
2017/6/15, 72, 33, 42, 21, 6, 10
2017/6/16, 64, 40, 58, 22, 6, 7
2017/6/17, 77, 39, 54, 19, 11, 6
2017/6/18, 84, 36, 59, 20, 7, 6
2017/6/19, 68, 42, 61, 18, 10, 6
2017/6/20, 79, 36, 46, 15, 5, 4
2017/6/21, 53, 39, 60, 21, 5, 7
2017/6/22, 65, 55, 65, 26, 6, 8
2017/6/23, 96, 51, 67, 24, 9, 7
2017/6/24, 92, 45, 41, 21, 5, 8
2017/6/25, 78, 24, 24, 12, 4, 5
2017/6/26, 49, 23, 19, 14, 5, 6
2017/6/27, 48, 24, 26, 17, 5, 6
2017/6/28, 61, 31, 35, 23, 6, 8
2017/6/29, 70, 37, 26, 18, 5, 6
2017/6/30, 74, 27, 34, 13, 5, 4
2017/7/1, 55, 23, 30, 12, 4, 5
2017/1/3, 81, 53, 62, 33, 11, 11
2017/1/4, 97, 48, 34, 29, 13, 10
2017/1/5, 82, 50, 38, 30, 12, 13
2017/1/6, 92, 51, 41, 29, 9, 11
2017/1/7, 89, 54, 49, 24, 8, 10
2017/1/8, 96, 47, 48, 24, 9, 9
2017/1/9, 86, 53, 35, 30, 10, 14
2017/1/10, 85, 48, 44, 29, 9, 12
2017/1/11, 75, 49, 44, 31, 10, 12
2017/1/12, 82, 56, 53, 38, 12, 14
2017/1/13, 95, 55, 30, 33, 12, 16
2017/1/14, 86, 50, 32, 30, 9, 13
2017/1/15, 77, 42, 51, 29, 8, 10
2017/1/16, 73, 52, 50, 30, 10, 14
2017/1/17, 89, 49, 30, 26, 9, 12
2017/1/18, 83, 59, 8, 32, 9, 16
2017/1/19, 86, 55, 32, 29, 9, 13
2017/1/20, 86, 44, 27, 21, 8, 10
2017/1/21, 63, 49, 35, 31, 9, 14
2017/1/22, 81, 40, 42, 24, 9, 9
2017/1/23, 69, 50, 43, 47, 11, 12
2017/1/24, 75, 57, 30, 44, 9, 13
2017/1/25, 86, 57, 33, 26, 6, 12
2017/1/26, 95, 65, 42, 34, 9, 17
2017/1/27, 107, 59, 42, 28, 7, 12
2017/1/28, 91, 55, 43, 26, 7, 11
2017/1/29, 82, 47, 37, 20, 5, 10
2017/1/30, 78, 57, 54, 29, 7, 13
2017/1/31, 101, 58, 54, 30, 7, 16
2017/2/1, 101, 54, 36, 26, 7, 14
2017/2/2, 87, 48, 44, 28, 7, 12
2017/2/3, 84, 57, 51, 27, 7, 12
2017/2/4, 96, 56, 55, 24, 7, 11
2017/2/5, 105, 37, 46, 19, 5, 8
2017/2/6, 69, 50, 47, 23, 2, 9
2017/2/7, 94, 60, 15, 37, 4, 18
2017/2/8, 112, 68, 45, 34, 7, 14
2017/2/9, 105, 59, 44, 25, 7, 10
2017/2/10, 71, 75, 57, 33, 10, 13
2017/2/11, 105, 68, 62, 37, 12, 13
2017/2/12, 109, 57, 67, 29, 11, 11
2017/2/13, 99, 59, 53, 30, 11, 12
2017/2/14, 88, 60, 41, 28, 11, 11
2017/2/15, 97, 60, 37, 23, 11, 10
2017/2/16, 75, 58, 37, 16, 9, 7
2017/2/17, 71, 45, 34, 21, 9, 8
2017/2/18, 64, 50, 39, 25, 10, 10
2017/2/19, 73, 38, 35, 20, 10, 8
2017/2/20, 65, 46, 35, 21, 12, 10
2017/2/21, 63, 50, 32, 28, 12, 12
2017/2/22, 73, 55, 60, 30, 18, 10
2017/2/23, 90, 54, 42, 26, 13, 11
2017/2/24, 84, 49, 48, 29, 15, 11
2017/2/25, 73, , , , , 
2017/2/27, 72, 59, 70, 32, 12, 12
2017/2/28, 95, 70, 55, 33, 9, 12
2017/3/1, 102, 57, 25, 31, 10, 10
2017/3/2, 91, 61, 74, 26, 11, 8
2017/3/3, 101, 59, 45, 25, 15, 9
2017/3/4, 89, 45, 37, 21, 11, 7
2017/3/5, 68, 38, 48, 23, 12, 8
2017/3/6, 80, 51, 44, 27, 15, 9
2017/3/7, 88, 62, 58, 29, 11, 11
2017/3/8, 103, 49, 47, 29, 11, 9
2017/3/9, 84, 41, 49, 26, 10, 10
2017/3/10, 71, 46, 51, 30, 11, 11
2017/3/11, 82, 40, 43, 21, 10, 8
2017/3/12, 79, 34, 5, 21, 9, 8
2017/3/13, 73, 37, 41, 22, 12, 9
2017/3/14, 70, 42, 39, 20, 10, 9
2017/3/15, 63, 33, 37, 22, 11, 8
2017/3/16, 67, 41, 42, 28, 12, 9
2017/3/17, 81, 50, 50, 26, 17, 9
2017/3/18, 89, 48, 61, 25, 22, 8
2017/3/19, 80, 40, 55, 18, 24, 6
2017/3/20, 78, 37, 50, 20, 13, 6
2017/3/21, 63, 46, 45, 23, 13, 9
2017/3/22, 63, 40, 48, 20, 12, 7
2017/3/23, 62, 51, 54, 25, 14, 10
2017/3/24, 75, 60, 56, 32, 11, 12
2017/3/25, 100, 50, 55, 28, 12, 26
2017/3/26, 86, 44, 57, 17, 10, 63
2017/3/27, 72, 37, 46, 24, 10, 4
2017/3/28, 62, 51, 51, 27, 10, 6
2017/3/29, 74, , , , , 
2017/3/31, 71, 61, 47, 35, 6, 9
2017/4/1, 85, 60, 23, 37, 6, 10
2016/10/29, 60, 36, 45, 19, 4, 8
2016/10/30, 63, 42, 40, 21, 6, 10
2016/10/31, 89, 38, 29, 22, 5, 11
2016/11/1, 82, , , , , 
2016/11/8, 82, 46, 38, 23, 9, 11
2016/11/9, 108, 33, 30, 25, 5, 13
2016/11/10, 77, 26, 27, 22, 5, 10
2016/11/11, 62, 47, 27, 25, 10, 12
2016/11/12, 106, 43, 35, 20, 8, 12
2016/11/13, 94, 39, 32, 18, 8, 10
2016/11/14, 77, 41, 39, 23, 8, 11
2016/11/15, 78, 49, 40, 25, 9, 12
2016/11/16, 118, 38, 27, 22, 12, 11
2016/11/17, 91, 49, 33, 21, 9, 14
2016/11/18, 94, 49, 40, 21, 12, 12
2016/11/19, 100, 29, 37, 17, 7, 7
2016/11/20, 61, 31, 43, 20, 8, 9
2016/11/21, 62, 47, 52, 25, 9, 11
2016/11/22, 96, 57, 46, 33, 11, 14
2016/11/23, 103, 54, 52, 27, 21, 10
2016/11/24, 97, 68, 61, 35, 13, 13
2016/11/25, 120, 68, 63, 35, 14, 13
2016/11/26, 122, 67, 52, 31, 13, 11
2016/11/27, 131, 57, 62, 27, 9, 11
2016/11/28, 103, 59, 36, 28, 11, 15
2016/11/29, 94, 54, 28, 24, 9, 12
2016/11/30, 86, 52, 31, 25, 9, 14
2016/12/1, 80, 54, 34, 27, 9, 13
2016/12/2, 91, 56, 29, 28, 8, 12
2016/12/3, 101, 58, 27, 27, 9, 13
2016/12/4, 95, 47, 22, 22, 9, 10
2016/12/5, 71, 45, 21, 21, 9, 10
2016/12/6, 60, 57, 29, 27, 9, 15
2016/12/7, 85, 56, 34, 25, 9, 13
2016/12/8, 80, 55, 22, 24, 8, 13
2016/12/9, 86, 52, 33, 26, 11, 12
2016/12/10, 98, 39, 35, 23, 6, 11
2016/12/11, 75, 45, 34, 23, 7, 10
2016/12/12, 91, 49, 46, 27, 5, 12
2016/12/13, 90, 55, 62, 34, 5, 14
2016/12/14, 101, 56, 38, 33, 4, 13
2016/12/15, 93, 59, 39, 35, 4, 14
2016/12/16, 105, 45, 29, 28, 3, 13
2016/12/17, 108, 48, 28, 25, 2, 14
2016/12/18, 97, 40, 32, 20, 2, 11
2016/12/19, 83, 45, 41, 21, 6, 11
2016/12/20, 82, 47, 39, 24, 6, 11
2016/12/21, 81, 45, 30, 26, 5, 11
2016/12/22, 78, 52, 43, 31, 6, 11
2016/12/23, 89, 48, 31, 28, 6, 12
2016/12/24, 80, 53, 40, 34, 6, 12
2016/12/25, 96, 54, 55, 24, 5, 10
2016/12/26, 113, 43, 39, 28, 5, 11
2016/12/27, 79, 45, 35, 25, 6, 10
2016/12/28, 77, 46, 32, 26, 6, 10
2016/12/29, 83, 42, 36, 24, 6, 7
2016/12/30, 63, 33, 30, 21, 5, 7
2016/12/31, 59, 40, 37, 22, 4, 9
2017/1/1, 77, 42, 24, 22, 4, 10
2017/1/2, 78, 44, 44, 24, 5, 10
2025/4/2, , 51, 45, 21, , 
2025/4/3, , 49, 38, 19, , 
2025/4/4, , 50, 33, 19, , 
2025/4/5, , 50, 34, 17, , 
2025/1/1, , 74, 65, 26, , 
2025/1/5, , 36, 16, 19, , 
2025/1/17, , 42, 35, 34, , 
2025/1/18, , 41, 36, 22, , 
2025/1/19, , 35, 35, 19, , 
2025/1/20, , 33, 32, 18, , 
2025/1/21, , 39, 34, 20, , 
2025/1/22, , 41, 45, 24, , 
2025/1/23, , 42, 41, 25, , 
2025/1/24, , 44, 57, 22, , 
2025/1/25, , 38, 49, 21, , 
2025/1/26, , 48, 78, 27, , 
2025/1/27, , 45, 63, 27, , 
2025/1/28, , 47, 45, 26, , 
2025/1/29, , 47, 42, 24, , 
2025/1/30, , 36, 31, 18, , 
2025/1/31, , 42, 33, 19, , 
2025/2/1, , 38, 26, 19, , 
2025/2/4, , 52, 20, 29, , 
2025/2/5, , 40, 54, 24, , 
2025/2/6, , 51, 61, 28, , 
2025/2/7, , 33, 9, 24, , 
2025/2/8, , 39, 51, 17, , 
2025/2/9, , 43, 61, 20, , 
2025/2/10, , 46, 62, 23, , 
2025/2/11, , 53, 18, 21, , 
2025/2/22, , 32, 29, 17, , 
2025/2/23, , 29, 37, 14, , 
2025/2/24, , 33, 36, 18, , 
2025/3/26, , 47, 24, 19, , 
2025/3/27, , 47, 32, 9, , 
2025/3/28, , 42, 33, 15, , 
2025/3/29, , 49, 38, 20, , 
2025/3/30, , 41, 52, 19, , 
2025/3/31, , 53, 53, 31, , 
2025/4/1, , 52, 54, 23, , 
2024/11/27, , 62, 37, 28, , 
2024/12/7, , 28, 18, 10, , 
2024/12/15, , 48, 17, 33, , 
2024/12/29, , 40, 50, 24, , 
2024/4/22, , 52, 27, 5, , 
2024/5/21, , 47, 64, 19, , 
2024/1/30, , 51, 21, , , 
2024/3/30, , 50, 20, , , 
2023/8/22, , 36, 37, 15, , 
2023/9/24, , 33, 27, 9, , 
2023/2/5, , 52, , 14, , 10
2022/10/4, , 35, 37, , , 10
2022/10/19, , 29, 23, 19, , 8
2022/7/3, , 30, 43, 17, , 8
2022/8/1, , 28, 22, 21, , 11
2022/8/15, , 23, 27, 14, , 11
2022/8/18, , 38, 48, 21, , 13
2022/9/21, , 44, 23, 9, , 14
2022/5/25, , 53, 67, 20, , 11
2022/1/17, , 41, 28, 19, , 11
2022/3/10, , 59, 18, 14, , 7
2021/10/20, , 53, 44, 22, , 
2021/10/21, , 38, 34, 17, , 
2021/11/11, , 44, 48, 19, , 6
2021/11/17, , 53, 50, 24, , 11
2021/12/11, , 65, 65, 33, , 13
2022/1/2, , 54, 36, 16, , 10
2021/7/1, , 31, 26, 12, 4, 14
2021/7/9, , 27, 22, 11, 4, 10
2021/8/2, , 34, 38, 16, 3, 10
2021/8/23, , 47, 25, 19, , 12
2021/5/11, , 38, 26, 12, , 
2021/5/30, , 38, 38, 14, , 12
2021/1/6, , 55, 23, 24, 7, 10
2020/9/21, , 30, 19, 18, 1, 4
2020/9/22, , 38, 47, 16, 1, 4
2020/4/1, , 55, 53, 15, , 11
2020/1/7, , 64, 53, 24, 15, 13
2020/3/19, , 28, 17, 18, , 13
2019/12/16, , 53, 35, 19, 7, 9
2019/5/19, , 56, , , , 
2018/1/11, , 62, 17, 45, 9, 13
2017/10/16, , 29, 28, 15, 8, 5
2017/7/9, , 26, 13, 27, 5, 8
2017/9/10, , 22, 21, 15, 6, 7
2017/4/9, , 52, 56, 23, 3, 6
2017/4/24, , 56, 64, 26, 3, 8
2017/6/5, , 39, 65, 26, 5, 8
2017/2/26, , 48, 24, 27, 11, 9
2017/3/30, , 56, 30, 34, 5, 8
2016/10/28, , 42, 34, 23, 3, 11
2016/11/7, , 40, 36, 22, 6, 10
2016/1/5, , 39, 18, 17, 9, 9
2016/1/6, , 37, 18, 18, 9, 9
2016/1/7, , 43, 20, 14, 7, 5
2016/1/8, , 31, 23, 17, 8, 6
2016/1/9, , 36, 28, 22, 10, 11
2016/1/10, , 45, 16, 14, 9, 7
2016/1/11, , 28, 23, 19, 11, 13
2016/1/12, , 41, 15, 24, 11, 12
2016/1/13, , 48, 16, 20, 8, 9
2016/1/14, , 26, 15, 13, 8, 7
2016/1/15, , 22, 26, 24, 12, 15
2016/1/16, , 42, 23, 29, 13, 16
2016/1/17, , 51, 30, 25, 11, 12
2016/1/18, , 48, 17, 28, 12, 15
2016/1/19, , 56, 25, 24, 14, 10
2016/1/20, , 50, 22, 25, 12, 10
2016/1/21, , 58, 27, 25, 12, 13
2016/1/22, , 49, 32, 34, 14, 13
2016/1/23, , 60, 37, 31, 12, 12
2016/1/24, , 60, 32, 35, 12, 13
2016/1/25, , 62, 27, 30, 12, 13
2016/1/26, , 61, 14, 23, 11, 9
2016/1/27, , 56, 31, 21, 11, 10
2016/1/28, , 52, 38, 26, 12, 10
2016/1/29, , 53, 28, 46, 20, 19
2016/1/30, , 88, 27, 32, 15, 14
2016/1/31, , 75, 20, 26, 11, 10
2016/2/1, , 60, 6, 31, 12, 16
2016/2/2, , 60, , , , 
2016/2/5, , 60, 54, 25, 12, 13
2016/2/6, , 59, 68, 27, 15, 9
2016/2/7, , 61, 52, 26, 11, 10
2016/2/8, , 53, 47, 28, 18, 12
2016/2/9, , 68, 36, 29, 25, 11
2016/2/10, , 69, 36, 30, 20, 11
2016/2/11, , 72, 48, 28, 19, 13
2016/2/12, , 65, 53, 34, 20, 14
2016/2/13, , 67, 52, 26, 16, 9
2016/2/14, , 61, 60, 25, 15, 10
2016/2/15, , 59, 62, 30, 16, 13
2016/2/16, , 67, 61, 35, 17, 16
2016/2/17, , 84, 47, 27, 16, 11
2016/2/18, , 65, 53, 30, 16, 11
2016/2/19, , 75, 47, 36, 19, 16
2016/2/20, , 81, 41, 29, 17, 11
2016/2/21, , 63, , , , 
2015/10/3, , 48, , , , 
2015/10/6, , 70, 33, 22, 11, 9
2015/10/7, , 57, 27, 25, 12, 14
2015/10/8, , 69, 35, 25, 10, 12
2015/10/9, , 61, 36, 22, 9, 11
2015/10/10, , 57, 35, 20, 12, 7
2015/10/11, , 50, 38, 18, 11, 8
2015/10/12, , 51, 27, 15, 10, 10
2015/10/13, , 53, 25, 23, 17, 9
2015/10/14, , 56, 25, 19, 13, 9
2015/10/15, , 41, 27, 18, 17, 7
2015/10/16, , 38, 30, 20, 14, 9
2015/10/17, , 44, 20, 13, 6, 5
2015/10/18, , 25, 25, 13, 8, 6
2015/10/19, , 18, 29, 20, 9, 8
2015/10/20, , 35, 33, 35, 15, 14
2015/10/21, , 57, 30, 31, 13, 14
2015/10/22, , 53, 22, 18, 8, 10
2015/10/23, , 31, 13, 12, 7, 8
2015/10/24, , 24, 18, 13, 6, 7
2015/10/25, , 21, 22, 20, 8, 9
2015/10/26, , 27, 14, 21, 9, 13
2015/10/27, , 33, 18, 21, 9, 14
2015/10/28, , 38, 11, 19, 9, 14
2015/10/29, , 34, 19, 19, 8, 12
2015/10/30, , 38, 15, 16, 7, 12
2015/10/31, , 31, 10, 15, 8, 15
2015/11/1, , 25, 20, 17, 8, 15
2015/11/2, , 37, 17, 16, 8, 12
2015/11/3, , 35, 15, 17, 8, 15
2015/11/4, , 37, 26, 28, 9, 14
2015/11/5, , 41, 28, 27, 10, 16
2015/11/6, , 48, 27, 27, 10, 15
2015/11/7, , 53, 25, 21, 13, 10
2015/11/8, , 44, 17, 19, 11, 10
2015/11/9, , 31, 8, 27, 10, 17
2015/11/10, , 45, 26, 25, 14, 14
2015/11/11, , 46, 33, 32, 12, 14
2015/11/12, , 54, 30, 30, 12, 16
2015/11/13, , 56, 18, 25, 9, 13
2015/11/14, , 41, 11, 16, 6, 6
2015/11/15, , 22, , , , 
2015/11/17, , 49, 20, 28, 10, 16
2015/11/18, , 56, 26, 26, 9, 16
2015/11/19, , 51, 22, 35, 12, 17
2015/11/20, , 58, 19, 24, 11, 14
2015/11/21, , 54, 26, 25, 12, 12
2015/11/22, , 53, 23, 20, 9, 10
2015/11/23, , 35, 20, 22, 8, 13
2015/11/24, , 39, 20, 28, 11, 16
2015/11/25, , 51, 22, 28, 11, 16
2015/11/26, , 57, 25, 20, 9, 14
2015/11/27, , 50, 16, 16, 9, 11
2015/11/28, , 37, 27, 28, 11, 17
2015/11/29, , 51, 30, 28, 13, 13
2015/11/30, , 50, 30, 39, 15, 18
2015/12/1, , 58, 27, 44, 14, 21
2015/12/2, , 75, 12, 34, 12, 19
2015/12/3, , 62, 20, 21, 8, 10
2015/12/4, , 55, 24, 20, 8, 11
2015/12/5, , 46, 25, 23, 9, 12
2015/12/6, , 48, 30, 23, 10, 11
2015/12/7, , 53, 24, 24, 11, 13
2015/12/8, , 57, 21, 30, 12, 17
2015/12/9, , 55, 25, 26, 11, 14
2015/12/10, , 48, 25, 34, 15, 17
2015/12/11, , 65, 28, 32, 12, 16
2015/12/12, , 64, 20, 21, 10, 14
2015/12/13, , 57, 12, 18, 9, 12
2015/12/14, , 34, 14, 19, 9, 14
2015/12/15, , 43, 23, 22, 10, 15
2015/12/16, , 46, 19, 24, 12, 15
2015/12/17, , 44, 22, 21, 11, 16
2015/12/18, , 51, 22, 23, 11, 13
2015/12/19, , 51, 19, 24, 11, 15
2015/12/20, , 57, 21, 22, 11, 14
2015/12/21, , 50, 30, 31, 13, 15
2015/12/22, , 57, 21, 40, 14, 17
2015/12/23, , 66, 14, 31, 13, 17
2015/12/24, , 60, 21, 25, 11, 15
2015/12/25, , 52, 27, 24, 11, 16
2015/12/26, , 76, 21, 21, 9, 10
2015/12/27, , 42, 19, 17, 8, 9
2015/12/28, , 43, 25, 24, 10, 12
2015/12/29, , 48, 19, 23, 10, 12
2015/12/30, , 52, 23, 20, 11, 10
2015/12/31, , 50, 30, 15, 7, 4
2016/1/1, , 56, , , , 
2016/1/4, , 38, 13, 16, 8, 8
2015/4/2, , 47, 30, 29, 7, 12
2015/4/3, , 47, 40, 26, 7, 12
2015/4/4, , 41, 50, 20, 7, 9
2015/4/5, , 38, 38, 21, 8, 10
2015/4/6, , 46, 33, 29, 9, 14
2015/4/7, , 49, 41, 30, 9, 14
2015/4/8, , 47, 29, 26, 8, 13
2015/4/9, , 56, 38, 29, 8, 13
2015/4/10, , 57, 48, 30, 9, 13
2015/4/11, , 59, 30, 27, 8, 11
2015/4/12, , 50, 34, 27, 9, 13
2015/4/13, , 54, 39, 22, 8, 12
2015/4/14, , 52, 38, 20, 7, 11
2015/4/15, , 53, 40, 23, 8, 13
2015/4/16, , 55, 42, 30, 9, 13
2015/4/17, , 59, 48, 31, 10, 15
2015/4/18, , 62, 42, 26, 7, 11
2015/4/19, , 60, 39, 21, 8, 9
2015/4/20, , 45, 33, 24, 8, 11
2015/4/21, , 53, 34, 26, 8, 13
2015/4/22, , 62, 37, 33, 10, 13
2015/4/23, , 62, 33, 30, 9, 13
2015/4/24, , 60, 32, 22, 8, 12
2015/4/25, , 57, 34, 24, 7, 12
2015/4/26, , 58, 38, 24, 8, 13
2015/4/27, , 59, 29, 32, 10, 17
2015/4/28, , 60, 27, 30, 10, 15
2015/4/29, , 62, 21, 22, 7, 11
2015/4/30, , 46, 28, 20, 7, 10
2015/5/1, , 40, 36, 20, 7, 9
2015/5/2, , 42, 27, 28, 9, 15
2015/5/3, , 53, 36, 24, 7, 12
2015/5/4, , 46, 29, 24, 7, 13
2015/5/5, , 42, 38, 29, 9, 14
2015/5/6, , 48, 36, 34, 9, 16
2015/5/7, , 51, 31, 30, 8, 16
2015/5/8, , 40, 35, 25, 7, 14
2015/5/9, , 28, 37, 26, 9, 13
2015/5/10, , 30, 10, 26, 9, 15
2015/5/11, , 32, 39, 35, 10, 15
2015/5/12, , 48, 29, 27, 9, 13
2015/5/13, , 35, 30, 25, 9, 14
2015/5/14, , 34, 32, 28, 10, 14
2015/5/15, , 38, 32, 27, 7, 14
2015/5/16, , 44, 31, 30, 8, 18
2015/5/17, , 48, 28, 23, 6, 13
2015/5/18, , 30, 36, 31, 9, 18
2015/5/19, , 42, 34, 28, 8, 18
2015/5/20, , 50, , , , 
2015/5/26, , 20, 37, 59, 7, 8
2015/5/27, , 40, 23, 23, 12, 14
2015/5/28, , 40, 21, 16, 7, 11
2015/5/29, , 28, , , , 
2015/5/30, , 33, , , , 
2015/5/31, , 30, , , , 
2015/6/1, , 44, , , , 
2015/6/5, , 54, , , , 
2015/1/2, , 55, 24, 16, 8, 16
2015/1/3, , 38, 19, 18, 8, 17
2015/1/4, , 38, 26, 19, 9, 17
2015/1/5, , 45, 15, 19, 12, 15
2015/1/6, , 40, 18, 22, 12, 16
2015/1/7, , 44, 23, 22, 10, 16
2015/1/8, , 44, 29, 16, 8, 13
2015/1/9, , 32, 28, 29, 9, 19
2015/1/10, , 46, 20, 29, 8, 13
2015/1/11, , 49, 37, 25, 7, 11
2015/1/12, , 37, 12, 33, 10, 19
2015/1/13, , 61, 20, 37, 9, 16
2015/1/14, , 62, 12, 30, 9, 15
2015/1/15, , 61, 8, 35, 10, 19
2015/1/16, , 60, , , , 
2015/1/18, , 56, 40, 35, 11, 14
2015/1/19, , 60, 22, 36, 10, 14
2015/1/20, , 67, 14, 35, 10, 14
2015/1/21, , 58, 19, 32, 8, 11
2015/1/22, , 61, 24, 26, 7, 10
2015/1/23, , 53, 24, 23, 7, 13
2015/1/24, , 58, 22, 23, 7, 10
2015/1/25, , 55, 28, 26, 8, 7
2015/1/26, , 56, 32, 27, 10, 8
2015/1/27, , 55, 29, 29, 12, 11
2015/1/28, , 53, 27, 24, 10, 9
2015/1/29, , 45, 29, 24, 9, 8
2015/1/30, , 46, 37, 28, 10, 8
2015/1/31, , 55, 29, 27, 7, 8
2015/2/1, , 57, 21, 20, 6, 8
2015/2/2, , 52, 22, 17, 6, 7
2015/2/3, , 47, 14, 16, 7, 8
2015/2/4, , 26, 21, 20, 7, 12
2015/2/5, , 41, 35, 25, 10, 10
2015/2/6, , 48, 36, 30, 17, 10
2015/2/7, , 57, 34, 30, 8, 10
2015/2/8, , 53, 37, 29, 8, 8
2015/2/9, , 62, 33, 25, 8, 8
2015/2/10, , 45, 34, 35, 9, 14
2015/2/11, , 56, 29, 35, 8, 13
2015/2/12, , 45, 27, 23, 7, 10
2015/2/13, , 32, 25, 28, 9, 14
2015/2/14, , 42, 24, 32, 9, 14
2015/2/15, , 53, 22, 31, 8, 14
2015/2/16, , 49, 21, 19, 7, 11
2015/2/17, , 33, 20, 19, 8, 10
2015/2/18, , 30, 27, 28, 8, 15
2015/2/19, , 53, 33, 29, 9, 16
2015/2/20, , 61, 28, 26, 8, 14
2015/2/21, , 50, 32, 25, 7, 14
2015/2/22, , 52, 38, 27, 8, 13
2015/2/23, , 50, 39, 29, 8, 15
2015/2/24, , 50, 32, 32, 7, 16
2015/2/25, , 63, 23, 29, 7, 15
2015/2/26, , 61, 26, 26, 6, 13
2015/2/27, , 58, 23, 24, 6, 14
2015/2/28, , 58, 25, 26, 6, 14
2015/3/1, , 56, 37, 28, 5, 12
2015/3/2, , 52, 33, 30, 5, 14
2015/3/3, , 60, 30, 34, 6, 15
2015/3/4, , 60, 34, 31, 6, 14
2015/3/5, , 63, 36, 25, 5, 12
2015/3/6, , 61, 34, 24, 4, 13
2015/3/7, , 68, 30, 20, 5, 10
2015/3/8, , 49, 27, 20, 5, 10
2015/3/9, , 49, 25, 26, 6, 13
2015/3/10, , 55, 21, 19, 5, 11
2015/3/11, , 45, 20, 18, 7, 10
2015/3/12, , 28, 19, 14, 6, 9
2015/3/13, , 31, 19, 19, 7, 12
2015/3/14, , 35, 19, 18, 6, 10
2015/3/15, , 24, 17, 15, 6, 9
2015/3/16, , 18, 21, 13, 6, 9
2015/3/17, , 22, 20, 19, 7, 12
2015/3/18, , 33, 21, 20, 7, 11
2015/3/19, , 40, 24, 22, 8, 12
2015/3/20, , 41, 24, 22, 8, 15
2015/3/21, , 41, 30, 22, 8, 13
2015/3/22, , 42, 29, 21, 9, 13
2015/3/23, , 41, 20, 24, 8, 13
2015/3/24, , 41, 22, 21, 8, 12
2015/3/25, , 35, 26, 22, 8, 11
2015/3/26, , 38, 23, 22, 8, 12
2015/3/27, , 43, 27, 26, 10, 13
2015/3/28, , 50, 23, 23, 9, 10
2015/3/29, , 37, 29, 18, 7, 8
2015/3/30, , 40, 34, 27, 8, 12
2015/3/31, , 39, 36, 31, 8, 11
2015/4/1, , 44, 29, 29, 8, 13
2014/10/2, , 33, 18, 15, 7, 10
2014/10/3, , 27, 24, 26, 8, 13
2014/10/4, , 34, 24, 26, 7, 12
2014/10/5, , 39, 22, 21, 7, 12
2014/10/6, , 27, 24, 17, 7, 11
2014/10/7, , 31, 34, 19, 9, 9
2014/10/8, , 40, 42, 26, 9, 13
2014/10/9, , 56, 34, 25, 11, 12
2014/10/10, , 43, 32, 26, 9, 14
2014/10/11, , 41, 32, 31, 9, 15
2014/10/12, , 63, 25, 23, 7, 13
2014/10/13, , 37, 32, 28, 8, 16
2014/10/14, , 42, 27, 25, 8, 11
2014/10/15, , 40, 32, 17, 9, 14
2014/10/16, , 44, 9, 3, 11, 16
2014/10/17, , 50, , , , 
2014/10/22, , 35, 28, , 7, 12
2014/10/23, , 34, 28, 25, 9, 12
2014/10/24, , 39, 28, 22, 9, 9
2014/10/25, , 34, 33, 25, 7, 11
2014/10/26, , 33, 38, 27, 10, 11
2014/10/27, , 43, 45, 35, 9, 14
2014/10/28, , 56, 47, 41, 10, 17
2014/10/29, , 65, 40, 34, 10, 16
2014/10/30, , 53, 34, 29, 19, 13
2014/10/31, , 52, 26, 17, 8, 9
2014/11/1, , 43, 29, 18, 6, 7
2014/11/2, , 32, 36, 19, 7, 9
2014/11/3, , 40, 32, 26, 8, 13
2014/11/4, , 47, 25, 19, 7, 14
2014/11/5, , 47, 20, 19, 7, 13
2014/11/6, , 48, 23, 23, 7, 11
2014/11/7, , 51, 36, 26, 8, 13
2014/11/8, , 58, 21, 16, 6, 6
2014/11/9, , 39, 27, 16, 15, 6
2014/11/10, , 38, 22, 21, 8, 11
2014/11/11, , 53, 13, 18, 7, 9
2014/11/12, , 51, , , , 
2014/11/14, , 47, 22, 28, 9, 14
2014/11/15, , 50, 26, 22, 8, 14
2014/11/16, , 46, 24, 20, 6, 12
2014/11/17, , 42, 23, 19, 6, 10
2014/11/18, , 39, 16, 22, 8, 14
2014/11/19, , 51, 24, 22, 7, 12
2014/11/20, , 47, 20, 20, 7, 13
2014/11/21, , 42, , 18, 8, 19
2014/11/22, , 60, , , , 
2014/11/25, , 65, 21, 21, 8, 15
2014/11/26, , 45, 30, 27, 8, 12
2014/11/27, , 42, 19, 36, 14, 17
2014/11/28, , 58, 16, 30, 13, 17
2014/11/29, , 59, 31, 28, 10, 18
2014/11/30, , 56, 36, 29, 9, 17
2014/12/1, , 51, 36, 37, 11, 20
2014/12/2, , 61, 39, 32, 12, 14
2014/12/3, , 58, 37, 36, 10, 19
2014/12/4, , 61, 42, 45, 11, 22
2014/12/5, , 74, 44, 45, 12, 25
2014/12/6, , 78, 34, 36, 11, 17
2014/12/7, , 64, 39, 25, 9, 12
2014/12/8, , 46, 33, 28, 11, 14
2014/12/9, , 51, 35, 30, 10, 17
2014/12/10, , 55, 36, 33, 13, 19
2014/12/11, , 56, 29, 31, 8, 18
2014/12/12, , 57, 27, 25, 11, 15
2014/12/13, , 59, 23, 26, 9, 18
2014/12/14, , 49, 21, 22, 8, 15
2014/12/15, , 44, 23, 27, 9, 19
2014/12/16, , 54, 16, 23, 9, 18
2014/12/17, , 56, , , , 
2014/12/19, , 70, 28, 28, 10, 23
2014/12/20, , 59, 25, 25, 9, 23
2014/12/21, , 56, 24, 20, 9, 19
2014/12/22, , 46, 16, 24, 10, 20
2014/12/23, , 54, 14, 21, 10, 18
2014/12/24, , 52, 12, 18, 7, 16
2014/12/25, , 24, 13, 14, 6, 13
2014/12/26, , 25, 14, 14, 8, 25
2014/12/27, , 32, 20, 17, 8, 19
2014/12/28, , 37, 28, 21, 7, 19
2014/12/29, , 42, , , , 
2014/7/2, , 21, 26, 20, 5, 10
2014/7/3, , 32, 23, 26, 6, 10
2014/7/4, , 38, 24, 18, 7, 10
2014/7/5, , 24, 33, 12, 5, 6
2014/7/6, , 26, 23, 11, 4, 6
2014/7/7, , 20, 28, 16, 4, 9
2014/7/8, , 24, 35, 22, 4, 10
2014/7/9, , 30, 25, 25, 5, 12
2014/7/10, , 35, 29, 25, 5, 10
2014/7/11, , 39, 62, 20, 5, 8
2014/7/12, , 40, 46, 17, 4, 7
2014/7/13, , 42, 45, 16, 5, 7
2014/7/14, , 29, 51, 22, 4, 9
2014/7/15, , 33, 31, 24, 7, 9
2014/7/16, , 31, 32, 19, 7, 7
2014/7/17, , 29, 27, 17, 5, 7
2014/7/18, , 30, 24, 21, 6, 10
2014/7/19, , 31, 34, 14, 5, 7
2014/7/20, , 38, 44, 16, 6, 6
2014/7/21, , 26, 52, 17, 6, 8
2014/7/22, , 38, 61, 18, 5, 8
2014/7/23, , 37, 39, 20, 5, 7
2014/7/24, , 38, 31, 17, 5, 7
2014/7/25, , 33, 38, 16, 5, 8
2014/7/26, , 40, 38, 17, 5, 7
2014/7/27, , 41, 49, 17, 5, 7
2014/7/28, , 35, 42, 15, 5, 6
2014/7/29, , 36, 32, 16, 5, 6
2014/7/30, , 34, 36, 18, 5, 6
2014/7/31, , 38, 34, 17, 5, 7
2014/8/1, , 39, 53, 21, 7, 9
2014/8/2, , 49, 64, 15, 6, 7
2014/8/3, , 50, 54, 14, 7, 6
2014/8/4, , 40, 43, 15, 5, 7
2014/8/5, , 41, 45, 16, 10, 8
2014/8/6, , 38, 32, 15, 6, 8
2014/8/7, , 31, 24, 17, 6, 9
2014/8/8, , 28, 16, 21, 5, 11
2014/8/9, , 36, 25, 29, 7, 17
2014/8/10, , 42, 36, 20, 7, 9
2014/8/11, , 39, 31, 25, 8, 14
2014/8/12, , 39, 31, 21, 9, 11
2014/8/13, , 31, 31, 24, 8, 12
2014/8/14, , 36, 32, 27, 6, 9
2014/8/15, , 24, 40, 32, 8, 14
2014/8/16, , 50, 28, 25, 6, 8
2014/8/17, , 33, 24, 29, 8, 8
2014/8/18, , 32, 34, 27, 8, 9
2014/8/19, , 38, 28, 24, 5, 8
2014/8/20, , 35, 31, 26, 6, 11
2014/8/21, , 46, 36, 31, 7, 8
2014/8/22, , 45, 30, 25, 6, 9
2014/8/23, , 48, , 26, 6, 8
2014/8/24, , 35, , 31, 5, 9
2014/8/25, , 27, 43, 33, 6, 12
2014/8/26, , 41, 61, 33, 7, 10
2014/8/27, , 42, 49, 30, 15, 8
2014/8/28, , 39, 60, 30, 11, 9
2014/8/29, , 42, 54, 31, 10, 11
2014/8/30, , 50, 37, 34, 9, 11
2014/8/31, , 53, 34, 28, 6, 8
2014/9/1, , 24, 26, 29, 7, 11
2014/9/2, , 28, 32, 24, 11, 15
2014/9/3, , 30, 16, 21, 10, 14
2014/9/4, , 37, 20, 16, 11, 11
2014/9/5, , 30, 43, 25, 8, 11
2014/9/6, , 36, 42, 26, 9, 10
2014/9/7, , 43, 33, 21, 10, 8
2014/9/8, , 27, 28, 20, 11, 9
2014/9/9, , 29, 31, 20, 9, 9
2014/9/10, , 33, 23, 23, 9, 12
2014/9/11, , 31, 27, 23, 8, 11
2014/9/12, , 41, 26, 22, 8, 11
2014/9/13, , 34, 28, 25, 9, 13
2014/9/14, , 43, 26, 19, 7, 9
2014/9/15, , 31, 34, 16, 8, 9
2014/9/16, , 26, 27, 15, 6, 13
2014/9/17, , 31, 21, 11, 6, 7
2014/9/18, , 27, 21, 15, 7, 9
2014/9/19, , 33, 27, 23, 9, 16
2014/9/20, , 44, 32, 24, 8, 10
2014/9/21, , 39, 27, 20, 11, 8
2014/9/22, , 33, 22, 23, 8, 12
2014/9/23, , 36, 31, 16, 7, 10
2014/9/24, , 27, 33, 20, 9, 10
2014/9/25, , 37, 37, 20, 13, 10
2014/9/26, , 37, 33, 21, 9, 9
2014/9/27, , 34, 36, 21, 9, 9
2014/9/28, , 37, 28, 16, 13, 8
2014/9/29, , 34, 31, 17, 7, 8
2014/9/30, , 30, 19, 15, 6, 9
2014/10/1, , 21, 25, 14, 7, 10
2014/4/2, , 55, , , , 
2014/4/4, , 50, 72, 24, 7, 9
2014/4/5, , 56, 48, 16, 6, 7
2014/4/6, , 59, 55, 16, 6, 7
2014/4/7, , 56, 47, 24, 8, 12
2014/4/8, , 58, 71, 21, 10, 8
2014/4/9, , 64, 70, 28, 21, 9
2014/4/10, , 62, 65, 26, 8, 10
2014/4/11, , 74, 79, 31, 8, 13
2014/4/12, , 76, 71, 30, 8, 11
2014/4/13, , 71, 81, 25, 7, 10
2014/4/14, , 64, 70, 28, 13, 21
2014/4/15, , 61, 44, 21, 4, 8
2014/4/16, , 51, 37, 14, 4, 6
2014/4/17, , 51, 39, 14, 4, 5
2014/4/18, , 50, 50, 16, 3, 6
2014/4/19, , 48, 52, 17, 5, 6
2014/4/20, , 30, 54, 16, 4, 5
2014/4/21, , 33, 44, 19, 5, 5
2014/4/22, , 31, 36, 16, 5, 6
2014/4/23, , 29, 37, 22, 7, 8
2014/4/24, , 32, 36, 21, 7, 10
2014/4/25, , 38, 38, 24, 7, 10
2014/4/26, , 46, 39, 21, 7, 9
2014/4/27, , 49, 37, 13, 6, 6
2014/4/28, , 38, 47, 20, 7, 9
2014/4/29, , 48, 37, 28, 9, 14
2014/4/30, , 59, 34, 28, 10, 15
2014/5/1, , 59, 37, 16, 7, 8
2014/5/2, , 52, 34, 16, 7, 8
2014/5/3, , 49, 44, 18, 7, 8
2014/5/4, , 54, 11, 20, 7, 8
2014/5/5, , 42, , 25, 9, 10
2014/5/6, , 43, 52, 25, 9, 10
2014/5/7, , 57, 36, 21, 7, 9
2014/5/8, , 38, 27, 15, 5, 8
2014/5/9, , 26, 49, 22, 7, 14
2014/5/10, , 42, 51, 21, 6, 9
2014/5/11, , 36, 44, 17, 5, 8
2014/5/12, , 26, 47, 19, 6, 11
2014/5/13, , 41, 42, 20, 8, 10
2014/5/14, , 42, 62, 26, 7, 9
2014/5/15, , 33, 50, 19, 12, 8
2014/5/16, , 38, 69, 26, 18, 22
2014/5/17, , 48, 56, 28, 10, 10
2014/5/18, , 50, , 23, 11, 8
2014/5/19, , 42, 62, 23, 10, 9
2014/5/20, , 47, 59, 32, 12, 10
2014/5/21, , 57, 60, 27, 9, 10
2014/5/22, , 58, 62, 24, 8, 10
2014/5/23, , 54, 43, 24, 6, 10
2014/5/24, , 38, 52, 26, 7, 10
2014/5/25, , 44, 24, 19, 6, 8
2014/5/26, , 24, 38, 30, 10, 14
2014/5/27, , 40, 42, 28, 11, 11
2014/5/28, , 41, 36, 23, 6, 10
2014/5/29, , 29, 36, 27, 7, 11
2014/5/30, , 35, 23, 27, 6, 11
2014/5/31, , 43, , , , 
2014/6/3, , 31, 50, 19, 11, 7
2014/6/4, , 45, 26, 18, 11, 5
2014/6/5, , 27, 42, 17, 11, 7
2014/6/6, , 29, 31, 16, 12, 8
2014/6/7, , 29, 30, 14, 11, 7
2014/6/8, , 28, 35, 15, 9, 7
2014/6/9, , 28, 29, 14, 9, 8
2014/6/10, , 35, 54, 15, 9, 9
2014/6/11, , 43, 29, 15, 10, 9
2014/6/12, , 32, 52, 19, 10, 7
2014/6/13, , 39, 70, 26, 12, 10
2014/6/14, , 58, 78, 26, 10, 8
2014/6/15, , 60, 67, 20, 10, 6
2014/6/16, , 47, 73, 20, 10, 8
2014/6/17, , 52, 41, 15, 9, 7
2014/6/18, , 33, 35, 17, 10, 6
2014/6/19, , 30, 35, 22, 10, 6
2014/6/20, , 36, 29, 22, 11, 9
2014/6/21, , 33, 31, 20, 11, 9
2014/6/22, , 38, 52, 20, 10, 8
2014/6/23, , 37, 32, 20, 9, 8
2014/6/24, , 43, 32, 17, 9, 7
2014/6/25, , 29, 24, 17, 9, 7
2014/6/26, , 19, 20, 12, 9, 7
2014/6/27, , 18, 21, 13, 8, 9
2014/6/28, , 25, 28, 16, 5, 8
2014/6/29, , 28, 25, 19, 6, 9
2014/6/30, , 25, 18, 14, 5, 9
2014/7/1, , 11, 21, 15, 6, 9
2014/1/2, , 59, 36, 21, 11, 13
2014/1/3, , 41, 30, 19, 9, 14
2014/1/4, , 38, 44, 22, 10, 15
2014/1/5, , 41, 43, 20, 10, 15
2014/1/6, , 39, 43, 19, 10, 13
2014/1/7, , 47, 33, 22, 9, 14
2014/1/8, , 47, 21, 25, 10, 16
2014/1/9, , 49, 26, 25, 10, 17
2014/1/10, , 46, 26, 25, 12, 19
2014/1/11, , 55, 40, 26, 16, 16
2014/1/12, , 48, 30, 24, 10, 16
2014/1/13, , 51, 38, 25, 11, 17
2014/1/14, , 46, 35, 21, 14, 14
2014/1/15, , 50, 35, 29, 12, 12
2014/1/16, , 39, 26, 34, 12, 17
2014/1/17, , 60, 52, 30, 14, 15
2014/1/18, , 47, 58, 33, 12, 16
2014/1/19, , 63, 74, 34, 11, 16
2014/1/20, , 59, 22, 33, 12, 18
2014/1/21, , 62, 45, 27, 10, 11
2014/1/22, , 57, 49, 34, 11, 13
2014/1/23, , 65, 57, 38, 10, 16
2014/1/24, , 71, 65, 32, 12, 13
2014/1/25, , 65, 58, 36, 10, 16
2014/1/26, , 59, 52, 30, 10, 15
2014/1/27, , 53, 55, 31, 10, 16
2014/1/28, , 56, 41, 24, 10, 15
2014/1/29, , 56, 41, 26, 10, 11
2014/1/30, , 54, 46, 29, 10, 14
2014/1/31, , 56, 42, 29, 11, 16
2014/2/1, , 61, 43, 28, 10, 14
2014/2/2, , 83, 65, 26, 9, 13
2014/2/3, , 59, 60, 27, 9, 12
2014/2/4, , 66, 45, 30, 10, 17
2014/2/5, , 73, 46, 29, 10, 17
2014/2/6, , 72, 46, 26, 9, 14
2014/2/7, , 63, 50, 29, 9, 14
2014/2/8, , 60, 64, 26, 10, 14
2014/2/9, , 48, 49, 23, 8, 12
2014/2/10, , 37, 54, 28, 10, 16
2014/2/11, , 51, 48, 24, 10, 13
2014/2/12, , 54, 47, 23, 9, 13
2014/2/13, , 51, 66, 27, 10, 15
2014/2/14, , 58, 46, 35, 10, 15
2014/2/15, , 61, 45, 32, 10, 14
2014/2/16, , 56, 58, 27, 11, 12
2014/2/17, , 51, 61, 28, 10, 16
2014/2/18, , 62, 9, 45, 10, 
2014/2/19, , 71, 67, 35, 8, 13
2014/2/20, , 67, 43, 29, 5, 13
2014/2/21, , 70, 64, 28, 6, 13
2014/2/22, , 71, 56, 24, , 12
2014/2/23, , 61, 47, 21, , 10
2014/2/24, , 50, 41, 24, 7, 15
2014/2/25, , 65, 69, 25, 6, 14
2014/2/26, , 67, 57, 19, 4, 10
2014/2/27, , 56, 45, 16, 4, 9
2014/2/28, , 60, 19, 20, 8, 15
2014/3/1, , 59, 49, 20, 8, 11
2014/3/2, , 60, 55, 19, 6, 10
2014/3/3, , 50, 55, 20, 6, 11
2014/3/4, , 53, 37, 14, 5, 10
2014/3/5, , 56, 47, 16, 7, 10
2014/3/6, , 59, 50, 21, 6, 12
2014/3/7, , 59, 37, 17, 6, 10
2014/3/8, , 60, 40, 14, 5, 9
2014/3/9, , 48, 28, 13, 5, 8
2014/3/10, , 39, 17, 14, 6, 12
2014/3/11, , 65, 30, 13, 5, 9
2014/3/12, , 61, 56, 20, 7, 13
2014/3/13, , 63, 43, 20, 7, 12
2014/3/14, , 70, 40, 23, 7, 13
2014/3/15, , 65, 50, 18, 5, 10
2014/3/16, , 64, 31, 14, 4, 8
2014/3/17, , 48, 31, 14, 4, 8
2014/3/18, , 50, 33, 15, 5, 11
2014/3/19, , 60, 33, 17, 6, 13
2014/3/20, , 63, 51, 22, 7, 28
2014/3/21, , 67, 57, 27, 7, 14
2014/3/22, , 59, 32, 23, 7, 10
2014/3/23, , 53, 49, 18, 6, 9
2014/3/24, , 44, 44, 25, 6, 12
2014/3/25, , 51, 47, 25, 6, 12
2014/3/26, , 61, 34, 14, 5, 10
2014/3/27, , 50, , , , 
2025/8/2, , , 22, , , 
2025/8/3, , , 31, , , 
2025/8/4, , , 47, , , 
2025/8/5, , , 48, , , 
2025/8/6, , , 38, , , 
2025/8/7, , , 25, , , 
2025/8/8, , , 24, , , 
2025/8/9, , , 29, , , 
2025/8/10, , , 43, , , 
2025/8/11, , , 38, , , 
2025/8/12, , , 33, , , 
2025/8/13, , , 31, , , 
2025/8/14, , , 33, , , 
2025/8/15, , , 31, , , 
2025/8/16, , , 24, , , 
2025/8/17, , , 37, , , 
2025/8/18, , , 47, , , 
2025/8/19, , , 28, , , 
2025/8/20, , , 44, , , 
2025/8/21, , , 38, , , 
2025/8/22, , , 32, , , 
2025/8/23, , , 29, , , 
2025/8/24, , , 32, , , 
2025/8/25, , , 30, , , 
2025/8/26, , , 27, , , 
2025/8/27, , , 37, , , 
2025/8/28, , , 22, , , 
2025/8/29, , , 19, , , 
2025/7/2, , , 24, , , 
2025/7/3, , , 28, , , 
2025/7/4, , , 41, , , 
2025/7/5, , , 54, , , 
2025/7/6, , , 12, , , 
2025/7/7, , , 49, , , 
2025/7/8, , , 43, , , 
2025/7/9, , , 53, , , 
2025/7/10, , , 24, , , 
2025/7/11, , , 30, , , 
2025/7/12, , , 31, , , 
2025/7/13, , , 33, , , 
2025/7/14, , , 32, , , 
2025/7/15, , , 27, , , 
2025/7/16, , , 29, , , 
2025/7/17, , , 37, , , 
2025/7/18, , , 28, , , 
2025/7/19, , , 29, , , 
2025/7/20, , , 37, , , 
2025/7/21, , , 33, , , 
2025/7/22, , , 33, , , 
2025/7/23, , , 54, , , 
2025/7/24, , , 44, , , 
2025/7/25, , , 40, , , 
2025/7/26, , , 43, , , 
2025/7/27, , , 36, , , 
2025/7/28, , , 30, , , 
2025/7/29, , , 36, , , 
2025/7/30, , , 37, , , 
2025/7/31, , , 28, , , 
2025/8/1, , , 20, , , 
2025/4/6, , , 9, 17, , 
2025/4/7, , , 31, 14, , 
2025/4/8, , , 36, 17, , 
2025/4/9, , , 41, 16, , 
2025/4/10, , , 51, 15, , 
2025/4/11, , , 53, 19, , 
2025/4/12, , , 55, 17, , 
2025/4/13, , , 50, 15, , 
2025/4/14, , , 50, 20, , 
2025/4/15, , , 57, 22, , 
2025/4/16, , , 61, 24, , 
2025/4/17, , , 71, 20, , 
2025/4/18, , , 63, 19, , 
2025/4/19, , , 49, 16, , 
2025/4/20, , , 39, 14, , 
2025/4/21, , , 37, 19, , 
2025/4/22, , , 42, 17, , 
2025/4/23, , , 46, 17, , 
2025/4/24, , , 45, 17, , 
2025/4/25, , , 53, 22, , 
2025/4/26, , , 62, 18, , 
2025/4/27, , , 52, 15, , 
2025/4/28, , , 54, 20, , 
2025/4/29, , , 40, 20, , 
2025/4/30, , , 46, 23, , 
2025/5/1, , , 44, 19, , 
2025/5/2, , , 42, 19, , 
2025/5/3, , , 46, 19, , 
2025/5/4, , , 40, 14, , 
2025/5/5, , , 40, 18, , 
2025/5/6, , , 33, 17, , 
2025/5/7, , , 43, 18, , 
2025/5/8, , , 38, 24, , 
2025/5/9, , , 36, 21, , 
2025/5/10, , , 38, 17, , 
2025/5/11, , , 35, 15, , 
2025/5/12, , , 56, 21, , 
2025/5/13, , , 43, 20, , 
2025/5/14, , , 57, 20, , 
2025/5/15, , , 55, 24, , 
2025/5/16, , , 58, 22, , 
2025/5/17, , , 54, 21, , 
2025/5/18, , , 40, 24, , 
2025/5/19, , , 51, 23, , 
2025/5/20, , , 59, 22, , 
2025/5/21, , , 55, 20, , 
2025/5/22, , , 49, 16, , 
2025/5/23, , , 48, 15, , 
2025/5/24, , , 40, 5, , 
2025/5/25, , , 33, 3, , 
2025/5/26, , , 42, 3, , 
2025/5/27, , , 34, , , 
2025/5/28, , , 32, , , 
2025/5/29, , , 24, , , 
2025/5/30, , , 32, , , 
2025/5/31, , , 39, , , 
2025/6/1, , , 44, , , 
2025/6/2, , , 41, , , 
2025/6/3, , , 40, , , 
2025/6/4, , , 55, , , 
2025/6/5, , , 63, , , 
2025/6/6, , , 51, , , 
2025/6/7, , , 37, , , 
2025/6/8, , , 35, , , 
2025/6/9, , , 40, , , 
2025/6/10, , , 48, , , 
2025/6/11, , , 42, , , 
2025/6/12, , , 42, , , 
2025/6/13, , , 24, , , 
2025/6/14, , , 19, , , 
2025/6/15, , , 19, , , 
2025/6/16, , , 19, , , 
2025/6/17, , , 24, , , 
2025/6/18, , , 26, , , 
2025/6/19, , , 21, , , 
2025/6/20, , , 17, , , 
2025/6/21, , , 14, , , 
2025/6/22, , , 16, , , 
2025/6/23, , , 21, , , 
2025/6/24, , , 25, , , 
2025/6/25, , , 31, , , 
2025/6/26, , , 26, , , 
2025/6/27, , , 33, , , 
2025/6/28, , , 35, , , 
2025/6/29, , , 25, , , 
2025/6/30, , , 21, , , 
2025/7/1, , , 20, , , 
2024/10/8, , , 13, 28, , 
2024/11/25, , , 21, 28, , 
2024/11/26, , , 40, 28, , 
2024/9/20, , , 40, 14, , 
2021/11/14, , , 38, 18, , 8
2021/11/15, , , 39, 20, , 8
2021/11/16, , , 47, 23, , 12
2019/4/2, , , 58, 16, 5, 10
2019/4/3, , , 59, 18, 6, 11
2019/4/4, , , 56, 16, 5, 10
2019/4/5, , , 65, 17, 5, 10
2019/4/6, , , 63, 17, 6, 11
2019/4/7, , , 56, 15, 6, 10
2019/4/8, , , 58, 13, 6, 10
2019/4/9, , , 65, 19, 7, 12
2019/4/10, , , 70, 12, 5, 7
2019/4/11, , , 50, 15, 5, 9
2019/4/12, , , 48, 17, 5, 10
2019/4/13, , , 49, 19, 5, 11
2019/4/14, , , 53, 22, 5, 11
2019/4/15, , , 71, 19, 5, 11
2019/4/16, , , 67, 18, 5, 12
2019/4/17, , , 57, 15, 5, 9
2019/4/18, , , 50, 15, 6, 9
2019/4/19, , , 37, 14, 6, 8
2019/4/20, , , 44, 12, 6, 8
2019/4/21, , , 58, 14, 6, 9
2019/4/22, , , 56, 12, 5, 10
2019/4/23, , , 64, 21, 6, 12
2019/4/24, , , 54, 19, 6, 12
2019/4/25, , , 54, 19, 6, 12
2019/4/26, , , 51, 19, 5, 11
2019/4/27, , , 68, 21, 5, 12
2019/4/28, , , 72, 22, 5, 13
2019/4/29, , , 67, 22, 5, 13
2019/4/30, , , 60, 30, 6, 16
2019/5/1, , , 69, 20, 5, 12
2019/5/2, , , 61, 18, 5, 10
2019/5/3, , , 43, 20, 5, 11
2019/5/4, , , 59, 22, 5, 14
2019/5/5, , , 54, 27, 6, 15
2019/5/6, , , 56, 12, 5, 11
2019/5/7, , , 47, 16, 6, 12
2019/5/8, , , 31, 16, 7, 11
2019/5/9, , , 8, 18, 5, 11
2019/1/8, , , 42, 29, 8, 12
2019/1/9, , , 48, 23, 7, 11
2019/1/10, , , 43, 19, 8, 11
2019/1/11, , , 38, 20, 6, 12
2019/1/12, , , 41, 21, 6, 11
2019/1/13, , , 34, 15, 6, 9
2019/1/14, , , 41, 16, 7, 10
2019/1/15, , , 44, 16, 6, 9
2019/1/16, , , 50, 18, 7, 10
2019/1/17, , , 50, 22, 7, 12
2019/1/18, , , 44, 20, 6, 11
2019/1/19, , , 33, 18, 6, 10
2019/1/20, , , 41, 17, 6, 10
2019/1/21, , , 47, 25, 6, 13
2019/1/22, , , 37, 21, 6, 11
2019/1/23, , , 41, 22, 7, 13
2019/1/24, , , 34, 17, 8, 11
2019/1/25, , , 31, 17, 8, 12
2019/1/26, , , 29, 15, 8, 10
2019/1/27, , , 29, 14, 7, 9
2019/1/28, , , 44, 18, 8, 11
2019/1/29, , , 38, 21, 9, 13
2019/1/30, , , 48, 18, 8, 11
2019/1/31, , , 36, 20, 8, 12
2019/2/1, , , 36, 19, 9, 14
2019/2/2, , , 41, 20, 9, 12
2019/2/3, , , 43, 18, 10, 12
2019/2/4, , , 49, 20, 10, 12
2019/2/5, , , 42, 24, 10, 14
2019/2/6, , , 59, 27, 11, 15
2019/2/7, , , 58, 25, 12, 15
2019/2/8, , , 60, 16, 11, 10
2019/2/9, , , 68, 12, 9, 10
2019/2/10, , , 39, 13, 9, 10
2019/2/11, , , 43, 18, 10, 12
2019/2/12, , , 46, 20, 10, 12
2019/2/13, , , 46, 21, 11, 13
2019/2/14, , , 32, 20, 13, 11
2019/2/15, , , 38, 19, 14, 11
2019/2/16, , , 49, 20, 15, 9
2019/2/17, , , 56, 16, 15, 8
2019/2/18, , , 45, 15, 15, 9
2019/2/19, , , 35, 14, 19, 8
2019/2/20, , , 30, 13, 3, 9
2019/2/21, , , 27, 13, 6, 9
2019/2/22, , , 24, 13, 8, 9
2019/2/23, , , 20, 15, 7, 8
2019/2/24, , , 38, 11, 6, 7
2019/2/25, , , 46, 17, 7, 10
2019/2/26, , , 41, 21, 8, 10
2019/2/27, , , 44, 24, 9, 10
2019/2/28, , , 57, 26, 8, 10
2019/3/1, , , 59, 25, 9, 11
2019/3/2, , , 50, 21, 7, 11
2019/3/3, , , 76, 18, 6, 8
2019/3/4, , , 65, 19, 6, 9
2019/3/5, , , 46, 26, 6, 10
2019/3/6, , , 54, 24, 6, 9
2019/3/7, , , 54, 29, 6, 12
2019/3/8, , , 70, 24, 6, 9
2019/3/9, , , 48, 23, 6, 8
2019/3/10, , , 62, 21, 6, 8
2019/3/11, , , 56, 24, 6, 10
2019/3/12, , , 58, 20, 7, 9
2019/3/13, , , 40, 21, 6, 9
2019/3/14, , , 48, 22, 6, 9
2019/3/15, , , 57, 19, 5, 11
2019/3/16, , , 49, 12, 6, 9
2019/3/17, , , 40, 15, 6, 10
2019/3/18, , , 53, 10, 5, 7
2019/3/19, , , 37, 13, 5, 8
2019/3/20, , , 38, 15, 11, 9
2019/3/21, , , 47, 13, 23, 8
2019/3/22, , , 42, 12, 2, 8
2019/3/23, , , 40, 15, 2, 9
2019/3/24, , , 45, 15, 3, 8
2019/3/25, , , 77, 16, 2, 8
2019/3/26, , , 77, 20, , 9
2019/3/27, , , 68, 15, , 8
2019/3/28, , , 64, 22, , 11
2019/3/29, , , 75, 23, , 11
2019/3/30, , , 76, 20, , 11
2019/3/31, , , 86, 18, , 9
2019/4/1, , , 76, , , 
2018/10/4, , , 25, 15, 11, 7
2018/10/11, , , 34, 28, , 10
2018/10/12, , , 32, 20, 15, 9
2018/10/13, , , 43, 19, 13, 9
2018/10/14, , , 21, 17, , 10
2018/10/15, , , 16, 11, , 8
2018/10/16, , , 18, 10, 16, 8
2018/10/17, , , 26, 12, 15, 7
2018/10/18, , , 25, 15, 15, 7
2018/10/19, , , 20, 18, 8, 7
2018/10/20, , , 24, 19, 4, 8
2018/11/8, , , 13, 30, 4, 14
2018/11/9, , , 39, 24, 4, 12
2018/11/10, , , 38, 23, 3, 11
2018/11/11, , , 34, 16, 3, 9
2018/11/12, , , 47, 18, 2, 9
2018/11/13, , , 30, 16, 2, 11
2018/11/14, , , 20, 15, , 
2018/11/15, , , 13, 16, , 
2018/11/16, , , 28, 19, , 
2018/11/17, , , 29, 19, 4, 15
2018/11/18, , , 38, 20, 3, 10
2018/11/19, , , 31, 20, 3, 12
2018/11/20, , , 44, 23, 3, 11
2018/11/21, , , 31, 23, 5, 12
2018/11/22, , , 36, 23, 5, 11
2018/11/23, , , 56, 33, 7, 12
2018/11/24, , , 67, 30, 6, 12
2018/11/25, , , 54, 24, 5, 11
2018/11/26, , , 33, 20, 5, 11
2018/11/27, , , 30, 21, 6, 12
2018/11/28, , , 31, 18, 6, 11
2018/11/29, , , 24, 12, 5, 7
2018/11/30, , , 24, 11, 6, 8
2018/12/1, , , 17, 11, 6, 9
2018/12/2, , , 22, 14, 6, 10
2018/12/3, , , 37, 17, 6, 11
2018/12/4, , , 39, 21, 7, 13
2018/12/5, , , 28, 20, 6, 11
2018/12/6, , , 37, 18, 7, 11
2018/12/7, , , 42, 16, 7, 11
2018/12/8, , , 27, 13, 6, 10
2018/12/9, , , 27, 16, 6, 12
2018/12/10, , , 34, 14, 6, 11
2018/12/11, , , 36, 18, 7, 12
2018/12/12, , , 45, 20, 7, 12
2018/12/13, , , 36, 18, 5, 10
2018/12/14, , , 26, 16, 4, 9
2018/12/15, , , 32, 20, 5, 13
2018/12/16, , , 49, 26, 5, 15
2018/12/17, , , 69, 26, 7, 13
2018/12/18, , , 66, 28, 6, 15
2018/12/19, , , 40, 26, 4, 12
2018/12/20, , , 25, 19, 4, 9
2018/12/21, , , 38, 21, 4, 9
2018/12/22, , , 40, 31, 6, 14
2018/12/23, , , 61, 37, 8, 15
2018/12/24, , , 79, 32, 10, 14
2018/12/25, , , 45, 27, 8, 14
2018/12/26, , , 52, 24, 7, 14
2018/12/27, , , 31, 19, 6, 10
2018/12/28, , , 27, 17, 6, 11
2018/12/29, , , 26, 21, 7, 15
2018/12/30, , , 31, 20, 6, 12
2018/12/31, , , 30, 14, 6, 9
2018/7/6, , , 49, 14, 5, 6
2018/7/7, , , 35, 14, , 6
2018/7/8, , , 45, 15, , 6
2018/7/9, , , 40, 15, , 7
2018/7/10, , , 42, 16, , 8
2018/7/11, , , 38, 17, , 8
2018/7/12, , , 36, 18, , 8
2018/7/13, , , 21, 6, , 2
2018/7/27, , , 45, 27, 9, 10
2018/7/28, , , 45, 26, 9, 8
2018/7/31, , , 54, 22, , 7
2018/8/1, , , 54, 28, , 10
2018/8/2, , , 56, 18, , 6
2018/8/3, , , 49, 14, , 4
2018/8/4, , , 46, 18, , 5
2018/8/5, , , 33, 19, , 7
2018/8/6, , , 39, 18, , 7
2018/8/7, , , 35, 12, , 6
2018/8/8, , , 42, 14, , 6
2018/8/9, , , 43, 16, , 5
2018/8/10, , , 40, 20, , 4
2018/8/11, , , 38, 17, , 3
2018/8/12, , , 40, 25, , 7
2018/8/13, , , 33, 20, , 5
2018/8/14, , , 28, 23, , 5
2018/8/15, , , 34, 23, , 5
2018/8/16, , , 28, 26, , 5
2018/8/17, , , 38, 23, , 6
2018/8/18, , , 51, 33, , 6
2018/8/19, , , 48, 25, , 4
2018/8/20, , , 46, 19, , 3
2018/8/21, , , 47, 29, , 7
2018/8/22, , , 34, 14, , 5
2018/8/23, , , 35, 18, , 6
2018/8/24, , , 33, 18, , 4
2018/8/25, , , 34, 20, , 7
2018/8/26, , , 58, 22, , 5
2018/8/27, , , 38, 17, , 4
2018/8/28, , , 43, 23, , 5
2018/8/29, , , 28, 15, , 6
2018/8/30, , , 25, 17, , 6
2018/8/31, , , 36, 18, , 5
2018/9/1, , , 29, 19, , 4
2018/9/2, , , 26, 16, , 5
2018/9/3, , , 34, 22, , 4
2018/9/4, , , 44, 22, , 5
2018/9/5, , , 52, 20, , 5
2018/9/6, , , 28, 16, , 4
2018/9/7, , , 28, 13, , 5
2018/9/8, , , 23, 28, , 8
2018/6/20, , , 32, 15, 50, 7
2018/6/21, , , 29, 15, 4, 7
2017/10/15, , , 41, 19, 9, 7
2016/2/4, , , 17, 30, 12, 14
2015/10/2, , , 52, 18, 5, 5
2015/10/5, , , 29, 32, 11, 17
2015/11/16, , , 16, 29, 8, 14
2016/1/3, , , 8, 20, 9, 10
2015/5/21, , , 25, 40, 10, 
2015/5/25, , , 33, 54, 4, 7
2015/1/1, , , 25, 20, 8, 17
2015/1/17, , , 36, 33, 9, 13
2014/10/21, , , 8, , 5, 13
2014/11/13, , , 17, 28, 7, 16
2014/11/24, , , 5, 27, 9, 23
2014/12/18, , , 13, 43, 11, 29
2014/4/3, , , 35, 19, 6, 8
2014/6/2, , , 46, 16, 6, 6
2014/1/1, , , 35, 17, 9, 13
2019/5/10, , , , 27, 8, 17
2019/1/7, , , , 25, 16, 9
2018/10/2, , , , 16, 12, 7
2018/10/3, , , , 15, 11, 8
2018/7/5, , , , 21, 7, 9
2018/7/29, , , , 29, , 8
2018/9/9, , , , 34, , 8
2018/9/10, , , , 32, , 9
2018/9/11, , , , 21, , 5
2018/9/12, , , , 21, , 6
2018/9/13, , , , 21, , 6
2018/9/14, , , , 29, , 6
2018/9/15, , , , 18, , 6
2018/9/16, , , , 15, , 4
2018/9/17, , , , 14, , 3
2018/9/18, , , , 21, , 7
2018/9/19, , , , 26, , 9
2018/9/20, , , , 27, , 8
2018/9/21, , , , 20, , 6
2018/9/22, , , , 15, , 5
2018/9/23, , , , 17, , 4
2018/9/24, , , , 17, , 4
2018/9/25, , , , 20, , 7
2018/9/26, , , , 19, , 5
2018/9/27, , , , 17, 15, 5
2018/9/28, , , , 12, 14, 4
2018/9/29, , , , 13, 14, 5
2018/9/30, , , , 15, 13, 7
2018/10/1, , , , 15, 12, 6
2018/6/22, , , , 12, 5, 7
2018/6/25, , , , 17, 5, 8
2018/6/26, , , , 17, 6, 9
2018/6/27, , , , 12, 3, 7
2018/6/28, , , , 18, , 8
2018/6/29, , , , 15, , 8
2014/4/1, , , , 34, 5, 12