date, pm25, pm10, o3, no2, so2, co
2025/4/2, 118, , 52, 22, , 
2025/4/3, 120, , 41, 18, , 
2025/1/2, 189, 65, 56, 28, , 
2025/1/3, 128, 58, 46, 25, , 
2025/1/4, 111, 44, 34, 15, , 
2025/1/5, 85, 51, 36, 23, , 
2025/1/6, 95, 51, 29, 23, , 
2025/1/7, 96, 50, 30, 20, , 
2025/1/8, 87, 52, 29, 20, , 
2025/1/9, 95, 48, 26, 17, , 
2025/1/10, 75, 34, 22, 12, , 
2025/1/11, 64, 12, 21, 6, , 
2025/1/12, 52, 14, 22, 8, , 
2025/1/13, 53, 31, 31, 13, , 
2025/1/14, 72, 43, 26, 20, , 
2025/1/15, 81, 40, 30, 22, , 
2025/1/16, 85, 49, 39, 24, , 
2025/1/17, 94, 51, 41, 23, , 
2025/1/18, 100, 49, 43, 21, , 
2025/1/19, 104, 42, 37, 19, , 
2025/1/20, 90, 40, 33, 15, , 
2025/1/21, 75, 48, 31, 26, , 
2025/1/22, 93, 51, 51, 23, , 
2025/1/23, 95, 51, 47, 22, , 
2025/1/24, 97, 59, 66, 22, , 
2025/1/25, 115, 45, 55, 16, , 
2025/1/26, 84, 53, 80, 22, , 
2025/1/27, 106, 58, 61, 27, , 
2025/1/28, 106, 59, 64, 21, , 
2025/1/29, 103, 63, 46, 25, , 
2025/1/30, 143, 47, 17, 21, , 
2025/1/31, 78, 50, 35, 19, , 
2025/2/1, 94, 52, 35, 17, , 
2025/2/2, 96, 45, 39, 16, , 
2025/2/3, 95, 44, 45, 18, , 
2025/2/4, 94, 43, 47, 20, , 
2025/2/5, 88, 49, 57, 26, , 
2025/2/6, 102, 54, 62, 26, , 
2025/2/7, 116, 48, 57, 22, , 
2025/2/8, 95, 48, 13, 19, , 
2025/2/9, 100, 48, 4, 18, , 
2025/2/10, 104, 51, 60, 22, , 
2025/2/11, 107, 58, 49, 23, , 
2025/2/12, 120, 52, 37, 21, , 
2025/2/13, 101, 54, 49, 23, , 
2025/2/14, 98, 50, 44, 16, , 
2025/2/15, 103, 52, 37, 19, , 
2025/2/16, 107, 54, 47, 18, , 
2025/2/17, 109, 51, 44, 12, , 
2025/2/18, 92, 54, 44, 21, , 
2025/2/19, 110, 33, 16, 21, , 
2025/2/20, 95, 41, 36, 15, , 
2025/2/21, 99, 28, 29, 9, , 
2025/2/22, 74, 30, 35, 18, , 
2025/2/23, 87, 35, 36, 18, , 
2025/2/24, 93, 42, 35, 20, , 
2025/2/25, 89, 52, 50, 26, , 
2025/2/26, 99, 54, 48, 29, , 
2025/2/27, 114, 54, 60, 24, , 
2025/2/28, 111, 61, 51, 25, , 
2025/3/1, 118, 57, 51, 24, , 
2025/3/2, 118, 48, 50, 24, , 
2025/3/3, 114, 53, 49, 25, , 
2025/3/4, 113, 51, 35, 26, , 
2025/3/5, 108, 59, 53, 23, , 
2025/3/6, 112, 55, 43, 19, , 
2025/3/7, 111, 55, 41, 18, , 
2025/3/8, 110, 55, 44, 22, , 
2025/3/9, 106, 50, 38, 21, , 
2025/3/10, 97, 52, 33, 21, , 
2025/3/11, 101, 54, 45, 18, , 
2025/3/12, 95, 59, 48, 23, , 
2025/3/13, 116, 57, 47, 20, , 
2025/3/14, 100, 59, 39, 20, , 
2025/3/15, 105, 49, 40, 21, , 
2025/3/16, 96, 48, 48, 18, , 
2025/3/17, 91, 62, 57, 20, , 
2025/3/18, 130, 61, 61, 21, , 
2025/3/19, 119, 56, 53, 20, , 
2025/3/20, 115, 73, 55, 16, , 
2025/3/21, 131, 53, 58, 15, , 
2025/3/22, 106, 51, 43, 23, , 
2025/3/23, 109, 51, 49, 22, , 
2025/3/24, 110, 52, 1, 21, , 
2025/3/25, 103, 58, 32, 22, , 
2025/3/26, 123, 51, 37, 15, , 
2025/3/27, 104, 55, 32, 18, , 
2025/3/28, 109, 46, 33, 22, , 
2025/3/29, 92, 55, 40, 17, , 
2025/3/30, 112, 51, 55, 17, , 
2025/3/31, 117, 62, 30, 31, , 
2025/4/1, 125, 65, 58, 24, , 
2024/10/2, 68, 27, , 11, , 
2024/10/3, 64, 45, , 19, , 
2024/10/4, 82, 46, , 17, , 
2024/10/5, 87, 27, , 10, , 
2024/10/6, 73, 8, , 1, , 
2024/10/7, 49, 21, , 17, , 
2024/10/8, 66, 28, , 18, , 
2024/10/9, 79, 39, , 17, , 
2024/10/10, 92, 32, , 18, , 
2024/10/11, 65, 42, , 19, , 
2024/10/12, 78, 38, , 16, , 
2024/10/13, 84, 48, , 14, , 
2024/10/14, 105, 50, , 20, , 
2024/10/15, 101, 56, , 22, , 
2024/10/16, 105, 49, , 18, , 
2024/10/17, 88, 45, , 15, , 
2024/10/18, 88, 46, , 16, , 
2024/10/19, 89, 38, , 14, , 
2024/10/20, 72, 19, , 10, , 
2024/10/21, 57, 17, , 10, , 
2024/10/22, 57, 27, , 11, , 
2024/10/23, 64, 44, , 14, , 
2024/10/24, 91, 44, , 13, , 
2024/10/25, 91, 53, , 20, , 
2024/10/26, 109, 49, , 18, , 
2024/10/27, 100, 38, , 10, , 
2024/10/28, 86, 56, , 20, , 
2024/10/29, 120, 61, , 23, , 
2024/10/30, 122, 55, , 25, , 
2024/10/31, 112, 53, , 22, , 
2024/11/1, 116, 49, , 18, , 
2024/11/2, 106, 35, , 10, , 
2024/11/3, 104, 39, , 14, , 
2024/11/4, 111, 47, , 14, , 
2024/11/5, 111, 47, , 14, , 
2024/11/6, 109, 38, , 11, , 
2024/11/7, 89, 55, , 20, , 
2024/11/8, 116, 54, , 23, , 
2024/11/9, 105, 51, , 19, , 
2024/11/10, 98, 41, , 16, , 
2024/11/11, 89, 51, , 20, , 
2024/11/12, 94, 49, , 18, , 
2024/11/13, 82, 51, , 19, , 
2024/11/14, 94, 43, , 20, , 
2024/11/15, 76, 52, , 19, , 
2024/11/16, 89, 58, , 22, , 
2024/11/17, 110, 46, , 15, , 
2024/11/18, 96, 44, , 13, , 
2024/11/19, 90, 43, , 9, , 
2024/11/20, 83, 34, , 12, , 
2024/11/21, 71, 30, , 14, , 
2024/11/22, 69, 37, , 19, , 
2024/11/23, 74, 48, , 26, , 
2024/11/24, 96, 52, , 22, , 
2024/11/25, 107, 60, , 29, , 
2024/11/27, 88, 57, 11, 28, , 
2024/11/28, 91, 64, 42, 32, , 
2024/11/29, 107, 63, 53, 29, , 
2024/11/30, 101, 66, 43, 40, , 
2024/12/1, 120, 52, 38, 29, , 
2024/12/2, 99, 49, 31, 22, , 
2024/12/3, 83, 63, 46, 27, , 
2024/12/4, 101, 54, 36, 20, , 
2024/12/5, 94, 55, 54, 24, , 
2024/12/6, 97, 61, 31, 29, , 
2024/12/7, 98, 45, 33, 18, , 
2024/12/8, 74, 41, 34, 19, , 
2024/12/9, 75, 57, 49, 27, , 
2024/12/10, 97, 66, 45, 34, , 
2024/12/11, 113, 56, 51, 24, , 
2024/12/12, 93, 58, 51, 24, , 
2024/12/13, 108, 59, 55, 35, , 
2024/12/14, 116, 59, 2, 33, , 
2024/12/15, 118, 55, , 27, , 
2024/12/16, 108, 52, 29, 30, , 
2024/12/17, 105, 54, 37, 27, , 
2024/12/18, 97, 62, 42, 27, , 
2024/12/19, 119, 42, 34, 18, , 
2024/12/20, 88, 53, 37, 21, , 
2024/12/21, 103, 48, 35, 20, , 
2024/12/22, 97, 34, 37, 18, , 
2024/12/23, 79, 37, 25, 23, , 
2024/12/24, 89, 49, 31, 24, , 
2024/12/25, 112, 94, 41, 23, , 
2024/12/26, 186, 46, 36, 19, , 
2024/12/27, 102, 46, 43, 20, , 
2024/12/28, 103, 50, 45, 25, , 
2024/12/29, 102, 55, 56, 27, , 
2024/12/30, 112, , , , , 
2024/7/2, 41, 13, 25, 5, , 
2024/7/3, 42, 16, 24, 10, , 
2024/7/4, 54, 19, 29, 8, , 
2024/7/5, 62, 32, 49, 11, , 
2024/7/6, 68, 36, 47, 12, , 
2024/7/7, 79, 44, 52, 14, , 
2024/7/8, 103, 44, 67, 15, , 
2024/7/9, 92, 31, 41, 12, , 
2024/7/10, 66, 17, 27, 8, , 
2024/7/11, 52, 14, 24, 5, , 
2024/7/12, 39, 17, 33, 5, , 
2024/7/13, 44, 38, 31, 6, , 
2024/7/14, 78, 46, 37, 8, , 
2024/7/15, 95, 23, 31, 12, , 
2024/7/16, 54, 31, 42, 15, , 
2024/7/17, 71, 29, 43, 14, , 
2024/7/18, 74, 20, 39, 10, , 
2024/7/19, 50, 28, 37, 13, , 
2024/7/20, 73, 35, 29, 15, , 
2024/7/21, 76, 27, 37, 11, , 
2024/7/22, 87, 16, 21, 10, , 
2024/7/24, 53, 26, 33, 18, , 
2024/7/25, 76, 28, 36, 14, , 
2024/7/26, 77, 27, 31, 10, , 
2024/7/27, 73, 23, 36, 15, , 
2024/7/28, 68, 30, 36, 13, , 
2024/7/29, 79, 32, 39, 15, , 
2024/7/30, 82, 28, 29, 14, , 
2024/7/31, 80, 29, 31, 9, , 
2024/8/1, 71, 35, 47, 13, , 
2024/8/2, 81, 27, 32, 17, , 
2024/8/3, 75, 22, 32, 13, , 
2024/8/4, 69, 19, 41, 11, , 
2024/8/5, 67, 21, 34, 14, , 
2024/8/6, 66, 22, 35, 14, , 
2024/8/7, 68, 28, 41, 15, , 
2024/8/8, 75, 30, 57, 13, , 
2024/8/9, 81, 33, 42, 13, , 
2024/8/10, 78, 23, 28, 11, , 
2024/8/11, 70, 31, 32, 14, , 
2024/8/12, 78, 26, 25, 13, , 
2024/8/13, 68, 19, 29, 15, , 
2024/8/14, 57, 25, 34, 11, , 
2024/8/15, 71, 22, 30, 11, , 
2024/8/16, 69, 15, 23, 11, , 
2024/8/17, 60, 21, 29, 12, , 
2024/8/18, 66, 25, 46, 11, , 
2024/8/19, 74, 24, 49, 7, , 
2024/8/20, 69, 23, 47, 9, , 
2024/8/21, 65, 24, 49, 11, , 
2024/8/22, 65, 26, 50, 14, , 
2024/8/23, 72, 18, 25, 15, , 
2024/8/24, 64, 34, 47, 16, , 
2024/8/25, 89, 28, 43, 10, , 
2024/8/26, 77, 38, 42, 15, , 
2024/8/27, 81, 32, 45, 9, , 
2024/8/28, 73, 25, 33, 12, , 
2024/8/29, 71, 31, 31, 15, , 
2024/8/30, 86, 29, 45, 19, , 
2024/8/31, 81, 26, 56, 14, , 
2024/9/1, 80, 18, 32, 5, , 
2024/9/2, 63, 23, 2, 11, , 
2024/9/3, 70, 25, , 13, , 
2024/9/4, 75, 26, , 14, , 
2024/9/5, 76, 29, , 11, , 
2024/9/6, 76, 25, , 12, , 
2024/9/7, 67, 23, , 11, , 
2024/9/8, 66, 22, , 8, , 
2024/9/9, 64, 40, , 15, , 
2024/9/10, 87, 18, , 6, , 
2024/9/11, 57, 14, , 3, , 
2024/9/12, 50, 24, , 11, , 
2024/9/13, 61, 34, , 18, , 
2024/9/14, 83, 31, , 16, , 
2024/9/15, 87, 28, , 8, , 
2024/9/16, 79, 35, , 9, , 
2024/9/17, 93, 31, , 18, , 
2024/9/18, 86, 34, , 12, , 
2024/9/19, 85, 24, , 8, , 
2024/9/20, 71, 28, , 9, , 
2024/9/21, 77, 22, , 7, , 
2024/9/22, 63, , , 7, , 
2024/9/23, 72, 25, , 11, , 
2024/9/24, 72, 14, , 8, , 
2024/9/25, 57, 14, , 6, , 
2024/9/26, 53, 11, , 5, , 
2024/9/27, 49, 10, , 4, , 
2024/9/28, 45, 15, , 5, , 
2024/9/29, 52, 24, , 14, , 
2024/9/30, 73, 37, , 16, , 
2024/10/1, 88, 23, , 8, , 
2024/4/2, 146, 61, 40, 17, , 
2024/4/3, 130, 64, 26, 15, , 
2024/4/4, 152, , , , , 
2024/4/23, 88, 47, 49, 21, , 
2024/4/24, 105, 53, 74, 24, , 
2024/4/25, 117, 59, 76, 27, , 
2024/4/26, 126, 63, 48, 29, , 
2024/4/27, 141, 59, 57, 24, , 
2024/4/28, 123, 54, 55, 19, , 
2024/4/29, 119, 57, 60, 24, , 
2024/4/30, 113, 62, 69, 22, , 
2024/5/1, 126, 59, 56, 18, , 
2024/5/2, 119, 69, 58, 20, , 
2024/5/3, 135, 74, 70, 26, , 
2024/5/4, 148, 68, 64, 17, , 
2024/5/5, 134, 61, 70, 19, , 
2024/5/6, 135, 59, 66, 26, , 
2024/5/7, 130, 59, 84, 23, , 
2024/5/8, 138, 68, 67, 27, , 
2024/5/9, 137, 73, 96, 28, , 
2024/5/10, 153, 67, 71, 23, , 
2024/5/11, 135, 61, 19, 19, , 
2024/5/12, 122, 67, , 16, , 
2024/5/13, 145, 71, 68, 16, , 
2024/5/14, 148, 72, 74, 19, , 
2024/5/15, 147, 71, 64, 16, , 
2024/5/16, 156, 69, 61, 20, , 
2024/5/17, 143, 62, 74, 21, , 
2024/5/18, 121, 55, 81, 16, , 
2024/5/19, 106, 54, 76, 17, , 
2024/5/20, 111, 51, 74, 14, , 
2024/5/21, 110, 52, 77, 15, , 
2024/5/22, 118, 58, 72, 17, , 
2024/5/23, 120, 49, 67, 24, , 
2024/5/24, 94, 56, 69, 22, , 
2024/5/25, 110, 51, 81, 17, , 
2024/5/26, 110, 49, 70, 15, , 
2024/5/27, 110, 46, 84, 15, , 
2024/5/28, 92, 54, 69, 12, , 
2024/5/29, 98, 58, 59, 22, , 
2024/5/30, 124, 59, 87, 19, , 
2024/5/31, 128, 56, 78, 17, , 
2024/6/1, 106, 54, , 13, , 
2024/6/2, 110, 45, , 11, , 
2024/6/3, 82, 53, 44, 15, , 
2024/6/4, 128, 49, 62, 19, , 
2024/6/5, 118, 55, 67, 19, , 
2024/6/6, 117, 49, 86, 17, , 
2024/6/7, 111, , , , , 
2024/6/10, 93, 40, 59, 14, , 
2024/6/11, 98, 44, 62, 11, , 
2024/6/12, 97, 42, 71, 11, , 
2024/6/13, 91, 42, 77, 12, , 
2024/6/14, 96, 40, 51, 10, , 
2024/6/15, 90, 38, 58, 11, , 
2024/6/16, 114, 34, 56, 9, , 
2024/6/17, 93, 39, 56, 11, , 
2024/6/18, 92, 43, 50, 11, , 
2024/6/19, 93, 43, 45, 9, , 
2024/6/20, 91, 23, 37, 7, , 
2024/6/21, 79, 19, 35, 11, , 
2024/6/22, 64, 20, 21, 8, , 
2024/6/23, 66, 17, , 10, , 
2024/6/24, 68, 23, 19, 19, , 
2024/6/25, 62, 21, 29, 13, , 
2024/6/26, 64, 24, 27, 17, , 
2024/6/27, 66, 24, 34, 19, , 
2024/6/28, 66, 17, 29, 8, , 
2024/6/29, 56, 23, 30, 14, , 
2024/6/30, 61, 21, , 12, , 
2024/7/1, 59, 13, 24, 7, , 
2024/1/3, 85, 46, 33, 17, , 
2024/1/4, 86, 45, 29, 16, , 
2024/1/5, 84, 51, 27, 18, , 
2024/1/6, 87, 47, 27, 18, , 
2024/1/7, 82, 36, 22, 16, , 
2024/1/8, 78, 30, 18, 11, , 
2024/1/9, 58, 46, 32, 22, , 
2024/1/10, 81, 61, 28, 25, , 
2024/1/11, 94, 58, 33, 25, , 
2024/1/12, 95, 55, 41, 23, , 
2024/1/13, 103, 56, 28, 22, , 
2024/1/14, 106, 47, 36, 18, , 
2024/1/15, 90, 55, 40, 23, , 
2024/1/16, 105, 60, 40, 29, , 
2024/1/17, 110, , , , , 
2024/1/31, 112, 59, 42, 24, , 
2024/2/1, 99, 49, 32, 26, , 
2024/2/2, 105, 47, 32, 18, , 
2024/2/3, 92, 43, 34, 20, , 
2024/2/4, 76, 42, 37, 21, , 
2024/2/5, 83, 48, 37, 24, , 
2024/2/6, 93, 63, 49, 30, , 
2024/2/7, 113, 73, 70, 32, , 
2024/2/8, 132, 73, 58, 27, , 
2024/2/9, 128, 64, 27, 24, , 
2024/2/10, 113, 59, 2, 22, , 
2024/2/11, 98, 45, 2, 12, , 
2024/2/12, 72, 50, 24, 20, , 
2024/2/13, 83, 55, 29, 19, , 
2024/2/14, 96, 58, , 23, , 
2024/2/15, 100, 50, , 17, , 
2024/2/16, 81, 52, 27, 17, , 
2024/2/17, 93, 17, 27, 13, , 
2024/2/18, 61, 34, 43, 21, , 
2024/2/19, 82, 45, 59, 25, , 
2024/2/20, 98, 62, 73, 36, , 
2024/2/21, 121, 62, 62, 38, , 
2024/2/22, 122, 64, 64, 33, , 
2024/2/23, 110, 66, 91, 42, , 
2024/2/24, 128, 64, 88, 32, , 
2024/2/25, 127, 57, 72, 27, , 
2024/2/26, 113, 50, 52, 31, , 
2024/2/27, 91, 59, 71, 26, , 
2024/2/28, 104, 66, 77, 32, , 
2024/2/29, 116, 63, 49, 27, , 
2024/3/1, 101, 58, 45, 25, , 
2024/3/2, 103, 56, 49, 25, , 
2024/3/3, 99, 49, 45, 18, , 
2024/3/4, 93, 60, 41, 21, , 
2024/3/5, 94, 62, 38, 25, , 
2024/3/6, 99, 66, 53, 25, , 
2024/3/7, 108, 64, 42, 22, , 
2024/3/8, 101, 63, 52, 26, , 
2024/3/9, 116, 66, 54, 26, , 
2024/3/10, 128, 56, 38, 18, , 
2024/3/11, 111, 57, 38, 22, , 
2024/3/12, 107, 51, 40, 22, , 
2024/3/13, 98, 61, 46, 23, , 
2024/3/14, 100, 58, 35, 21, , 
2024/3/15, 102, 51, 35, 21, , 
2024/3/16, 94, 63, 37, 20, , 
2024/3/17, 104, 51, 36, 20, , 
2024/3/18, 99, 49, 36, 18, , 
2024/3/19, 88, 65, 39, 18, , 
2024/3/20, 130, 61, 35, 22, , 
2024/3/21, 114, 57, 30, 14, , 
2024/3/22, 113, 56, 30, 21, , 
2024/3/23, 106, 56, 38, 18, , 
2024/3/24, 99, 67, 43, 18, , 
2024/3/25, 111, 84, 34, 19, , 
2024/3/26, 115, 71, 57, 24, , 
2024/3/27, 142, 74, 59, 32, , 
2024/3/28, 150, 78, 59, 26, , 
2024/3/29, 151, 58, 51, 20, , 
2024/3/30, 123, 57, 56, 19, , 
2024/3/31, 124, 49, 15, 25, , 
2024/4/1, 103, 60, 36, 17, , 
2023/10/2, 88, 42, 35, 16, , 
2023/10/3, 91, 26, 24, 17, , 
2023/10/4, 70, 20, 21, 13, , 
2023/10/5, 60, 35, 24, 16, , 
2023/10/6, 85, 28, 32, 16, , 
2023/10/7, 68, 24, 24, 3, , 
2023/10/8, 58, 18, 32, 3, , 
2023/10/9, 54, 11, 20, 3, , 
2023/10/10, 48, 14, 16, 3, , 
2023/10/11, 45, 12, 17, 4, , 
2023/10/12, 44, 27, 36, 4, , 
2023/10/13, 62, 45, 53, 3, , 
2023/10/14, 92, 36, 41, , , 
2023/10/15, 82, 20, 35, , , 
2023/10/16, 58, 24, 39, , , 
2023/10/17, 60, 42, 49, 15, , 
2023/10/18, 85, 41, 51, 19, , 
2023/10/19, 82, 51, 49, 33, , 
2023/10/20, 93, 44, 70, 24, , 
2023/10/21, 80, 50, 62, 18, , 
2023/10/22, 106, 40, 55, 13, , 
2023/10/23, 89, 38, 45, 13, , 
2023/10/24, 82, 41, 35, 16, , 
2023/10/25, 83, 20, 20, 14, , 
2023/10/26, 68, 21, 24, 12, , 
2023/10/27, 61, 28, 33, 22, , 
2023/10/28, 80, 33, 50, 17, , 
2023/10/29, 83, 38, 56, 18, , 
2023/10/30, 89, 42, 66, 20, , 
2023/10/31, 94, 43, 64, 20, , 
2023/11/1, 81, 37, 44, 19, , 
2023/11/2, 81, 44, 52, 17, , 
2023/11/3, 106, 39, 47, 21, , 
2023/11/4, 86, 41, 54, 22, , 
2023/11/5, 80, 44, 64, 20, , 
2023/11/6, 87, 48, 62, 22, , 
2023/11/7, 89, 51, 46, 22, , 
2023/11/8, 97, 45, 55, 20, , 
2023/11/9, 83, 45, 40, 24, , 
2023/11/10, 93, 34, 37, 20, , 
2023/11/11, 76, , 49, 20, , 
2023/11/12, 82, , 31, 14, , 
2023/11/13, 59, , 19, 25, , 
2023/11/14, 91, 38, , 18, , 
2023/11/15, 88, 34, 8, 35, , 
2023/11/16, 84, 70, 37, 23, , 
2023/11/17, 83, 52, 41, 30, , 
2023/11/18, 102, 56, 42, 35, , 
2023/11/19, 102, 47, 49, 22, , 
2023/11/20, 97, 51, 56, 19, , 
2023/11/21, 115, 52, 40, 15, , 
2023/11/22, 103, 13, 21, 9, , 
2023/11/23, 60, 13, 21, 10, , 
2023/11/24, 53, 27, 35, 14, , 
2023/11/25, 69, 27, 30, 14, , 
2023/11/26, 77, 30, 22, 17, , 
2023/11/27, 81, 38, 35, 17, , 
2023/11/28, 94, , , , , 
2023/12/18, 95, 55, 55, 29, , 
2023/12/19, 117, 55, 77, 31, , 
2023/12/20, 117, 66, 83, 37, , 
2023/12/21, 133, 62, 68, 37, , 
2023/12/22, 127, 63, 71, 33, , 
2023/12/23, 125, 62, 61, 30, , 
2023/12/24, 123, 51, 34, 20, , 
2023/12/25, 117, 78, 29, 17, , 
2023/12/26, 157, 33, 19, 18, , 
2023/12/27, 82, 24, 17, 17, , 
2023/12/28, 73, 33, 39, 15, , 
2023/12/29, 83, 39, 35, 18, , 
2023/12/30, 83, 36, 37, 18, , 
2023/12/31, 85, 40, 42, 18, , 
2024/1/1, 94, , , , , 
2023/7/2, 59, 18, 45, 10, , 
2023/7/3, 63, 33, 61, 19, , 
2023/7/4, 85, 38, 71, 19, , 
2023/7/5, 99, 38, 63, 18, , 
2023/7/6, 103, 22, 33, 12, , 
2023/7/7, 68, 17, 35, 13, , 
2023/7/8, 60, 28, 53, 17, , 
2023/7/9, 75, 24, 51, 19, , 
2023/7/10, 74, 23, 35, 17, , 
2023/7/11, 64, 20, 41, 19, , 
2023/7/12, 64, 18, 38, 15, , 
2023/7/13, 62, 30, 59, 14, , 
2023/7/14, 71, 25, 56, 14, , 
2023/7/15, 59, 28, 71, 12, , 
2023/7/16, 70, 32, 74, 13, , 
2023/7/17, 70, 22, 46, 11, , 
2023/7/18, 63, 27, 62, 13, , 
2023/7/19, 65, 29, 56, 18, , 
2023/7/20, 74, 27, 61, 15, , 
2023/7/21, 67, 21, 56, 16, , 
2023/7/22, 67, 20, 44, 13, , 
2023/7/23, 64, 17, 56, 11, , 
2023/7/24, 59, 17, 46, 12, , 
2023/7/25, 56, 17, 45, 15, , 
2023/7/26, 61, 25, 67, 13, , 
2023/7/27, 74, , , , , 
2023/8/1, 350, 173, 61, 27, , 
2023/8/2, 347, , 90, 33, , 
2023/8/14, 68, 67, 73, 25, , 
2023/8/15, 147, 38, 49, , , 
2023/8/16, 90, 30, 40, , , 
2023/8/17, 67, 19, 32, 19, , 
2023/8/18, 63, 23, 41, 14, , 
2023/8/19, 65, 38, 53, 20, , 
2023/8/20, 94, 183, 75, 37, , 
2023/8/21, 354, 93, 47, 28, , 
2023/8/22, 185, 40, 58, 22, , 
2023/8/23, 85, , , , , 
2023/9/4, 345, 72, 49, 19, , 
2023/9/5, 160, 21, 44, 13, , 
2023/9/6, 69, 19, 32, 12, , 
2023/9/7, 62, 23, 40, 14, , 
2023/9/8, 70, 35, 35, 18, , 
2023/9/9, 80, 176, 71, 39, , 
2023/9/10, 343, 173, 62, 36, , 
2023/9/11, 344, 88, 37, 25, , 
2023/9/12, 170, 52, 41, 18, , 
2023/9/13, 102, 48, 39, 18, , 
2023/9/14, 88, 49, 41, 18, , 
2023/9/15, 102, 34, 31, 17, , 
2023/9/16, 89, 25, 20, 16, , 
2023/9/17, 75, 24, 26, 13, , 
2023/9/18, 79, 40, 21, 19, , 
2023/9/19, 101, 21, 30, 17, , 
2023/9/20, 65, 31, 30, 19, , 
2023/9/21, 81, 40, 45, 16, , 
2023/9/22, 89, 40, 42, 15, , 
2023/9/23, 80, 42, 27, 16, , 
2023/9/24, 91, 37, 25, 16, , 
2023/9/25, 76, 35, 31, 15, , 
2023/9/26, 60, 38, 33, 16, , 
2023/9/27, 65, 38, 29, 18, , 
2023/9/28, 71, 49, 28, 20, , 
2023/9/29, 83, 50, 31, 20, , 
2023/9/30, 88, 47, 31, 20, , 
2023/10/1, 92, 41, 30, 14, , 
2023/4/2, 89, 54, 76, 20, , 11
2023/4/3, 89, 56, 73, 22, , 12
2023/4/4, 93, 60, 63, 23, , 11
2023/4/5, 98, 59, 56, 21, , 11
2023/4/6, 101, 55, 48, 14, , 11
2023/4/7, 94, 41, 40, 10, , 9
2023/4/8, 72, 40, 47, 12, , 9
2023/4/9, 70, 38, 48, 13, , 10
2023/4/10, 72, 34, 46, 16, , 10
2023/4/11, 73, 32, 40, 20, , 11
2023/4/12, 74, 20, 42, 19, , 11
2023/4/13, 50, 34, 42, 19, , 12
2023/4/14, 68, 37, 44, 20, , 11
2023/4/15, 69, 43, 51, 22, , 12
2023/4/16, 71, 42, 52, 18, , 12
2023/4/17, 74, 42, 45, 17, , 12
2023/4/18, 81, 49, 61, 24, , 13
2023/4/19, 83, 55, 53, 23, , 13
2023/4/20, 95, 53, 55, 23, , 13
2023/4/21, 94, 50, 47, 25, , 13
2023/4/22, 82, 55, 51, 20, , 5
2023/4/23, 80, 55, 41, 16, , 4
2023/4/24, 71, 46, 48, 16, , 3
2023/4/25, 70, 43, 44, 18, , 3
2023/4/26, 67, 59, 47, 20, , 4
2023/4/27, 88, 64, 49, 22, , 5
2023/4/28, 112, 56, 61, 22, , 5
2023/4/29, 90, 53, 54, 22, , 5
2023/4/30, 90, 52, 51, 17, , 6
2023/5/1, 98, 47, 48, 16, , 4
2023/5/2, 90, 53, 50, 18, , 5
2023/5/3, 83, 61, 70, 24, , 6
2023/5/4, 109, 62, 75, 20, , 6
2023/5/5, 120, 55, 62, 27, , 7
2023/5/6, 117, 50, 77, 24, , 7
2023/5/7, 103, 44, 70, 20, , 6
2023/5/8, 86, 43, 54, 24, , 7
2023/5/9, 86, 43, 42, 21, , 7
2023/5/10, 82, 45, 54, 22, , 9
2023/5/11, 95, 47, 53, 18, , 7
2023/5/12, 91, 40, 48, 22, , 8
2023/5/13, 85, 41, 45, 18, , 6
2023/5/14, 88, 37, 44, 12, , 4
2023/5/15, 68, 33, 37, 15, , 3
2023/5/16, 56, 37, 35, 21, , 6
2023/5/17, 77, 45, 43, 23, , 7
2023/5/18, 80, 51, 59, 23, , 6
2023/5/19, 86, 42, 67, 23, , 6
2023/5/20, 85, 53, 62, 27, , 8
2023/5/21, 97, 34, 50, 17, , 5
2023/5/22, 76, 36, 50, 29, , 9
2023/5/23, 90, 35, 57, 23, , 7
2023/5/24, 84, 36, 49, 14, , 6
2023/5/25, 74, 41, 55, 8, , 5
2023/5/26, 78, 36, 44, 20, , 5
2023/5/27, 77, 33, 53, 17, , 5
2023/5/28, 74, 31, 43, 21, , 8
2023/5/29, 76, 35, 44, 21, , 5
2023/5/30, 67, 41, 49, 18, , 5
2023/5/31, 76, 45, 60, 18, , 5
2023/6/1, 84, 51, 63, 20, , 6
2023/6/2, 94, 50, 65, 20, , 5
2023/6/3, 88, 45, 52, 17, , 4
2023/6/4, 72, 33, 43, 12, , 3
2023/6/5, 62, 50, 51, 16, , 4
2023/6/6, 84, 38, 55, 13, , 3
2023/6/7, 69, 31, 57, 17, , 5
2023/6/8, 70, 36, 52, 16, , 5
2023/6/9, 79, 46, 57, 19, , 6
2023/6/10, 82, 46, 58, 19, , 6
2023/6/11, 79, 46, 64, 17, , 6
2023/6/12, 78, 46, 53, 21, , 5
2023/6/13, 70, 41, 87, 19, , 5
2023/6/14, 58, 49, 98, 19, , 4
2023/6/15, 76, 51, 86, 19, , 4
2023/6/16, 82, 50, 77, 21, , 
2023/6/17, 83, 36, 58, 14, , 
2023/6/21, 82, 49, 61, 18, , 
2023/6/22, 85, 51, 57, 16, , 
2023/6/23, 73, 55, 60, 17, , 
2023/6/24, 75, 37, 60, 14, , 
2023/6/25, 65, 23, 40, 11, , 
2023/6/26, 57, 21, 22, 9, , 
2023/6/27, 54, 29, , , , 
2023/6/28, 65, 35, 17, 43, , 
2023/6/29, 81, 27, 32, 18, , 
2023/6/30, 71, 14, 28, 8, , 
2023/7/1, 50, 24, 37, 14, , 
2023/1/3, 76, 39, 29, 13, 4, 10
2023/1/4, 78, 48, 41, 16, 5, 11
2023/1/5, 83, 59, 53, 22, 8, 13
2023/1/6, 103, 58, 54, 19, 7, 12
2023/1/7, 102, 56, 58, 21, 6, 11
2023/1/8, 104, 59, 65, 21, 9, 13
2023/1/9, 109, 57, 59, 17, 3, 11
2023/1/10, 101, 58, 52, 18, 1, 11
2023/1/11, 101, 47, 65, 24, , 11
2023/1/12, 94, 61, 72, 19, , 11
2023/1/13, 110, , , , , 
2023/2/28, 63, 65, 44, 17, , 10
2023/3/1, 79, 64, 45, 19, , 10
2023/3/2, 90, 62, 43, 19, , 10
2023/3/3, 85, 61, 41, 18, , 10
2023/3/4, 78, 54, 46, 17, , 10
2023/3/5, 80, 54, 50, 14, , 10
2023/3/6, 83, 63, 70, 20, , 11
2023/3/7, 88, 61, 55, 23, , 12
2023/3/8, 83, 61, 54, 19, , 11
2023/3/9, 88, 62, 60, 19, , 11
2023/3/10, 90, 73, 54, 22, , 12
2023/3/11, 91, 58, 58, 24, , 12
2023/3/12, 94, 47, 45, 20, , 11
2023/3/13, 88, 50, 37, 19, , 11
2023/3/14, 76, 45, 38, 17, , 10
2023/3/15, 70, 43, 43, 17, , 10
2023/3/16, 76, 26, 19, , , 10
2023/3/17, 59, 42, 48, , , 10
2023/3/18, 78, 43, 34, , , 10
2023/3/19, 80, 32, 35, , , 9
2023/3/20, 58, 33, 40, , , 8
2023/3/21, 53, 44, 60, 15, , 10
2023/3/22, 70, 56, 59, 21, , 11
2023/3/23, 85, 52, 63, 17, , 10
2023/3/24, 79, 53, 57, 19, , 10
2023/3/25, 73, 55, 63, 23, , 12
2023/3/26, 88, 54, 64, 19, , 11
2023/3/27, 84, 58, 72, 20, , 11
2023/3/28, 90, 63, 64, 27, , 12
2023/3/29, 100, 51, 58, 17, , 9
2023/3/30, 83, 36, 53, 20, , 10
2023/3/31, 70, 53, 74, 23, , 12
2023/4/1, 89, 57, 61, 27, , 13
2022/10/2, 84, 40, 62, 17, 6, 9
2022/10/3, 83, 42, 55, 17, 6, 9
2022/10/4, 80, 37, 47, 21, 6, 9
2022/10/5, 69, 33, 50, 25, 5, 11
2022/10/6, 70, 37, 56, 24, 8, 11
2022/10/7, 82, 24, 42, 20, 6, 9
2022/10/8, 67, 16, 37, 16, 7, 8
2022/10/9, 54, 15, 38, 16, 7, 7
2022/10/10, 42, 27, 46, 18, 8, 9
2022/10/11, 51, 31, 39, 19, 12, 9
2022/10/12, 55, 35, 43, 19, 16, 10
2022/10/13, 56, 38, 45, 21, 11, 11
2022/10/14, 55, 41, 58, 21, 13, 10
2022/10/15, 75, 45, 67, 17, 12, 10
2022/10/16, 84, 43, 51, 20, 10, 11
2022/10/17, 84, 32, 51, 20, 7, 10
2022/10/18, 79, 16, 29, 21, 7, 9
2022/10/19, 50, 18, 36, 17, 6, 8
2022/10/20, 45, 29, 37, 16, 8, 10
2022/10/21, 62, 31, 36, 22, 7, 11
2022/10/22, 60, 27, 36, 18, 6, 10
2022/10/23, 69, 31, 59, 19, 9, 10
2022/10/24, 73, 37, 44, 17, 7, 11
2022/10/25, 71, 49, 54, 19, 8, 10
2022/10/26, 97, 43, 49, 18, 6, 10
2022/10/27, 86, 41, 42, 25, 7, 13
2022/10/28, 88, 38, 56, 19, 6, 14
2022/10/29, 83, 42, 47, 21, 8, 12
2022/10/30, 90, 39, 52, 20, 5, 12
2022/10/31, 89, 37, 45, 21, 6, 13
2022/11/1, 79, 51, 64, 26, 9, 14
2022/11/2, 113, 42, 53, 20, 11, 12
2022/11/3, 94, 46, 59, 25, 8, 13
2022/11/4, 90, 49, 51, 30, 9, 17
2022/11/5, 98, 42, 64, 26, 7, 18
2022/11/6, 97, 50, 69, 24, 13, 16
2022/11/7, 109, 42, 60, 27, 14, 14
2022/11/8, 76, 45, 53, 22, 14, 12
2022/11/9, 78, 47, 57, 24, 10, 13
2022/11/10, 79, 45, 47, 25, 14, 14
2022/11/11, 84, 52, 66, 24, 4, 14
2022/11/12, 89, 58, 71, 26, 8, 14
2022/11/13, 116, 44, 52, 18, 2, 13
2022/11/14, 94, 48, 49, 19, 2, 12
2022/11/15, 81, 52, 48, 24, , 14
2022/11/16, 82, 52, 63, 27, , 14
2022/11/17, 81, 54, 81, 27, 6, 14
2022/11/18, 96, 47, 51, 28, 4, 15
2022/11/19, 99, 41, 46, 22, 4, 14
2022/11/20, 91, 45, 38, 26, 5, 14
2022/11/21, 103, 42, 36, 23, 4, 14
2022/11/22, 97, 36, 42, 23, 3, 14
2022/11/23, 85, 46, 53, 28, 6, 17
2022/11/24, 132, 50, 77, 26, 4, 18
2022/11/25, 141, 40, 5, 18, 3, 15
2022/11/26, 86, 46, 28, 15, 4, 12
2022/11/27, 92, 38, 35, 16, 4, 10
2022/11/28, 82, 41, 36, 19, 4, 12
2022/11/29, 87, 45, 34, 19, 4, 11
2022/11/30, 83, 55, , 20, 5, 13
2022/12/1, 98, 38, , 14, 7, 7
2022/12/2, 69, 44, , 15, 3, 9
2022/12/3, 76, 51, , 19, 8, 9
2022/12/4, 90, 27, , 12, 5, 7
2022/12/5, 56, 53, 47, 21, 4, 10
2022/12/6, 81, 57, 59, 25, 5, 12
2022/12/7, 97, 57, , 22, 5, 10
2022/12/8, 99, 60, , 22, 9, 11
2022/12/9, 92, 58, 33, 21, 4, 11
2022/12/10, 98, 53, 43, 20, 4, 11
2022/12/11, 95, 47, 45, 14, 3, 10
2022/12/12, 96, 53, 56, , 4, 9
2022/12/13, 103, 58, 45, , 6, 10
2022/12/14, 114, 62, 38, , 5, 11
2022/12/15, 100, 55, 41, , 3, 10
2022/12/16, 90, 60, 46, , 3, 11
2022/12/17, 104, 56, 40, , 4, 12
2022/12/18, 102, 45, 38, , 3, 10
2022/12/19, 85, 57, 39, 20, 5, 11
2022/12/20, 105, 63, 64, 22, 8, 11
2022/12/21, 114, 55, 31, 15, 4, 10
2022/12/22, 82, 55, 45, 18, 4, 11
2022/12/23, 98, 62, 57, 17, 6, 11
2022/12/24, 114, 46, 37, 13, 3, 9
2022/12/25, 92, 51, 33, 12, 5, 11
2022/12/26, 120, 29, 30, 14, 3, 10
2022/12/27, 76, 40, 42, 15, 5, 9
2022/12/28, 84, 42, 41, 16, 3, 10
2022/12/29, 91, 42, 29, 15, 4, 10
2022/12/30, 83, 44, 25, 15, 7, 10
2022/12/31, 86, 30, 28, 9, 3, 9
2023/1/1, 75, 34, 27, 8, 4, 9
2023/1/2, 80, 41, 23, 12, 5, 11
2022/7/2, 99, 33, 37, 20, 5, 4
2022/7/3, 90, 23, 43, 14, 3, 2
2022/7/4, 79, 28, 29, 16, 3, 2
2022/7/5, 77, 20, 24, 14, 2, 2
2022/7/6, 65, 37, 38, 20, 3, 4
2022/7/7, 99, 30, 22, 21, 3, 4
2022/7/8, 89, 27, 38, 17, 4, 3
2022/7/9, 83, 27, 39, 20, 4, 4
2022/7/10, 84, 26, 39, 15, 4, 3
2022/7/11, 79, 34, 34, 21, 7, 3
2022/7/12, 103, 38, 42, 21, 6, 4
2022/7/13, 109, 26, 39, 17, 4, 3
2022/7/14, 77, , 36, 16, 4, 2
2022/7/16, 37, 17, 22, 11, 2, 2
2022/7/17, 43, 21, 26, 11, 3, 2
2022/7/18, 56, 33, 32, 22, 6, 4
2022/7/19, 70, 39, 51, 20, 4, 4
2022/7/20, 85, 31, 40, 21, 5, 5
2022/7/21, 65, 44, 57, 19, 5, 5
2022/7/22, 78, 33, 46, 16, 4, 5
2022/7/23, 69, 28, 31, 20, 6, 4
2022/7/24, 72, 24, 38, 15, 4, 2
2022/7/25, 69, 20, 21, 12, 4, 1
2022/7/26, 56, 16, 29, 11, 3, 1
2022/7/27, 49, 20, 30, 17, 4, 2
2022/7/28, 60, 27, 38, 18, 5, 3
2022/7/29, 76, 21, 25, 21, 4, 3
2022/7/30, 69, 33, 34, 19, 5, 4
2022/7/31, 72, 17, 40, 12, 5, 1
2022/8/1, 56, 23, 26, 20, 5, 3
2022/8/2, 65, 29, 33, 22, 5, 4
2022/8/3, 72, 42, 33, 14, 4, 2
2022/8/4, 64, 32, 40, 23, 5, 5
2022/8/5, 85, 29, 51, 16, 4, 3
2022/8/6, 68, 24, 38, 15, 5, 3
2022/8/7, 64, 29, 36, 15, 5, 4
2022/8/8, 72, 19, 35, 15, 4, 3
2022/8/9, 57, 18, 26, 19, 4, 4
2022/8/10, 58, 24, 40, 17, 5, 3
2022/8/11, 68, 30, 44, 16, 6, 4
2022/8/12, 66, 21, 38, 17, 5, 3
2022/8/13, 64, 23, 34, 18, 5, 4
2022/8/14, 70, 13, 31, 10, 4, 3
2022/8/15, 50, 16, 27, 11, 4, 2
2022/8/16, 53, 15, 22, 12, 4, 3
2022/8/17, 41, 12, 28, 19, 6, 6
2022/8/18, 63, 21, 20, 33, 4, 4
2022/8/19, 62, 37, 43, 25, 6, 4
2022/8/20, 80, 19, 37, 11, 4, 1
2022/8/21, 48, 27, 42, 21, 5, 2
2022/8/22, 74, 35, 55, 19, 5, 4
2022/8/23, 83, 24, 46, 11, 4, 3
2022/8/24, 52, 35, 63, 19, 5, 5
2022/8/25, 70, 33, 67, 18, 6, 5
2022/8/26, 69, 32, 51, 20, 7, 5
2022/8/27, 66, 39, 66, 23, 5, 7
2022/8/28, 83, 32, 62, 18, 4, 6
2022/8/29, 79, 20, 50, 11, 4, 3
2022/8/30, 58, 17, 42, 15, 5, 5
2022/8/31, 44, 24, 49, 14, 4, 4
2022/9/1, 60, 30, 53, 18, 5, 5
2022/9/2, 66, 28, 54, 16, 7, 4
2022/9/3, 54, 24, 38, 14, 5, 3
2022/9/4, 54, 17, 40, 10, 6, 3
2022/9/6, 11, 17, 40, 15, 4, 5
2022/9/7, 37, 20, 33, 20, 5, 6
2022/9/8, 48, 25, 37, 18, 8, 5
2022/9/9, 54, 36, 55, 17, 7, 7
2022/9/10, 61, 36, 71, 19, 4, 6
2022/9/11, 69, 29, 69, 14, 6, 5
2022/9/12, 58, 36, 52, 16, 7, 5
2022/9/13, 66, 39, 56, 18, 7, 6
2022/9/14, 70, 41, 55, 19, 8, 6
2022/9/15, 70, 34, 38, 17, 7, 5
2022/9/16, 54, 19, 32, 14, 7, 4
2022/9/17, 53, 17, 36, 14, 6, 5
2022/9/18, 45, 10, 28, 8, 4, 4
2022/9/19, 27, 12, 35, 18, 6, 6
2022/9/20, 33, 20, 42, 15, 6, 7
2022/9/21, 48, 26, 43, 14, 6, 7
2022/9/22, 51, 39, 53, 19, 8, 7
2022/9/23, 62, 33, 56, 16, 5, 8
2022/9/24, 60, 31, 57, 19, 6, 8
2022/9/25, 69, 24, 45, 19, 9, 8
2022/9/26, 65, 27, 40, 17, 10, 8
2022/9/27, 61, 23, 41, 15, 8, 6
2022/9/28, 45, 29, 42, 17, 9, 7
2022/9/29, 53, 29, 57, 18, 8, 8
2022/9/30, 58, 43, 52, 18, 8, 9
2022/10/1, 80, 44, 69, 20, 9, 9
2022/4/2, 107, 62, 41, 24, 2, 9
2022/4/3, 107, 61, 35, 20, 2, 9
2022/4/5, 93, 62, 31, 18, 1, 8
2022/4/6, 104, 66, 45, 23, 1, 10
2022/4/7, 112, 76, 37, 21, 1, 10
2022/4/8, 118, 65, 28, 21, 1, 9
2022/4/9, 124, 44, 30, 21, 2, 10
2022/4/10, 114, 36, 32, 18, 2, 9
2022/4/11, 90, 46, 27, 20, 2, 10
2022/4/12, 95, 44, 30, 18, 2, 8
2022/4/13, 94, 56, 40, 21, 2, 10
2022/4/14, 104, 55, 40, 18, 2, 10
2022/4/15, 103, 46, 38, 10, 1, 7
2022/4/16, 100, 48, 42, 16, 2, 9
2022/4/17, 102, 45, 41, 14, 2, 8
2022/4/18, 86, 48, 45, 17, 1, 8
2022/4/19, 88, 41, 34, 21, 2, 9
2022/4/20, 101, 38, 39, 19, 2, 9
2022/4/21, 90, 45, 42, 19, 2, 9
2022/4/22, 98, 27, 36, 17, 2, 8
2022/4/23, 77, 39, 32, 20, 2, 9
2022/4/24, 94, 40, 37, 17, 2, 10
2022/4/25, 98, 34, 35, 22, 6, 11
2022/4/26, 79, 45, 44, 20, 9, 8
2022/4/27, 88, 32, 52, 21, 11, 7
2022/4/28, 74, 38, 55, 25, 4, 10
2022/4/29, 88, 45, 66, 23, 4, 9
2022/4/30, 101, 42, 56, 21, 5, 8
2022/5/1, 96, 44, 57, 22, 4, 8
2022/5/2, 97, 55, 73, 23, 4, 9
2022/5/3, 108, 63, 79, 28, 7, 11
2022/5/4, 122, 63, 81, 25, 7, 9
2022/5/5, 116, 59, 84, 30, 6, 10
2022/5/6, 122, 58, 76, 29, 6, 10
2022/5/7, 125, 39, 68, 21, 4, 8
2022/5/8, 90, 46, 61, 25, 5, 10
2022/5/9, 107, 44, 81, 20, 3, 9
2022/5/10, 104, 49, 75, 22, 5, 8
2022/5/11, 94, 44, 48, 18, 5, 7
2022/5/12, 85, 40, 76, 19, 5, 7
2022/5/13, 74, 46, 61, 16, 4, 8
2022/5/14, 94, 54, 64, 23, 5, 10
2022/5/15, 109, 50, 62, 17, 4, 8
2022/5/16, 103, 43, 74, 18, 4, 9
2022/5/17, 85, 56, 62, 18, 4, 9
2022/5/18, 103, 57, 59, 23, 5, 10
2022/5/19, 119, 56, 66, 23, 5, 10
2022/5/20, 116, 72, 76, 27, 7, 12
2022/5/21, 145, 76, 83, 27, 4, 13
2022/5/22, 140, 63, 70, 22, 5, 12
2022/5/23, 134, 52, 65, 28, 4, 12
2022/5/24, 126, , , , , 
2022/5/27, 82, 47, 59, 20, 4, 9
2022/5/28, 87, 43, 60, 18, 9, 9
2022/5/29, 90, 27, 49, 11, 2, 8
2022/5/30, 69, 42, 64, 16, 4, 9
2022/5/31, 89, 39, 67, 15, 2, 8
2022/6/1, 81, 36, 59, 18, 4, 9
2022/6/2, 90, 34, 63, 16, 3, 9
2022/6/3, 78, 41, 65, 17, 4, 9
2022/6/4, 86, 48, 57, 24, 5, 11
2022/6/5, 107, 40, 55, 20, 3, 11
2022/6/6, 99, 42, 64, 23, 4, 11
2022/6/7, 85, 49, 89, 21, 6, 11
2022/6/8, 98, 45, 72, 15, 3, 10
2022/6/9, 93, 17, 32, 17, 2, 10
2022/6/10, 66, 22, 48, 16, 2, 10
2022/6/11, 70, 23, 58, 19, 3, 10
2022/6/12, 72, 25, 60, 13, 3, 9
2022/6/13, 72, 29, 51, 16, 5, 9
2022/6/14, 74, 22, 27, 19, 4, 10
2022/6/15, 78, 17, 37, 15, 4, 10
2022/6/16, 64, 26, 41, 9, 2, 7
2022/6/17, 64, 32, 50, 14, 3, 9
2022/6/18, 73, 34, 55, 21, 5, 10
2022/6/19, 92, 24, 42, 19, 4, 10
2022/6/20, 70, 25, 59, 18, 5, 10
2022/6/21, 67, 19, 24, 15, 2, 4
2022/6/22, 61, 15, 20, 17, 2, 6
2022/6/23, 62, 19, 23, 13, 2, 5
2022/6/24, 60, 24, 23, 13, 2, 4
2022/6/25, 69, 31, 27, 19, 4, 4
2022/6/26, 89, 27, 49, 19, 4, 4
2022/6/27, 87, 27, 30, 16, 3, 3
2022/6/28, 73, 25, 24, 21, 6, 4
2022/6/29, 80, 30, 40, 17, 3, 3
2022/6/30, 86, 41, 44, 21, 6, 4
2022/7/1, 92, 38, 50, 24, 6, 4
2022/1/4, 101, 64, 39, 30, 5, 8
2022/1/5, 125, 61, 39, 28, 4, 7
2022/1/6, 120, 58, 38, 25, 4, 8
2022/1/7, 111, 38, 26, 22, 4, 8
2022/1/8, 81, 45, 34, 24, 4, 8
2022/1/9, 95, 45, 38, 22, 7, 6
2022/1/10, 100, 38, 30, 19, 6, 4
2022/1/11, 73, 37, 31, 18, 4, 5
2022/1/12, 72, 51, 30, 25, 7, 6
2022/1/13, 103, 50, 35, 23, 6, 6
2022/1/14, 93, 53, 34, 26, 5, 5
2022/1/15, 99, 56, 28, 25, 4, 3
2022/1/16, 111, 50, 30, 21, 3, 3
2022/1/17, 105, 34, 32, 19, 3, 2
2022/1/18, 84, 39, 33, 24, 4, 3
2022/1/19, 89, 54, 40, 23, 4, 2
2022/1/20, 108, 51, 40, 21, 2, 2
2022/1/21, 102, 43, 31, 14, 2, 1
2022/1/22, 82, 30, 33, 13, 2, 1
2022/1/23, 71, 40, 33, 14, 3, 2
2022/1/24, 80, 50, 29, 18, 3, 2
2022/1/25, 83, 45, 28, 20, 4, 2
2022/1/26, 81, 50, 32, 18, 5, 2
2022/1/27, 87, 52, 36, 20, 3, 3
2022/1/28, 89, 56, 38, 18, 4, 2
2022/1/29, 98, 52, 39, 14, 6, 2
2022/1/30, 93, 45, 34, 17, 4, 2
2022/1/31, 89, 43, 28, 17, 4, 2
2022/2/1, 79, 45, 27, 19, 5, 2
2022/2/2, 73, 57, 36, 17, 4, 2
2022/2/3, 89, 51, 31, 19, 5, 2
2022/2/4, 87, 44, 31, 16, 4, 2
2022/2/5, 78, 52, 36, 18, 4, 3
2022/2/6, 92, 47, 36, 17, 3, 2
2022/2/7, 83, 46, 35, 17, 4, 3
2022/2/8, 90, 51, 29, 16, 5, 2
2022/2/9, 90, 44, 33, 17, 4, 3
2022/2/10, 74, 53, 31, 17, 4, 3
2022/2/11, 82, 49, 33, 18, 4, 4
2022/2/12, 72, 44, 28, 17, 3, 6
2022/2/13, 80, 42, 39, 11, 2, 5
2022/2/14, 81, 45, 34, 17, 2, 7
2022/2/15, 85, 41, 37, 19, 2, 8
2022/2/16, 85, 41, 37, 18, 3, 8
2022/2/17, 84, 54, 41, 20, 2, 8
2022/2/18, 95, 65, 43, 21, 2, 9
2022/2/19, 104, 59, 50, 20, 3, 8
2022/2/20, 102, 44, 50, 12, 2, 6
2022/2/21, 86, 56, 41, 20, 3, 9
2022/2/22, 97, 61, 55, 21, 2, 9
2022/2/23, 105, 67, 52, 27, 3, 10
2022/2/24, 114, 60, 43, 20, 1, 13
2022/2/25, 103, 66, 51, 22, 3, 31
2022/2/26, 110, 52, 44, 16, 1, 
2022/2/27, 93, 53, 50, 18, 5, 
2022/2/28, 98, 53, 45, 18, 2, 
2022/3/1, 82, 56, 52, 20, 2, 4
2022/3/2, 91, 68, 52, 24, 4, 11
2022/3/3, 120, 71, 48, 25, 4, 13
2022/3/4, 113, 63, 39, 19, 2, 11
2022/3/5, 107, , , , , 
2022/3/10, 101, 62, 32, 19, 3, 13
2022/3/11, 94, 61, 26, 25, 4, 13
2022/3/12, 100, 65, 36, 21, 4, 8
2022/3/13, 111, 55, 35, 14, 2, 6
2022/3/14, 96, 64, 35, 21, 5, 7
2022/3/15, 103, 63, 30, 30, 6, 10
2022/3/16, 112, 44, 31, 20, 4, 8
2022/3/17, 95, 43, 26, 18, 5, 7
2022/3/18, 86, 51, 34, 20, 6, 8
2022/3/19, 91, 50, 28, 20, 4, 8
2022/3/20, 100, 38, 28, 13, 3, 6
2022/3/21, 81, 46, 30, 13, 5, 6
2022/3/22, 82, 47, 30, 18, 5, 7
2022/3/23, 81, 58, 27, 20, 1, 7
2022/3/24, 87, 55, 38, 24, 1, 9
2022/3/25, 95, 64, 41, 24, 2, 8
2022/3/26, 107, 60, 43, 22, 2, 8
2022/3/27, 100, 56, 37, 18, 1, 7
2022/3/28, 93, 57, 38, 20, 2, 8
2022/3/29, 96, 65, 44, 22, 2, 8
2022/3/30, 117, 63, 39, 22, 2, 8
2022/3/31, 106, 72, 32, 23, 2, 9
2022/4/1, 110, 72, 30, 20, 2, 9
2021/10/2, 60, 32, 31, 12, 4, 8
2021/10/3, 89, 20, 33, 8, 4, 6
2021/10/4, 69, 21, 26, 11, 4, 7
2021/10/5, 66, 31, 30, 12, 4, 8
2021/10/6, 72, 31, 28, 12, 4, 7
2021/10/7, 75, 28, 30, 12, 4, 7
2021/10/8, 78, 35, 35, 12, 4, 6
2021/10/9, 70, 30, 34, 8, , 6
2021/10/10, 77, 18, 26, 6, 4, 6
2021/10/11, 56, 37, 35, 10, 4, 6
2021/10/12, 84, 38, 27, 12, 4, 8
2021/10/13, 77, 38, 26, 11, 4, 8
2021/10/14, 72, 44, 40, 14, 4, 8
2021/10/15, 82, 48, 38, 17, 5, 8
2021/10/16, 100, 36, 25, , 4, 6
2021/10/17, 67, 18, 25, , 4, 5
2021/10/18, 49, 35, 34, 12, 4, 7
2021/10/19, 67, 40, 19, 18, 4, 7
2021/10/20, 84, , , , , 
2021/11/2, 115, 43, 44, 18, 5, 11
2021/11/3, 101, 43, 40, 21, 5, 12
2021/11/4, 81, 51, 40, 20, 7, 12
2021/11/5, 90, 53, 46, 21, 7, 12
2021/11/6, 92, 49, 41, 21, 8, 12
2021/11/9, 77, 55, 51, 22, 6, 12
2021/11/10, 99, 48, 49, 18, 6, 11
2021/11/11, 90, 48, 43, 18, 5, 9
2021/11/12, 83, 42, 40, 18, 6, 11
2021/11/13, 71, 42, 37, 16, 6, 9
2021/11/14, 72, 43, 35, 14, 4, 11
2021/11/15, 84, 39, 35, 17, 6, 11
2021/11/16, 77, 51, 42, 20, 5, 12
2021/11/17, 79, 48, 44, 20, 5, 12
2021/11/18, 81, 47, 41, 18, 6, 10
2021/11/19, 81, 41, 27, 16, 5, 9
2021/11/20, 72, 42, 25, 16, 7, 10
2021/11/21, 85, 38, 36, 11, 6, 9
2021/11/22, 73, 47, 32, 16, 9, 10
2021/11/23, 93, 33, 27, 12, 7, 9
2021/11/24, 68, 35, 26, 13, 5, 10
2021/11/25, 72, 55, 32, 22, 8, 13
2021/11/26, 101, 48, 40, 15, 1, 10
2021/11/27, 92, 47, 38, 15, 3, 10
2021/11/28, 89, 53, 47, 17, 7, 11
2021/11/29, 106, 58, 45, 19, 7, 11
2021/11/30, 110, 59, 41, 24, 7, 12
2021/12/1, 113, 53, 31, 21, 6, 12
2021/12/2, 95, 46, 31, 20, 2, 12
2021/12/3, 71, 62, 33, 25, 2, 13
2021/12/4, 104, 62, 36, 24, 3, 13
2021/12/5, 108, 55, 35, 19, 2, 12
2021/12/6, 99, 50, 36, 19, 2, 11
2021/12/7, 92, 57, 36, 20, 2, 12
2021/12/8, 101, 61, 40, 25, 3, 13
2021/12/9, 102, 66, 54, 27, 3, 14
2021/12/10, 118, , 62, 31, 4, 16
2021/12/11, 133, , 57, 27, 4, 15
2021/12/12, 124, , 44, 20, 3, 13
2021/12/13, 121, 52, 36, 23, 3, 15
2021/12/14, 112, 63, 33, 23, , 19
2021/12/15, 108, 54, 12, 26, , 21
2021/12/16, 108, 66, 16, 39, 2, 9
2021/12/17, 111, 58, 37, 30, 3, 7
2021/12/18, 111, 54, 29, 26, 3, 9
2021/12/19, 109, 53, 24, 25, 3, 7
2021/12/20, 119, 44, 23, 21, 3, 6
2021/12/21, 93, 54, 35, 26, 4, 8
2021/12/22, 108, 57, , 30, 7, 8
2021/12/23, 107, 62, , 39, 11, 13
2021/12/24, 120, 63, , 32, 8, 13
2021/12/25, 120, 128, , 28, 11, 15
2021/12/26, 206, 46, , 25, 6, 7
2021/12/27, 95, 57, , 24, 5, 6
2021/12/28, 112, 62, 30, 21, 6, 5
2021/12/29, 138, 51, 28, 17, 3, 5
2021/12/30, 91, 56, 31, 21, 4, 6
2021/12/31, 100, 62, 18, 24, 5, 8
2022/1/1, 117, , , , , 
2022/1/3, 88, 58, 22, 18, 3, 4
2021/7/2, 63, 14, 21, 9, 5, 3
2021/7/3, 52, 17, 19, 9, 6, 3
2021/7/4, 53, 21, 30, 14, 7, 4
2021/7/5, 66, 31, 22, 19, 12, 4
2021/7/6, 78, 37, 36, 16, 8, 5
2021/7/7, 89, 38, 31, 15, 5, 6
2021/7/8, 88, 18, 23, 5, 4, 2
2021/7/9, 56, 15, 19, 7, 4, 3
2021/7/10, 53, 27, 34, 13, 5, 6
2021/7/11, 74, 29, 36, 10, 5, 4
2021/7/12, 81, 40, 36, 7, 4, 3
2021/7/13, 78, 32, 28, 11, 5, 4
2021/7/14, 80, 32, 35, 11, 6, 5
2021/7/15, 78, 28, 23, 10, 5, 4
2021/7/16, 79, 29, 22, 5, 3, 2
2021/7/17, 65, 51, 39, 12, 6, 6
2021/7/18, 97, 33, 35, 9, 4, 4
2021/7/19, 76, 15, 31, 6, 4, 3
2021/7/20, 59, 31, 39, 13, 5, 5
2021/7/21, 84, 23, 28, 13, 5, 5
2021/7/22, 74, 23, 31, 15, 5, 6
2021/7/23, 72, 44, 32, 11, 5, 6
2021/7/24, 89, 55, 42, 12, 5, 5
2021/7/25, 99, 36, 36, 15, 4, 6
2021/7/26, 88, 26, 35, 13, 4, 5
2021/7/27, 73, 32, 51, 16, 4, 6
2021/7/28, 91, 34, 30, 19, 4, 7
2021/7/29, 88, 29, 47, 10, 5, 5
2021/7/30, 76, 15, 25, 9, 4, 4
2021/7/31, 60, 25, 30, 8, 3, 5
2021/8/1, 68, 21, 34, 14, 4, 7
2021/8/2, 71, 26, 36, 12, 4, 7
2021/8/3, 70, 27, 27, 16, 4, 7
2021/8/4, 82, 29, 31, 15, 4, 8
2021/8/5, 84, 20, 26, 9, 4, 4
2021/8/6, 63, 19, 25, 9, 4, 5
2021/8/7, 61, 21, 27, 8, 4, 5
2021/8/8, 68, 14, 22, 5, 4, 4
2021/8/9, 59, 16, 26, 10, 4, 5
2021/8/10, 59, 24, 36, 10, 5, 6
2021/8/11, 70, 17, 27, 10, 4, 5
2021/8/12, 63, 33, 37, 13, 5, 8
2021/8/13, 88, 40, 41, 14, 4, 7
2021/8/14, 106, 33, 23, 16, 6, 9
2021/8/15, 99, 23, 31, 5, 5, 4
2021/8/16, 72, 32, 33, 12, 5, 6
2021/8/17, 74, 22, 26, 10, 4, 5
2021/8/18, 69, 30, 28, 13, 5, 7
2021/8/19, 86, 39, 42, 14, 6, 8
2021/8/20, 89, 30, 28, 11, 9, 7
2021/8/21, 70, 12, 20, 6, 6, 5
2021/8/22, 52, 15, 25, 6, 6, 5
2021/8/23, 59, 19, 33, 8, 6, 5
2021/8/24, 63, 23, 25, 13, 7, 7
2021/8/25, 66, 24, 27, 10, 7, 5
2021/8/26, 58, 26, 36, 6, 6, 4
2021/8/27, 64, 34, 22, 6, 5, 4
2021/8/28, 73, 12, 13, 2, 4, 4
2021/8/29, 50, 12, 18, 4, 6, 4
2021/8/30, 46, 16, 14, 7, 6, 6
2021/8/31, 54, 15, 20, 8, 5, 5
2021/9/1, 53, 14, 18, 9, 2, 6
2021/9/2, 56, 13, 14, 9, 2, 6
2021/9/3, 53, 15, 18, 10, 3, 6
2021/9/4, 54, 16, 25, 8, 2, 6
2021/9/5, 60, 19, 22, 7, 2, 7
2021/9/6, 65, 21, 20, 10, 2, 7
2021/9/7, 62, 15, 24, 11, 2, 8
2021/9/8, 61, 26, 31, 16, 2, 10
2021/9/9, 83, 34, 43, 13, 2, 9
2021/9/10, 80, 35, 39, 10, 2, 7
2021/9/11, 75, 28, 43, 9, 2, 7
2021/9/12, 64, 18, 33, 7, 2, 6
2021/9/13, 57, 11, 19, 3, 2, 6
2021/9/14, 50, 11, 19, 4, 1, 6
2021/9/15, 45, 19, 21, 5, 2, 7
2021/9/16, 57, 26, 24, 6, 2, 7
2021/9/17, 69, 30, 28, 12, 2, 9
2021/9/18, 76, 18, 31, 8, 2, 8
2021/9/19, 69, 14, 21, 5, 2, 7
2021/9/20, 56, 27, 28, 10, 2, 8
2021/9/21, 66, 44, 57, 16, 3, 10
2021/9/22, 97, 30, 31, 10, 3, 6
2021/9/23, 64, 32, 31, 14, 2, 10
2021/9/24, 74, 41, 34, 12, , 8
2021/9/25, 98, 41, 36, 13, , 8
2021/9/26, 97, 34, 38, 10, , 7
2021/9/27, 91, 15, 24, 11, , 6
2021/9/28, 59, 27, 25, 12, , 7
2021/9/29, 73, 40, 28, 15, , 8
2021/9/30, 95, 32, 26, 17, 4, 8
2021/10/1, 88, 17, 22, 11, 4, 7
2021/4/2, 75, 32, 45, 5, 6, 3
2021/4/3, 61, 49, 43, 5, 8, 4
2021/4/4, 81, 50, 51, 11, 14, 4
2021/4/5, 86, 56, 41, 15, 11, 6
2021/4/6, 96, 45, 39, 13, 7, 6
2021/4/7, 87, 37, 49, 15, 7, 6
2021/4/8, 79, 56, 64, 18, 6, 7
2021/4/9, 105, 55, 57, 19, 7, 8
2021/4/10, 106, 56, 64, 17, 9, 7
2021/4/11, 105, 58, 56, 15, 8, 7
2021/4/12, 114, 58, 47, 14, 7, 6
2021/4/13, 98, 60, 66, 18, 9, 8
2021/4/14, 113, 51, 68, 18, 6, 9
2021/4/15, 115, 51, 59, 21, 8, 10
2021/4/16, 109, 58, 59, 16, 9, 9
2021/4/17, 107, 62, 53, 16, 8, 8
2021/4/18, 120, 59, 45, 15, 7, 8
2021/4/19, 105, 59, 48, 14, 7, 7
2021/4/20, 110, 63, 50, 16, 7, 8
2021/4/21, 126, 71, 55, 14, 7, 10
2021/4/22, 151, 76, 65, 17, 9, 10
2021/4/23, 155, 75, 53, 18, 9, 10
2021/4/24, 155, 73, 63, 14, 8, 10
2021/4/25, 143, 66, 62, 9, 8, 9
2021/4/26, 140, 72, 65, 18, 8, 10
2021/4/27, 146, 74, 73, 16, 9, 10
2021/4/28, 138, 70, 66, 12, 9, 8
2021/4/29, 127, 59, 63, 11, 7, 7
2021/4/30, 103, 64, 48, 9, 7, 8
2021/5/1, 118, 59, 42, 11, 7, 8
2021/5/2, 129, 56, 44, 11, 3, 8
2021/5/3, 117, 56, 37, 14, 1, 8
2021/5/4, 105, 59, 46, 13, 1, 9
2021/5/5, 123, 59, 55, 14, 1, 10
2021/5/6, 126, 34, 60, 9, 1, 6
2021/5/7, 80, 32, 53, 11, 2, 7
2021/5/8, 87, , , , , 
2021/5/12, 93, 38, 45, 18, , 7
2021/5/13, 92, 19, 33, 13, , 4
2021/5/14, 58, 29, 32, 18, 4, 9
2021/5/15, 64, 35, 49, 14, 3, 11
2021/5/16, 78, 26, 51, 8, 1, 10
2021/5/17, 72, 36, 54, 9, 1, 10
2021/5/18, 81, 39, 52, 8, 2, 10
2021/5/19, 84, 48, 53, 12, 4, 11
2021/5/20, 94, 44, 67, 13, 3, 11
2021/5/21, 82, 53, 68, 12, 4, 11
2021/5/22, 96, 47, 63, 11, 3, 11
2021/5/23, 95, 50, 60, 12, 3, 11
2021/5/24, 108, 42, 53, 12, 3, 11
2021/5/25, 81, 36, 62, 9, 2, 11
2021/5/26, 82, 42, 74, 7, 3, 6
2021/5/27, 88, 34, 63, 6, 2, 1
2021/5/28, 74, 56, 74, 9, 3, 2
2021/5/29, 108, 50, 66, 9, 4, 2
2021/5/30, 106, 37, 69, 6, 2, 1
2021/5/31, 88, 33, 69, 9, 2, 2
2021/6/1, 76, 43, 67, 11, 6, 3
2021/6/2, 96, 22, 52, 9, 4, 2
2021/6/3, 68, 20, 46, 8, 4, 2
2021/6/4, 69, 24, 42, 14, 4, 4
2021/6/5, 74, 30, 49, 11, 6, 4
2021/6/6, 80, 27, 76, 9, 5, 3
2021/6/7, 83, 38, 287, 11, 8, 3
2021/6/8, 88, 38, , 8, 4, 2
2021/6/9, 83, 38, , 12, 5, 3
2021/6/10, 94, 30, 50, 10, 6, 2
2021/6/11, 71, , , , , 
2021/6/18, 65, 10, 23, 7, 6, 2
2021/6/19, 52, 9, 14, 2, 4, 1
2021/6/20, 40, 12, 21, 6, 4, 2
2021/6/21, 47, 23, 29, 12, 5, 3
2021/6/22, 69, 29, 40, 16, 5, 4
2021/6/23, 79, 21, 34, 12, 5, 3
2021/6/24, 58, 21, 30, 8, 6, 2
2021/6/25, 61, 13, 21, 4, 4, 2
2021/6/26, 41, 16, 23, 3, 4, 2
2021/6/27, 54, 10, 16, 2, 4, 2
2021/6/28, 44, 7, 20, 4, 4, 1
2021/6/29, 40, , , , , 
2021/1/7, 81, 54, 35, 20, 3, 7
2021/1/8, 97, 52, 33, 21, 3, 7
2021/1/9, 109, 51, 28, 18, 3, 6
2021/1/10, 99, 36, 27, 15, 3, 4
2021/1/11, 79, 43, 26, 14, 3, 5
2021/1/12, 84, 34, 27, 14, 3, 4
2021/1/13, 73, 41, 30, 17, 2, 5
2021/1/14, 83, 45, 21, 19, 3, 6
2021/1/15, 95, 54, 37, 19, 4, 6
2021/1/16, 102, 49, 30, 19, 3, 5
2021/1/17, 102, 38, 23, 16, 4, 4
2021/1/18, 82, 40, 30, 16, 1, 4
2021/1/19, 81, 40, 30, 16, , 4
2021/1/20, 82, 45, 30, 17, , 4
2021/1/21, 90, 38, 32, 16, , 6
2021/1/22, 81, 59, 47, 23, 2, 10
2021/1/23, 119, 59, 50, 23, 2, 10
2021/1/24, 124, 56, 41, 17, 1, 7
2021/1/25, 113, 54, 36, 17, 2, 6
2021/1/26, 105, 57, 41, 17, 2, 6
2021/1/27, 102, 68, 51, 21, 3, 7
2021/1/28, 120, 46, 45, 14, 3, 4
2021/1/29, 76, 49, 43, 11, 4, 4
2021/1/30, 83, 59, 51, 18, 5, 7
2021/1/31, 108, 62, , 18, 5, 7
2021/2/1, 114, 36, , 9, 4, 3
2021/2/2, 71, 51, , 19, 5, 7
2021/2/3, 100, 57, 73, 21, 5, 8
2021/2/4, 112, 67, 57, 24, 5, 9
2021/2/5, 130, 71, 61, 26, 5, 12
2021/2/6, 129, 67, 55, 22, 5, 9
2021/2/7, 127, 60, 46, 14, 5, 8
2021/2/8, 107, 55, 41, 15, 6, 8
2021/2/9, 98, 56, 45, 18, 6, 9
2021/2/10, 100, 59, 37, 16, 7, 9
2021/2/11, 123, 58, 28, 13, 6, 8
2021/2/12, 95, 56, 24, 14, 8, 10
2021/2/13, 83, 48, 34, 12, 7, 8
2021/2/14, 72, 43, 38, 12, 5, 9
2021/2/15, 74, 63, 42, 19, 7, 11
2021/2/16, 94, 56, 44, 16, 6, 12
2021/2/17, 97, 61, 48, 17, 8, 13
2021/2/18, 110, 76, 55, 19, 8, 21
2021/2/19, 137, 69, 62, 19, 8, 17
2021/2/20, 124, 74, 74, 20, 9, 16
2021/2/21, 136, 67, 71, 17, 11, 15
2021/2/22, 131, 65, 79, 18, 9, 14
2021/2/23, 120, 62, 64, 13, 8, 12
2021/2/24, 106, 65, 53, 19, 10, 14
2021/2/25, 119, 61, 55, 15, 9, 14
2021/2/26, 97, 67, 63, 19, 8, 16
2021/2/27, 115, 71, 72, 18, 8, 16
2021/2/28, 124, 62, 63, 17, 8, 16
2021/3/1, 114, 65, 69, 17, 8, 15
2021/3/2, 113, 67, 61, 11, 14, 13
2021/3/3, 121, 73, 70, 19, 9, 16
2021/3/4, 126, 72, 66, 17, 8, 16
2021/3/5, 129, 71, 67, 18, 9, 17
2021/3/6, 122, 66, 50, 20, 10, 17
2021/3/7, 115, 45, 42, 17, 7, 17
2021/3/8, 92, 53, 40, 19, 8, 16
2021/3/9, 96, 57, 46, 18, 10, 16
2021/3/10, 100, 52, 47, 19, 8, 17
2021/3/11, 91, 65, 58, 19, 8, 16
2021/3/12, 111, 68, 62, 18, 9, 14
2021/3/13, 122, 60, 49, 16, 7, 13
2021/3/14, 102, 60, 51, 15, 8, 13
2021/3/15, 103, 58, 51, 15, 8, 12
2021/3/16, 97, 58, 38, 15, 8, 12
2021/3/17, 94, 63, 43, 17, 9, 13
2021/3/18, 108, 58, 47, 20, 9, 14
2021/3/19, 112, 54, 51, 22, 9, 12
2021/3/20, 118, 58, 53, 19, 9, 5
2021/3/21, 125, 42, 44, 10, 7, 2
2021/3/22, 95, 48, 28, 14, 7, 4
2021/3/23, 89, 54, , 15, 9, 5
2021/3/24, 88, 54, 14, 16, 8, 4
2021/3/25, 89, 53, 56, 15, 7, 5
2021/3/26, 93, 54, 50, 15, 6, 4
2021/3/27, 90, 66, 65, 17, 7, 6
2021/3/28, 114, 85, 71, 14, 10, 5
2021/3/29, 128, 68, 54, 11, 10, 4
2021/3/30, 112, 62, 69, 13, 8, 5
2021/3/31, 105, 71, 59, 16, 8, 5
2021/4/1, 117, 52, 40, 7, 6, 2
2020/10/2, 84, 36, 33, 15, 5, 8
2020/10/3, 59, 29, , 14, 5, 
2020/10/4, 64, 38, , 13, 6, 
2020/10/5, 79, 46, , 20, 6, 
2020/10/6, 86, 43, , 20, 10, 
2020/10/7, 80, 51, , 21, 8, 
2020/10/8, 90, 48, , 17, 6, 
2020/10/9, 101, 54, , 18, , 
2020/10/10, 120, 33, , 13, , 
2020/10/11, 93, 38, , 11, , 
2020/10/12, 92, 20, , 11, , 
2020/10/13, 67, 39, , 15, 8, 
2020/10/14, 94, 31, 8, 13, , 5
2020/10/15, 75, 35, 12, 16, , 7
2020/10/16, 80, 32, , 15, 5, 7
2020/10/17, 68, 30, , 13, 5, 8
2020/10/18, 65, 38, , 15, 7, 10
2020/10/19, 83, 31, 6, 13, 5, 9
2020/10/20, 86, 44, 13, 20, 6, 21
2020/10/21, 103, 39, 3, 17, 4, 21
2020/10/22, 84, 39, , 17, 5, 
2020/10/23, 81, 45, 29, 22, 7, 6
2020/10/24, 81, 36, 38, 18, 14, 9
2020/10/25, 66, 40, 39, 17, 15, 7
2020/10/26, 86, 48, 47, 18, 13, 10
2020/10/27, 92, 47, 17, 20, 13, 18
2020/10/28, 93, 52, 43, 18, 7, 
2020/10/29, 111, 59, 62, 21, 8, 
2020/10/30, 122, 43, 38, 15, 8, 
2020/10/31, 89, 40, 34, 14, 7, 
2020/11/1, 81, 46, 31, 13, 9, 
2020/11/2, 78, 33, 35, 12, 9, 
2020/11/3, 68, 33, 31, 15, 9, 
2020/11/4, 67, 54, 40, 23, 12, 
2020/11/5, 96, 56, 46, 22, 10, 
2020/11/6, 104, 56, 33, 21, 8, 
2020/11/7, 108, 43, 41, 17, 8, 
2020/11/8, 80, 44, 42, 15, 9, 
2020/11/9, 89, 49, 46, 19, 8, 
2020/11/10, 93, 56, 49, 23, 9, 
2020/11/11, 106, 55, 59, 18, 8, 
2020/11/12, 105, 56, 61, 21, 7, 
2020/11/13, 112, 58, 44, 22, 8, 
2020/11/14, 103, 58, 54, 23, 8, 
2020/11/15, 106, 61, 44, 18, 9, 
2020/11/16, 109, 37, 35, 13, 8, 
2020/11/17, 69, 27, 22, 10, 7, 
2020/11/18, 55, 28, 27, 14, 7, 
2020/11/19, 72, 41, 29, 17, 6, 
2020/11/20, 79, 53, 29, 24, 3, 
2020/11/21, 107, 36, 28, 16, 3, 
2020/11/22, 73, 39, 32, 15, 2, 
2020/11/23, 87, 42, 40, 17, 3, 
2020/11/24, 80, 57, 45, 27, 4, 
2020/11/25, 107, 61, 48, 28, 5, 
2020/11/26, 113, 59, 47, 26, 5, 
2020/11/27, 106, 64, 42, 29, 7, 5
2020/11/28, 123, 61, 42, 26, 5, 8
2020/11/29, 116, 60, 53, 23, 5, 7
2020/11/30, 123, 50, 35, 14, 3, 4
2020/12/1, 103, 35, 28, 12, 3, 2
2020/12/2, 73, 70, 30, 19, 5, 4
2020/12/3, 93, 56, 28, 17, 5, 4
2020/12/4, 94, 49, 25, 18, 5, 8
2020/12/5, 88, 48, 23, 18, 6, 
2020/12/6, 97, 43, 24, 14, 4, 
2020/12/7, 86, 50, 22, 20, 6, 
2020/12/8, 102, 50, 31, 22, 6, 
2020/12/9, 106, 55, 36, 23, 6, 
2020/12/10, 128, 58, 45, 21, 5, 
2020/12/11, 126, 51, 35, 19, 4, 
2020/12/12, 110, 49, 30, 20, 5, 
2020/12/13, 118, 41, 32, 16, 4, 
2020/12/14, 92, 51, 36, 17, 4, 
2020/12/15, 91, 48, 28, 22, 4, 4
2020/12/16, 93, 53, 32, 19, 6, 5
2020/12/17, 108, 47, 30, 17, 6, 3
2020/12/18, 98, 51, 34, 22, 6, 6
2020/12/19, 103, 58, 46, 24, 6, 7
2020/12/20, 120, 54, 45, 20, 12, 6
2020/12/21, 116, 44, 40, 18, , 4
2020/12/22, 91, 47, 41, 19, 7, 5
2020/12/23, 102, 55, 40, 22, 5, 6
2020/12/24, 116, 54, 45, 21, 5, 7
2020/12/25, 120, 79, 40, 18, 7, 7
2020/12/26, 136, 45, 34, 17, 7, 4
2020/12/27, 97, 44, 39, 18, , 4
2020/12/28, 92, 49, 56, 21, 6, 5
2020/12/29, 93, 63, 47, 27, 5, 6
2020/12/30, 115, 53, 37, 14, 2, 3
2020/12/31, 95, 37, 34, 10, 7, 2
2021/1/1, 65, , , , , 
2020/7/2, 57, 33, 48, 10, 6, 3
2020/7/3, 98, 33, 46, 9, 7, 3
2020/7/4, 71, 20, 33, 9, 6, 4
2020/7/5, 56, 27, 34, 13, 6, 4
2020/7/6, 74, 26, 34, 14, 7, 4
2020/7/7, 72, 12, 27, 6, 6, 2
2020/7/8, 41, 10, 17, 8, 6, 3
2020/7/9, 35, 21, 30, 15, 7, 4
2020/7/10, 57, 30, 49, 19, 7, 6
2020/7/11, 67, 21, 31, 12, 8, 3
2020/7/12, 56, 15, 32, 6, 6, 3
2020/7/13, 46, 25, 37, 15, 8, 4
2020/7/14, 64, 28, 45, 17, 7, 5
2020/7/15, 68, 30, 36, 18, 8, 5
2020/7/16, 73, 29, 49, 11, 6, 3
2020/7/17, 65, 38, 33, 12, 6, 4
2020/7/18, 71, 49, 37, 11, 6, 4
2020/7/19, 88, 40, 34, 14, 7, 5
2020/7/20, 85, 34, 40, 17, 7, 6
2020/7/21, 75, 24, 38, 15, 6, 5
2020/7/22, 63, 20, 44, 15, 6, 5
2020/7/23, 61, 18, 45, 14, 6, 5
2020/7/24, 59, 20, 44, 11, 7, 5
2020/7/25, 62, 26, 47, 13, 8, 5
2020/7/26, 71, 17, 36, 8, 7, 4
2020/7/27, 56, 19, 28, 8, 6, 4
2020/7/28, 49, 11, 22, 6, 6, 3
2020/7/29, 34, 13, 22, 7, 6, 3
2020/7/30, 36, 24, 37, 11, 7, 4
2020/7/31, 61, 12, 27, 8, 8, 4
2020/8/1, 42, 19, 23, 18, 7, 6
2020/8/2, 61, 28, 33, 15, 7, 6
2020/8/3, 75, 22, 31, 11, 7, 5
2020/8/4, 66, 29, 35, 15, 8, 6
2020/8/5, 73, 33, 48, 14, 8, 6
2020/8/6, 78, 22, 41, 12, 6, 5
2020/8/7, 65, 29, 38, 12, 7, 4
2020/8/8, 58, 18, 30, 8, 6, 4
2020/8/9, 46, 12, 19, 6, 5, 4
2020/8/10, 36, 27, 26, 18, 7, 7
2020/8/11, 69, 26, 34, 15, 8, 6
2020/8/12, 68, 17, 28, 8, 5, 4
2020/8/13, 50, 23, 30, 11, 5, 4
2020/8/14, 44, 27, 37, 15, 8, 6
2020/8/15, 63, , , , , 
2020/8/24, 66, 27, 33, 13, 9, 5
2020/8/25, 64, 18, 22, 10, 8, 5
2020/8/26, 39, 18, 29, 11, 8, 6
2020/8/27, 55, 10, 14, 8, 7, 5
2020/8/28, 37, 20, 30, 13, 8, 6
2020/8/29, 56, 24, 33, 13, 7, 6
2020/8/30, 68, 10, 15, 5, 6, 4
2020/8/31, 38, 21, 25, 10, 9, 5
2020/9/1, 55, 30, 42, 13, 8, 5
2020/9/2, 79, 35, 57, 16, 10, 6
2020/9/3, 87, 39, 43, 15, 14, 6
2020/9/4, 77, 24, 26, 10, 10, 4
2020/9/5, 56, 17, 22, 11, 10, 5
2020/9/6, 53, 22, 29, 12, 8, 7
2020/9/7, 65, 16, 34, 10, 8, 5
2020/9/8, 53, 19, 30, 10, 7, 5
2020/9/9, 56, 25, 20, 11, 7, 5
2020/9/10, 67, , , , , 
2020/9/24, 80, 49, 36, 14, 2, 3
2020/9/25, 90, 43, 30, 15, 1, 3
2020/9/26, 84, 41, 41, 13, 2, 2
2020/9/27, 86, 42, 36, 13, 1, 4
2020/9/28, 88, 41, 46, 10, 3, 3
2020/9/29, 76, 28, 27, 10, 4, 1
2020/9/30, 51, 36, 32, 10, 3, 3
2020/10/1, 62, 54, 53, 16, 8, 3
2020/4/2, 97, 49, 51, 19, 7, 8
2020/4/3, 98, 48, 50, 17, 6, 8
2020/4/4, 90, 41, 48, 15, 5, 7
2020/4/5, 80, 40, 46, 10, 5, 6
2020/4/6, 76, 46, 43, 13, 6, 7
2020/4/7, 87, 44, 39, 14, 6, 7
2020/4/8, 83, 49, 50, 14, 6, 7
2020/4/9, 92, 47, 51, 14, 6, 6
2020/4/10, 90, 40, 48, 10, 8, 5
2020/4/11, 80, 50, 50, 10, 6, 6
2020/4/12, 88, 53, 36, 11, 8, 6
2020/4/13, 98, 49, 51, 14, 6, 6
2020/4/14, 94, 51, 40, 10, 5, 6
2020/4/15, 95, 53, 45, 13, 7, 7
2020/4/16, 99, 57, 49, 12, 6, 7
2020/4/17, 115, 55, 57, 13, 7, 7
2020/4/18, 111, 61, 65, 14, 8, 7
2020/4/19, 119, 56, 52, 11, 7, 7
2020/4/20, 117, 52, 58, 16, 7, 8
2020/4/21, 102, 52, 59, 11, 5, 7
2020/4/22, 88, 37, 66, 15, 7, 7
2020/4/23, 82, 38, 60, 16, 7, 7
2020/4/24, 85, 52, 60, 17, 8, 8
2020/4/25, 105, 49, 50, 14, 8, 7
2020/4/26, 103, 40, 62, 9, 9, 5
2020/4/27, 89, 40, 71, 14, 9, 7
2020/4/28, 84, 38, 60, 16, 7, 7
2020/4/29, 85, 38, 57, 14, 7, 7
2020/4/30, 84, 33, 64, 12, 8, 6
2020/5/1, 67, 31, 54, 14, 7, 6
2020/5/2, 72, 40, 67, 14, 8, 7
2020/5/3, 92, 38, 73, 12, 8, 6
2020/5/4, 87, 40, 69, 12, 9, 7
2020/5/5, 84, 46, 64, 14, 8, 7
2020/5/6, 95, 34, 77, 12, 7, 5
2020/5/7, 75, 27, 58, 13, 8, 6
2020/5/8, 73, 40, 59, 16, 7, 8
2020/5/9, 96, 44, 60, 14, 8, 9
2020/5/10, 101, 34, 66, 11, 8, 6
2020/5/11, 79, 33, 42, 14, 8, 6
2020/5/12, 79, 41, 40, 15, 7, 7
2020/5/13, 94, 47, 37, 15, 8, 8
2020/5/14, 107, 51, 42, 14, 8, 7
2020/5/15, 107, 50, 37, 15, 8, 7
2020/5/16, 105, 46, 31, 12, 8, 7
2020/5/17, 84, 39, 39, 10, 7, 6
2020/5/18, 82, 50, 48, 11, 7, 7
2020/5/19, 100, 46, 48, 16, 7, 8
2020/5/20, 103, 59, 52, 18, 7, 10
2020/5/21, 135, 63, 64, 23, 8, 11
2020/5/22, 135, 53, 47, 13, 8, 6
2020/5/23, 104, 52, 46, 13, 6, 5
2020/5/24, 91, 47, 43, 11, 7, 5
2020/5/25, 94, 45, 54, 14, 7, 4
2020/5/26, 80, 54, 60, 16, 7, 5
2020/5/27, 102, 62, 69, 18, 7, 7
2020/5/28, 133, 56, 54, 17, 8, 5
2020/5/29, 114, 38, 45, 16, 9, 4
2020/5/30, 81, 32, 38, 16, 8, 4
2020/5/31, 73, 37, 40, 16, 8, 5
2020/6/1, 87, 37, 46, 16, 10, 5
2020/6/2, 86, 37, 41, 14, 12, 4
2020/6/3, 82, 26, 25, 11, 8, 3
2020/6/4, 61, 29, 40, 11, 10, 3
2020/6/5, 63, 33, 42, 12, 11, 4
2020/6/6, 68, 42, 37, 13, 11, 4
2020/6/7, 71, 21, 36, 7, 5, 4
2020/6/8, 60, 22, 40, 11, 6, 4
2020/6/9, 61, 29, 54, 15, 5, 4
2020/6/10, 65, 32, 52, 14, 6, 4
2020/6/11, 72, 30, 34, 13, 8, 3
2020/6/12, 70, 26, 36, 9, 7, 2
2020/6/13, 50, 29, 47, 11, 15, 3
2020/6/14, 61, 33, 50, 11, 15, 3
2020/6/15, 73, 38, 45, 15, 14, 4
2020/6/16, 70, 45, 55, 14, 13, 4
2020/6/17, 78, 47, 43, 14, 8, 4
2020/6/18, 80, 40, 39, 13, 8, 4
2020/6/19, 76, 40, 45, 15, 7, 5
2020/6/20, 70, 39, 41, 13, 9, 4
2020/6/21, 77, 29, 40, 13, 8, 5
2020/6/22, 69, 24, 27, 15, 7, 5
2020/6/23, 68, 20, 30, 13, 8, 4
2020/6/24, 60, 13, 26, 9, 6, 3
2020/6/25, 44, 12, 17, 5, 5, 3
2020/6/26, 41, 19, 23, 6, 5, 3
2020/6/27, 51, 34, 35, 9, 5, 3
2020/6/28, 70, 41, 34, 10, 6, 3
2020/6/29, 78, 39, 44, 10, 6, 4
2020/6/30, 79, 25, 42, 12, 7, 4
2020/7/1, 68, 19, 35, 10, 6, 3
2020/1/9, 96, 63, 49, 22, 4, 14
2020/1/10, 105, 73, 36, 20, 7, 16
2020/1/11, 109, 58, 40, 19, 5, 15
2020/1/12, 100, 56, 36, 17, 5, 15
2020/1/13, 103, 53, 36, 15, 4, 12
2020/1/14, 94, 56, 30, 15, 4, 12
2020/1/15, 89, 54, 37, 13, 3, 11
2020/1/16, 82, 60, 42, 14, 4, 12
2020/1/17, 92, 51, 35, 15, 4, 13
2020/1/18, 81, 50, 42, 19, 4, 13
2020/1/19, 94, 22, 26, 8, 4, 9
2020/1/20, 68, 23, 22, 13, 4, 11
2020/1/21, 57, 42, 39, 15, 5, 14
2020/1/22, 103, 51, 37, 20, 4, 13
2020/1/23, 91, 45, 24, 18, 4, 13
2020/1/24, 88, 41, 31, 12, 4, 12
2020/1/25, 82, 47, 28, 12, 5, 14
2020/1/26, 80, 46, 30, 11, 5, 13
2020/1/27, 90, 45, 31, 14, 6, 12
2020/1/28, 76, 52, 40, 15, 4, 14
2020/1/29, 81, 62, 37, 12, 4, 13
2020/1/30, 83, 53, 28, 14, 8, 13
2020/1/31, 81, 42, 28, 12, 5, 12
2020/2/1, 74, 43, 27, 9, 5, 13
2020/2/2, 81, 43, 21, 10, 4, 13
2020/2/3, 80, 41, 26, 5, 4, 11
2020/2/4, 73, 37, 21, 8, 4, 11
2020/2/5, 64, 26, 13, 6, 4, 12
2020/2/6, 64, 22, 29, 11, 4, 13
2020/2/7, 59, 44, 37, 16, 4, 15
2020/2/8, 77, 48, 42, 16, 4, 14
2020/2/9, 97, 45, 40, 14, 4, 15
2020/2/10, 91, 47, 43, 14, 5, 14
2020/2/11, 80, 54, 49, 15, 7, 12
2020/2/12, 93, 60, 30, 15, 7, 12
2020/2/13, 98, 58, 40, 15, 6, 14
2020/2/14, 96, 56, 40, 15, 6, 13
2020/2/15, 102, 53, 52, 19, 6, 15
2020/2/16, 108, 49, 40, 17, 8, 13
2020/2/17, 101, 58, 43, 20, 8, 14
2020/2/18, 90, 61, 61, 22, 4, 14
2020/2/19, 102, 71, 64, 21, , 15
2020/2/20, 115, 71, 49, 21, 9, 15
2020/2/21, 124, 55, 45, 11, 2, 15
2020/2/22, 87, 46, 57, 12, 1, 16
2020/2/23, 79, 56, 54, 13, 1, 17
2020/2/24, 96, 69, 40, 15, 1, 17
2020/2/25, 104, 60, 33, 16, 2, 17
2020/2/26, 89, 64, 36, 18, 3, 17
2020/2/27, 99, 51, 39, 10, 4, 10
2020/2/28, 72, 60, 57, 20, 8, 12
2020/2/29, 99, 60, 51, 24, 9, 13
2020/3/1, 108, , 42, 19, 5, 13
2020/3/2, 98, , 44, 18, 4, 13
2020/3/3, 89, 58, 34, 20, 6, 13
2020/3/4, 89, 59, 41, 19, 6, 12
2020/3/5, 93, 58, 44, 21, 6, 14
2020/3/6, 93, 74, 69, 24, 6, 16
2020/3/7, 129, 62, 58, 19, 6, 14
2020/3/8, 120, 60, 54, 16, 6, 14
2020/3/9, 109, 54, 46, 15, 4, 13
2020/3/10, 90, 55, 60, 22, 5, 17
2020/3/11, 106, 55, 52, 24, 6, 21
2020/3/12, 101, 60, 64, 25, 5, 21
2020/3/13, 104, 62, 52, 29, 6, 18
2020/3/14, 107, 50, 54, 20, 6, 6
2020/3/15, 95, 39, 49, 13, 5, 3
2020/3/16, 76, 44, 42, 16, 6, 4
2020/3/17, 87, 43, 49, 20, 5, 5
2020/3/18, 88, , , , , 
2020/3/20, 80, 47, 55, 18, 7, 5
2020/3/21, 89, 44, 52, 11, 4, 5
2020/3/22, 90, 48, 51, 15, 5, 7
2020/3/23, 97, 48, 54, 15, 6, 6
2020/3/24, 83, 49, 51, 18, 6, 7
2020/3/25, 93, 53, 63, 16, 6, 6
2020/3/26, 88, 58, 49, 18, 5, 8
2020/3/27, 97, 56, 36, 19, 6, 8
2020/3/28, 99, 52, 57, 16, 6, 7
2020/3/29, 92, 51, 11, 24, 5, 11
2020/3/30, 107, , , , , 
2019/10/2, 57, 19, 58, 15, 6, 7
2019/10/3, 64, 30, 57, 14, 7, 8
2019/10/4, 68, 28, 52, 11, 6, 10
2019/10/5, 76, 34, 48, 2, , 10
2019/10/6, 88, 35, 64, 2, 13, 10
2019/10/7, 82, 34, 43, 3, 6, 10
2019/10/8, 70, 23, 29, 15, 7, 7
2019/10/9, 60, 33, 42, 17, 7, 9
2019/10/10, 69, 23, 30, 15, 5, 7
2019/10/11, 60, 30, 51, 17, 8, 8
2019/10/12, 69, 21, 38, 12, 5, 7
2019/10/13, 62, 28, 39, 12, 6, 7
2019/10/14, 74, 31, 53, 14, 8, 8
2019/10/15, 68, 39, 48, 16, 7, 9
2019/10/16, 79, 39, 24, 18, 7, 8
2019/10/17, 75, 11, 19, 12, 6, 7
2019/10/18, 48, 13, 22, 10, 6, 7
2019/10/19, 48, 15, 28, 10, 5, 7
2019/10/20, 51, 14, 20, 8, 5, 6
2019/10/21, 47, 21, 25, 12, 6, 8
2019/10/22, 53, 40, 30, 20, 7, 10
2019/10/23, 85, 49, 33, 18, 8, 9
2019/10/24, 95, 38, 41, 17, 7, 9
2019/10/25, 85, 31, 37, 21, 6, 10
2019/10/26, 84, 22, 37, 14, 6, 8
2019/10/27, 74, 29, 42, 17, 7, 9
2019/10/28, 87, 37, 39, 20, 7, 11
2019/10/29, 99, 24, 33, 16, 7, 8
2019/10/30, 75, 31, 34, 20, 6, 9
2019/10/31, 82, 23, 27, 20, 8, 9
2019/11/1, 63, 34, 33, 18, 8, 
2019/11/2, 81, 27, 30, 14, 9, 
2019/11/3, 78, 16, 32, 15, 9, 
2019/11/4, 60, 36, 42, 20, 9, 11
2019/11/5, 91, 34, 46, 21, 10, 10
2019/11/6, 85, 28, 44, 17, 9, 10
2019/11/7, 74, 39, 45, 20, 9, 9
2019/11/8, 86, 41, 51, 19, 10, 10
2019/11/9, 82, 31, 42, 15, 10, 8
2019/11/10, 72, 30, 44, 15, 9, 8
2019/11/11, 79, 37, 18, 23, 10, 12
2019/11/12, 90, 35, 32, 15, 7, 9
2019/11/13, 84, 16, 24, 7, 4, 6
2019/11/14, 50, 30, 27, 14, 5, 9
2019/11/15, 69, 42, 35, 18, 7, 9
2019/11/16, 94, 34, 32, 21, 6, 11
2019/11/17, 93, 37, 40, 21, 6, 12
2019/11/18, 98, 44, 34, 19, 6, 12
2019/11/19, 105, 39, 28, 18, 6, 11
2019/11/20, 90, 37, 29, 19, 5, 9
2019/11/21, 87, 40, 32, 20, 6, 12
2019/11/22, 95, 51, 31, 22, 6, 13
2019/11/23, 113, 53, 44, 23, 7, 12
2019/11/24, 118, 40, 38, 19, 6, 11
2019/11/25, 104, 40, 30, 19, 6, 11
2019/11/26, 103, 43, 27, 13, 5, 9
2019/11/27, 94, 45, 29, 19, 6, 11
2019/11/28, 99, 48, 25, 19, 6, 11
2019/11/29, 84, 47, 22, 20, 8, 13
2019/11/30, 80, 55, 33, 25, 7, 15
2019/12/1, 102, 48, 36, 20, 7, 12
2019/12/2, 85, 53, 35, 18, 9, 10
2019/12/3, 92, 43, 32, 20, 6, 10
2019/12/4, 84, 55, 46, 23, 7, 12
2019/12/5, 100, 57, 49, 23, 7, 11
2019/12/6, 109, 64, 29, 27, 8, 13
2019/12/7, 112, 54, 42, 21, 10, 11
2019/12/8, 96, 59, 49, 23, 7, 13
2019/12/9, 115, 62, 43, 19, 7, 12
2019/12/10, 110, 56, 34, 20, 6, 11
2019/12/11, 105, 60, 36, 17, 6, 11
2019/12/12, 102, 47, 25, 18, 6, 11
2019/12/13, 97, 50, 27, 21, 7, 12
2019/12/14, 92, 53, 44, 21, 6, 12
2019/12/15, 92, 52, 51, 18, 8, 11
2019/12/16, 101, 48, 34, 15, 6, 10
2019/12/17, 87, 56, 29, 17, 5, 10
2019/12/18, 100, 53, 30, 15, 5, 10
2019/12/19, 89, 49, 35, 15, 6, 10
2019/12/20, 89, 61, 25, 27, 7, 13
2019/12/21, 112, 55, 33, 15, 6, 10
2019/12/22, 102, 44, 29, 17, 7, 10
2019/12/23, 101, 47, 31, 19, 7, 12
2019/12/24, 95, 50, 22, 21, 8, 12
2019/12/25, 98, 85, 35, 20, 8, 13
2019/12/26, 162, 46, 33, 20, 7, 10
2019/12/27, 98, 54, 44, 17, 5, 12
2019/12/28, 103, 52, 5, 22, 5, 16
2019/12/29, 114, , , , , 
2019/7/2, 68, 24, 34, 17, 9, 6
2019/7/3, 58, 22, 42, 11, 7, 5
2019/7/4, 52, 42, 67, 21, 10, 7
2019/7/5, 83, 42, 94, 19, 10, 6
2019/7/6, 86, 33, 64, 18, 12, 6
2019/7/7, 78, 20, 53, 9, 9, 4
2019/7/8, 58, 32, 59, 22, 11, 7
2019/7/9, 73, 34, 63, 21, 11, 7
2019/7/10, 87, 20, 42, 13, 7, 5
2019/7/11, 59, 23, 37, 16, 6, 6
2019/7/12, 60, 24, 43, 19, 6, 6
2019/7/13, 67, 27, 56, 17, 7, 6
2019/7/14, 71, 27, 47, 15, 6, 6
2019/7/15, 80, 26, 57, 16, 7, 6
2019/7/16, 73, 33, 72, 18, 7, 6
2019/7/17, 80, 19, 33, 14, 5, 5
2019/7/18, 58, 28, 48, 13, 6, 5
2019/7/19, 66, 18, 41, 16, 6, 6
2019/7/20, 57, 31, 54, 18, 6, 6
2019/7/21, 78, 26, 51, 14, 7, 5
2019/7/22, 69, 22, 58, 14, 6, 5
2019/7/23, 71, 21, 48, 14, 6, 5
2019/7/24, 62, 19, 49, 16, 7, 5
2019/7/25, 61, 25, 49, 16, 8, 6
2019/7/26, 73, 21, 45, 16, 6, 6
2019/7/27, 72, 16, 56, 10, 6, 4
2019/7/28, 55, 19, 47, 11, 7, 4
2019/7/29, 58, 23, 47, 14, 6, 5
2019/7/30, 62, 25, 52, 12, 6, 5
2019/7/31, 70, 25, 74, 12, 6, 5
2019/8/1, 74, 25, 83, 14, 6, 6
2019/8/2, 69, 38, 55, 20, 8, 7
2019/8/3, 79, 34, 65, 17, 6, 7
2019/8/4, 78, 32, 59, 13, 8, 6
2019/8/5, 88, 22, 52, 15, 7, 6
2019/8/6, 70, 25, 47, 16, 7, 6
2019/8/7, 78, 14, 41, 10, 4, 4
2019/8/8, 52, 17, 43, 12, 5, 5
2019/8/9, 54, 30, 45, 19, 6, 7
2019/8/10, 71, 19, 32, 11, 5, 5
2019/8/11, 62, 13, 38, 7, 6, 4
2019/8/12, 54, 13, 42, 9, 5, 5
2019/8/13, 52, 15, 45, 10, 5, 5
2019/8/14, 58, 22, 65, 13, 6, 6
2019/8/15, 69, 26, 59, 15, 6, 6
2019/8/16, 73, 35, 73, 18, 6, 7
2019/8/17, 90, 28, 71, 13, 6, 6
2019/8/18, 77, 34, 66, 16, 6, 8
2019/8/19, 96, 33, 43, 18, 7, 8
2019/8/20, 86, 28, 68, 14, 6, 6
2019/8/21, 64, 23, 44, 10, 6, 5
2019/8/22, 59, 24, 40, 13, 6, 6
2019/8/23, 66, 26, 38, 18, 7, 7
2019/8/24, 70, 24, 41, 13, 7, 7
2019/8/25, 75, 26, 43, 12, 6, 7
2019/8/26, 71, 25, 46, 15, 7, 7
2019/8/27, 73, 25, 50, 17, 6, 7
2019/8/28, 67, 39, 73, 20, 6, 8
2019/8/29, 97, 38, 79, 16, 6, 7
2019/8/30, 80, 25, 56, 12, 6, 6
2019/8/31, 65, 35, 77, 16, 7, 7
2019/9/1, 77, 37, 70, 15, 6, 7
2019/9/2, 84, 38, 56, 14, 7, 7
2019/9/3, 85, 35, 60, 16, 7, 7
2019/9/4, 81, 36, 48, 16, 7, 7
2019/9/5, 88, 27, 47, 18, 7, 8
2019/9/6, 71, 28, 60, 14, 6, 6
2019/9/7, 71, 37, 53, 22, 7, 9
2019/9/8, 86, 36, 61, 15, 7, 8
2019/9/9, 96, 23, 47, 12, 7, 6
2019/9/10, 67, 19, 45, 12, 8, 6
2019/9/11, 61, 32, 49, 17, 8, 8
2019/9/12, 78, 30, 47, 15, 8, 7
2019/9/13, 78, 21, 43, 12, 7, 6
2019/9/14, 61, 19, 57, 11, 7, 5
2019/9/15, 57, 22, 74, 13, 7, 6
2019/9/16, 63, 34, 71, 14, 8, 7
2019/9/17, 89, 31, 50, 16, 7, 6
2019/9/18, 86, 12, 47, 11, 5, 6
2019/9/19, 50, 20, 47, 15, 5, 7
2019/9/20, 63, 32, 73, 18, 6, 9
2019/9/21, 84, 31, 87, 17, 6, 8
2019/9/22, 86, 27, 68, 13, 5, 7
2019/9/23, 74, 40, 73, 16, 12, 8
2019/9/24, 88, 43, 59, 18, 9, 8
2019/9/25, 93, 34, 52, 20, 7, 8
2019/9/26, 85, 43, 82, 21, 10, 9
2019/9/27, 105, 36, 59, 16, 9, 8
2019/9/28, 80, 20, 40, 13, 6, 7
2019/9/29, 65, 11, 27, 6, 5, 5
2019/9/30, 47, 8, 28, 10, 5, 6
2019/10/1, 49, 17, 31, 12, 6, 7
2019/4/2, 95, 61, 68, 23, 11, 10
2019/4/3, 96, 57, 60, 22, 9, 9
2019/4/4, 93, 59, 54, 26, 7, 10
2019/4/5, 104, 54, 63, 19, 7, 9
2019/4/6, 104, 57, 54, 19, 7, 9
2019/4/7, 97, 52, 56, 17, 8, 9
2019/4/8, 98, 61, 65, 20, 8, 10
2019/4/9, 99, 49, 61, 17, 9, 8
2019/4/10, 87, 59, 81, 20, 10, 9
2019/4/11, 89, 71, 64, 22, 11, 10
2019/4/12, 105, 77, 62, 21, 14, 10
2019/4/13, 106, 59, 71, 24, 18, 10
2019/4/14, 102, 61, 87, 19, 18, 11
2019/4/15, 115, 66, 85, 19, 13, 11
2019/4/16, 133, 68, 73, 21, 8, 11
2019/4/17, 129, 57, 53, 19, 8, 9
2019/4/18, 99, 51, 40, 19, 8, 9
2019/4/19, 89, 56, 56, 14, 11, 8
2019/4/20, 105, 54, 67, 13, 11, 8
2019/4/21, 93, 54, 68, 14, 7, 9
2019/4/22, 98, 56, 77, 25, 8, 12
2019/4/23, 108, 55, 69, 20, 8, 11
2019/4/24, 106, 63, 58, 20, 8, 10
2019/4/25, 123, 62, 62, 21, 8, 11
2019/4/26, 127, 62, 71, 22, 9, 12
2019/4/27, 134, 67, 89, 23, 10, 12
2019/4/28, 148, 64, 84, 25, 9, 13
2019/4/29, 145, 57, 69, 29, 9, 13
2019/4/30, 131, 43, 78, 22, 10, 10
2019/5/1, 99, 32, 71, 18, 9, 8
2019/5/2, 74, 36, 52, 18, 8, 8
2019/5/3, 76, 58, 73, 23, 9, 12
2019/5/4, 122, 67, 72, 26, 8, 14
2019/5/5, 145, , 65, 13, 8, 10
2019/5/8, 98, 64, 51, 22, 8, 10
2019/5/9, 116, 66, 54, 22, 9, 12
2019/5/10, 130, 65, 75, 20, 8, 11
2019/5/11, 138, 69, 77, 22, 9, 13
2019/5/12, 138, 76, 77, 22, 9, 13
2019/5/13, 155, 78, 80, 21, 9, 12
2019/5/14, 157, 75, 83, 23, 10, 13
2019/5/15, 151, 68, 82, 21, 10, 12
2019/5/16, 146, 75, 84, 16, 9, 12
2019/5/17, 160, 57, 67, 19, 8, 11
2019/5/18, 120, 55, 65, 16, 8, 10
2019/5/19, 106, 55, 80, 13, 8, 9
2019/5/20, 109, 48, 92, 14, 7, 9
2019/5/21, 95, 48, 88, 21, 9, 10
2019/5/22, 95, 46, 79, 16, 9, 9
2019/5/23, 87, 57, 102, 19, 7, 10
2019/5/24, 118, 37, 84, 14, 14, 8
2019/5/25, 87, 37, 90, 12, 15, 7
2019/5/26, 83, 39, 88, 11, 15, 7
2019/5/27, 80, 50, 87, 13, 15, 7
2019/5/28, 85, 45, 62, 14, 15, 8
2019/5/29, 96, 53, 65, 16, 13, 8
2019/5/30, 108, 40, 92, 15, 7, 8
2019/5/31, 96, 32, 86, 11, 7, 7
2019/6/1, 79, 24, 51, 13, 7, 7
2019/6/2, 60, 21, 35, 10, 7, 6
2019/6/3, 54, 29, 37, 15, 8, 8
2019/6/4, 68, 25, 26, 16, 8, 9
2019/6/5, 62, 16, 32, 13, 8, 9
2019/6/6, 47, 16, 35, 18, 8, 10
2019/6/7, 56, 21, 65, 16, 8, 9
2019/6/8, 59, 24, 70, 17, 8, 9
2019/6/9, 64, 32, 83, 20, 8, 10
2019/6/10, 74, 40, 69, 19, 9, 8
2019/6/11, 74, 30, 68, 14, 8, 7
2019/6/12, 63, 39, 63, 16, 11, 8
2019/6/13, 78, 33, 57, 15, 10, 8
2019/6/14, 68, 29, 54, 18, 10, 9
2019/6/15, 69, 30, 61, 16, 9, 9
2019/6/16, 72, 30, 63, 13, 9, 8
2019/6/17, 78, 42, 64, 16, 10, 10
2019/6/18, 88, 32, 50, 14, 9, 8
2019/6/19, 64, 41, 49, 28, 10, 12
2019/6/20, 93, 44, 69, 25, 12, 12
2019/6/21, 98, 28, 50, 18, 11, 8
2019/6/22, 70, 34, 62, 25, 10, 11
2019/6/23, 93, 30, 37, 13, 10, 8
2019/6/24, 84, 13, 34, 10, 10, 7
2019/6/25, 42, 13, 23, 9, 9, 6
2019/6/26, 41, 28, 31, 18, 10, 7
2019/6/27, 64, 31, 40, 18, 10, 7
2019/6/28, 77, 28, 55, 13, 10, 5
2019/6/29, 64, 27, 60, 16, 10, 5
2019/6/30, 66, 29, 3, 18, 12, 6
2019/7/1, 71, 28, 43, 18, 9, 6
2019/1/8, 100, 67, 51, 31, 18, 10
2019/1/9, 110, 66, 52, 26, 16, 9
2019/1/10, 112, 59, 40, 18, 15, 7
2019/1/11, 113, 55, 44, 19, 13, 8
2019/1/12, 97, 45, 41, 21, 13, 8
2019/1/13, 101, 43, 45, 18, 13, 8
2019/1/14, 106, 50, 44, 17, 11, 7
2019/1/15, 113, 48, 52, 14, 2, 5
2019/1/16, 86, 53, 51, 18, 4, 6
2019/1/17, 103, 52, 45, 20, 4, 7
2019/1/18, 97, 48, 38, 18, 5, 7
2019/1/19, 92, 51, 46, 21, 9, 9
2019/1/20, 105, 47, 48, 18, 8, 8
2019/1/21, 101, 58, 40, 26, 9, 10
2019/1/22, 108, 56, 45, 20, 8, 8
2019/1/23, 88, 62, 42, 23, 9, 9
2019/1/24, 113, 60, 31, 20, 9, 10
2019/1/25, 97, 54, 33, 19, 9, 8
2019/1/26, 97, 48, 34, 17, 9, 8
2019/1/27, 89, 38, 49, 17, 9, 7
2019/1/28, 81, 53, 40, 20, 9, 8
2019/1/29, 100, 57, 53, 19, 9, 8
2019/1/30, 92, 49, 41, 19, 9, 8
2019/1/31, 80, 59, 42, 23, 10, 10
2019/2/1, 99, 55, 16, 19, 10, 8
2019/2/2, 95, 48, 45, 19, 10, 8
2019/2/3, 98, 50, 34, 18, 10, 8
2019/2/4, 97, 53, 3, 17, 9, 7
2019/2/5, 105, 60, 41, 26, 11, 10
2019/2/6, 114, 63, 24, 22, 8, 9
2019/2/7, 111, 65, 8, 26, 10, 9
2019/2/8, 115, 58, 63, 18, 8, 6
2019/2/9, 97, 46, 21, 13, 7, 5
2019/2/10, 76, 38, 13, 13, 7, 6
2019/2/11, 74, 52, 51, 18, 8, 7
2019/2/12, 91, 56, 55, 16, 7, 8
2019/2/13, 97, 45, 41, 17, 7, 8
2019/2/14, 92, 39, 35, 18, 7, 8
2019/2/15, 90, 49, 41, 19, 7, 9
2019/2/16, 95, 51, 47, 18, 7, 8
2019/2/17, 102, 47, 30, 16, 7, 8
2019/2/19, 45, 48, 28, 14, 7, 8
2019/2/20, 77, 48, 22, 13, 7, 7
2019/2/21, 70, 51, 16, 13, 8, 10
2019/2/22, 73, 48, 30, 12, 6, 8
2019/2/23, 76, 45, 43, 16, 9, 7
2019/2/24, 80, 45, 57, 13, 7, 7
2019/2/25, 80, 48, 43, 19, 6, 7
2019/2/26, 84, 46, 48, 26, 7, 11
2019/2/27, 88, 54, 60, 26, 8, 11
2019/2/28, 88, 54, 64, 23, 9, 10
2019/3/1, 89, 56, 61, 23, 8, 10
2019/3/2, 101, 54, 84, 23, 8, 9
2019/3/3, 100, 55, 71, 21, 8, 10
2019/3/4, 101, 59, 56, 20, 8, 10
2019/3/5, 121, 45, 63, 23, 9, 11
2019/3/6, 73, 47, 62, 20, 8, 8
2019/3/7, 77, 57, 77, 29, 9, 10
2019/3/8, 100, 57, 57, 23, 8, 10
2019/3/9, 89, 54, 73, 22, 9, 9
2019/3/10, 95, 53, 69, 16, 15, 8
2019/3/11, 99, 56, 74, 18, 10, 8
2019/3/12, 93, 57, 45, 18, 8, 8
2019/3/13, 83, 64, 59, 21, 10, 10
2019/3/14, 98, 61, 67, 19, 9, 9
2019/3/15, 96, 62, 54, 19, 9, 10
2019/3/16, 105, 47, 46, 11, 7, 7
2019/3/17, 77, 51, 59, 17, 8, 9
2019/3/18, 96, 52, 41, 14, 9, 8
2019/3/19, 84, 47, 43, 16, 10, 8
2019/3/20, 76, 52, 58, 17, 9, 8
2019/3/21, 80, 47, 44, 17, 9, 8
2019/3/22, 74, 47, 44, 15, 9, 8
2019/3/23, 71, 46, 54, 19, 9, 9
2019/3/24, 78, 50, 86, 17, 9, 9
2019/3/25, 89, 63, 64, 22, 10, 9
2019/3/26, 95, 48, 87, 20, 9, 9
2019/3/27, 69, 54, 74, 18, 10, 8
2019/3/28, 85, 64, 86, 24, 11, 10
2019/3/29, 106, 68, 82, 25, 10, 11
2019/3/30, 109, 66, 90, 24, 11, 10
2019/3/31, 118, 64, 81, 22, 10, 10
2019/4/1, 103, 55, 68, 20, 9, 9
2018/10/2, 65, 35, 39, 15, 7, 7
2018/10/3, 63, 27, 40, 14, 7, 5
2018/10/4, 54, 25, 34, 15, 7, 6
2018/10/5, 58, 27, 40, 15, 8, 7
2018/10/6, 66, 32, 41, 19, 7, 7
2018/10/7, 81, 31, 39, 15, 7, 6
2018/10/8, 88, 30, 36, 16, 7, 7
2018/10/9, 71, 28, 30, 12, 7, 5
2018/10/10, 67, 31, 40, 13, 8, 6
2018/10/11, 67, 24, 33, 13, 7, 5
2018/10/12, 67, 23, 47, 14, 7, 5
2018/10/13, 66, 18, 23, 12, 7, 6
2018/10/14, 58, 14, 18, 8, 7, 5
2018/10/15, 45, 22, 20, 8, 8, 4
2018/10/16, 46, 19, 28, 10, 7, 4
2018/10/17, 46, 25, 26, 14, 7, 5
2018/10/18, 60, 20, 23, 11, 7, 4
2018/10/19, 48, 28, 35, 12, 8, 6
2018/10/20, 55, , , , , 
2018/11/8, 84, 51, 45, 20, 4, 9
2018/11/9, 100, 53, 40, 18, 4, 8
2018/11/10, 98, 38, 39, 12, 4, 5
2018/11/11, 79, 38, 52, 15, 4, 7
2018/11/12, 86, 42, 34, 18, 4, 10
2018/11/13, 88, 39, 23, 15, 4, 8
2018/11/14, 79, 27, 14, 19, 4, 11
2018/11/15, 69, 37, 32, 18, 4, 11
2018/11/16, 89, 35, 33, 15, 4, 8
2018/11/17, 71, 37, 44, 14, 4, 8
2018/11/18, 75, 39, 36, 15, 4, 10
2018/11/19, 82, 40, 47, 17, 4, 9
2018/11/20, 83, 45, 38, 20, 5, 10
2018/11/21, 82, 43, 36, 19, 4, 8
2018/11/22, 77, 59, 59, 32, 6, 11
2018/11/23, 103, 52, 68, 29, 6, 8
2018/11/24, 99, 50, 53, 22, 9, 8
2018/11/25, 106, 43, 37, 20, 10, 8
2018/11/26, 92, 46, 31, 21, 6, 8
2018/11/27, 85, 44, 31, 20, 5, 8
2018/11/28, 79, 25, 27, 8, 4, 4
2018/11/29, 59, 12, 26, 8, 3, 4
2018/11/30, 44, 10, 19, 7, 2, 4
2018/12/1, 32, 22, 26, 12, 3, 6
2018/12/2, 57, 28, 38, 16, 3, 8
2018/12/3, 69, 40, 42, 22, 4, 8
2018/12/4, 80, 45, 33, 23, 4, 8
2018/12/5, 81, 54, 40, 21, 4, 8
2018/12/6, 93, 40, 43, 18, 3, 6
2018/12/7, 80, 35, 26, 16, 2, 5
2018/12/8, 58, 39, 31, 18, 3, 9
2018/12/9, 77, 41, 35, 17, 3, 7
2018/12/10, 84, 51, 40, 23, 4, 9
2018/12/11, 99, 48, 48, 23, 4, 7
2018/12/12, 98, 51, 36, 24, 4, 8
2018/12/13, 115, 50, 28, 26, 4, 8
2018/12/14, 91, 53, 36, 28, 5, 12
2018/12/15, 88, 56, 50, 23, 5, 10
2018/12/16, 110, 60, 62, 27, 6, 12
2018/12/17, 132, 61, 68, 26, 5, 10
2018/12/18, 125, 59, 40, 23, 4, 8
2018/12/19, 120, 54, 31, 23, 5, 8
2018/12/20, 97, 50, 36, 26, 5, 11
2018/12/21, 92, 56, 44, 29, 7, 11
2018/12/22, 104, 67, 70, 32, 9, 12
2018/12/23, 131, 61, 75, 31, 8, 12
2018/12/24, 127, 57, 56, 26, 6, 10
2018/12/25, 115, 71, 47, 22, 7, 11
2018/12/26, 147, 44, 35, 19, 4, 8
2018/12/27, 91, 47, 31, 17, 4, 8
2018/12/28, 91, 41, 32, 18, 4, 8
2018/12/29, 83, 48, 36, 19, 4, 10
2018/12/30, 93, 51, 33, 16, 4, 10
2018/12/31, 98, , , , , 
2018/7/2, 89, 37, 42, 12, 6, 7
2018/7/3, 84, 28, 31, 12, 6, 6
2018/7/4, 68, 45, 43, 18, 6, 8
2018/7/5, 107, 39, 36, 11, 6, 5
2018/7/6, 76, 37, 25, 11, 6, 5
2018/7/7, 69, 28, 33, 12, 5, 5
2018/7/8, 66, 21, 30, 12, 6, 6
2018/7/9, 70, 33, 34, 11, 6, 6
2018/7/10, 73, 21, 31, 13, 6, 6
2018/7/11, 67, 20, 29, 12, 7, 6
2018/7/12, 64, 37, 38, 9, 5, 5
2018/7/13, 75, 45, 41, 17, 6, 7
2018/7/14, 88, 26, 35, 21, 6, 7
2018/7/15, 71, 66, 38, 10, 5, 4
2018/7/16, 107, 57, 39, 21, 8, 6
2018/7/17, 98, 41, 31, 20, 7, 7
2018/7/18, 83, 34, 54, 18, 6, 6
2018/7/19, 82, 35, 50, 17, 6, 5
2018/7/20, 74, 35, 50, 17, 6, 5
2018/7/21, 83, 29, 40, 13, 6, 4
2018/7/22, 72, 40, 52, 14, 7, 5
2018/7/23, 86, 43, 49, 14, 6, 5
2018/7/24, 83, 37, 54, 16, 6, 6
2018/7/25, 86, 38, 60, 18, 6, 5
2018/7/26, 79, 39, 46, 21, 7, 6
2018/7/27, 84, 39, 39, 23, 7, 7
2018/7/28, 102, 32, 43, 23, 7, 7
2018/7/29, 85, , , , , 
2018/7/31, 78, 34, 44, 26, 7, 9
2018/8/1, 87, 27, 42, 19, 6, 5
2018/8/2, 75, 23, 38, 17, 6, 3
2018/8/3, 65, 18, 38, 17, 6, 3
2018/8/4, 61, 21, 25, 20, 6, 5
2018/8/5, 75, 21, 29, 22, 6, 6
2018/8/6, 75, 14, 27, 15, 6, 4
2018/8/7, 61, 28, 17, 13, 6, 3
2018/8/8, 71, 24, 25, 14, 5, 4
2018/8/9, 71, 24, 32, , 5, 4
2018/8/10, 73, 19, 32, 26, 4, 4
2018/8/11, 61, 31, 35, 22, 3, 6
2018/8/12, 79, 17, 29, 16, 3, 4
2018/8/13, 58, 17, 26, 17, 5, 4
2018/8/14, 56, 22, 32, 17, 7, 5
2018/8/15, 63, 20, 28, 18, 8, 6
2018/8/16, 62, 20, 33, 17, 7, 6
2018/8/17, 60, 32, 49, 21, 9, 8
2018/8/18, 75, 25, 42, 18, 8, 6
2018/8/19, 70, 18, 41, 12, 8, 5
2018/8/20, 60, 26, 42, 21, 9, 7
2018/8/21, 72, 16, 31, 14, 7, 5
2018/8/22, 53, 18, 35, 19, 8, 5
2018/8/23, 55, 19, 35, 19, 8, 5
2018/8/24, 60, 17, 36, 21, 9, 6
2018/8/25, 53, 30, 55, 21, 9, 6
2018/8/26, 79, 20, 38, 18, 9, 5
2018/8/27, 65, 23, 43, 22, 9, 6
2018/8/28, 59, 15, 30, 18, 9, 5
2018/8/29, 49, 21, 31, 20, 9, 6
2018/8/30, 58, 34, 38, 18, 13, 6
2018/8/31, 72, 21, 33, 17, 6, 5
2018/9/1, 64, 17, 26, 16, 5, 5
2018/9/2, 53, 28, 34, 21, 5, 7
2018/9/3, 72, 24, 43, 19, 6, 6
2018/9/4, 72, 28, 53, 17, 6, 6
2018/9/5, 72, 19, 37, 14, 6, 5
2018/9/6, 59, 16, 30, 13, 6, 5
2018/9/7, 44, 35, 44, 22, 6, 8
2018/9/8, 83, 41, 44, 25, 6, 9
2018/9/9, 108, 38, 18, 24, 7, 8
2018/9/10, 79, 34, 42, 16, 6, 5
2018/9/11, 79, 32, 33, 13, 6, 5
2018/9/12, 78, 20, 36, 17, 6, 5
2018/9/13, 61, 21, 43, 20, 6, 7
2018/9/14, 68, 18, 30, 15, 6, 6
2018/9/15, 52, 18, 34, 12, 6, 4
2018/9/16, 48, 17, 34, 12, 6, 5
2018/9/17, 54, 22, 32, 18, 6, 6
2018/9/18, 58, 38, 34, 21, 7, 10
2018/9/19, 85, 47, 49, 23, 7, 10
2018/9/20, 101, 30, 55, 16, 6, 6
2018/9/21, 79, 20, 30, 12, 6, 5
2018/9/22, 55, 27, 31, 16, 6, 6
2018/9/23, 68, 26, 38, 14, 6, 6
2018/9/24, 71, 24, 44, 14, 7, 7
2018/9/25, 66, 17, 33, 12, 7, 5
2018/9/26, 57, 17, 36, 12, 6, 5
2018/9/27, 53, 17, 33, 11, 7, 4
2018/9/28, 50, 20, 37, 13, 7, 5
2018/9/29, 59, 20, 37, 12, 7, 6
2018/9/30, 59, 19, 35, 13, 7, 5
2018/10/1, 60, 33, 39, 15, 8, 7
2018/4/2, 85, 47, 44, 31, 8, 7
2018/4/3, 97, 50, 45, 34, 8, 8
2018/4/4, 98, 58, 58, 32, 9, 7
2018/4/5, 103, 50, 49, 25, 7, 6
2018/4/6, 101, 49, 41, 27, 9, 6
2018/4/7, 100, 54, 39, 29, 9, 7
2018/4/8, 107, 52, 50, 24, 9, 7
2018/4/9, 102, 59, 54, 28, 8, 7
2018/4/10, 117, 63, 71, 32, 8, 9
2018/4/11, 126, 33, 49, 26, 7, 6
2018/4/12, 75, 37, 46, 29, 7, 7
2018/4/13, 99, 49, 43, 27, 7, 7
2018/4/14, 100, 48, 38, 24, 8, 7
2018/4/15, 93, 46, 39, 22, 8, 6
2018/4/16, 97, 57, 51, 23, 8, 6
2018/4/17, 102, 49, 48, 26, 8, 6
2018/4/18, 102, 52, 44, 28, 8, 6
2018/4/19, 97, 65, 62, 27, 8, 7
2018/4/20, 102, 63, 61, 23, 8, 6
2018/4/21, 110, 62, 52, 30, 8, 8
2018/4/22, 135, 46, 62, 25, 8, 7
2018/4/23, 111, 44, 56, 26, 8, 7
2018/4/24, 98, 45, 46, 24, 8, 6
2018/4/25, 103, 47, 43, 25, 9, 8
2018/4/26, 101, 58, 50, 24, 9, 9
2018/4/27, 120, 59, 62, 22, 9, 7
2018/4/28, 116, 48, 51, 16, , 6
2018/4/29, 107, 58, 65, 25, 7, 9
2018/4/30, 135, 47, 44, 20, 7, 6
2018/5/1, 97, 44, 48, 20, 8, 6
2018/5/2, 91, 38, 40, 15, 9, 5
2018/5/3, 76, 48, 54, 28, 8, 9
2018/5/4, 108, 46, 61, 26, 8, 8
2018/5/5, 113, 34, 50, 20, 8, 6
2018/5/6, 91, 25, 47, 16, 10, 5
2018/5/7, 74, 37, 40, 21, 11, 7
2018/5/8, 86, 24, 33, 21, 9, 7
2018/5/9, 78, 24, 50, 20, 8, 6
2018/5/10, 71, 35, 47, 18, 9, 6
2018/5/11, 83, 42, 64, 24, 8, 8
2018/5/12, 100, 46, 75, 25, 8, 7
2018/5/13, 108, 39, 73, 20, 8, 7
2018/5/14, 100, 41, 55, 27, 8, 8
2018/5/15, 104, 48, 58, 32, 10, 7
2018/5/16, 112, 42, 47, 28, 11, 5
2018/5/17, 88, 46, 32, 31, 11, 6
2018/5/18, 92, 47, 46, 22, 9, 6
2018/5/19, 96, 51, 55, 18, 9, 7
2018/5/20, 109, 39, 55, 16, 8, 7
2018/5/21, 96, 40, 44, 20, 9, 8
2018/5/22, 93, 45, 47, 23, 9, 9
2018/5/23, 109, 47, 62, 18, 9, 8
2018/5/24, 106, 51, 62, 22, 10, 8
2018/5/25, 104, 49, 44, 19, 12, 7
2018/5/26, 95, 41, 55, 20, 15, 7
2018/5/27, 85, 41, 57, 15, 12, 6
2018/5/28, 87, 48, 40, 18, 7, 7
2018/5/29, 95, 50, 36, 20, 6, 7
2018/5/30, 99, 58, 41, 20, 6, 7
2018/5/31, 97, 56, 36, 21, 6, 7
2018/6/1, 94, 47, 53, 16, 6, 6
2018/6/2, 100, 48, 65, 12, 5, 5
2018/6/3, 102, 38, 42, 8, 5, 5
2018/6/4, 81, 43, 60, 11, 5, 5
2018/6/5, 75, 56, 69, 12, 5, 6
2018/6/6, 98, 52, 59, 14, 5, 6
2018/6/7, 113, 44, 52, 12, 5, 7
2018/6/8, 92, 41, 49, 11, 5, 7
2018/6/9, 81, 28, 34, 13, 5, 7
2018/6/10, 79, 24, 30, 8, 5, 6
2018/6/11, 65, 26, 26, 13, 6, 7
2018/6/12, 69, 27, 21, 13, 6, 7
2018/6/13, 78, 11, 19, 10, 6, 7
2018/6/14, 53, 17, 14, 11, 6, 7
2018/6/15, 60, 16, 19, 11, 6, 7
2018/6/16, 59, 22, 39, 14, 6, 8
2018/6/17, 78, 10, 17, 5, 5, 5
2018/6/18, 52, 11, 11, 7, 6, 6
2018/6/19, 47, 12, 19, 5, , 6
2018/6/20, 51, 23, 30, 9, 5, 7
2018/6/21, 58, 26, 24, 10, 6, 6
2018/6/22, 64, 18, 17, 8, 6, 6
2018/6/23, 51, , , , , 
2018/6/26, 74, 20, 22, 13, 6, 8
2018/6/27, 69, 18, 25, 9, 5, 7
2018/6/28, 61, 18, 28, 13, 6, 8
2018/6/29, 67, 26, 18, 11, 6, 9
2018/6/30, 73, , , , , 
2018/1/30, 58, 25, 34, 31, 8, 3
2018/1/31, 59, 39, 32, 24, 6, 4
2018/2/1, 72, 51, 21, 30, 7, 9
2018/2/2, 102, 58, 53, 34, 10, 11
2018/2/3, 93, , , , , 
2018/2/6, 89, 56, 39, 33, 7, 7
2018/2/7, 103, 63, 64, 33, 8, 7
2018/2/8, 114, 55, 51, 25, 9, 6
2018/2/9, 94, 39, 29, 26, 6, 7
2018/2/10, 70, 27, 34, 26, 6, 6
2018/2/11, 71, 40, 37, 25, 10, 9
2018/2/12, 93, 39, 46, 23, 7, 7
2018/2/13, 77, 43, 44, 22, 6, 6
2018/2/14, 73, 43, 43, 23, 7, 7
2018/2/15, 75, 58, 76, 27, 8, 8
2018/2/16, 108, 62, 78, 28, 15, 8
2018/2/17, 108, 54, 76, 29, 9, 8
2018/2/18, 105, 58, 76, 27, 8, 8
2018/2/19, 115, 48, 53, 20, 7, 5
2018/2/20, 88, 54, 47, 24, 8, 7
2018/2/21, 99, 58, 56, 28, 8, 9
2018/2/22, 100, 64, 76, 31, 8, 12
2018/2/23, 126, 54, 77, 31, 8, 10
2018/2/24, 121, 45, 61, 28, 8, 9
2018/2/25, 94, 42, 68, 26, 8, 8
2018/2/26, 96, 45, 60, 28, 8, 8
2018/2/27, 104, 44, 61, 26, 7, 8
2018/2/28, 95, 56, 75, 30, 7, 8
2018/3/1, 114, 61, 99, 30, 11, 8
2018/3/2, 128, 58, 59, 27, 10, 6
2018/3/3, 111, 58, 86, 31, 11, 7
2018/3/4, 110, 52, 75, 28, 9, 7
2018/3/5, 102, 58, 71, 34, 10, 9
2018/3/6, 117, 56, 69, 35, 9, 9
2018/3/7, 117, 64, 65, 34, 10, 10
2018/3/8, 128, 53, 65, 31, 9, 9
2018/3/9, 114, 55, 63, 33, 9, 9
2018/3/10, 109, 56, 72, 31, 10, 9
2018/3/11, 101, 51, 61, 29, 11, 7
2018/3/12, 104, 57, 53, 28, 13, 7
2018/3/13, 97, 60, 52, 29, 10, 7
2018/3/14, 105, 60, 60, 30, 9, 6
2018/3/15, 101, 56, 49, 34, 9, 6
2018/3/16, 100, 58, 47, 36, 10, 7
2018/3/17, 94, 51, 49, 36, 9, 7
2018/3/18, 92, 54, 55, 37, 9, 7
2018/3/19, 99, 52, 54, 37, 9, 6
2018/3/20, 87, 66, 70, 44, 11, 8
2018/3/21, 104, 62, 65, 36, 9, 6
2018/3/22, 110, 54, 64, 36, 11, 7
2018/3/23, 103, 60, 65, 40, 10, 8
2018/3/24, 106, 56, 56, 39, 9, 7
2018/3/25, 104, 57, 69, 38, 11, 8
2018/3/26, 112, 65, 76, 36, 9, 7
2018/3/27, 124, 62, 71, 37, 9, 7
2018/3/28, 119, 66, 48, 32, 8, 7
2018/3/29, 112, 57, 47, 29, 8, 6
2018/3/30, 109, 50, 44, 30, 10, 6
2018/3/31, 106, 40, 47, 33, 15, 6
2018/4/1, 89, 43, 57, 32, 8, 7
2017/10/2, 55, 28, 32, 25, 5, 6
2017/10/3, 64, 28, 31, 25, 9, 5
2017/10/4, 63, 25, 20, 23, 5, 5
2017/10/5, 59, 27, 31, 24, 6, 5
2017/10/6, 62, 37, 33, 29, 11, 8
2017/10/7, 72, 39, 35, 34, 7, 8
2017/10/8, 78, 35, 41, 34, 5, 6
2017/10/9, 82, 44, 46, 40, 5, 8
2017/10/10, 99, 45, 40, 37, 6, 10
2017/10/11, 102, 32, 29, 24, 5, 7
2017/10/12, 69, 35, 31, 20, 6, 7
2017/10/13, 68, 34, 36, 20, 5, 6
2017/10/14, 65, 28, 41, 24, 5, 7
2017/10/15, 71, 45, 40, 25, 8, 7
2017/10/16, 96, 30, 28, 18, 5, 5
2017/10/17, 69, 37, 40, 22, 5, 6
2017/10/18, 70, 53, 49, 26, 9, 6
2017/10/19, 102, 48, 43, 26, 8, 3
2017/10/20, 93, 54, 27, 28, 10, 10
2017/10/21, 110, 60, 56, 35, 11, 10
2017/10/22, 119, 48, 42, 24, 12, 4
2017/10/23, 95, 37, 33, 22, 11, 3
2017/10/24, 68, 40, 33, 24, 12, 3
2017/10/25, 70, 32, 51, 21, 11, 3
2017/10/26, 66, 48, 41, 28, 12, 7
2017/10/27, 90, 52, 51, 32, 15, 8
2017/10/28, 98, 48, 56, 29, 21, 6
2017/10/29, 92, 50, 50, 30, 13, 7
2017/10/30, 106, 48, 40, 31, 12, 8
2017/10/31, 100, 47, 37, 26, 14, 8
2017/11/1, 96, 54, 9, 44, 15, 10
2017/11/2, 102, 48, 55, 33, 17, 7
2017/11/3, 107, 40, 36, 33, 18, 7
2017/11/4, 70, 47, 36, 37, 32, 9
2017/11/5, 81, 45, 53, 37, 35, 8
2017/11/6, 80, 60, 49, 43, 25, 10
2017/11/7, 95, 58, 38, 45, 14, 12
2017/11/8, 94, 60, 40, 43, 10, 10
2017/11/9, 82, 56, 42, 41, 10, 9
2017/11/10, 113, 59, 53, 36, 9, 9
2017/11/11, 109, 48, 38, 31, 12, 7
2017/11/12, 93, 40, 39, 28, 16, 6
2017/11/13, 82, 37, 35, 23, 10, 4
2017/11/14, 53, 41, 45, 33, 11, 7
2017/11/15, 63, 50, 42, 36, 21, 9
2017/11/16, 94, 57, 42, 38, 15, 10
2017/11/17, 89, 60, 44, 40, 15, 12
2017/11/18, 99, 53, 42, 40, 20, 10
2017/11/19, 101, 36, 6, 28, 12, 7
2017/11/20, 67, 44, , 29, 11, 6
2017/11/21, 85, 53, 34, 31, 12, 9
2017/11/22, 112, 58, 7, 33, 13, 8
2017/11/23, 88, 53, 44, 35, 9, 8
2017/11/24, 97, 64, 62, 42, 8, 12
2017/11/25, 114, 58, 62, 38, 21, 11
2017/11/26, 113, 57, 39, 36, 26, 11
2017/11/27, 99, 52, 44, 35, 22, 8
2017/11/28, 88, 66, 37, 43, 9, 12
2017/11/29, 117, 72, 61, 46, 9, 13
2017/11/30, 130, 71, 60, 47, 12, 12
2017/12/1, 127, 67, 67, 46, 13, 11
2017/12/2, 130, , , , , 
2017/12/6, 131, 70, 58, 36, 12, 11
2017/12/7, 118, 66, 47, 31, 10, 9
2017/12/8, 111, 63, 32, 29, 11, 11
2017/12/9, 103, 52, 44, 32, 9, 9
2017/12/10, 99, 62, 57, 38, 15, 12
2017/12/11, 125, 68, 68, 44, 13, 12
2017/12/12, 123, 78, 54, 44, 13, 14
2017/12/13, 139, 73, 78, 46, 15, 13
2017/12/14, 139, 83, 73, 46, 12, 15
2017/12/15, 146, 73, 52, 37, 10, 13
2017/12/16, 126, 40, 36, 24, 8, 6
2017/12/17, 74, 43, 42, 31, 9, 9
2017/12/18, 86, 68, 42, 34, 11, 14
2017/12/19, 119, 63, 20, 32, 11, 14
2017/12/20, 121, , , , , 
2017/7/2, 62, 18, 31, 13, 8, 6
2017/7/3, 65, 23, 28, 18, 9, 8
2017/7/4, 75, 33, 25, 21, 10, 8
2017/7/5, 86, 42, 44, 25, 10, 9
2017/7/6, 98, 36, 44, 21, 11, 8
2017/7/7, 104, 31, 38, 17, 9, 7
2017/7/8, 84, 24, 29, 17, 10, 7
2017/7/9, 81, 21, 26, 15, 9, 7
2017/7/10, 75, 21, 24, 14, 8, 7
2017/7/11, 69, 24, 27, 18, 9, 8
2017/7/12, 70, 34, 27, 27, 9, 12
2017/7/13, 95, 46, 51, 20, 10, 10
2017/7/14, 112, 50, 56, 18, 10, 8
2017/7/15, 101, 42, 58, 17, 11, 7
2017/7/16, 101, 39, 47, 19, 10, 7
2017/7/17, 107, 43, 49, 27, 9, 10
2017/7/18, 123, 49, 34, 30, 9, 12
2017/7/19, 131, 39, 43, 19, 10, 8
2017/7/20, 110, 30, 29, 18, 10, 8
2017/7/21, 84, 39, 39, 22, 9, 10
2017/7/22, 101, 35, 43, 22, 10, 9
2017/7/23, 100, 41, 43, 25, 11, 10
2017/7/24, 121, 37, 33, 23, 9, 11
2017/7/25, 123, 24, 30, 16, 10, 7
2017/7/26, 92, 17, 28, 47, 10, 6
2017/7/27, 65, 38, 39, 57, 9, 8
2017/7/28, 81, 35, 51, 20, 9, 7
2017/7/29, 80, 39, 51, 29, 10, 7
2017/7/30, 94, 38, 58, 10, 10, 6
2017/7/31, 96, 41, 59, 23, 8, 8
2017/8/1, 97, 45, 59, 28, 7, 7
2017/8/2, 103, 26, 38, 23, 6, 6
2017/8/3, 70, 22, 37, 26, 6, 7
2017/8/4, 70, 35, 64, 34, 5, 8
2017/8/5, 91, 42, 48, 33, 5, 10
2017/8/6, 103, 30, 38, 26, 3, 8
2017/8/7, 78, 38, 62, 31, 5, 8
2017/8/8, 94, 38, 72, 32, 6, 8
2017/8/9, 87, 38, 40, 31, 8, 8
2017/8/10, 81, 13, 25, 22, 4, 7
2017/8/11, 56, 10, 31, 19, 4, 6
2017/8/12, 62, 22, 48, 27, 5, 8
2017/8/13, 75, 16, 37, 23, 4, 7
2017/8/14, 68, 19, 35, 26, 4, 7
2017/8/15, 73, 44, 64, 35, 6, 10
2017/8/16, 118, 20, 31, 24, 4, 7
2017/8/17, 68, 31, 38, 34, 6, 9
2017/8/18, 82, 29, 53, 30, 5, 9
2017/8/19, 83, 38, 61, 34, 6, 9
2017/8/20, 100, 34, 56, 28, 5, 8
2017/8/21, 94, 30, 52, 24, 8, 7
2017/8/22, 75, 29, 45, 26, 5, 7
2017/8/23, 66, 37, 38, 32, 8, 9
2017/8/24, 87, 40, 41, 33, 6, 8
2017/8/25, 88, 36, 38, 32, 12, 8
2017/8/26, 86, 36, 54, 31, 3, 8
2017/8/27, 93, 30, 40, 31, 3, 8
2017/8/28, 90, 20, 33, 31, 2, 8
2017/8/29, 64, 15, 22, 22, 1, 6
2017/8/30, 39, 21, 18, 27, 2, 7
2017/8/31, 52, 28, 36, 32, 2, 8
2017/9/1, 66, 34, 40, 31, 2, 8
2017/9/2, 78, 31, 33, 27, 5, 7
2017/9/3, 72, 23, 30, 24, 4, 5
2017/9/4, 55, 20, 30, 23, 3, 6
2017/9/5, 57, 20, 21, 22, 5, 6
2017/9/6, 56, , , , , 
2017/9/11, 55, 40, 46, 31, 6, 9
2017/9/12, 76, 50, 64, 35, 8, 8
2017/9/13, 92, 57, 63, 38, 10, 8
2017/9/14, 104, 45, 57, 30, 4, 6
2017/9/15, 87, 47, 52, 34, 10, 7
2017/9/16, 91, 43, 66, 31, 8, 6
2017/9/17, 85, 23, 26, 24, 3, 5
2017/9/18, 60, 35, 40, 32, 4, 7
2017/9/19, 81, 45, 46, 28, 5, 6
2017/9/20, 91, 43, 37, 30, 7, 6
2017/9/21, 84, 32, 20, 25, 3, 5
2017/9/22, 70, 20, 25, 19, 3, 4
2017/9/23, 57, 18, 28, 19, 3, 4
2017/9/24, 51, 16, 19, 16, 3, 4
2017/9/25, 50, 23, 19, 21, 8, 4
2017/9/26, 57, 33, 33, 25, 5, 6
2017/9/27, 75, 36, 39, 28, 6, 6
2017/9/28, 86, 32, 26, 26, 5, 5
2017/9/29, 68, 25, 23, 24, 6, 4
2017/9/30, 67, 23, 23, 25, 5, 5
2017/10/1, 61, 21, 30, 23, 4, 4
2017/4/2, 110, 40, 34, 16, 10, 5
2017/4/3, 56, 52, 57, 25, 11, 9
2017/4/4, 86, 65, 40, 25, 14, 8
2017/4/5, 110, 71, 83, 25, 11, 8
2017/4/6, 119, 72, 63, 24, 10, 8
2017/4/7, 123, 59, 86, 28, 9, 9
2017/4/8, 113, 61, 62, 29, 10, 9
2017/4/9, 117, 57, 65, 24, 10, 10
2017/4/10, 112, 61, 75, 26, 9, 8
2017/4/11, 112, 52, 71, 27, 14, 9
2017/4/12, 97, 41, 26, 32, 12, 8
2017/4/13, 90, , , , , 
2017/5/13, 85, 42, 74, 29, 9, 10
2017/5/14, 95, 47, 68, 23, 8, 8
2017/5/15, 111, 58, 84, 29, 9, 10
2017/5/16, 135, 58, 79, 28, 9, 9
2017/5/17, 131, 60, 78, 29, 9, 11
2017/5/18, 123, 65, 89, 31, 8, 11
2017/5/19, 141, 61, 89, 30, 9, 10
2017/5/20, 129, 54, 95, 25, 8, 8
2017/5/21, 110, 52, 85, 25, 8, 8
2017/5/22, 109, 52, 77, 27, 8, 9
2017/5/23, 112, 54, 68, 27, 7, 10
2017/5/24, 125, 62, 87, 24, 6, 8
2017/5/25, 148, 38, 73, 22, 6, 7
2017/5/26, 117, 45, 95, 27, 7, 9
2017/5/27, 130, 49, 76, 23, 6, 7
2017/5/28, 137, 40, 62, 17, 5, 5
2017/5/29, 119, 40, 60, 22, 6, 7
2017/5/30, 109, 32, 48, 17, 6, 7
2017/5/31, 100, 36, 30, 19, 8, 7
2017/6/1, 104, 37, 41, 16, 8, 8
2017/6/2, 97, 39, 40, 18, 8, 8
2017/6/3, 95, 37, 52, 21, 8, 8
2017/6/4, 91, 49, 62, 23, 8, 10
2017/6/5, 126, 44, 69, 23, 7, 9
2017/6/6, 121, 52, 67, 24, 7, 9
2017/6/7, 127, 46, 68, 16, 7, 7
2017/6/8, 114, , , , , 
2017/6/10, 88, 43, 9, 22, 9, 8
2017/6/11, 119, 42, 10, 20, 10, 8
2017/6/12, 117, 43, 72, 18, 12, 7
2017/6/13, 110, 48, 74, 20, 14, 7
2017/6/14, 117, 32, 37, 17, 12, 7
2017/6/15, 92, 33, 45, 15, 11, 7
2017/6/16, 76, 38, 63, 17, 11, 7
2017/6/17, 93, 45, 52, 18, 14, 7
2017/6/18, 112, 40, 58, 17, 12, 7
2017/6/19, 95, 42, 57, 15, 13, 6
2017/6/20, 95, 38, 48, 15, 13, 6
2017/6/21, 75, 44, 64, 17, 10, 7
2017/6/22, 85, 56, 68, 19, 11, 8
2017/6/23, 121, 54, 58, 20, 11, 7
2017/6/24, 127, 45, 38, 20, 11, 7
2017/6/25, 101, 22, 21, 13, 7, 5
2017/6/26, 65, 19, 21, 12, 7, 5
2017/6/27, 60, 25, 31, 16, 8, 6
2017/6/28, 75, 30, 35, 23, 9, 8
2017/6/29, 94, 32, 27, 15, 8, 7
2017/6/30, 88, 30, 31, 15, 8, 6
2017/7/1, 76, 21, 29, 11, 8, 5
2017/1/3, 99, 65, 57, 37, 15, 14
2017/1/4, 125, 67, 39, 35, 12, 14
2017/1/5, 124, 59, 44, 30, 10, 12
2017/1/6, 113, 63, 38, 30, 6, 13
2017/1/7, 120, 61, 50, 24, 5, 11
2017/1/8, 117, 48, 46, 20, 5, 8
2017/1/9, 97, 59, 31, 25, 5, 10
2017/1/10, 98, 55, 38, 27, 5, 10
2017/1/11, 92, 60, 44, 28, 6, 11
2017/1/12, 107, 66, 52, 32, 9, 13
2017/1/13, 116, 56, 32, 27, 5, 11
2017/1/14, 97, 55, 31, 25, 5, 10
2017/1/15, 93, 50, 46, 23, 5, 9
2017/1/16, 88, 58, 55, 26, 6, 11
2017/1/17, 102, 67, 26, 25, 5, 10
2017/1/18, 110, 49, 15, 21, 5, 8
2017/1/19, 82, 63, 34, 19, 6, 9
2017/1/20, 101, 63, 27, 18, 8, 10
2017/1/21, 98, 56, 37, 20, 9, 9
2017/1/22, 99, 54, 37, 21, 7, 11
2017/1/23, 101, 55, 38, 25, 8, 9
2017/1/24, 94, 69, 39, 23, 10, 10
2017/1/25, 116, 60, 39, 20, 6, 7
2017/1/26, 113, 65, 47, 23, 7, 9
2017/1/27, 118, 68, 45, 23, 7, 9
2017/1/28, 121, 58, 43, 20, 7, 7
2017/1/29, 110, 52, 37, 17, 8, 7
2017/1/30, 104, 56, 52, 21, 8, 7
2017/1/31, 112, 61, 51, 24, 8, 9
2017/2/1, 116, 62, 38, 21, 7, 8
2017/2/2, 110, 57, 48, 23, 8, 8
2017/2/3, 111, 61, 55, 21, 9, 7
2017/2/4, 112, 56, 57, 19, 7, 6
2017/2/5, 108, 44, 46, 16, 7, 6
2017/2/6, 87, 55, 45, 22, 9, 8
2017/2/7, 115, 72, 74, 27, 10, 10
2017/2/8, 130, 70, 67, 25, 8, 9
2017/2/9, 123, 61, 43, 20, 8, 7
2017/2/10, 80, 69, 63, 23, 8, 8
2017/2/11, 113, 74, 70, 28, 11, 10
2017/2/12, 135, 63, 72, 23, 8, 8
2017/2/13, 119, 67, 56, 22, 8, 8
2017/2/14, 108, 60, 43, 22, 9, 7
2017/2/15, 103, 63, 37, 17, 7, 6
2017/2/16, 95, 54, 36, 12, 8, 4
2017/2/17, 74, 45, 24, 20, 8, 6
2017/2/18, 69, 53, 28, 22, 8, 7
2017/2/19, 95, 47, 25, 21, 9, 7
2017/2/20, 90, 40, 32, 19, 7, 6
2017/2/21, 64, 59, 41, 26, 11, 8
2017/2/22, 94, 61, 67, 28, 13, 8
2017/2/23, 107, 58, 41, 22, 10, 7
2017/2/24, 96, 50, 51, 23, 10, 7
2017/2/25, 83, 62, 57, 21, 9, 8
2017/2/26, 111, 56, 41, 20, 8, 7
2017/2/27, 101, 63, 70, 25, 9, 9
2017/2/28, 105, 66, 59, 25, 9, 8
2017/3/1, 115, 80, 77, 29, 14, 8
2017/3/2, 139, 60, 73, 23, 14, 6
2017/3/3, 107, 61, 46, 19, 13, 6
2017/3/4, 96, 43, 36, 16, 8, 5
2017/3/5, 72, 45, 44, 21, 10, 7
2017/3/6, 99, 54, 46, 19, 10, 6
2017/3/7, 99, 61, 55, 24, 9, 7
2017/3/8, 115, 48, 50, 24, 10, 7
2017/3/9, 92, 39, 48, 22, 8, 7
2017/3/10, 81, 45, 42, 26, 9, 9
2017/3/11, 95, 40, 45, 20, 8, 7
2017/3/12, 94, 39, 35, 20, 8, 7
2017/3/13, 88, 38, 42, 18, 9, 7
2017/3/14, 82, 36, 40, 17, 11, 6
2017/3/15, 68, 24, 38, 19, 9, 6
2017/3/16, 71, 38, 44, 24, 10, 8
2017/3/17, 89, 52, 52, 25, 14, 8
2017/3/18, 109, 48, 59, 26, 19, 8
2017/3/19, 96, 45, 53, 19, 25, 6
2017/3/20, 94, 41, 44, 20, 13, 6
2017/3/21, 80, 47, 42, 23, 13, 7
2017/3/22, 74, 44, 45, 24, 12, 7
2017/3/23, 72, 55, 53, 24, 12, 8
2017/3/24, 88, 67, 55, 28, 10, 11
2017/3/25, 125, 50, 59, 28, 12, 11
2017/3/26, 104, 45, 56, 18, 10, 7
2017/3/27, 95, 37, 50, 20, 10, 7
2017/3/28, 74, 50, 55, 20, 11, 8
2017/3/29, 88, , , , , 
2017/3/31, 75, 59, 45, 26, 12, 8
2017/4/1, 92, 64, 25, 29, 13, 12
2016/10/29, 73, 44, 27, 20, 17, 10
2016/10/30, 70, 30, 41, 18, 15, 8
2016/10/31, 95, 38, 40, 18, 13, 8
2016/11/1, 87, 38, 27, 20, 14, 9
2016/11/2, 117, 49, 34, 26, 16, 13
2016/11/3, 125, 50, 39, 18, 15, 12
2016/11/4, 87, 32, 30, 15, 16, 9
2016/11/5, 60, 25, 20, 14, 17, 7
2016/11/6, 69, 27, 23, 15, 13, 8
2016/11/7, 88, 31, 25, 15, 13, 9
2016/11/8, 105, 41, 29, 19, 18, 10
2016/11/9, 120, 45, 27, 21, 17, 10
2016/11/10, 82, 23, 20, 19, 14, 10
2016/11/11, 66, 19, 17, 16, 13, 10
2016/11/12, 108, 43, 18, 21, 15, 14
2016/11/13, 96, 32, 23, 16, 13, 10
2016/11/14, 94, 35, 22, 14, 14, 12
2016/11/15, 86, 36, 28, 20, 14, 12
2016/11/16, 130, 44, 28, 19, 14, 11
2016/11/17, 94, 30, 18, 16, 15, 10
2016/11/18, 104, 43, 24, 17, 14, 13
2016/11/19, 126, 48, 30, 19, 18, 13
2016/11/20, 66, 24, 26, 16, 17, 7
2016/11/21, 70, 22, 32, 15, 15, 8
2016/11/22, 104, 37, 39, 17, 15, 9
2016/11/23, 113, 47, 37, 24, 14, 12
2016/11/24, 121, 50, 36, 25, 25, 11
2016/11/25, 132, 55, 50, 28, 19, 12
2016/11/26, 141, 58, 47, 33, 19, 12
2016/11/27, 134, 52, 38, 28, 18, 10
2016/11/28, 121, 46, 40, 27, 19, 11
2016/11/29, 107, 46, 29, 25, 15, 12
2016/11/30, 110, 53, 26, 25, 15, 13
2016/12/1, 96, 45, 23, 20, 13, 11
2016/12/2, 106, 48, 28, 22, 13, 12
2016/12/3, 120, 50, 29, 22, 13, 11
2016/12/4, 106, 41, 26, 19, 12, 11
2016/12/5, 98, 43, 19, 18, 13, 12
2016/12/6, 65, 38, 17, 16, 14, 10
2016/12/7, 87, 45, 22, 19, 13, 11
2016/12/8, 100, 53, 32, 21, 13, 11
2016/12/9, 108, 57, 36, 24, 14, 11
2016/12/10, 127, 56, 32, 26, 17, 11
2016/12/11, 97, 36, 34, 23, 14, 11
2016/12/12, 133, 50, 31, 25, 17, 11
2016/12/13, 139, 56, 44, 29, 18, 12
2016/12/14, 143, 63, 61, 36, 19, 14
2016/12/15, 118, 56, 38, 35, 19, 14
2016/12/16, 140, 73, 42, 36, 17, 15
2016/12/17, 139, 45, 27, 29, 13, 12
2016/12/18, 127, 41, 30, 24, 12, 10
2016/12/19, 126, 42, 34, 21, 11, 10
2016/12/20, 113, 42, 44, 19, 19, 8
2016/12/21, 103, 44, 38, 22, 15, 9
2016/12/22, 100, 46, 30, 23, 14, 8
2016/12/23, 117, 53, 44, 28, 13, 10
2016/12/24, 81, 46, 33, 22, 12, 9
2016/12/25, 111, 57, 39, 28, 15, 13
2016/12/26, 127, 65, 52, 21, 13, 11
2016/12/27, 89, 44, 41, 23, 13, 10
2016/12/28, 95, 47, 38, 24, 10, 10
2016/12/29, 97, 50, 34, 23, 6, 10
2016/12/30, 95, 53, 35, 24, 7, 10
2016/12/31, 64, 29, 37, 17, 5, 6
2017/1/1, 94, 43, 36, 22, 5, 9
2017/1/2, 86, 41, 23, 21, 4, 9
2025/8/2, , 18, 1, , , 
2025/8/3, , 28, 1, , , 
2025/8/4, , 22, 65, , , 
2025/8/5, , 28, 44, , , 
2025/8/6, , 21, 28, , , 
2025/8/7, , 25, 28, , , 
2025/8/8, , 17, 39, 13, , 
2025/8/9, , 27, 53, 22, , 
2025/8/10, , 32, 44, 18, , 
2025/8/11, , 33, 40, 17, , 
2025/8/12, , 21, 38, 16, , 
2025/8/13, , 20, 43, 15, , 
2025/8/14, , 25, 35, 17, , 
2025/8/15, , 20, 31, 14, , 
2025/8/16, , 15, 45, 14, , 
2025/8/17, , 27, 59, 15, , 
2025/8/18, , 28, 35, 16, , 
2025/8/19, , 22, 50, 16, , 
2025/8/20, , 33, 43, 14, , 
2025/8/21, , 36, 38, 10, , 
2025/8/22, , 23, 37, 9, , 
2025/8/23, , 22, 37, 10, , 
2025/8/24, , 19, 35, 8, , 
2025/8/26, , 28, 42, 10, , 
2025/8/27, , 25, 27, 12, , 
2025/8/28, , 18, 20, 7, , 
2025/8/29, , 20, , , , 
2025/7/2, , 15, , , , 
2025/7/3, , 21, , , , 
2025/7/4, , 37, , , , 
2025/7/5, , 46, , , , 
2025/7/6, , 32, , , , 
2025/7/7, , 34, , , , 
2025/7/8, , 37, , , , 
2025/7/9, , 48, , , , 
2025/7/10, , 39, , , , 
2025/7/11, , 45, , , , 
2025/7/12, , 41, , , , 
2025/7/13, , 37, , , , 
2025/7/14, , 18, , , , 
2025/7/15, , 23, , , , 
2025/7/16, , 24, , , , 
2025/7/17, , 28, , , , 
2025/7/18, , 34, , , , 
2025/7/19, , 33, , , , 
2025/7/20, , 33, , , , 
2025/7/21, , 21, , , , 
2025/7/22, , 25, , , , 
2025/7/23, , 33, , , , 
2025/7/24, , 41, , , , 
2025/7/25, , 24, , , , 
2025/7/26, , 19, , , , 
2025/7/27, , 22, , , , 
2025/7/28, , 20, 23, , , 
2025/7/29, , 19, 31, , , 
2025/7/30, , 28, 25, , , 
2025/7/31, , 25, 29, , , 
2025/8/1, , 16, 25, , , 
2025/6/24, , 10, , , , 
2025/6/25, , 35, , , , 
2025/6/26, , 35, , , , 
2025/6/27, , 37, , , , 
2025/6/28, , 32, , , , 
2025/6/29, , 20, , , , 
2025/6/30, , 10, , , , 
2025/7/1, , 12, , , , 
2025/1/1, , 104, 66, 27, , 
2024/11/26, , 60, , 35, , 
2024/7/23, , 18, 25, 10, , 
2024/4/22, , 37, 16, 29, , 
2024/6/9, , 35, 40, 13, , 
2024/1/2, , 46, 31, 16, , 
2024/1/30, , 65, 3, 33, , 
2023/12/17, , 40, 52, 22, , 
2023/7/31, , 174, 50, 50, , 
2023/8/13, , 23, 77, 17, , 
2023/9/3, , 171, 75, 38, , 
2023/6/18, , 34, 57, 13, , 
2023/6/19, , 45, 77, 14, , 
2023/6/20, , 47, 79, 16, , 
2023/2/27, , 52, 24, 18, , 9
2022/7/15, , 12, 25, 15, 4, 2
2022/9/5, , 11, 34, 7, 4, 3
2022/4/4, , 64, 32, 18, 1, 9
2022/5/26, , 50, 71, 16, 4, 8
2022/3/9, , 60, 17, 24, 7, 
2021/11/1, , 49, 41, 25, 5, 15
2021/11/7, , 42, 46, 17, 5, 11
2021/11/8, , 46, 46, 17, 5, 12
2022/1/2, , 62, , 14, 4, 3
2021/7/1, , 17, 26, 9, 4, 3
2021/5/11, , 38, 28, 15, , 8
2021/6/17, , 23, 38, 10, 6, 2
2021/1/6, , 50, 27, 18, 3, 5
2020/8/23, , 29, 44, 9, 12, 4
2020/9/23, , 45, 39, 16, , 2
2020/4/1, , 57, 58, 17, 6, 9
2020/1/8, , 72, 52, 17, 4, 12
2020/3/19, , 34, 16, 23, 5, 
2019/5/7, , 61, 48, 18, 8, 10
2019/1/7, , 56, 34, 27, 22, 6
2019/2/18, , 45, 20, 14, 6, 7
2018/11/7, , 41, 23, 21, 4, 8
2018/7/1, , 42, 34, 9, 5, 6
2018/7/30, , 32, 45, 17, 6, 6
2018/6/25, , 27, 27, 15, 6, 8
2018/1/29, , 29, 31, 22, 8, 2
2018/2/5, , 54, 61, 29, 6, 5
2017/12/5, , 75, 62, 51, 10, 15
2017/9/10, , 22, 21, 27, 3, 6
2017/5/12, , 36, 23, 43, 10, 13
2017/6/9, , 37, 50, 22, 9, 8
2017/3/30, , 54, 18, 30, 11, 10
2016/10/2, , 30, 4, 27, 35, 8
2016/10/4, , 26, 31, 17, 12, 7
2016/10/5, , 31, 25, 22, 14, 8
2016/10/6, , 41, 31, 20, 14, 8
2016/10/7, , 35, 36, 19, 17, 8
2016/10/8, , 43, 46, 22, 16, 9
2016/10/9, , 31, 32, 18, 18, 5
2016/10/10, , 17, 28, 15, 16, 5
2016/10/11, , 33, 31, 23, 15, 8
2016/10/12, , 39, 36, 22, 16, 7
2016/10/13, , 45, 41, 21, 19, 8
2016/10/14, , 28, 36, 18, 17, 6
2016/10/15, , 39, 39, 19, 19, 8
2016/10/16, , 39, 46, 22, 15, 8
2016/10/17, , 41, 47, 21, 15, 8
2016/10/18, , 46, 42, 24, 17, 9
2016/10/19, , 41, 27, 24, 18, 12
2016/10/20, , 47, 2, 31, 15, 16
2016/10/25, , 31, 31, 15, 25, 6
2016/10/26, , 27, 12, 16, 15, 6
2016/7/2, , 27, 40, 12, 9, 7
2016/7/3, , 25, 39, 8, 10, 6
2016/7/4, , 26, 40, 10, 9, 6
2016/7/5, , 25, 39, 18, 9, 6
2016/7/6, , 21, 38, 20, 8, 7
2016/7/7, , 22, 24, 27, 7, 27
2016/7/8, , 46, 42, 21, , 6
2016/7/9, , 32, 52, 18, , 6
2016/7/10, , 32, 34, 14, , 5
2016/7/11, , 34, 21, 18, 9, 7
2016/7/12, , 24, 21, 15, 4, 6
2016/7/13, , 15, 39, 24, 9, 10
2016/7/14, , 38, 27, 21, 7, 8
2016/7/15, , 22, 40, 17, 5, 7
2016/7/16, , 48, 48, 23, 5, 8
2016/7/17, , 46, 39, 19, 10, 8
2016/7/18, , 25, 37, 18, 5, 7
2016/7/19, , 20, 36, 22, 8, 7
2016/7/20, , 25, 45, 18, 7, 6
2016/7/21, , 24, 35, 20, 6, 7
2016/7/22, , 21, 42, 23, 10, 8
2016/7/23, , 26, 26, 13, 5, 6
2016/7/24, , 14, 36, 16, 5, 8
2016/7/25, , 24, 60, 24, 8, 9
2016/7/26, , 41, 41, 18, 8, 7
2016/7/27, , 26, 44, 23, 17, 8
2016/7/28, , 39, 35, 19, 19, 7
2016/7/29, , 27, 22, 18, 17, 7
2016/7/30, , 38, , , , 
2016/8/2, , 27, 49, 18, 20, 7
2016/8/3, , 27, 38, 21, 16, 8
2016/8/4, , 36, 48, 17, 17, 7
2016/8/5, , 28, 26, 17, 18, 7
2016/8/6, , 31, 22, 12, 14, 6
2016/8/7, , 16, 24, 7, 12, 5
2016/8/8, , 12, 22, 12, 15, 6
2016/8/9, , 14, 30, 14, 13, 7
2016/8/10, , 22, 33, 14, 14, 6
2016/8/11, , 19, 40, 21, 15, 11
2016/8/12, , 46, 56, 27, 17, 11
2016/8/13, , 38, 50, 31, 16, 13
2016/8/14, , 48, 54, 20, 14, 9
2016/8/15, , 45, 58, 17, 16, 7
2016/8/16, , 34, 39, 14, 15, 6
2016/8/17, , 25, 30, 13, 12, 5
2016/8/18, , 15, 29, 12, 12, 5
2016/8/19, , 14, 31, 15, 13, 6
2016/8/20, , 20, 38, 24, 15, 8
2016/8/21, , 26, 33, 20, 17, 9
2016/8/22, , 25, 35, 21, 16, 9
2016/8/23, , 22, 43, 22, 15, 10
2016/8/24, , 34, 32, 24, 14, 8
2016/8/25, , 19, 42, 31, 18, 10
2016/8/26, , 31, 45, 35, 17, 14
2016/8/27, , 47, 68, 28, 20, 13
2016/8/28, , 51, , , , 
2016/9/1, , 42, 44, 24, 19, 10
2016/9/2, , 46, 44, 22, 20, 7
2016/9/3, , 32, 42, 19, 15, 6
2016/9/4, , 22, 25, 10, 12, 5
2016/9/5, , 13, 24, 13, 13, 6
2016/9/6, , 19, 26, 22, 15, 8
2016/9/7, , 23, 52, 22, 15, 8
2016/9/8, , 34, 61, 18, 14, 7
2016/9/9, , 42, 44, 19, 14, 8
2016/9/10, , 43, 60, 23, 14, 8
2016/9/11, , 50, 50, 20, 16, 7
2016/9/12, , 45, 8, 35, 14, 11
2016/9/13, , 41, , , , 
2016/9/28, , 20, 22, 22, 17, 7
2016/9/29, , 24, 8, 25, 18, 10
2016/9/30, , 37, , , , 
2016/5/18, , 47, 24, 33, 58, 16
2016/5/19, , 49, 41, 29, 10, 9
2016/5/20, , 51, 53, 28, 9, 8
2016/5/21, , 49, 84, 24, 8, 8
2016/5/22, , 54, 63, 21, 10, 7
2016/5/23, , 43, 61, 22, 9, 8
2016/5/24, , 46, 59, 28, 9, 10
2016/5/25, , 42, 61, 24, 7, 10
2016/5/26, , 48, 53, 19, 9, 9
2016/5/27, , 48, 48, 20, 9, 10
2016/5/28, , 50, 65, 15, 8, 8
2016/5/29, , 40, 53, 12, 8, 8
2016/5/30, , 42, 48, 15, 8, 9
2016/5/31, , 47, 49, 17, 9, 10
2016/6/1, , 45, 42, 20, 10, 9
2016/6/2, , 40, 52, 14, 6, 9
2016/6/3, , 35, 37, 20, 8, 10
2016/6/4, , 38, 54, 22, 11, 12
2016/6/5, , 49, 46, 18, 10, 9
2016/6/6, , 31, 48, 13, 7, 7
2016/6/7, , 27, 47, 21, 9, 10
2016/6/8, , 36, 66, 16, 7, 8
2016/6/9, , 36, 57, 15, 7, 8
2016/6/10, , 39, 54, 19, 10, 10
2016/6/11, , 51, 31, 10, 10, 7
2016/6/12, , 25, 30, 10, 11, 8
2016/6/13, , 26, 30, 8, 8, 6
2016/6/14, , 23, 27, 8, 6, 6
2016/6/15, , 18, 23, 7, 6, 5
2016/6/16, , 14, 28, 8, 8, 5
2016/6/17, , 20, 41, 12, 8, 7
2016/6/18, , 29, 51, 13, 9, 6
2016/6/19, , 34, 39, 10, 10, 5
2016/6/20, , 22, 26, 12, 12, 8
2016/6/21, , 26, 29, 11, 10, 6
2016/6/22, , 22, 32, 9, 7, 6
2016/6/23, , 24, 46, 16, 8, 8
2016/6/24, , 29, 46, 21, 9, 11
2016/6/25, , 50, 37, 13, 10, 8
2016/6/26, , 37, 36, 10, 8, 7
2016/6/27, , 27, 35, 8, 9, 6
2016/6/28, , 16, 53, 7, 8, 6
2016/6/29, , 25, 45, 11, 9, 7
2016/6/30, , 27, 46, 11, 8, 7
2016/7/1, , 23, 36, 16, 9, 8
2016/1/5, , 38, 23, 19, 10, 12
2016/1/6, , 46, 22, 21, 9, 11
2016/1/7, , 45, 22, 19, 9, 8
2016/1/8, , 42, 26, 21, 8, 8
2016/1/9, , 42, 36, 23, 8, 10
2016/1/10, , 48, 20, 21, 15, 9
2016/1/11, , 43, 29, 19, 9, 12
2016/1/12, , 48, 26, 20, 11, 12
2016/1/13, , 57, 26, 18, 7, 7
2016/1/14, , 22, 24, 14, 7, 6
2016/1/15, , 14, 34, 23, 11, 11
2016/1/16, , 38, 23, 30, 12, 20
2016/1/17, , 60, 43, 23, 12, 14
2016/1/18, , 56, 32, 24, 10, 14
2016/1/19, , 53, 39, 25, 14, 10
2016/1/20, , 53, 42, 24, 10, 12
2016/1/21, , 62, 43, 27, 11, 11
2016/1/22, , 59, 56, 47, 14, 17
2016/1/23, , 72, 58, 42, 10, 12
2016/1/24, , 70, 69, 46, 10, 14
2016/1/25, , 73, 50, 39, 9, 13
2016/1/26, , 71, 15, 33, 13, 10
2016/1/27, , 61, 28, 27, 12, 12
2016/1/28, , 62, 38, 31, 8, 9
2016/1/29, , 50, 32, 47, 13, 15
2016/1/30, , 95, 30, 35, 11, 15
2016/1/31, , 85, 11, 37, 8, 11
2016/2/1, , 59, 3, 46, 10, 20
2016/2/2, , 69, , , , 
2016/2/5, , 55, 52, 32, 9, 10
2016/2/6, , 66, 63, 35, 17, 14
2016/2/7, , 78, 53, 33, 8, 9
2016/2/8, , 58, 44, 36, 13, 13
2016/2/9, , 76, 39, 36, 14, 10
2016/2/10, , 73, 37, 33, 14, 12
2016/2/11, , 74, 45, 35, 11, 11
2016/2/12, , 70, 54, 36, 13, 10
2016/2/13, , 63, 58, 35, 17, 10
2016/2/14, , 61, 48, 37, 9, 11
2016/2/15, , 65, 62, 37, 10, 14
2016/2/16, , 71, 63, 38, 10, 12
2016/2/17, , 78, 45, 37, 14, 14
2016/2/18, , 72, 55, 37, 13, 12
2016/2/19, , 83, 68, 32, 9, 12
2016/2/20, , 71, 35, 34, 13, 13
2016/2/21, , 69, , , , 
2015/10/3, , 60, 60, 32, 12, 11
2015/10/4, , 61, 48, 25, 6, 9
2015/10/5, , 51, 51, 28, 12, 10
2015/10/6, , 57, 45, 25, 9, 10
2015/10/7, , 59, 37, 27, 9, 11
2015/10/8, , 64, 48, 26, 9, 9
2015/10/9, , 56, 38, 25, 7, 9
2015/10/10, , 56, 45, 20, , 7
2015/10/11, , 46, 47, 21, , 8
2015/10/12, , 51, 29, 22, 8, 10
2015/10/13, , 65, 34, 23, 12, 11
2015/10/14, , 60, 22, 23, 12, 8
2015/10/15, , 45, 27, 23, 14, 9
2015/10/16, , 39, 30, 27, 14, 10
2015/10/17, , 47, 23, 22, 7, 6
2015/10/18, , 23, 30, 23, 8, 6
2015/10/19, , 18, 33, 29, 9, 7
2015/10/20, , 31, 34, 37, 12, 10
2015/10/21, , 50, 34, 41, 15, 11
2015/10/22, , 54, 29, 25, 5, 6
2015/10/23, , 22, 15, 17, 5, 5
2015/10/24, , 13, 20, 19, 5, 5
2015/10/25, , 16, 28, 30, 9, 8
2015/10/26, , 32, 19, 27, 6, 9
2015/10/27, , 29, 24, 28, 7, 12
2015/10/28, , 35, 12, 24, 8, 12
2015/10/29, , 35, 19, 10, 7, 7
2015/10/30, , 22, 19, 13, 6, 6
2015/10/31, , 16, 17, 10, , 6
2015/11/1, , 9, 27, 15, 7, 8
2015/11/2, , 22, 20, 15, 8, 9
2015/11/3, , 31, 29, 15, 8, 11
2015/11/4, , 27, 43, 24, 10, 11
2015/11/5, , 40, 47, 26, 8, 11
2015/11/6, , 46, 45, 24, 9, 9
2015/11/7, , 50, 37, 22, 12, 8
2015/11/8, , 48, 25, 18, 16, 8
2015/11/9, , 32, 39, 22, 12, 9
2015/11/10, , 36, 36, 26, 12, 10
2015/11/11, , 50, 55, 29, 11, 11
2015/11/12, , 56, 57, 22, 10, 11
2015/11/13, , 59, 35, 20, 13, 8
2015/11/14, , 39, 28, 15, 14, 6
2015/11/15, , 23, 39, 16, 9, 7
2015/11/16, , 25, 46, 18, 8, 8
2015/11/17, , 39, 39, 19, 8, 10
2015/11/18, , 49, 49, 17, 9, 13
2015/11/19, , 57, 47, 27, 11, 15
2015/11/20, , 64, 41, 23, 12, 10
2015/11/21, , 58, 43, 24, 20, 10
2015/11/22, , 52, 37, 20, 13, 9
2015/11/23, , 40, 36, 21, 10, 10
2015/11/24, , 48, 26, 26, 14, 14
2015/11/25, , 50, 27, 21, 10, 12
2015/11/26, , 56, 39, 15, 6, 7
2015/11/27, , 48, 24, 12, 14, 7
2015/11/28, , 35, 39, 18, 9, 12
2015/11/29, , 52, 44, 21, 13, 12
2015/11/30, , 57, 43, 24, 11, 13
2015/12/1, , 61, 43, 25, 11, 14
2015/12/2, , 67, 40, 19, 11, 13
2015/12/3, , 66, 13, 6, 6, 8
2015/12/4, , 53, 29, 24, 6, 7
2015/12/5, , 32, 31, 24, 8, 10
2015/12/6, , 40, 40, 24, 11, 10
2015/12/7, , 53, 36, 22, 10, 9
2015/12/8, , 55, 33, 27, 17, 14
2015/12/9, , 55, 24, 26, 12, 17
2015/12/10, , 60, 50, 29, 11, 14
2015/12/11, , 65, 50, 27, 9, 13
2015/12/12, , 69, 32, 20, 7, 11
2015/12/13, , 55, 21, 12, 6, 7
2015/12/14, , 26, 24, 13, 7, 10
2015/12/15, , 38, 26, 24, 8, 14
2015/12/16, , 49, 24, 24, 12, 15
2015/12/17, , 56, 32, 19, 9, 13
2015/12/18, , 54, 33, 20, 9, 13
2015/12/19, , 57, 27, 23, 12, 13
2015/12/20, , 60, 33, 22, 8, 12
2015/12/21, , 49, 43, 29, 14, 14
2015/12/22, , 62, 40, 34, 12, 14
2015/12/23, , 72, 16, 27, 9, 14
2015/12/24, , 65, 32, 20, 9, 16
2015/12/25, , 58, 39, 23, 11, 21
2015/12/26, , 91, 31, 18, 7, 8
2015/12/27, , 50, 24, 17, 9, 8
2015/12/28, , 47, 35, 19, 8, 8
2015/12/29, , 43, 29, 22, 8, 10
2015/12/30, , 52, 33, 22, 10, 10
2015/12/31, , 54, 38, 23, 9, 12
2016/1/1, , 66, , , , 
2016/1/4, , 50, 19, 17, 7, 9
2015/4/2, , 52, 53, 18, 6, 13
2015/4/3, , 55, 69, 15, 7, 9
2015/4/4, , 44, 76, 11, 6, 7
2015/4/5, , 37, 66, 10, 6, 6
2015/4/6, , 46, 52, 15, 7, 8
2015/4/7, , 52, 65, 14, 7, 9
2015/4/8, , 46, 50, 21, 9, 8
2015/4/9, , 58, 72, 30, 9, 10
2015/4/10, , 64, 75, 29, 9, 10
2015/4/11, , 61, 49, 23, 8, 7
2015/4/12, , 46, 49, 25, 8, 11
2015/4/13, , 53, 44, 21, 7, 10
2015/4/14, , 57, 38, 20, 5, 7
2015/4/15, , 56, 44, 22, 6, 8
2015/4/16, , 58, 43, 26, 9, 11
2015/4/17, , 61, 55, 27, 8, 11
2015/4/18, , 69, 46, 27, 6, 9
2015/4/19, , 63, 51, 23, 6, 7
2015/4/20, , 50, 47, 24, 10, 9
2015/4/21, , 60, 44, 24, 7, 8
2015/4/22, , 63, 54, 26, 10, 10
2015/4/23, , 63, 52, 26, 8, 9
2015/4/24, , 61, 36, 22, 7, 8
2015/4/25, , 58, 40, 23, 6, 8
2015/4/26, , 59, 40, 26, 7, 9
2015/4/27, , 63, 32, 27, 11, 10
2015/4/28, , 62, 31, 25, 6, 8
2015/4/29, , 62, 23, 25, 4, 7
2015/4/30, , 47, 29, 20, 8, 8
2015/5/1, , 40, 33, 28, 6, 9
2015/5/2, , 47, 32, 25, 9, 8
2015/5/3, , 52, 41, 19, , 7
2015/5/4, , 46, 33, 23, 6, 9
2015/5/5, , 49, 50, 26, 6, 9
2015/5/6, , 48, 39, 26, 6, 11
2015/5/7, , 51, , , , 
2015/5/13, , 41, 34, 26, 7, 9
2015/5/14, , 36, 34, 27, 7, 9
2015/5/15, , 37, 35, 24, 6, 10
2015/5/16, , 41, 35, 26, 6, 11
2015/5/17, , 45, 31, 21, 8, 8
2015/5/18, , 32, 42, 23, 6, 12
2015/5/19, , 39, , , , 
2015/5/21, , 28, , , , 
2015/5/23, , 25, 38, 20, 4, 8
2015/5/24, , 33, , , , 
2015/5/26, , 31, 43, 39, 6, 11
2015/5/27, , 37, 37, 32, 7, 9
2015/5/28, , 39, 31, 38, 8, 9
2015/5/29, , 37, 23, 41, 9, 8
2015/5/30, , 37, , , , 
2015/6/3, , 39, , , , 
2015/6/5, , 47, 29, 13, 4, 5
2015/6/6, , 35, , , , 
2015/1/2, , 89, 28, 25, 5, 9
2015/1/3, , 44, 22, 25, 6, 11
2015/1/4, , 42, 33, 26, 9, 11
2015/1/5, , 49, 20, 25, 10, 9
2015/1/6, , 39, 24, 28, 8, 10
2015/1/7, , 46, 32, 27, 9, 9
2015/1/8, , 44, 29, 21, 8, 6
2015/1/9, , 27, 31, 29, 6, 10
2015/1/10, , 54, 32, 29, 7, 11
2015/1/11, , 53, 41, 26, 5, 10
2015/1/12, , 40, 39, 33, 6, 13
2015/1/13, , 59, 39, 37, 7, 14
2015/1/14, , 63, 38, 37, 6, 12
2015/1/15, , 71, 31, 30, 6, 12
2015/1/16, , 59, , , , 
2015/1/18, , 65, 64, 35, 11, 13
2015/1/19, , 68, 41, 36, 10, 13
2015/1/20, , 69, 62, 34, 7, 12
2015/1/21, , 75, 32, 31, 6, 12
2015/1/22, , 71, 33, 26, 6, 10
2015/1/23, , 61, 6, 31, 5, 12
2015/1/24, , 63, , , , 
2015/2/2, , 72, , , , 
2015/2/5, , 46, 49, 30, 9, 13
2015/2/6, , 60, 44, 35, 15, 9
2015/2/7, , 57, 45, 38, 11, 11
2015/2/8, , 62, 44, 37, 7, 11
2015/2/9, , 60, 41, 36, 11, 11
2015/2/10, , 59, 56, 36, 8, 10
2015/2/11, , 58, 41, 37, 8, 11
2015/2/12, , 50, 35, 26, 5, 7
2015/2/13, , 32, 31, 28, 7, 8
2015/2/14, , 42, 28, 38, 7, 13
2015/2/15, , 59, 36, 29, 7, 11
2015/2/16, , 56, 28, 21, 5, 8
2015/2/17, , 38, 19, 23, 6, 8
2015/2/18, , 36, 39, 26, 8, 13
2015/2/19, , 63, 47, 27, 7, 12
2015/2/20, , 57, 33, 24, 8, 10
2015/2/21, , 60, 48, 25, 7, 9
2015/2/22, , 54, 58, 27, 6, 10
2015/2/23, , 56, 52, 27, 7, 10
2015/2/24, , 58, 50, 27, 8, 10
2015/2/25, , 65, 46, 27, 8, 11
2015/2/26, , 65, 36, 25, 7, 9
2015/2/27, , 65, 34, 24, 7, 8
2015/2/28, , 60, 38, 22, 8, 10
2015/3/1, , 58, 67, 27, 7, 10
2015/3/2, , 64, 50, 28, 6, 9
2015/3/3, , 64, 62, 27, 6, 8
2015/3/4, , 62, 58, 28, 9, 10
2015/3/5, , 72, 69, 27, 7, 8
2015/3/6, , 63, 68, 21, 4, 6
2015/3/7, , 75, 50, 19, 7, 7
2015/3/8, , 56, 37, 18, 6, 6
2015/3/9, , 51, 37, 27, 7, 9
2015/3/10, , 56, 29, 20, 5, 7
2015/3/11, , 51, 29, 18, 5, 6
2015/3/12, , 24, 27, 14, 4, 4
2015/3/13, , 21, 26, 16, 4, 5
2015/3/14, , 28, 25, 16, 5, 6
2015/3/15, , 43, 21, 13, 3, 6
2015/3/16, , 19, 29, 14, 4, 6
2015/3/17, , 26, 25, 14, 4, 6
2015/3/18, , 23, 22, 22, 5, 7
2015/3/19, , 43, 26, 17, 4, 8
2015/3/20, , 38, 4, 14, 5, 10
2015/3/21, , 46, , , , 
2015/3/28, , 39, 32, 18, 8, 7
2015/3/29, , 35, 39, 18, 6, 6
2015/3/30, , 35, 51, 21, 5, 8
2015/3/31, , 37, 62, 26, 7, 9
2015/4/1, , 45, 47, 29, 7, 12
2014/10/2, , 26, , , , 
2014/10/7, , 28, 30, 19, 9, 7
2014/10/8, , 27, 36, 22, 9, 8
2014/10/9, , 36, 29, 20, 9, 8
2014/10/10, , 30, 27, 23, 7, 9
2014/10/11, , 32, 31, 29, 8, 11
2014/10/12, , 45, 23, 23, 6, 10
2014/10/13, , 38, 23, 23, 7, 16
2014/10/14, , 37, 23, 23, 13, 11
2014/10/15, , 39, 25, 22, 8, 11
2014/10/16, , 40, 29, 21, 9, 12
2014/10/17, , 45, 29, 22, 10, 8
2014/10/18, , 43, 14, 14, 6, 9
2014/10/19, , 21, 16, 15, 7, 10
2014/10/20, , 21, 16, 15, 13, 8
2014/10/21, , 28, 20, 15, 10, 7
2014/10/22, , 23, 25, 17, 8, 9
2014/10/23, , 28, 21, 16, 9, 8
2014/10/24, , 35, 22, 18, 10, 6
2014/10/25, , 33, 27, 20, 9, 8
2014/10/26, , 33, 32, 19, 7, 7
2014/10/27, , 38, 17, 37, 10, 14
2014/10/28, , 78, 39, 29, 5, 8
2014/10/29, , 59, 34, 29, 5, 12
2014/10/30, , 58, 30, 27, 13, 9
2014/10/31, , 50, 21, 21, 10, 8
2014/11/1, , 43, 21, 20, 7, 7
2014/11/2, , 32, 26, 21, 8, 7
2014/11/3, , 43, 23, 25, 8, 9
2014/11/4, , 50, 18, 20, 7, 9
2014/11/5, , 48, 14, 18, 9, 9
2014/11/6, , 45, 9, 18, 6, 9
2014/11/7, , 51, , , , 
2014/11/26, , 55, 26, 33, 11, 11
2014/11/27, , 45, 24, 42, 11, 15
2014/11/28, , 63, 18, 32, 8, 7
2014/11/29, , 56, 21, 32, 6, 9
2014/11/30, , 53, 21, 34, 8, 17
2014/12/1, , 62, 27, 38, 8, 13
2014/12/2, , 62, 29, 35, 10, 11
2014/12/3, , 62, 47, 36, 8, 
2014/12/4, , 64, 61, 39, 6, 
2014/12/5, , 71, 58, 41, 7, 
2014/12/6, , 69, 42, 39, 9, 
2014/12/7, , 72, 44, 29, 8, 
2014/12/8, , 49, 42, 29, 10, 10
2014/12/9, , 55, 22, 33, 9, 12
2014/12/10, , 52, 44, 33, 11, 11
2014/12/11, , 58, 35, 36, 8, 12
2014/12/12, , 64, 35, 37, 10, 12
2014/12/13, , 65, 32, 30, 6, 9
2014/12/14, , 52, 26, 32, 7, 13
2014/12/15, , 55, 32, 31, 6, 11
2014/12/16, , 52, 27, 33, 7, 12
2014/12/17, , 60, 34, 28, 6, 11
2014/12/18, , 60, 42, 31, 7, 13
2014/12/19, , 69, 35, 31, 6, 11
2014/12/20, , 62, 31, 31, 7, 15
2014/12/21, , 64, 26, 28, 7, 12
2014/12/22, , 58, 22, 32, 9, 11
2014/12/23, , 62, 14, 27, 12, 9
2014/12/24, , 51, 10, 28, 5, 10
2014/12/25, , 23, 24, 19, 4, 6
2014/12/26, , 18, 20, 18, 5, 7
2014/12/27, , 24, 22, 25, 6, 12
2014/12/28, , 42, 34, 29, 6, 9
2014/12/29, , 40, , , , 
2014/7/2, , 12, 21, 12, 2, 5
2014/7/3, , 14, 19, 20, 6, 8
2014/7/4, , 29, 21, 17, 5, 5
2014/7/5, , 18, 24, 17, 6, 5
2014/7/6, , 19, 22, 16, 7, 5
2014/7/7, , 15, 24, 18, 5, 5
2014/7/8, , 17, 21, 23, 5, 8
2014/7/9, , 24, 20, 27, 7, 9
2014/7/10, , 33, 18, 25, 6, 7
2014/7/11, , 23, 34, 21, 5, 5
2014/7/12, , 31, 26, 18, 5, 5
2014/7/13, , 30, 25, 19, 7, 5
2014/7/14, , 27, 24, 26, 6, 7
2014/7/15, , 27, 25, 29, 8, 8
2014/7/16, , 37, 18, 27, 8, 8
2014/7/17, , 27, 18, 21, 5, 7
2014/7/18, , 24, 17, 27, 7, 9
2014/7/19, , 26, 22, 18, 6, 6
2014/7/20, , 23, 28, 21, 7, 5
2014/7/21, , 22, 26, 17, 6, 7
2014/7/22, , 24, 31, 21, 6, 7
2014/7/23, , 35, 26, 22, 6, 7
2014/7/24, , 33, 20, 21, 5, 7
2014/7/25, , 23, 24, 18, 5, 6
2014/7/26, , 29, 9, 19, 5, 6
2014/7/27, , 32, 8, 19, 7, 6
2014/7/28, , 31, 14, 19, 6, 6
2014/7/29, , 30, 26, 15, 5, 7
2014/7/30, , 29, 25, 16, 7, 5
2014/7/31, , 26, 24, 19, 7, 7
2014/8/1, , 35, 32, 21, 7, 8
2014/8/2, , 42, 35, 18, 6, 5
2014/8/3, , 38, 31, 16, 7, 5
2014/8/4, , 33, 13, 14, 8, 5
2014/8/5, , 33, 29, 16, 4, 5
2014/8/6, , 30, 20, 18, 10, 7
2014/8/7, , 27, 16, 18, 5, 7
2014/8/8, , 20, 20, 25, 9, 12
2014/8/9, , 35, 30, 26, 10, 13
2014/8/10, , 38, 33, 25, 9, 9
2014/8/11, , 37, 24, 20, 8, 7
2014/8/12, , 28, 22, 19, 11, 7
2014/8/13, , 20, 23, 22, 11, 7
2014/8/14, , 28, 21, 19, 7, 6
2014/8/15, , 18, 29, 30, 13, 8
2014/8/16, , 42, 20, 16, 14, 5
2014/8/17, , 21, 14, 21, 22, 5
2014/8/18, , 28, 20, 18, 26, 5
2014/8/19, , 26, 12, 16, 31, 6
2014/8/20, , 24, 25, 26, , 9
2014/8/21, , 38, 23, 24, , 9
2014/8/22, , 37, 19, 19, 6, 6
2014/8/23, , 37, 24, 17, 6, 5
2014/8/24, , 23, 23, 26, 8, 7
2014/8/25, , 21, 27, 32, 9, 9
2014/8/26, , 38, 37, 26, 14, 8
2014/8/27, , 37, 31, 23, 16, 7
2014/8/28, , 36, 36, 27, 16, 11
2014/8/29, , 43, 38, 30, 16, 10
2014/8/30, , 48, 30, 25, 15, 9
2014/8/31, , 45, 28, 16, 7, 6
2014/9/1, , 17, 25, 21, 8, 8
2014/9/2, , 19, 28, 25, 10, 9
2014/9/3, , 26, 18, 20, 8, 8
2014/9/4, , 24, 19, 13, 6, 6
2014/9/5, , 15, 35, 20, 8, 8
2014/9/6, , 27, 35, 19, 9, 8
2014/9/7, , 34, 26, 19, 11, 6
2014/9/8, , 22, 23, 17, 8, 6
2014/9/9, , 19, 15, 17, 13, 6
2014/9/10, , 20, 23, 19, 9, 8
2014/9/11, , 23, 25, 20, 8, 9
2014/9/12, , 27, 23, 16, 8, 6
2014/9/13, , 21, 27, 18, 10, 8
2014/9/14, , 34, 23, 13, 7, 6
2014/9/15, , 21, 28, 13, 9, 7
2014/9/16, , 26, 23, 13, 9, 6
2014/9/17, , 25, 19, 10, 7, 4
2014/9/18, , 16, 20, 12, 8, 6
2014/9/19, , 22, 27, 17, 10, 11
2014/9/20, , 32, 30, 23, 10, 13
2014/9/21, , 42, 26, 16, 12, 7
2014/9/22, , 28, 22, 20, 10, 8
2014/9/23, , 31, 25, 15, 8, 7
2014/9/24, , 20, 29, 16, 9, 6
2014/9/25, , 25, 29, 17, 11, 7
2014/9/26, , 31, 18, 18, 9, 8
2014/9/27, , 37, , , , 
2014/4/2, , 56, , , , 
2014/4/4, , 55, 36, 25, 7, 11
2014/4/5, , 57, 35, 19, 6, 10
2014/4/6, , 63, 35, 15, 7, 10
2014/4/7, , 60, 13, 1, 8, 13
2014/4/8, , 49, 37, , 14, 11
2014/4/9, , 62, 40, , 18, 10
2014/4/10, , 62, 35, , 10, 11
2014/4/11, , 69, 53, 31, 10, 13
2014/4/12, , 77, 62, 29, 10, 12
2014/4/13, , 64, 49, 29, 8, 13
2014/4/14, , 69, 44, 26, 8, 12
2014/4/15, , 59, 37, 21, 7, 11
2014/4/16, , 52, 28, 15, 6, 10
2014/4/17, , 54, 28, 20, 10, 12
2014/4/18, , 62, 36, 20, 6, 11
2014/4/19, , 50, 39, 18, 7, 11
2014/4/20, , 32, 39, 22, 6, 11
2014/4/21, , 39, 36, 23, 9, 12
2014/4/22, , 37, 27, 19, 8, 11
2014/4/23, , 33, 29, 23, 7, 11
2014/4/24, , 36, 29, 24, 8, 13
2014/4/25, , 42, 31, 22, 7, 11
2014/4/26, , 39, 32, 23, 13, 12
2014/4/27, , 50, 28, 21, 13, 11
2014/4/28, , 48, 34, 23, 9, 13
2014/4/29, , 51, 28, 30, 9, 15
2014/4/30, , 64, 29, 31, 12, 17
2014/5/1, , 62, 30, 22, 10, 12
2014/5/2, , 52, 26, 21, 8, 11
2014/5/3, , 52, 34, 22, 9, 12
2014/5/4, , 62, 32, 22, 8, 11
2014/5/5, , 45, 36, 28, 10, 14
2014/5/6, , 48, 39, 29, 12, 16
2014/5/7, , 62, 18, 21, 6, 11
2014/5/8, , 29, , 16, , 11
2014/5/9, , 20, 27, 10, 10, 7
2014/5/10, , 35, 42, 12, 17, 7
2014/5/11, , 35, 36, 11, 22, 8
2014/5/12, , 29, 38, 18, 19, 9
2014/5/13, , 39, 24, , , 9
2014/5/14, , 40, 36, , , 6
2014/5/15, , 31, 36, 11, 28, 6
2014/5/16, , 35, 43, 13, 24, 7
2014/5/17, , 45, 39, 17, , 8
2014/5/18, , 53, 23, 19, , 24
2014/5/19, , 47, 28, 26, 16, 7
2014/5/20, , 49, 41, 32, 15, 9
2014/5/21, , 62, 40, 19, 14, 8
2014/5/22, , 58, 40, 19, 6, 7
2014/5/23, , 46, 32, 20, 6, 8
2014/5/24, , 34, 34, 27, 8, 10
2014/5/25, , 47, 22, 18, 2, 7
2014/5/26, , 22, 30, 23, 5, 31
2014/5/27, , 36, 13, 26, , 496
2014/5/28, , 48, 31, 21, 7, 
2014/5/29, , 20, 30, 16, 7, 
2014/5/30, , 24, 22, 23, 9, 12
2014/5/31, , 29, 23, 25, 8, 11
2014/6/1, , 35, 30, 15, 13, 6
2014/6/2, , 28, 32, 15, 10, 6
2014/6/3, , 32, 33, 16, 13, 6
2014/6/4, , 43, 20, 15, 10, 6
2014/6/5, , 28, 26, 13, 10, 6
2014/6/6, , 30, 23, 12, 10, 5
2014/6/7, , 24, 23, 13, 9, 6
2014/6/8, , 24, 24, 12, 10, 5
2014/6/9, , 20, 22, 10, 7, 6
2014/6/10, , 27, 39, 11, 6, 5
2014/6/11, , 27, 24, 12, 8, 5
2014/6/12, , 22, 40, 16, 9, 6
2014/6/13, , 30, 50, 18, 9, 8
2014/6/14, , 38, 40, 18, , 7
2014/6/15, , 47, 35, 16, , 6
2014/6/16, , 38, 22, 18, 4, 8
2014/6/17, , 44, 26, 13, 4, 4
2014/6/18, , 22, 19, 17, 14, 6
2014/6/19, , 24, 25, 17, 11, 6
2014/6/20, , 27, 22, 17, 11, 7
2014/6/21, , 23, 25, 17, 10, 7
2014/6/22, , 25, 35, 16, 10, 6
2014/6/23, , 27, 23, 18, 11, 8
2014/6/24, , 36, 28, 14, 28, 18
2014/6/25, , 23, 18, 10, 8, 5
2014/6/26, , 16, 15, 10, 6, 4
2014/6/27, , 11, 16, 11, 7, 5
2014/6/28, , 12, 20, 11, , 4
2014/6/29, , 11, 18, 15, 9, 6
2014/6/30, , 16, 13, 9, 6, 4
2014/7/1, , 7, 14, 10, 7, 5
2014/1/2, , 76, 21, 21, 9, 5
2014/1/3, , 43, 27, 22, 7, 7
2014/1/4, , 34, 27, 26, 8, 9
2014/1/5, , 45, 30, 23, 7, 7
2014/1/6, , 50, 31, 22, 5, 6
2014/1/7, , 46, 21, 18, 5, 10
2014/1/8, , 42, 16, 29, 7, 19
2014/1/9, , 58, 25, 28, 7, 16
2014/1/10, , 53, 23, 29, 10, 18
2014/1/11, , 59, 31, 29, 15, 18
2014/1/12, , 57, 23, 25, 7, 15
2014/1/13, , 49, 30, 29, 7, 18
2014/1/14, , 54, 26, 23, 13, 14
2014/1/15, , 52, 24, 27, 10, 11
2014/1/16, , 44, 25, 33, 8, 15
2014/1/17, , 62, 32, 31, 11, 18
2014/1/18, , 59, 38, 27, 10, 14
2014/1/19, , 57, 42, 33, 10, 18
2014/1/20, , 66, 21, 35, 9, 17
2014/1/21, , 68, 32, 28, 11, 15
2014/1/22, , 70, 37, 25, 14, 11
2014/1/23, , 67, 39, 32, 9, 18
2014/1/24, , 75, 48, 29, 10, 16
2014/1/25, , 73, 45, 34, 10, 16
2014/1/26, , 68, 37, 28, 8, 18
2014/1/27, , 59, 18, 32, 9, 20
2014/1/28, , 60, 33, 26, 8, 15
2014/1/29, , 62, 26, 30, 14, 14
2014/1/30, , 59, 35, 28, 8, 13
2014/1/31, , 58, 25, 30, 8, 16
2014/2/1, , 63, 35, 25, 8, 16
2014/2/2, , 70, 40, 24, 9, 13
2014/2/3, , 59, 34, 26, 6, 13
2014/2/4, , 60, 32, 27, 8, 14
2014/2/5, , 65, 35, 24, 6, 13
2014/2/6, , 63, 34, 24, 7, 12
2014/2/7, , 66, 30, 27, 8, 15
2014/2/8, , 61, 34, 29, 11, 18
2014/2/9, , 55, 35, 26, 7, 15
2014/2/10, , 43, 34, 27, 9, 14
2014/2/11, , 53, 31, 26, 10, 14
2014/2/12, , 59, 30, 27, 11, 14
2014/2/13, , 56, 39, 27, 10, 13
2014/2/14, , 60, 36, 31, 10, 14
2014/2/15, , 64, 33, 32, 11, 14
2014/2/16, , 60, 38, 29, 11, 13
2014/2/17, , 61, 39, 33, 8, 14
2014/2/18, , 66, 1, 36, 8, 16
2014/2/19, , 72, 21, 33, 10, 16
2014/2/20, , 78, 40, 32, 9, 14
2014/2/21, , 75, 40, 28, 11, 16
2014/2/22, , 81, 33, 24, 6, 12
2014/2/23, , 63, 31, 24, 9, 13
2014/2/24, , 62, 34, 25, 9, 15
2014/2/25, , 65, 40, 25, 9, 13
2014/2/26, , 66, 35, 25, 10, 14
2014/2/27, , 62, 27, 23, 9, 13
2014/2/28, , 64, 25, 20, 7, 13
2014/3/1, , 64, 32, 25, 11, 14
2014/3/2, , 58, 31, 24, 8, 14
2014/3/3, , 57, 23, 25, 8, 15
2014/3/4, , 58, 24, 17, 10, 12
2014/3/5, , 61, 25, 19, 10, 11
2014/3/6, , 63, 29, 23, 9, 13
2014/3/7, , 60, 22, 21, 10, 13
2014/3/8, , 61, 25, 21, 8, 12
2014/3/9, , 59, 18, 15, 10, 11
2014/3/10, , 50, 14, 16, 14, 12
2014/3/11, , 46, 21, 16, 8, 10
2014/3/12, , 42, 38, 19, 7, 11
2014/3/13, , 57, 29, 21, 10, 11
2014/3/14, , 63, 26, 26, 12, 15
2014/3/15, , 63, 31, 22, 10, 13
2014/3/16, , 62, 19, 18, 9, 10
2014/3/17, , 62, 18, 15, 7, 8
2014/3/18, , 49, 14, 20, 14, 14
2014/3/19, , 59, 23, 17, 8, 12
2014/3/20, , 54, 36, 24, 8, 14
2014/3/21, , 65, 35, 28, 9, 14
2014/3/22, , 61, 20, 25, 10, 16
2014/3/23, , 56, 31, 24, 12, 13
2014/3/24, , 53, 30, 23, 10, 12
2014/3/25, , 59, 31, 26, 7, 13
2014/3/26, , 63, 23, 13, 5, 9
2014/3/27, , 52, 12, 22, 15, 12
2014/3/28, , 53, , , , 
2025/8/25, , , 34, 11, , 
2025/4/4, , , 34, 20, , 
2025/4/5, , , 34, 18, , 
2025/4/6, , , 16, 19, , 
2025/4/7, , , 32, 15, , 
2025/4/8, , , 33, 17, , 
2025/4/9, , , 45, 16, , 
2025/4/10, , , 51, 18, , 
2025/4/11, , , 56, 17, , 
2025/4/12, , , 57, 17, , 
2025/4/13, , , 51, 17, , 
2025/4/14, , , 51, 22, , 
2025/4/15, , , 60, 22, , 
2025/4/16, , , 67, 17, , 
2025/4/17, , , 81, 16, , 
2025/4/21, , , 39, 14, , 
2025/4/22, , , 47, 13, , 
2025/4/23, , , 50, 16, , 
2025/4/24, , , 49, 17, , 
2025/4/25, , , 61, 18, , 
2025/4/26, , , 73, 13, , 
2025/4/27, , , 57, 13, , 
2025/4/28, , , 61, 11, , 
2025/4/29, , , 46, 19, , 
2025/4/30, , , 50, 25, , 
2025/5/1, , , 50, 19, , 
2025/5/2, , , 51, 20, , 
2025/5/3, , , 54, 17, , 
2025/5/4, , , 43, 12, , 
2025/5/5, , , 42, 17, , 
2025/5/6, , , 36, 19, , 
2025/5/7, , , 48, 19, , 
2025/5/8, , , 43, 20, , 
2025/5/9, , , 40, 21, , 
2025/5/10, , , 44, 12, , 
2025/5/11, , , 35, 16, , 
2025/5/12, , , 60, 18, , 
2025/5/13, , , 48, 19, , 
2025/5/14, , , 63, 19, , 
2025/5/15, , , 60, 20, , 
2025/5/16, , , 67, 17, , 
2025/5/17, , , 61, 18, , 
2025/5/18, , , 44, 22, , 
2025/5/19, , , 52, 22, , 
2025/5/20, , , 68, 19, , 
2025/5/21, , , 58, 20, , 
2025/5/22, , , 49, 18, , 
2025/5/23, , , 52, 15, , 
2025/5/24, , , 44, 9, , 
2025/5/25, , , 35, 9, , 
2025/5/26, , , 35, 13, , 
2025/5/27, , , 47, 15, , 
2025/5/28, , , 28, 9, , 
2025/5/29, , , 25, 9, , 
2025/5/30, , , 33, 10, , 
2025/5/31, , , 38, 14, , 
2025/6/1, , , 43, 10, , 
2025/6/2, , , 29, 13, , 
2023/8/3, , , 70, 45, , 
2023/8/4, , , 56, 35, , 
2023/8/5, , , 75, 39, , 
2023/8/6, , , 70, 35, , 
2023/8/7, , , 88, 40, , 
2023/8/8, , , 103, 40, , 
2023/8/9, , , 79, 35, , 
2023/8/10, , , 85, 45, , 
2023/8/11, , , 86, 35, , 
2023/8/12, , , 80, 22, , 
2019/5/6, , , 58, 18, 9, 11
2016/8/1, , , 45, 14, 14, 7
2016/8/31, , , 49, 23, 14, 7
2016/9/27, , , 10, 22, 19, 6
2016/10/1, , , 4, 27, 35, 8
2016/5/17, , , 58, 27, 57, 14
2016/2/4, , , 15, 36, 7, 8
2015/10/2, , , 42, 29, 10, 12
2016/1/3, , , 8, 23, 8, 12
2015/5/12, , , 19, 32, 9, 10
2015/5/20, , , 33, 20, 5, 9
2015/5/22, , , 31, 16, 9, 6
2015/5/25, , , 29, , 7, 10
2015/6/2, , , 36, 41, 5, 9
2015/6/4, , , 44, 20, 7, 8
2015/1/1, , , 31, 28, 7, 12
2015/1/17, , , 59, 33, 8, 12
2015/2/1, , , 7, 40, 7, 14
2015/2/4, , , 21, 25, 6, 10
2015/3/27, , , 27, 19, 5, 7
2014/10/1, , , 8, 17, 4, 7
2014/10/6, , , 18, 18, 5, 6
2014/11/25, , , 4, 26, 5, 12
2014/4/1, , , 6, 39, 8, 16
2014/4/3, , , 25, 19, 6, 10
2014/1/1, , , 26, 23, 10, 16
2025/4/18, , , , 17, , 
2025/4/19, , , , 14, , 
2025/4/20, , , , 11, , 