date, pm25, pm10, o3, no2, so2, co
2025/1/2, 157, 64, 39, 25, 4, 8
2025/1/3, 109, 63, 36, 22, 4, 7
2025/1/4, 101, 50, 24, 17, 4, 6
2025/1/5, 87, 51, 28, 21, 3, 8
2025/1/6, 91, 52, 20, 22, 4, 9
2025/1/7, 83, 50, 25, 19, 3, 7
2025/1/8, 82, 55, 21, 18, 3, 8
2025/1/9, 86, 55, 20, 15, 3, 8
2025/1/10, 78, 40, 14, 15, 3, 7
2025/1/11, 70, 21, 14, 11, 2, 6
2025/1/12, 58, 19, 17, 10, 2, 5
2025/1/13, 57, 37, 22, 16, 3, 9
2025/1/14, 72, 45, 20, 18, 3, 9
2025/1/15, 79, 47, 18, 21, 4, 9
2025/1/16, 87, 53, 16, 26, 5, 10
2025/1/17, 85, 54, 29, 25, 4, 11
2025/1/18, 91, 53, 32, 24, 5, 16
2025/1/19, 92, 47, 32, 19, 6, 13
2025/1/20, 80, 46, 29, 14, 5, 9
2025/1/21, 78, 55, 29, 13, 4, 8
2025/1/22, 84, 59, 34, 24, 4, 9
2025/1/23, 90, 58, 31, 25, 4, 10
2025/1/24, 87, 63, 44, 23, 4, 9
2025/1/25, 101, 55, 39, 21, 4, 8
2025/1/26, 89, 65, 62, 26, 4, 9
2025/1/27, 110, 65, 46, 26, 5, 10
2025/1/28, 100, 73, 44, 26, 5, 10
2025/1/29, 101, 63, 37, 26, 4, 10
2024/10/2, 74, 35, , 12, , 3
2024/10/3, 69, 50, , 18, , 6
2024/10/4, 84, 52, , 19, , 6
2024/10/5, 91, 41, , 13, , 5
2024/10/6, 85, 25, , 7, , 3
2024/10/7, 59, 31, , 18, , 7
2024/10/8, 69, 34, , 17, , 6
2024/10/9, 84, 55, , 17, , 6
2024/10/10, 100, 44, , 16, , 4
2024/10/11, 69, 51, , 17, , 5
2024/10/12, 77, 49, , 16, , 5
2024/10/13, 84, 58, , 13, , 4
2024/10/14, 109, 60, , 19, , 7
2024/10/15, 104, 58, , 19, , 7
2024/10/16, 99, 59, , 18, , 6
2024/10/17, 90, 54, , 14, , 5
2024/10/18, 94, 56, , 19, , 6
2024/10/19, 92, 51, , 13, , 5
2024/10/20, 78, 28, , 9, , 3
2024/10/21, 61, 26, , 12, , 5
2024/10/22, 59, 38, , 14, , 5
2024/10/23, 70, 52, , 14, , 5
2024/10/24, 93, 51, , 15, , 5
2024/10/25, 97, 62, , 21, , 6
2024/10/26, 98, 59, , 18, , 5
2024/10/27, 110, 50, , 12, , 4
2024/10/28, 95, 66, , 18, , 7
2024/10/29, 123, 70, , 24, , 8
2024/10/30, 125, 55, , 23, , 8
2024/10/31, 107, 60, , 22, , 8
2024/11/1, 116, 61, , 21, , 10
2024/11/2, 110, 47, , 13, , 6
2024/11/3, 111, 51, , 13, , 5
2024/11/4, 113, 63, , 20, , 8
2024/11/5, 125, 58, , 20, , 8
2024/11/6, 109, 49, , 17, , 8
2024/11/7, 93, 62, , 21, , 9
2024/11/8, 111, 62, , 24, , 10
2024/11/9, 96, 54, , 19, , 7
2024/11/10, 89, 48, , 17, , 6
2024/11/11, 83, 54, , 21, , 7
2024/11/12, 83, 52, , 21, , 8
2024/11/13, 82, 58, , 20, , 6
2024/11/14, 95, 51, , 17, , 6
2024/11/15, 80, 58, , 23, , 8
2024/11/16, 92, 64, , 24, , 8
2024/11/17, 109, 55, , 17, , 7
2024/12/4, 96, 75, 19, 34, 4, 11
2024/12/5, 103, 64, 45, 27, 3, 9
2024/12/6, 95, 66, 27, 29, 2, 10
2024/12/7, 91, 52, 31, 15, 2, 6
2024/12/8, 73, 39, 31, 16, 1, 6
2024/12/9, 67, 59, 40, 26, 2, 11
2024/12/10, 88, 66, 39, 28, 2, 10
2024/12/11, 101, 63, 29, 26, 3, 9
2024/12/12, 98, 62, 40, 30, 1, 9
2024/12/13, 110, 65, 43, 33, 4, 11
2024/12/14, 110, 60, 31, 34, 1, 11
2024/12/15, 92, 55, 35, 28, 1, 9
2024/12/16, 88, 50, 27, 24, 2, 9
2024/12/17, 79, 59, 26, 29, 3, 10
2024/12/18, 84, 72, 34, 29, 2, 11
2024/12/19, 114, 50, 24, 19, 1, 6
2024/12/20, 84, 66, 31, 23, 2, 8
2024/12/21, 108, 55, 27, 19, 1, 6
2024/12/22, 96, 38, 30, 15, 3, 5
2024/12/23, 82, 46, 19, 24, 2, 10
2024/12/24, 85, 48, 25, 23, 1, 10
2024/12/25, 91, 77, 32, 19, 1, 10
2024/12/26, 147, 45, 28, 18, 1, 7
2024/12/27, 90, 53, 31, 24, 1, 8
2024/12/28, 85, 55, 31, 27, 1, 9
2024/12/29, 85, 54, 40, 28, 1, 9
2024/12/30, 89, , , , , 
2024/7/2, 37, 12, 20, 8, 1, 2
2024/7/3, 39, 13, 21, 9, 1, 2
2024/7/4, 47, 21, 31, 11, 1, 3
2024/7/5, 53, 34, 40, 18, 2, 5
2024/7/6, 70, 43, 41, 18, 1, 5
2024/7/7, 80, 51, 46, 15, 1, 4
2024/7/8, 98, 51, 58, 18, 1, 5
2024/7/9, 100, , 36, 14, 2, 3
2024/7/24, 72, 39, 28, 19, , 6
2024/7/25, 84, 38, 34, 12, , 4
2024/7/26, 75, 35, 28, 11, , 3
2024/7/27, 68, 32, 31, 15, , 4
2024/7/28, 71, 37, 41, 15, , 5
2024/7/29, 82, 40, 38, 16, , 4
2024/7/30, 85, 41, 26, 16, , 5
2024/7/31, 91, 39, 28, 11, , 5
2024/8/1, 77, 43, 45, 14, , 8
2024/8/2, 85, 41, 26, 18, , 8
2024/8/3, 83, 31, 28, 14, , 8
2024/8/4, 72, 26, 42, 10, , 7
2024/8/5, 66, 31, 29, 14, , 9
2024/8/6, 72, 32, 31, 16, , 9
2024/8/7, 72, 33, 36, 13, , 8
2024/8/8, 81, 39, 45, 14, , 8
2024/8/9, 82, 50, 43, 18, , 9
2024/8/10, 94, 29, 23, 9, , 7
2024/8/11, 70, 23, 15, 11, , 8
2024/8/12, 65, 31, 22, 9, , 8
2024/8/13, 69, 35, 34, 13, , 8
2024/8/14, 71, 40, 32, 15, , 9
2024/8/15, 82, 33, 37, 15, , 8
2024/8/16, 78, 23, 20, 12, , 8
2024/8/17, 64, 26, 24, 12, , 8
2024/8/18, 68, 32, 43, 11, , 8
2024/8/19, 77, 36, 39, 14, , 8
2024/8/20, 71, 32, 45, 12, , 8
2024/8/21, 71, 34, 41, 13, , 8
2024/8/22, 70, 36, 43, 18, , 9
2024/8/23, 77, 24, 20, 20, , 9
2024/8/24, 68, 47, 43, 24, , 9
2024/8/25, 98, 39, 41, 20, , 8
2024/8/26, 85, 45, 37, 24, , 10
2024/8/27, 80, 40, 39, 17, , 8
2024/8/28, 75, 36, 30, 14, 8, 9
2024/8/29, 81, 41, 30, 14, 4, 9
2024/8/30, 88, 38, 34, 17, , 9
2024/8/31, 82, 41, 49, 17, , 9
2024/9/1, 94, 25, 34, 7, , 7
2024/9/2, 69, 34, 28, 12, , 9
2024/9/3, 77, 44, 32, 17, , 11
2024/9/4, 87, 42, 47, 15, , 9
2024/9/5, 82, 45, 32, 15, , 9
2024/9/6, 88, 33, 32, 12, , 9
2024/9/7, 69, 27, 26, 8, , 7
2024/9/8, 68, 31, 39, 5, , 6
2024/9/9, 70, 49, 12, 13, , 10
2024/9/10, 88, 27, , 7, , 8
2024/9/11, 66, 24, , 6, , 8
2024/9/12, 55, 27, , 7, , 8
2024/9/13, 65, 41, , 26, , 13
2024/9/14, 91, 35, , 16, , 4
2024/9/15, 85, , , , , 
2024/9/18, 90, 52, , 16, , 5
2024/9/19, 91, 38, , 12, , 5
2024/9/20, 76, 44, , 15, , 5
2024/9/21, 87, 35, , 11, , 3
2024/9/22, 73, 32, , 9, , 1
2024/9/23, 73, 33, , 13, , 3
2024/9/24, 74, 22, , 12, , 1
2024/9/25, 62, 28, , 10, , 1
2024/9/26, 59, 16, , 9, , 2
2024/9/27, 55, 16, , 9, , 1
2024/9/28, 56, 27, , 10, , 1
2024/9/29, 59, 29, , 14, , 2
2024/9/30, 73, 43, , 18, , 4
2024/10/1, 92, 33, , 9, , 1
2024/4/2, 116, 70, 38, 13, 2, 6
2024/4/3, 117, 53, 23, 12, 2, 5
2024/4/4, 89, 44, 16, 11, 2, 4
2024/4/5, 75, , , , , 
2024/4/23, 110, 62, 34, 16, 3, 7
2024/4/24, 110, 67, 40, 20, 4, 27
2024/4/25, 114, 65, 49, 22, 2, 18
2024/4/26, 115, 70, 32, 22, 3, 8
2024/4/27, 130, 67, 46, 20, 3, 6
2024/4/28, 115, 64, 41, 19, 3, 5
2024/4/29, 109, 69, 63, 20, 3, 8
2024/4/30, 108, 77, 17, 22, 3, 11
2024/5/1, 130, 70, 35, 14, 3, 8
2024/5/2, 119, 78, 37, 17, 5, 9
2024/5/3, 138, 92, 42, 24, 4, 12
2024/5/4, 151, 77, 41, 16, 3, 9
2024/5/5, 130, 71, 47, 14, 3, 8
2024/5/6, 134, 74, 41, 20, 3, 10
2024/5/7, 137, 77, 45, 22, 3, 11
2024/5/8, 128, 82, 40, 22, 4, 11
2024/5/9, 137, 86, 53, 28, 4, 12
2024/5/10, 145, 80, 46, 21, 3, 10
2024/5/11, 134, 69, 36, 16, 4, 8
2024/5/12, 112, 84, 50, 12, 4, 8
2024/5/13, 150, 92, 45, 18, 3, 9
2024/5/14, 156, 89, 45, 19, 4, 9
2024/5/15, 152, 89, 51, 18, 2, 9
2024/5/16, 158, 81, 34, 19, 3, 9
2024/5/17, 141, 80, 62, 25, 4, 12
2024/5/18, 135, 64, 69, 16, 2, 10
2024/5/19, 110, 62, 74, 16, 4, 10
2024/5/20, 106, 65, 63, 14, 3, 10
2024/5/21, 116, 58, 66, 16, 2, 11
2024/5/22, 96, 65, 68, 17, 3, 10
2024/5/23, 120, 55, 60, 21, 3, 12
2024/5/24, 94, 62, 59, 19, 2, 11
2024/5/25, 101, 58, 65, 17, 2, 11
2024/5/26, 101, 52, 64, 12, 2, 9
2024/5/27, 95, 53, 73, 19, 3, 12
2024/5/28, 82, 62, 58, 10, 2, 9
2024/5/29, 92, 58, 55, 17, 3, 10
2024/5/30, 109, 65, 71, 23, 3, 12
2024/5/31, 123, 64, 65, 21, 2, 12
2024/6/1, 117, 63, 66, 13, 1, 10
2024/6/2, 111, 48, 65, 9, 1, 9
2024/6/3, 80, 59, 60, 17, 3, 12
2024/6/4, 102, 60, 54, 23, 4, 11
2024/6/5, 99, 61, 53, 23, 3, 12
2024/6/6, 105, 58, 72, 23, 3, 12
2024/6/7, 101, 61, 60, 25, 4, 13
2024/6/8, 117, 60, 50, 25, 4, 12
2024/6/9, 119, 48, 46, 18, 3, 10
2024/6/10, 101, 46, 42, 20, 6, 11
2024/6/11, 89, 52, 46, 20, 4, 7
2024/6/12, 86, 51, 47, 19, 16, 4
2024/6/13, 89, 49, 50, 19, 6, 4
2024/6/14, 83, 48, 29, 21, 13, 4
2024/6/15, 89, 47, 34, 18, 5, 3
2024/6/16, 82, 39, 33, 13, 8, 2
2024/6/17, 78, 40, 35, 17, 6, 3
2024/6/18, 71, 45, 43, 15, 14, 2
2024/6/19, 77, 43, 37, 11, 13, 
2024/6/20, 75, 32, 31, 11, 1, 2
2024/6/21, 70, 29, 30, 14, 1, 3
2024/6/22, 69, 28, 38, 10, 1, 2
2024/6/23, 69, 26, 27, 12, 1, 3
2024/6/24, 67, 39, 23, 21, 1, 7
2024/6/25, 83, 23, 23, 12, 2, 4
2024/6/26, 70, 22, 19, 17, 1, 5
2024/6/27, 68, 24, 31, 23, 1, 7
2024/6/28, 71, 18, 20, 15, 1, 5
2024/6/29, 50, 19, 20, 16, 3, 4
2024/6/30, 54, 12, 23, 8, 3, 1
2024/7/1, 49, 7, 23, 7, 1, 2
2024/1/2, 85, 54, 32, 19, 7, 8
2024/1/3, 80, 53, 31, 18, 7, 8
2024/1/4, 71, 49, 28, 17, 7, 8
2024/1/5, 68, 43, 24, 17, 7, 9
2024/1/6, 65, 43, 23, 16, 9, 9
2024/1/7, 63, 45, 19, 15, 8, 9
2024/1/8, 73, 27, 20, 9, 8, 7
2024/1/9, 52, 46, 24, 20, 8, 10
2024/1/10, 68, 55, 29, 22, 8, 10
2024/1/11, 75, 59, 28, 26, 6, 14
2024/1/12, 86, 62, 33, 29, 7, 14
2024/1/13, 81, 65, 20, 25, 8, 14
2024/1/14, 92, 49, 32, 19, 6, 10
2024/1/15, 70, 59, 36, 27, 7, 13
2024/1/16, 86, 58, 35, 37, 8, 15
2024/1/17, 80, , , , , 
2024/1/31, 85, 62, 35, 22, , 11
2024/2/1, 80, 55, 24, 28, , 14
2024/2/2, 92, 39, 32, 16, , 9
2024/2/3, 64, 42, 34, 16, , 7
2024/2/4, 59, 39, 38, 16, , 8
2024/2/5, 65, 35, 36, 15, , 7
2024/2/6, 58, 65, 42, 35, , 15
2024/2/7, 89, 82, 61, 36, , 14
2024/2/8, 111, 78, 50, 32, , 14
2024/2/9, 100, 73, 45, 30, 1, 12
2024/2/10, 91, 54, 31, 22, 1, 9
2024/2/11, 71, 38, 28, 16, 1, 7
2024/2/12, 60, 44, 26, 19, 3, 9
2024/2/13, 62, 58, 26, 24, 3, 11
2024/2/14, 74, 58, 26, 23, 2, 11
2024/2/15, 76, 60, 29, 22, 7, 10
2024/2/16, 73, 62, 27, 23, 2, 10
2024/2/17, 92, 22, 27, 14, 1, 8
2024/2/18, 56, 33, 47, 21, 1, 9
2024/2/19, 68, 47, 32, 30, 3, 12
2024/2/20, 76, 59, 74, 37, 4, 12
2024/2/21, 92, 66, 70, 42, 4, 13
2024/2/22, 92, 60, 63, 38, 4, 14
2024/2/23, 88, 67, 83, 31, 4, 14
2024/2/24, 97, 70, 86, 25, 3, 13
2024/2/25, 109, 61, 74, 17, 4, 10
2024/2/26, 94, 56, 51, 22, 4, 13
2024/2/27, 78, 68, 71, 21, 3, 13
2024/2/28, 90, 73, 55, 27, 3, 13
2024/2/29, 105, 75, 26, 22, 11, 9
2024/3/1, 101, 66, 41, 18, , 5
2024/3/2, 100, 64, 51, 21, , 5
2024/3/3, 103, 54, 43, 17, , 5
2024/3/4, 90, 58, 32, 16, 1, 6
2024/3/5, 88, 59, 31, 22, 2, 11
2024/3/6, 93, 74, 51, 24, 3, 10
2024/3/7, 102, 88, 40, 23, 3, 11
2024/3/8, 121, 72, 42, 24, 3, 10
2024/3/9, 108, 72, 57, 26, 3, 8
2024/3/10, 111, 66, 35, 16, 1, 6
2024/3/11, 98, 62, 35, 18, 2, 6
2024/3/12, 93, 64, 41, 21, 2, 7
2024/3/13, 106, 63, 46, 22, 2, 8
2024/3/14, 97, 64, 32, 18, 2, 8
2024/3/15, 100, 61, 36, 20, 2, 9
2024/3/16, 98, 67, 36, 17, 2, 8
2024/3/17, 94, 54, 38, 15, 3, 5
2024/3/18, 104, 45, 34, 13, 3, 5
2024/3/19, 88, 70, 2, 13, 4, 8
2024/3/20, 116, 64, 35, 18, 2, 7
2024/3/21, 104, 61, 27, 12, 3, 5
2024/3/22, 97, 56, 30, 17, 3, 6
2024/3/23, 95, 65, 39, 16, 2, 6
2024/3/24, 92, 64, 43, 12, 3, 4
2024/3/25, 99, 71, 36, 12, 1, 5
2024/3/26, 105, 69, 53, 22, 3, 9
2024/3/27, 128, 85, 23, 33, 3, 13
2024/3/28, 165, , , , , 
2024/3/31, 112, 62, 47, 12, , 6
2024/4/1, 130, 66, 36, 16, 1, 7
2023/10/2, 85, 50, 43, 14, 8, 6
2023/10/3, 90, 40, 32, 14, 12, 6
2023/10/4, 78, 29, 25, 10, 2, 6
2023/10/5, 61, 47, 42, 14, 3, 7
2023/10/6, 89, 38, 53, 12, 5, 6
2023/10/7, 69, 27, 31, 7, 2, 4
2023/10/8, 55, 22, 36, 4, 2, 3
2023/10/9, 52, 23, 19, 4, 2, 4
2023/10/10, 52, 19, 19, 5, 2, 4
2023/10/11, 45, 21, 16, 5, 2, 4
2023/10/12, 45, 40, 29, 12, 3, 7
2023/10/13, 69, 54, 46, 15, 3, 8
2023/10/14, 84, 46, 37, 12, 4, 5
2023/10/15, 78, 28, 31, 5, 3, 3
2023/10/16, 58, 34, 34, 11, 3, 5
2023/10/17, 61, 57, 45, 14, 7, 7
2023/10/18, 92, 65, 35, 22, 5, 8
2023/10/19, 104, 66, 26, 29, 9, 8
2023/10/20, 106, 50, 42, 24, , 6
2023/10/21, 82, 66, 2, 23, , 6
2023/10/22, 110, 53, 3, 16, , 4
2023/10/23, 91, 60, 32, 14, 3, 5
2023/10/24, 81, 51, 25, 15, 3, 6
2023/10/25, 78, 27, 14, 9, 4, 6
2023/10/26, 63, 35, 14, 9, 4, 7
2023/10/27, 61, 44, 22, 18, 5, 11
2023/10/28, 77, 48, 36, 17, 4, 8
2023/10/29, 78, 47, 40, 11, 3, 6
2023/10/30, 83, 57, 42, 19, 4, 8
2023/10/31, 89, 49, 41, 14, 3, 5
2023/11/1, 77, 52, 32, 14, 4, 5
2023/11/2, 81, 54, 37, 12, 4, 5
2023/11/3, 92, 49, 33, 14, 5, 5
2023/11/4, 70, 44, 38, 15, 7, 5
2023/11/5, 69, 48, 49, 13, 4, 5
2023/11/6, 72, 58, 48, 20, 4, 8
2023/11/7, 84, 60, 33, 19, 5, 8
2023/11/8, 88, 61, 40, 18, 5, 7
2023/11/9, 88, 57, 29, 16, 3, 7
2023/11/10, 93, 52, 26, 16, 3, 8
2023/11/11, 90, 42, 35, 13, 3, 6
2023/11/12, 75, 28, 20, 5, 1, 3
2023/11/13, 57, 51, 27, 16, 4, 7
2023/11/14, 93, 48, 27, 10, 5, 5
2023/11/15, 85, 52, 26, 17, 5, 9
2023/11/16, 87, 53, 33, 23, 4, 10
2023/11/17, 76, 58, 37, 26, 4, 11
2023/11/18, 81, 50, 38, 23, 7, 8
2023/11/19, 70, 55, 42, 18, 5, 8
2023/11/20, 83, 60, 57, 13, 3, 6
2023/11/21, 100, 65, 31, 15, 2, 8
2023/11/22, 92, 25, 18, 7, 1, 5
2023/11/23, 54, 25, 16, 9, 1, 6
2023/11/24, 49, 41, 28, 15, 2, 9
2023/11/25, 65, 43, 22, 13, 1, 7
2023/11/26, 70, 36, 19, 11, 2, 7
2023/11/27, 67, 40, 22, 13, 4, 8
2023/11/28, 74, 53, 22, 17, 4, 8
2023/11/29, 94, 39, 20, 14, 3, 8
2023/11/30, 61, 36, 18, 12, 2, 7
2023/12/1, 69, 48, 16, 13, 2, 8
2023/12/2, 75, 46, 14, 14, 2, 7
2023/12/3, 74, 40, 19, 9, 2, 7
2023/12/4, 71, 42, 25, 11, 2, 6
2023/12/5, 74, 36, 18, 7, 1, 5
2023/12/6, 53, 40, 7, 11, 1, 6
2023/12/7, 72, 31, 10, 11, 1, 6
2023/12/8, 61, 47, 22, 17, 3, 10
2023/12/9, 80, 47, 25, 18, 3, 10
2023/12/10, 77, 42, 35, 11, 5, 6
2023/12/11, 74, 41, 21, 16, 4, 7
2023/12/12, 80, 42, 26, 17, 5, 7
2023/12/13, 80, 54, 23, 20, 7, 8
2023/12/14, 98, 49, 20, 22, 8, 9
2023/12/15, 85, 55, 20, 24, 8, 10
2023/12/16, 90, 46, 30, 18, 9, 7
2023/12/17, 86, 48, 41, 16, 9, 6
2023/12/18, 89, 57, 43, 34, 8, 10
2023/12/19, 92, 65, 58, 36, 7, 10
2023/12/20, 97, 62, 58, 29, 10, 8
2023/12/21, 102, 65, 42, 37, 10, 10
2023/12/22, 98, 57, 47, 30, 9, 9
2023/12/23, 87, 68, 52, 30, 8, 10
2023/12/24, 106, 50, 31, 20, 6, 8
2023/12/25, 92, 67, 27, 16, 7, 8
2023/12/26, 118, 40, 18, 17, 7, 7
2023/12/27, 75, 29, 17, 17, 7, 8
2023/12/28, 60, 43, 32, 21, 8, 10
2023/12/29, 73, 43, 31, 19, 7, 8
2023/12/30, 68, 43, 32, 19, 7, 8
2023/12/31, 70, 49, 44, 19, 7, 9
2024/1/1, 83, 53, 16, 28, 7, 10
2023/7/2, 62, 30, 39, 6, 2, 4
2023/7/3, 65, 44, 49, 14, 2, 6
2023/7/4, 83, 59, 60, 19, 3, 7
2023/7/5, 120, 53, 55, 16, 7, 7
2023/7/6, 108, 38, 26, 10, 2, 6
2023/7/7, 74, 32, 27, 9, 1, 5
2023/7/8, 58, 40, 43, 11, 2, 5
2023/7/9, 65, 35, 43, 14, 2, 7
2023/7/11, 57, 34, 32, 15, 3, 6
2023/7/12, 63, 30, 32, 13, 4, 6
2023/7/13, 57, 46, 49, 11, 1, 5
2023/7/14, 71, 38, 50, 12, 2, 6
2023/7/15, 63, 48, 71, 12, 1, 6
2023/7/16, 78, 49, 72, 9, 1, 4
2023/7/17, 75, 38, 33, 10, 1, 5
2023/7/18, 68, 37, 54, 15, , 3
2023/7/19, 67, 42, 49, 13, 1, 3
2023/7/20, 74, 43, 50, 14, 1, 3
2023/7/21, 71, 43, 48, 19, , 6
2023/7/22, 80, 42, 47, 15, 4, 5
2023/7/23, 80, 32, 37, 8, 1, 2
2023/7/24, 64, 31, 31, 10, , 3
2023/7/25, 63, 33, 32, 12, 2, 4
2023/7/26, 68, 43, 33, 17, , 5
2023/7/27, 80, 35, 28, 16, , 5
2023/7/28, 70, 50, 41, 21, , 7
2023/7/29, 90, 47, 65, 16, , 5
2023/7/30, 90, 36, 33, 10, , 4
2023/7/31, 67, 30, 21, 13, , 5
2023/8/1, 62, 32, 36, 12, , 4
2023/8/2, 65, 39, 45, 14, , 5
2023/8/3, 67, 46, 29, 16, , 6
2023/8/4, 79, 27, 20, 6, , 4
2023/8/5, 57, 36, 34, 12, , 5
2023/8/6, 72, 24, 32, 5, , 3
2023/8/7, 50, 45, 47, 14, , 5
2023/8/8, 69, 47, 54, 18, , 6
2023/8/9, 74, 34, 41, 8, , 4
2023/8/10, 61, 48, 47, 17, , 6
2023/8/11, 81, 49, 49, 19, , 6
2023/8/12, 84, 45, 59, 15, , 5
2023/8/13, 86, 38, 61, 10, , 4
2023/8/14, 70, 46, 34, 13, , 5
2023/8/15, 81, 44, 26, 12, , 5
2023/8/16, 67, 39, 25, 11, , 5
2023/8/17, 60, 24, 20, 12, , 5
2023/8/18, 50, 35, 27, 10, , 5
2023/8/19, 63, 47, 34, 14, , 6
2023/8/20, 86, 58, 36, 8, , 3
2023/8/21, 87, 44, 30, 13, 3, 5
2023/8/22, 71, 41, 35, 16, 5, 6
2023/8/23, 72, 31, 35, 9, 2, 4
2023/8/24, 56, 31, 34, 7, 2, 4
2023/8/25, 51, 40, 37, 10, 2, 4
2023/8/26, 61, 45, 32, 15, 6, 6
2023/8/27, 84, , 35, 10, 8, 4
2023/8/28, 90, 62, 33, 15, 9, 6
2023/8/29, 93, 51, 43, 16, 7, 5
2023/8/30, 84, 53, 51, 13, 5, 4
2023/8/31, 82, 45, 32, 19, 3, 6
2023/9/1, 90, 49, 46, 16, 9, 5
2023/9/2, 104, 40, 53, 12, 7, 4
2023/9/3, 79, 34, 41, 8, 5, 3
2023/9/4, 70, 30, 33, 9, 6, 4
2023/9/5, 57, 35, 40, 12, 4, 5
2023/9/6, 68, 30, 27, 10, 3, 4
2023/9/7, 61, 36, 49, 13, 4, 5
2023/9/8, 69, 42, 39, 12, 3, 5
2023/9/9, 71, 38, 56, 11, 5, 4
2023/9/10, 64, 32, 46, 5, 3, 2
2023/9/11, 60, 41, 47, 12, 6, 4
2023/9/12, 66, 51, 51, 15, 7, 5
2023/9/13, 76, 58, 49, 17, 7, 6
2023/9/14, 88, 58, 62, 15, 6, 5
2023/9/15, 93, 52, 41, 14, 12, 4
2023/9/16, 96, 36, 35, 10, 5, 3
2023/9/17, 74, 35, 37, 7, 8, 2
2023/9/18, 75, 47, 38, 13, 7, 4
2023/9/19, 91, 33, 39, 15, 3, 5
2023/9/20, 66, 42, 41, 18, 3, 7
2023/9/21, 74, 54, 67, 17, 4, 6
2023/9/22, 85, 52, 60, 15, 5, 6
2023/9/23, 81, 51, 40, 12, 7, 5
2023/9/24, 84, 35, 39, 8, 5, 3
2023/9/25, 61, 39, 39, 11, 5, 4
2023/9/26, 60, 43, 41, 11, 3, 4
2023/9/27, 63, 40, 41, 13, 4, 5
2023/9/28, 64, 45, 38, 13, 5, 5
2023/9/29, 71, 53, 42, 16, 6, 6
2023/9/30, 83, 57, 45, 16, 5, 6
2023/10/1, 88, 49, 45, 9, 8, 4
2023/4/2, 99, 62, 77, , 5, 8
2023/4/3, 98, 67, 67, 14, 5, 9
2023/4/4, 107, 72, 56, 23, 5, 10
2023/4/5, 112, 64, 48, 19, 5, 9
2023/4/6, 101, 65, 46, 13, 6, 7
2023/4/7, 107, 47, 38, 4, 4, 5
2023/4/8, 85, 49, 47, 10, 5, 6
2023/4/9, 86, 49, 46, 11, 5, 6
2023/4/10, 93, 45, 39, 16, 4, 7
2023/4/11, 95, 42, 34, 18, 1, 6
2023/4/12, 90, 28, 37, 19, 1, 6
2023/4/13, 67, 49, 36, 16, 1, 6
2023/4/14, 87, 50, 37, 17, 2, 7
2023/4/15, 85, 49, 41, 19, 2, 8
2023/4/16, 84, 48, 49, 12, 2, 6
2023/4/17, 85, 57, 35, 17, 3, 7
2023/4/18, 101, 54, 48, 20, 2, 7
2023/4/19, 94, 61, 49, 22, 2, 9
2023/4/20, 99, 64, 42, 24, 2, 9
2023/4/21, 105, 57, 34, 23, 2, 10
2023/4/22, 93, 70, 44, 17, 1, 6
2023/4/23, 94, 57, 37, 13, 1, 6
2023/4/24, 84, 48, 41, 12, 2, 6
2023/4/25, 82, 43, 41, 11, 2, 6
2023/4/26, 80, 67, 42, 21, 2, 9
2023/4/27, 104, 106, 47, 22, 2, 9
2023/4/28, 154, 62, 52, 22, 3, 9
2023/4/29, 101, 59, 51, 22, 2, 9
2023/4/30, 106, 56, 54, 11, 2, 7
2023/5/1, 110, 53, 49, 14, 2, 8
2023/5/2, 105, 60, 52, 25, 4, 9
2023/5/3, 110, 69, 60, 23, 4, 9
2023/5/4, 121, 71, 62, 18, 3, 8
2023/5/5, 133, 66, 55, 27, 4, 8
2023/5/6, 129, 60, 74, 25, 3, 8
2023/5/7, 112, 53, 75, 17, 3, 6
2023/5/8, 103, 54, 44, 27, 4, 10
2023/5/9, 98, 52, 36, 23, 2, 10
2023/5/10, 98, 58, 44, 22, 2, 9
2023/5/11, 121, 59, 46, 22, 2, 9
2023/5/12, 117, 57, 45, 25, 2, 11
2023/5/13, 111, 51, 45, 15, 1, 7
2023/5/14, 103, 42, 41, 12, 1, 5
2023/5/15, 87, 39, 34, 18, 2, 6
2023/5/16, 79, 48, 32, 21, 1, 8
2023/5/17, 94, 53, 40, 20, 2, 8
2023/5/18, 90, 47, 49, 21, 2, 8
2023/5/19, 96, 45, 60, 19, 2, 7
2023/5/20, 103, 55, 58, 23, 2, 8
2023/5/21, 112, 45, 54, 14, 1, 6
2023/5/22, 105, 43, 44, 24, 1, 9
2023/5/23, 106, 41, 46, 18, 1, 8
2023/5/24, 103, 42, 46, 19, 1, 7
2023/5/25, 94, 53, 48, 18, 1, 7
2023/5/26, 101, 49, 42, 21, 2, 8
2023/5/27, 101, 43, 49, 16, 2, 7
2023/5/28, 96, 36, 42, 18, 1, 7
2023/5/29, 85, 38, 38, 17, 1, 7
2023/5/30, 82, 51, 45, 20, 2, 7
2023/5/31, 96, 57, 54, 19, 2, 8
2023/6/1, 106, 58, 50, 19, 2, 8
2023/6/2, 112, 57, 60, 20, 2, 8
2023/6/3, 100, 51, 51, 13, 3, 6
2023/6/4, 93, 43, 43, 8, 5, 5
2023/6/5, 86, 52, 42, 16, 3, 6
2023/6/6, 94, 50, 50, 16, 2, 6
2023/6/7, 102, 47, 52, 21, 2, 8
2023/6/8, 102, 39, 46, 14, 2, 6
2023/6/9, 88, 57, 53, 21, 3, 8
2023/6/10, 100, 55, 53, 18, 3, 7
2023/6/11, 98, 53, 62, 13, , 6
2023/6/12, 96, 50, 47, 18, , 7
2023/6/13, 86, 45, 81, 19, , 7
2023/6/14, 75, 58, 86, 20, , 8
2023/6/15, 101, 63, 36, 20, 1, 8
2023/6/16, 105, 56, 70, 16, 5, 8
2023/6/17, 94, 46, 57, 10, , 6
2023/6/18, 80, 42, 58, 8, , 5
2023/6/19, 72, 50, 64, 13, , 6
2023/6/20, 77, 59, 65, 19, , 7
2023/6/21, 87, 53, 53, 17, 1, 7
2023/6/22, 84, 52, 50, 13, 1, 6
2023/6/23, 80, 54, 51, 12, 1, 6
2023/6/24, 77, 43, 47, 11, 1, 5
2023/6/25, 76, 26, 37, 3, 1, 4
2023/6/26, 75, 27, 26, 9, 1, 5
2023/6/27, 67, 39, 43, 9, 3, 5
2023/6/28, 65, 44, 40, 19, 2, 8
2023/6/29, 79, 41, 24, 14, 2, 8
2023/6/30, 75, 29, 21, 6, 2, 5
2023/7/1, 49, 32, 30, 8, 1, 4
2023/1/3, 70, 40, 30, 12, 1, 6
2023/1/4, 71, 51, 42, 16, 2, 8
2023/1/5, 75, 61, 49, 20, 3, 9
2023/1/6, 96, 58, 44, 18, 3, 7
2023/1/7, 91, 57, 52, 18, 2, 7
2023/1/8, 95, 56, 67, 17, 3, 7
2023/1/9, 89, 59, 50, 18, 2, 6
2023/1/10, 99, 64, 44, 21, 2, 8
2023/1/11, 107, 60, 41, 20, 1, 8
2023/1/12, 100, 60, 45, 17, 3, 7
2023/1/13, 97, 60, 47, 17, 3, 6
2023/1/14, 95, 64, 54, 21, 3, 7
2023/1/15, 99, 63, 61, 18, 1, 6
2023/1/16, 102, 67, 40, 24, , 8
2023/1/17, 107, 71, 50, 23, , 8
2023/1/18, 102, 74, 47, 24, 2, 9
2023/1/19, 108, 75, 47, 26, 4, 10
2023/1/20, 106, 66, 32, 24, 1, 9
2023/1/21, 101, , , , , 
2023/2/1, 114, 69, 41, 17, 8, 8
2023/2/2, 88, 60, 46, 20, 8, 9
2023/2/3, 91, , 8, 19, 8, 4
2023/2/6, 83, 64, 50, 17, 8, 5
2023/2/7, 94, 66, 46, 19, 8, 6
2023/2/8, 92, 72, 15, 21, 7, 29
2023/2/9, 112, 74, 9, 22, 4, 11
2023/2/10, 106, 75, 50, 26, 3, 11
2023/2/11, 118, 74, 50, 16, 2, 8
2023/2/12, 105, 64, 58, 16, 4, 7
2023/2/13, 105, 67, 42, 21, 3, 10
2023/2/14, 98, 66, 35, 21, 4, 10
2023/2/15, 95, 67, 38, 22, 3, 11
2023/2/16, 92, 69, 42, 26, 4, 13
2023/2/17, 99, 80, 44, 20, 4, 11
2023/2/18, 106, , , , , 
2023/2/21, 91, 67, 41, 22, 3, 10
2023/2/22, 96, 59, 33, 17, 3, 9
2023/2/23, 89, 71, 45, 27, 3, 12
2023/2/24, 101, 86, 61, 32, 1, 13
2023/2/25, 119, 67, 37, 21, 1, 9
2023/2/26, 102, 51, 29, 18, , 10
2023/2/27, 78, 54, 29, 17, 1, 11
2023/2/28, 82, 69, 38, 20, , 11
2023/3/1, 93, 70, 45, 24, , 11
2023/3/2, 99, 78, 41, 20, , 11
2023/3/3, 101, 72, 38, 20, , 11
2023/3/4, 90, 68, 45, 23, , 11
2023/3/5, 92, 64, 53, 18, , 10
2023/3/6, 95, 67, 61, 25, , 12
2023/3/7, 98, 66, 46, 24, , 11
2023/3/8, 89, 63, 45, 23, , 12
2023/3/9, 118, 68, 50, 25, , 11
2023/3/10, 113, 70, 49, 25, , 10
2023/3/11, 95, 65, 54, , , 10
2023/3/12, 103, 59, 49, 11, , 10
2023/3/13, 104, 53, 34, 18, , 10
2023/3/14, 112, 43, 33, 15, 4, 11
2023/3/15, 89, 45, 35, 19, 5, 10
2023/3/16, 93, 33, 26, 16, 3, 9
2023/3/17, 81, 49, 42, 27, 5, 9
2023/3/18, 91, 49, 30, 16, 5, 8
2023/3/19, 96, 36, 33, 10, 4, 6
2023/3/20, 76, 41, 38, 9, 4, 6
2023/3/21, 68, 51, 52, 22, 5, 9
2023/3/22, 85, 58, 54, 21, 5, 9
2023/3/23, 99, 56, 59, 21, 6, 9
2023/3/24, 90, 59, 49, , 6, 9
2023/3/25, 93, 66, 61, , 6, 9
2023/3/26, 106, 67, 70, , 6, 8
2023/3/27, 103, 72, 64, 32, 6, 11
2023/3/28, 103, 77, 60, 21, 8, 9
2023/3/29, 115, 67, 55, 12, 9, 8
2023/3/30, 114, 47, 46, , 5, 8
2023/3/31, 83, 68, 66, , 5, 9
2023/4/1, 102, 68, 54, , 5, 9
2022/10/21, 75, 48, , , , 
2022/10/22, 82, 47, , , , 
2022/10/23, 91, 44, , , , 
2022/10/24, 88, 49, 28, 17, , 9
2022/10/25, 86, 55, 53, 16, , 11
2022/10/26, 93, 54, 39, 16, , 9
2022/10/27, 96, 56, 34, 19, , 12
2022/10/28, 99, 56, 52, 20, , 14
2022/10/29, 96, 56, 40, 17, , 12
2022/10/30, 97, 51, 43, 16, , 12
2022/10/31, 103, 51, 37, 15, , 10
2022/11/1, 93, 68, 57, 26, , 24
2022/11/2, 124, 51, 51, 12, , 8
2022/11/3, 98, 63, 51, 24, , 12
2022/11/4, 103, 58, 45, 23, , 16
2022/11/5, 98, 56, 49, 23, , 13
2022/11/6, 97, 56, 61, 18, , 10
2022/11/7, 101, 52, 43, 23, , 13
2022/11/8, 79, 50, 40, 15, , 43
2022/11/9, 79, 56, 44, 20, , 
2022/11/10, 84, 48, 39, 16, , 
2022/11/11, 79, 66, 67, 26, , 
2022/11/12, 99, 70, 60, 18, , 
2022/11/13, 123, 54, 49, 14, , 
2022/11/14, 102, 64, 41, 18, , 12
2022/11/15, 105, 57, 39, 18, , 10
2022/11/16, 83, 59, 51, 20, , 10
2022/11/17, 88, 56, 49, 21, , 11
2022/11/18, 91, 55, 46, 23, 3, 12
2022/11/19, 100, 49, 36, 17, , 9
2022/11/20, 92, 46, 29, 13, , 8
2022/11/21, 100, 47, 28, 14, , 8
2022/11/22, 103, 43, 29, 18, 2, 10
2022/11/23, 88, 62, 37, 23, 5, 13
2022/11/24, 115, 62, 35, 22, 5, 14
2022/11/25, 117, 51, 28, 16, 3, 12
2022/11/26, 87, 47, 27, 13, 3, 11
2022/11/27, 83, 38, 37, 12, 3, 9
2022/11/28, 73, 49, 29, 17, 4, 13
2022/11/29, 80, 54, 36, 20, 4, 13
2022/11/30, 85, 52, 32, 17, 4, 10
2022/12/1, 79, 42, 35, 12, 4, 8
2022/12/2, 75, 53, 32, 17, 3, 11
2022/12/3, 83, 57, 34, 17, 3, 10
2022/12/4, 84, 30, 37, 11, 3, 7
2022/12/5, 63, 59, 43, 23, 6, 13
2022/12/6, 90, 63, 53, 26, 4, 12
2022/12/7, 94, 63, 37, 23, 1, 10
2022/12/8, 94, 61, 30, 21, , 12
2022/12/9, 90, 64, 31, 21, 2, 12
2022/12/10, 93, 58, 40, 17, 2, 11
2022/12/11, 93, 50, 44, 13, 2, 9
2022/12/12, 91, 55, 53, 13, 3, 10
2022/12/13, 93, 63, 46, 19, 2, 11
2022/12/14, 109, 58, 32, 21, 3, 9
2022/12/15, 92, 64, 40, 21, 3, 9
2022/12/16, 94, 69, 45, 24, 3, 10
2022/12/17, 102, 61, 39, 22, 3, 9
2022/12/18, 103, 50, 40, 14, 1, 7
2022/12/19, 84, 59, 38, 20, 2, 8
2022/12/20, 96, 68, 56, 21, 3, 8
2022/12/21, 99, 59, 29, 15, 3, 7
2022/12/22, 88, 59, 42, 17, 2, 7
2022/12/23, 89, 71, 53, 15, 3, 7
2022/12/24, 109, 56, 38, 14, 1, 6
2022/12/25, 97, 61, 36, 13, 2, 7
2022/12/26, 120, 34, 32, 11, 1, 6
2022/12/27, 73, 45, 42, 12, 2, 5
2022/12/28, 82, 44, 40, 15, 1, 6
2022/12/29, 79, 41, 30, 14, 2, 6
2022/12/30, 69, 49, 24, 16, 3, 8
2022/12/31, 81, 40, 29, 9, 1, 6
2023/1/1, 76, 37, 29, 9, 1, 6
2023/1/2, 77, 40, 26, 10, 1, 6
2022/7/2, 85, 54, 47, 19, 6, 13
2022/7/3, 84, 37, 61, 9, 4, 10
2022/7/4, 66, 45, 35, 11, 4, 11
2022/7/5, 68, 30, 30, 9, 4, 10
2022/7/6, 60, 53, 47, 17, 4, 13
2022/7/7, 82, 48, 30, 15, 5, 12
2022/7/8, 71, 43, 47, 15, 5, 11
2022/7/9, 71, 39, 51, 13, 5, 10
2022/7/10, 64, 40, 55, 9, 5, 10
2022/7/11, 66, 52, 37, 16, 5, 12
2022/7/12, 85, 54, 49, 17, 6, 12
2022/7/13, 95, 33, 53, 13, 5, 10
2022/7/14, 64, 29, 46, 15, 4, 10
2022/7/15, 59, 29, 32, 11, 5, 10
2022/7/16, 55, 26, 29, 6, 4, 8
2022/7/17, 51, 36, 44, 5, 4, 8
2022/7/18, 65, 41, 40, 14, 6, 11
2022/7/19, 71, 50, 62, 16, 5, 13
2022/7/20, 80, 38, 50, 14, 6, 11
2022/7/21, 75, 48, 67, 15, 6, 11
2022/7/22, 78, 48, 63, 16, 6, 11
2022/7/23, 83, 41, 40, 14, 7, 11
2022/7/24, 76, 36, 57, 10, 5, 10
2022/7/25, 79, 29, 32, 8, 5, 10
2022/7/26, 68, 24, 38, 7, 4, 9
2022/7/27, 59, 27, 37, 10, 5, 10
2022/7/28, 69, 41, 54, 16, 6, 12
2022/7/29, 88, 33, 34, 17, 5, 12
2022/7/30, 77, 49, 46, 16, 5, 12
2022/7/31, 84, 25, 59, 6, 4, 9
2022/8/1, 66, 34, 30, 16, 5, 13
2022/8/2, 71, 40, 39, 18, 5, 13
2022/8/3, 78, 38, 41, 11, 4, 11
2022/8/4, 70, 44, 51, 20, 5, 14
2022/8/5, 90, 44, 65, 16, 5, 11
2022/8/6, 75, 37, 48, 9, 5, 10
2022/8/7, 75, 36, 46, 8, 4, 10
2022/8/8, 77, 31, 42, 11, 5, 11
2022/8/9, 67, 26, 31, 15, 5, 10
2022/8/10, 70, 41, 52, 16, 5, 11
2022/8/11, 80, 42, 52, 12, 10, 10
2022/8/12, 73, 27, 44, 13, 5, 10
2022/8/13, 68, 35, 46, 17, 5, 12
2022/8/14, 79, 24, 41, 6, 5, 10
2022/8/15, 64, 33, 30, 10, 6, 12
2022/8/16, 72, 30, 25, 9, 6, 11
2022/8/17, 58, 35, 30, 15, 8, 13
2022/8/18, 72, 38, 43, 19, 9, 13
2022/8/19, 76, 50, 40, 22, 10, 14
2022/8/20, 89, 36, 33, 8, , 10
2022/8/21, 71, 37, 38, 13, 10, 13
2022/8/22, 79, 41, 9, 20, 14, 39
2022/8/23, 84, , , , , 
2022/4/2, 101, 70, 68, 16, , 9
2022/4/3, 94, 66, 51, 18, , 8
2022/4/4, 91, 77, 48, 16, , 9
2022/4/5, 100, 77, 42, 14, , 9
2022/4/6, 109, 71, 73, 15, , 9
2022/4/7, 100, 86, 54, 17, , 9
2022/4/8, 114, 76, 41, 19, , 9
2022/4/9, 108, 59, 43, 18, , 9
2022/4/10, 100, 48, 46, 13, , 7
2022/4/11, 79, 49, 40, 15, , 8
2022/4/12, 83, 56, 44, 12, , 7
2022/4/13, 84, 59, 59, 15, , 8
2022/4/14, 85, 64, 65, 12, , 7
2022/4/15, 87, 55, 58, 7, , 6
2022/4/16, 82, 57, 58, 10, , 7
2022/4/17, 87, 56, 58, 14, , 6
2022/4/18, 78, 61, 61, 16, , 8
2022/4/19, 79, 55, 42, 14, , 8
2022/4/20, 89, 52, 45, 15, 1, 8
2022/4/21, 77, 58, 48, 19, 4, 11
2022/4/22, 96, 40, 48, 18, , 18
2022/4/23, 66, 53, 46, , , 
2022/4/24, 86, 44, 47, , , 
2022/4/25, 74, 42, 41, , 1, 5
2022/4/26, 66, 56, 38, , 35, 6
2022/4/27, 78, 42, 47, , , 5
2022/4/28, 65, 49, 48, 18, 1, 7
2022/4/29, 72, 58, 56, 18, 2, 7
2022/4/30, 91, 52, 49, 14, 2, 5
2022/5/1, 82, 56, 64, 12, 2, 5
2022/5/2, 85, 69, 71, 20, 2, 8
2022/5/3, 103, 71, 76, 21, 3, 8
2022/5/4, 109, 79, 83, 25, 3, 9
2022/5/5, 114, 75, 84, 25, 3, 9
2022/5/6, 118, 64, 74, 22, 2, 8
2022/5/7, 106, 48, 68, 14, 1, 6
2022/5/8, 78, 56, 65, 16, 1, 8
2022/5/9, 95, 57, 76, 14, 2, 8
2022/5/10, 91, 61, 60, 18, 2, 8
2022/5/11, 84, 55, 41, 12, 2, 6
2022/5/12, 74, 50, 58, 14, 2, 6
2022/5/13, 66, 59, 53, 13, 4, 6
2022/5/14, 85, 63, 56, 17, 3, 7
2022/5/15, 91, 57, 57, 11, 2, 6
2022/5/16, 90, 57, 53, 14, 2, 6
2022/5/17, 79, 69, 58, 16, 3, 8
2022/5/18, 95, 69, 55, 17, 3, 7
2022/5/19, 100, 68, 55, 17, 3, 7
2022/5/20, 99, 82, 72, 22, 4, 9
2022/5/21, 126, 78, 86, 22, 1, 8
2022/5/22, 120, 74, 103, 22, 2, 8
2022/5/23, 123, , , , , 
2022/5/26, 99, 63, 57, 20, 2, 7
2022/5/27, 90, 58, 50, 14, 1, 6
2022/5/28, 77, 54, 56, 11, 5, 5
2022/5/29, 76, 41, 49, 8, 1, 3
2022/5/30, 63, 56, 58, 13, 1, 6
2022/5/31, 81, 56, 60, 17, 2, 6
2022/6/1, 78, 50, 46, 15, 2, 5
2022/6/2, 75, 49, 54, 13, 2, 6
2022/6/3, 72, 55, 56, 14, 6, 6
2022/6/4, 79, 57, 46, 18, 3, 7
2022/6/5, 86, 50, 46, 13, 2, 7
2022/6/6, 80, 53, 48, 17, 3, 7
2022/6/7, 74, 58, 74, 16, 3, 6
2022/6/8, 80, 64, 69, 14, 1, 7
2022/6/9, 97, 32, 26, 12, 1, 7
2022/6/10, 59, 41, 39, 13, 1, 7
2022/6/11, 64, 42, 55, 14, 1, 7
2022/6/12, 66, 36, 56, 7, 1, 4
2022/6/13, 61, 42, 50, 13, 2, 5
2022/6/14, 63, 40, 24, 16, 2, 8
2022/6/15, 72, 28, 25, 12, 2, 7
2022/6/16, 62, 45, 33, 8, 1, 4
2022/6/17, 57, 50, 46, 13, 1, 5
2022/6/18, 71, 48, 48, 16, 2, 6
2022/6/19, 82, 36, 39, 10, 1, 6
2022/6/20, 61, 39, 51, 11, 2, 5
2022/6/21, 58, 35, 25, 11, 1, 6
2022/6/22, 57, 32, 22, 14, 2, 7
2022/6/23, 57, 31, 27, 6, 4, 5
2022/6/24, 49, 37, 28, 6, 4, 9
2022/6/25, 58, 48, 34, 15, 5, 11
2022/6/26, 78, 45, 74, 13, 5, 11
2022/6/27, 80, 39, 34, 12, 5, 11
2022/6/28, 64, 39, 30, 16, 5, 13
2022/6/29, 71, 50, 45, 15, 6, 13
2022/6/30, 83, 51, 53, 18, 5, 12
2022/7/1, 73, 53, 63, 19, 6, 13
2022/1/4, 106, 72, 48, 27, , 8
2022/1/5, 109, 68, 43, 27, , 10
2022/1/6, 101, 67, 45, 26, , 11
2022/1/7, 97, 49, 30, 21, , 15
2022/1/8, 78, 50, 41, 21, , 11
2022/1/9, 83, 49, 48, 20, 21, 11
2022/1/10, 88, 43, 37, 16, , 17
2022/1/11, 70, 45, 36, 16, , 11
2022/1/12, 70, 53, 37, 20, , 11
2022/1/13, 89, 53, 40, 20, , 11
2022/1/14, 81, 51, 40, 23, 1, 13
2022/1/15, 78, 60, 32, 23, 2, 9
2022/1/16, 96, 48, 35, 16, , 6
2022/1/17, 85, 40, 36, 19, , 9
2022/1/18, 75, 51, 37, 22, , 11
2022/1/19, 86, 60, 48, 23, , 10
2022/1/20, 92, 60, 45, 22, , 8
2022/1/21, 96, 51, 33, 18, , 6
2022/1/22, 80, 44, 36, 15, , 7
2022/1/23, 75, 44, 38, 13, , 7
2022/1/24, 73, 52, 29, 14, 5, 8
2022/1/25, 82, 43, 27, 14, 4, 8
2022/1/26, 70, 56, 35, 17, 3, 8
2022/1/27, 80, 59, 34, 17, 1, 9
2022/1/28, 77, 59, 38, 18, 3, 9
2022/1/29, 80, 66, 42, 14, 6, 7
2022/1/30, 93, 43, 37, 12, 4, 7
2022/1/31, 77, 44, 29, 13, 5, 8
2022/2/1, 73, 41, 26, 12, 7, 7
2022/2/2, 65, 38, 15, 12, 5, 5
2022/2/3, 62, 56, 35, 17, 5, 9
2022/2/4, 76, 54, 26, 16, 5, 9
2022/2/5, 70, 54, 39, 17, 3, 8
2022/2/6, 80, 48, 39, 11, 2, 8
2022/2/7, 76, 52, 33, 13, 1, 8
2022/2/8, 82, 49, 28, 13, 1, 9
2022/2/9, 77, 49, 32, 15, 1, 8
2022/2/10, 72, 58, 30, 18, , 9
2022/2/11, 80, 58, 31, 16, , 17
2022/2/12, 72, 37, 29, 11, , 8
2022/2/13, 63, 52, 44, 11, 4, 9
2022/2/14, 84, 54, 34, 19, , 13
2022/2/15, 83, 44, 37, 18, , 8
2022/2/16, 79, 43, 44, 16, , 8
2022/2/17, 74, 51, 43, 21, , 8
2022/2/18, 78, 63, 44, 22, , 9
2022/2/19, 88, 60, 57, 18, , 7
2022/2/20, 87, 50, 63, 11, , 6
2022/2/21, 81, 60, 44, 19, , 8
2022/2/22, 84, 64, 65, 22, , 9
2022/2/23, 102, 70, 49, 25, 9, 9
2022/2/24, 98, 66, 48, 19, , 7
2022/2/25, 89, 71, 60, 20, , 8
2022/2/26, 99, 60, 50, 15, , 7
2022/2/27, 89, 55, 62, 12, , 5
2022/2/28, 81, 62, 43, 24, , 8
2022/3/1, 87, 63, 53, 22, , 7
2022/3/2, 86, 76, 65, 25, , 8
2022/3/3, 99, 74, 60, 21, 4, 10
2022/3/4, 103, 63, 40, 17, 5, 11
2022/3/5, 90, , , , , 
2022/3/11, 71, 56, 33, 19, , 7
2022/3/12, 85, 59, 47, 12, , 6
2022/3/13, 96, 58, 63, 8, , 4
2022/3/14, 91, 77, 53, 15, , 7
2022/3/15, 97, 64, 41, 22, , 11
2022/3/16, 97, 55, 39, 15, , 8
2022/3/17, 87, 50, 35, 11, , 6
2022/3/18, 83, 59, 32, 16, , 8
2022/3/19, 89, 61, 37, 11, , 6
2022/3/20, 88, 47, 41, 7, , 4
2022/3/21, 75, 49, 42, 12, , 4
2022/3/22, 78, 50, 39, 17, , 6
2022/3/23, 74, 59, 39, 16, , 7
2022/3/24, 76, 57, 49, 17, , 8
2022/3/25, 81, 68, 62, 16, , 8
2022/3/26, 88, 65, 65, 14, , 7
2022/3/27, 89, 61, 61, 14, , 7
2022/3/28, 88, 63, 55, 13, , 9
2022/3/29, 89, 74, 72, 16, , 9
2022/3/30, 101, 64, 48, 15, , 8
2022/3/31, 92, 128, 44, 17, , 9
2022/4/1, 97, 78, 42, 17, , 9
2021/10/2, 46, 42, 31, 14, , 
2021/10/3, 71, 29, 37, 8, , 
2021/10/4, 63, 34, 23, 14, , 
2021/10/5, 59, 42, 28, 13, , 
2021/10/6, 65, 39, 25, 15, , 
2021/10/7, 67, 44, 31, 14, , 
2021/10/8, 71, 46, 34, 13, , 
2021/10/9, 62, 44, 35, 8, , 
2021/10/10, 69, 28, 28, 6, , 
2021/10/12, 64, 51, 25, 14, , 
2021/10/13, 66, 50, 26, 14, , 
2021/10/14, 62, 54, 40, 17, , 
2021/10/15, 71, 65, 35, 18, , 
2021/10/16, 87, 49, 26, 11, , 
2021/10/17, 65, 29, 27, 5, , 
2021/10/18, 47, 45, 33, 13, , 
2021/10/19, 57, 55, 37, 13, , 2
2021/10/20, 71, 71, 28, 20, 4, 5
2021/10/21, 99, 48, 33, 12, 10, 5
2021/10/22, 64, 43, 23, 15, 8, 5
2021/10/23, 58, 56, 44, 15, 4, 5
2021/10/24, 83, 25, 22, 6, 4, 4
2021/10/25, 41, 34, 15, 9, 4, 5
2021/10/26, 47, 51, 23, 13, 4, 8
2021/10/27, 58, 52, 42, 15, 5, 7
2021/10/28, 76, 60, 5, 16, 7, 7
2021/10/29, 87, , , , , 
2021/11/12, 73, 55, 42, 20, 11, 8
2021/11/13, 69, 57, 42, 16, 7, 7
2021/11/14, 73, 51, 42, 15, 2, 7
2021/11/15, 75, 50, 41, 18, 4, 7
2021/11/16, 70, 69, 47, 27, 8, 10
2021/11/17, 81, 66, 56, 24, 5, 9
2021/11/18, 85, 64, 54, 20, 4, 8
2021/11/19, 83, 56, 30, 19, 4, 8
2021/11/20, 74, 60, 37, 19, 5, 8
2021/11/21, 86, 53, 45, 14, 4, 7
2021/11/22, 77, 59, 36, 18, 8, 8
2021/11/23, 84, 48, 31, 16, , 8
2021/11/24, 75, 59, 29, 19, , 9
2021/11/25, 87, 71, 43, 28, , 11
2021/11/26, 100, 65, 48, 17, , 8
2021/11/27, 96, 62, 49, 21, , 8
2021/11/28, 88, 68, 61, 22, , 9
2021/11/29, 98, 79, 57, 27, , 10
2021/11/30, 111, 81, 50, 31, , 11
2021/12/1, 115, 69, 36, 25, 4, 10
2021/12/2, 89, 59, 36, 25, 8, 10
2021/12/3, 67, 72, 33, 28, 7, 11
2021/12/4, 85, 66, 41, 27, 4, 10
2021/12/5, 81, 64, 49, 21, 3, 9
2021/12/6, 85, 72, 46, 24, 3, 11
2021/12/7, 92, 76, 44, 27, 3, 11
2021/12/8, 92, 65, 50, 26, 4, 11
2021/12/9, 84, 67, 71, 29, 3, 12
2021/12/10, 100, 74, 74, 31, 4, 13
2021/12/11, 113, 66, 75, 30, 4, 12
2021/12/12, 98, 68, 68, 22, 4, 11
2021/12/13, 108, 67, 55, 28, 3, 11
2021/12/14, 102, 61, 43, 25, 4, 7
2021/12/15, 86, 60, 55, 34, 6, 12
2021/12/16, 91, 62, 19, 36, 3, 7
2021/12/17, 97, 67, 47, 32, 4, 8
2021/12/18, 106, 60, 37, 24, 3, 8
2021/12/19, 95, 55, 32, 20, 3, 5
2021/12/20, 98, 46, 26, 16, 3, 6
2021/12/21, 82, 50, 37, 22, , 6
2021/12/22, 78, 58, 43, 29, , 8
2021/12/23, 90, 65, 39, 31, 15, 10
2021/12/24, 95, 63, 39, 28, 6, 8
2021/12/25, 95, 73, 39, 17, 7, 6
2021/12/26, 121, 52, 43, 18, , 5
2021/12/27, 81, 67, 49, 26, 2, 7
2021/12/28, 101, 76, 43, 19, , 2
2021/12/29, 124, 65, 38, 18, , 5
2021/12/30, 87, 66, 39, 24, , 6
2021/12/31, 88, 69, 47, 24, , 8
2022/1/1, 96, , , , , 
2022/1/3, 87, 76, 56, 21, , 6
2021/7/2, 70, 23, 22, 10, 7, 3
2021/7/3, 58, 21, 20, 7, 8, 2
2021/7/4, 57, 29, 34, 10, 8, 4
2021/7/5, 68, 38, 36, 17, 10, 6
2021/7/6, 73, 47, 40, 17, 9, 9
2021/7/7, 86, 54, 33, 13, 5, 9
2021/7/8, 95, 30, 24, 6, 5, 6
2021/7/9, 63, 24, 19, 6, 7, 5
2021/7/10, 56, , , , , 
2021/7/15, 84, 41, , 9, 7, 4
2021/7/16, 78, 40, , 4, 6, 2
2021/7/17, 66, 59, , 10, 6, 4
2021/7/18, 91, 46, , 5, 4, 3
2021/7/19, 78, 23, , 4, 2, 2
2021/7/20, 58, 40, 25, 9, 3, 4
2021/7/21, 85, 34, 30, 5, 6, 5
2021/7/22, 72, 29, 33, 13, 6, 5
2021/7/23, 65, 58, 35, 12, 5, 6
2021/7/24, 88, 63, 45, 13, 5, 5
2021/7/25, 93, 47, 41, 14, 5, 5
2021/7/26, 82, 40, 38, 18, 5, 7
2021/7/27, 73, 42, 60, 18, 5, 7
2021/7/28, 82, 49, 34, 18, 5, 6
2021/7/29, 89, 45, 46, 16, 6, 6
2021/7/30, 81, 25, 26, 11, 4, 5
2021/7/31, 61, 41, 31, 10, 4, 5
2021/8/1, 74, 32, 37, 13, 4, 6
2021/8/2, 71, 38, 36, 14, 5, 6
2021/8/3, 75, 35, 25, 15, 4, 6
2021/8/4, 78, 44, 32, 14, 5, 6
2021/8/5, 82, 25, 27, 9, 4, 4
2021/8/6, 61, 28, 28, 9, 4, 4
2021/8/7, 63, 30, 31, 10, 4, 5
2021/8/8, 67, 20, 27, 6, 4, 4
2021/8/9, 60, 27, 30, 11, 5, 6
2021/8/10, 63, 36, 43, 12, 4, 5
2021/8/11, 69, 26, 27, 12, 4, 5
2021/8/12, 63, 45, 42, 17, 5, 8
2021/8/13, 89, 51, 44, 18, 5, 7
2021/8/14, 101, 35, 33, 12, 6, 5
2021/8/15, 84, 34, 36, 7, 7, 4
2021/8/16, 71, 36, 38, 13, 8, 5
2021/8/17, 73, 34, 29, 14, 8, 5
2021/8/18, 72, 45, 31, 16, 8, 7
2021/8/19, 88, 52, 45, 16, 9, 7
2021/8/20, 90, 33, 31, 10, 10, 4
2021/8/21, 63, 18, 24, 6, 8, 4
2021/8/22, 54, 21, 27, 8, 8, 4
2021/8/23, 58, 35, 30, 12, 9, 7
2021/8/24, 67, 32, , , , 
2021/8/25, 67, 33, 21, 4, 7, 2
2021/8/26, 59, 41, 37, 13, 15, 5
2021/8/27, 69, 45, 21, 10, 7, 
2021/8/28, 70, 18, 14, 5, , 
2021/8/29, 50, 18, 16, 7, , 
2021/8/30, 53, 25, 13, 11, , 
2021/8/31, 59, 31, 19, , , 
2021/9/1, 66, 26, 13, 21, 6, 9
2021/9/2, 63, 23, 14, 14, 7, 7
2021/9/3, 62, 25, 19, 12, 8, 7
2021/9/4, 57, 28, 26, 11, 8, 6
2021/9/5, 63, 30, 24, 7, 8, 5
2021/9/6, 67, 30, 20, 11, 7, 7
2021/9/7, 63, 25, 19, 15, 8, 7
2021/9/8, 56, 35, 31, 14, 7, 9
2021/9/9, 72, 47, 35, 15, 7, 8
2021/9/10, 81, 48, 32, 12, 11, 7
2021/9/11, 80, 42, 39, 9, 9, 6
2021/9/12, 72, 25, 29, 6, 8, 7
2021/9/13, 59, 22, 16, 5, 6, 7
2021/9/14, 43, 24, 15, 6, 6, 5
2021/9/15, 43, 40, 20, 8, 8, 6
2021/9/16, 58, 40, 24, 8, 7, 5
2021/9/17, 64, 46, 30, 15, 8, 6
2021/9/18, 73, 31, 30, 10, 7, 5
2021/9/19, 63, 21, 19, 8, 7, 4
2021/9/20, 49, 38, 27, 9, 8, 5
2021/9/21, 60, 57, 54, 17, 9, 7
2021/9/22, 81, 43, 30, 11, 7, 4
2021/9/23, 60, 41, 31, 15, 8, 5
2021/9/24, 62, 56, 30, 18, 8, 9
2021/9/25, 85, 56, 32, 16, 10, 9
2021/9/26, 93, 45, 38, 11, 11, 7
2021/9/27, 77, 28, 23, 10, 9, 7
2021/9/28, 52, 41, 23, 14, 11, 8
2021/9/29, 67, 53, 32, 18, 11, 8
2021/9/30, 86, 56, 26, 23, 12, 6
2021/10/1, 88, 26, 23, 11, , 
2021/4/2, 77, 34, 40, 4, 3, 6
2021/4/3, 60, 57, 38, 8, 5, 7
2021/4/4, 78, 53, 45, 13, 8, 8
2021/4/5, 79, 61, 34, 19, 4, 9
2021/4/6, 90, 47, 29, 16, 2, 8
2021/4/7, 78, 42, 45, 18, 3, 9
2021/4/8, 74, 62, 62, 26, 3, 11
2021/4/9, 95, 58, 50, 23, 3, 10
2021/4/10, 93, 64, 57, 21, 4, 9
2021/4/11, 101, 62, 58, 16, 4, 9
2021/4/12, 99, 61, 45, 16, 4, 8
2021/4/13, 93, 64, 61, 22, 3, 10
2021/4/14, 105, 61, 59, 20, 3, 9
2021/4/15, 110, 53, 51, 21, 3, 10
2021/4/16, 92, 65, 51, 22, 4, 11
2021/4/17, 102, 71, 47, 18, 3, 10
2021/4/18, 112, 53, 35, 18, 3, 8
2021/4/19, 89, 60, 38, 19, 3, 9
2021/4/20, 98, 70, 41, 21, 4, 10
2021/4/21, 112, 78, 49, 21, 4, 10
2021/4/22, 141, 86, 65, 14, 4, 11
2021/4/23, 154, 87, 39, 17, 3, 12
2021/4/24, 151, 77, 57, 18, 3, 10
2021/4/25, 139, 77, 63, 8, 2, 10
2021/4/26, 138, 76, 56, 20, 2, 11
2021/4/27, 139, 80, 62, 24, 7, 11
2021/4/28, 131, 71, 9, , 2, 10
2021/4/29, 123, , , , , 
2021/5/7, 81, 37, 52, 11, 4, 3
2021/5/8, 73, , , , , 
2021/5/12, 82, 40, 45, 16, 4, 5
2021/5/13, 83, 24, 27, 10, 13, 4
2021/5/14, 58, 31, 28, 7, 4, 4
2021/5/15, 64, 38, 42, 7, 5, 4
2021/5/16, 75, 30, 47, 7, 4, 3
2021/5/17, 70, 43, 48, 7, 4, 4
2021/5/18, 85, 45, 49, , 4, 3
2021/5/19, 83, 48, 48, , 6, 2
2021/5/20, 89, 46, 54, , 6, 3
2021/5/21, 76, 56, 61, , 5, 4
2021/5/22, 86, 57, 63, , 6, 4
2021/5/23, 93, 56, 62, , 5, 3
2021/5/24, 99, 49, 47, 21, 5, 4
2021/5/25, 79, 48, 49, 16, 7, 5
2021/5/26, 88, , , , , 
2021/6/2, 86, 28, 35, 11, 4, 3
2021/6/3, 70, , , , , 
2021/6/9, 85, , , , , 
2021/6/30, 62, 28, 33, 12, 5, 4
2021/7/1, 69, 34, 26, 12, 7, 4
2021/1/7, 56, 62, 32, 20, 4, 8
2021/1/8, 74, 52, 33, 18, 3, 8
2021/1/9, 66, 49, 30, 15, 3, 7
2021/1/12, 54, 42, 25, 11, 3, 6
2021/1/13, 46, 48, 28, 16, 3, 8
2021/1/14, 56, 44, 22, 13, 4, 7
2021/1/15, 50, 61, 36, 19, 4, 9
2021/1/16, 72, 52, 31, 19, 4, 9
2021/1/17, 64, 41, 23, 13, 4, 7
2021/1/18, 58, 45, 31, 19, 4, 8
2021/1/19, 58, 48, 28, 15, 3, 6
2021/1/20, 52, 47, 29, 13, 4, 5
2021/1/21, 58, 44, 27, 16, 6, 6
2021/1/22, 50, 63, 48, 21, 16, 7
2021/1/23, 77, 61, 49, 20, 15, 7
2021/1/24, 79, 60, 41, 15, 14, 5
2021/1/25, 69, 57, 37, 19, 15, 6
2021/1/26, 70, 66, 35, 21, 11, 7
2021/1/27, 69, 73, 62, 19, 6, 7
2021/1/28, 83, 56, 47, 13, 5, 5
2021/1/29, 53, 65, 40, 19, 4, 6
2021/1/30, 68, 64, 51, 22, 4, 7
2021/1/31, 77, 63, 55, 16, 7, 5
2021/2/1, 78, 45, 44, 11, 6, 4
2021/2/2, 54, 56, 34, 19, 7, 6
2021/2/3, 71, 63, 46, 26, 6, 8
2021/2/4, 85, 66, 49, 24, 5, 7
2021/2/5, 81, 69, 55, 24, 5, 7
2021/2/6, 82, 69, 50, 25, 6, 7
2021/2/7, 86, 71, 41, 17, 4, 6
2021/2/8, 76, 62, 37, 17, 4, 6
2021/2/9, 75, 62, 42, 20, 5, 6
2021/2/10, 76, 62, 33, 19, 4, 6
2021/2/11, 76, 61, 25, 15, 5, 6
2021/2/12, 66, 41, 23, 10, 4, 4
2021/2/13, 40, 49, 31, 12, 4, 4
2021/2/14, 43, 46, 41, 16, 4, 6
2021/2/15, 51, 48, 35, 21, 5, 6
2021/2/16, 58, 51, 35, 17, 5, 5
2021/2/17, 55, 56, 38, 18, 5, 6
2021/2/18, 69, 77, 46, 22, 4, 11
2021/2/19, 106, 75, 54, 23, 5, 8
2021/2/20, 86, 73, 68, 24, 7, 8
2021/2/21, 90, 70, 72, 21, 7, 7
2021/2/22, 91, 70, 75, 21, 6, 7
2021/2/23, 86, 64, 59, 16, 5, 5
2021/2/24, 73, 61, 45, 20, 6, 6
2021/2/25, 78, 65, 50, 18, 4, 6
2021/2/26, 65, 73, 56, 25, 7, 9
2021/2/27, 89, 78, 69, 23, 6, 9
2021/2/28, 93, 69, 63, 18, 5, 6
2021/3/1, 78, 73, 62, 22, 5, 7
2021/3/2, 88, 76, 52, 13, 10, 5
2021/3/3, 94, 77, 62, 20, 5, 8
2021/3/4, 96, 72, 72, 21, 4, 7
2021/3/5, 84, 69, 56, 23, 5, 7
2021/3/6, 83, 69, 45, 22, 7, 8
2021/3/7, 91, 49, 38, 18, 4, 6
2021/3/8, 72, 56, 36, 22, 7, 7
2021/3/9, 78, 57, 43, 17, 6, 5
2021/3/12, 109, 75, 67, 22, 5, 7
2021/3/13, 109, 69, 48, 17, 4, 5
2021/3/14, 111, 62, 59, 14, 5, 5
2021/3/15, 128, 61, 55, 14, 6, 5
2021/3/16, 103, 62, 36, 17, 5, 6
2021/3/17, 88, 59, 45, 17, 5, 7
2021/3/18, 90, 61, 50, 20, 10, 7
2021/3/19, 106, 63, 44, 25, 4, 9
2021/3/20, 118, 64, 52, 21, 5, 7
2021/3/21, 112, 48, 45, 12, 4, 4
2021/3/22, 93, 57, 47, 18, 5, 6
2021/3/23, 85, 59, 37, 18, 5, 6
2021/3/24, 82, 55, 27, 17, 4, 7
2021/3/25, 84, 58, 43, 14, 3, 9
2021/3/26, 79, 61, 40, 13, 3, 10
2021/3/27, 83, 72, 61, 15, 3, 10
2021/3/28, 102, 94, 72, 8, 4, 9
2021/3/29, 112, 86, 46, 10, 4, 9
2021/3/30, 110, 72, 63, 12, 5, 9
2021/3/31, 105, 75, 48, 18, 3, 9
2021/4/1, 99, 60, 36, 5, 2, 6
2020/10/2, 79, 37, 40, 15, 5, 2
2020/10/3, 55, 38, 44, 15, 2, 2
2020/10/4, 58, 44, 43, 9, 5, 
2020/10/5, 71, 49, 51, 16, 5, 2
2020/10/6, 76, 50, 50, 17, 7, 2
2020/10/7, 70, 44, 49, 16, 6, 1
2020/10/8, 65, 53, 53, 21, 6, 5
2020/10/9, 78, 60, 48, 20, 4, 3
2020/10/10, 97, 42, 44, 16, 3, 3
2020/10/11, 72, 44, 41, 14, 3, 2
2020/10/12, 75, 29, 25, 14, 4, 4
2020/10/13, 55, 46, 41, 17, 3, 3
2020/10/14, 72, 33, 40, 14, 4, 1
2020/10/15, 62, 38, 41, 14, 8, 2
2020/10/16, 61, 34, 27, 14, 5, 1
2020/10/17, 54, 28, 36, 11, 2, 4
2020/10/18, 49, 41, 50, 14, 3, 3
2020/10/19, 72, 37, 38, 16, 3, 3
2020/10/20, 68, 43, 38, 16, 8, 6
2020/10/21, 81, 46, 41, 16, 11, 6
2020/10/22, 75, 43, 38, 18, 5, 6
2020/10/23, 67, 36, 38, 18, 7, 6
2020/10/24, 56, , 38, 17, 7, 5
2020/10/25, 51, , 41, 16, 8, 4
2020/10/26, 58, 54, 51, 22, 6, 6
2020/10/27, 71, 59, 55, 23, 6, 7
2020/10/28, 81, 61, 50, 21, 5, 8
2020/10/29, 87, 68, 64, 23, 5, 10
2020/10/30, 106, 55, 38, 17, 6, 7
2020/10/31, 78, 51, 35, 16, 4, 7
2020/11/1, 71, 50, 34, 10, 5, 6
2020/11/2, 64, 34, 39, 7, 4, 4
2020/11/3, 55, 44, 34, 15, 6, 6
2020/11/4, 54, 55, 38, 21, 11, 7
2020/11/5, 73, 66, 50, 28, 8, 9
2020/11/6, 88, 63, 37, 22, 6, 9
2020/11/7, 88, 51, 39, 20, 4, 8
2020/11/8, 71, 48, 48, 14, 5, 7
2020/11/9, 69, 54, 48, 19, 5, 8
2020/11/10, 73, 57, 51, 21, 4, 8
2020/11/11, 74, 63, 69, 22, 5, 8
2020/11/12, 83, 68, 71, 24, 5, 9
2020/11/13, 91, 63, 47, 27, 5, 9
2020/11/14, 80, 64, 56, 27, 5, 10
2020/11/15, 84, 60, 48, 15, 5, 7
2020/11/16, 74, 40, 38, 12, 4, 5
2020/11/17, 54, 32, 22, 10, 4, 5
2020/11/18, 44, 32, 27, 12, 4, 6
2020/11/19, 46, 44, 29, 17, 6, 7
2020/11/20, 59, 60, 27, 23, 7, 9
2020/11/21, 82, 42, 30, 15, 8, 6
2020/11/22, 57, 42, 35, 13, 6, 6
2020/11/23, 69, 45, 39, 16, 7, 5
2020/11/24, 63, 60, 39, 28, 6, 9
2020/11/25, 80, 64, 49, 30, 6, 9
2020/11/26, 84, 61, 47, 26, 5, 8
2020/11/27, 79, 58, 42, 26, 5, 9
2020/11/28, 74, 62, 44, 27, 6, 9
2020/11/29, 78, 55, 55, 18, 5, 7
2020/11/30, 75, 59, 34, 16, 4, 6
2020/12/1, 83, 37, 31, 11, 4, 5
2020/12/2, 63, 49, 32, 17, 5, 7
2020/12/3, 78, 48, 28, 17, 4, 9
2020/12/4, 66, 53, 24, 16, 4, 8
2020/12/5, 63, 49, 23, 15, 5, 9
2020/12/6, 65, 41, 26, 13, 4, 7
2020/12/7, 60, 44, 23, 17, 5, 9
2020/12/8, 69, 49, 30, 18, 5, 8
2020/12/9, 87, 57, 39, 23, 5, 10
2020/12/10, 89, 66, 47, 25, 5, 10
2020/12/11, 100, 60, 36, 21, 4, 10
2020/12/12, 95, 56, 31, 19, 5, 10
2020/12/13, 85, 44, 37, 15, 4, 8
2020/12/14, 65, 59, 38, 18, 5, 9
2020/12/15, 71, 48, 31, 20, 5, 9
2020/12/16, 70, 57, 34, 20, 4, 9
2020/12/17, 78, 56, 30, 21, 4, 9
2020/12/18, 74, 55, 32, 23, 5, 10
2020/12/19, 76, 57, 44, 21, 5, 9
2020/12/20, 86, 57, 48, 18, 5, 8
2020/12/21, 87, 56, 35, 20, 5, 6
2020/12/22, 81, 55, 36, 25, 5, 5
2020/12/23, 80, 66, 36, 28, 6, 7
2020/12/24, 95, 56, 41, 19, 2, 7
2020/12/25, 81, 71, 40, 16, 3, 7
2020/12/26, 123, 46, 34, 15, 3, 6
2020/12/27, 69, 44, 39, 16, 2, 6
2020/12/28, 62, 60, 49, 25, 4, 8
2020/12/29, 75, 63, 46, 23, 6, 8
2020/12/30, 83, 68, 35, 16, 4, 7
2020/12/31, 77, 56, 33, 11, 3, 5
2021/1/1, 58, , , , , 
2020/7/2, 58, 39, 47, 12, 5, 8
2020/7/3, 73, 35, 57, 12, 5, 8
2020/7/4, 67, 25, 44, 13, 6, 8
2020/7/5, 62, 26, 42, 13, 5, 9
2020/7/6, 69, 27, 42, 16, 5, 10
2020/7/7, 65, 16, 28, 8, 4, 7
2020/7/8, 39, 14, 21, 10, 3, 7
2020/7/9, 41, 19, 35, 11, 2, 3
2020/7/10, 49, 28, 55, 17, 3, 4
2020/7/11, 59, 25, 37, 13, 3, 3
2020/7/12, 58, 16, 44, 6, 3, 1
2020/7/13, 40, 31, 46, 18, 3, 5
2020/7/14, 68, 32, 52, 17, 2, 5
2020/7/15, 66, 37, 46, 21, 2, 5
2020/7/16, 82, 35, 64, 11, 2, 3
2020/7/17, 65, 43, 41, 11, 1, 3
2020/7/18, 72, 52, 47, 12, 3, 3
2020/7/19, 88, 39, 39, 12, 2, 3
2020/7/20, 77, 33, 46, 16, 3, 5
2020/7/21, 68, 22, 46, 13, , 3
2020/7/22, 57, 26, 53, 18, , 5
2020/7/23, 66, 23, 51, 15, , 4
2020/7/24, 61, 23, 55, 13, , 4
2020/7/25, 57, 28, 62, 15, , 4
2020/7/26, 70, 24, 44, 10, , 3
2020/7/27, 64, 23, 34, 10, , 4
2020/7/28, 53, 14, 26, 7, , 2
2020/7/29, 32, 19, 26, 8, , 3
2020/7/30, 39, 31, 46, 12, , 4
2020/7/31, 64, 19, 26, 10, , 3
2020/8/1, 45, 23, 28, 18, , 
2020/8/2, 61, 28, 39, 13, , 
2020/8/3, 69, 25, 36, 12, , 
2020/8/4, 66, 33, 12, 17, , 
2020/8/5, 74, , , , , 
2020/8/11, 68, 25, 51, 14, , 5
2020/8/12, 61, 24, 32, 8, , 4
2020/8/13, 50, 20, 30, 1, , 2
2020/8/18, 54, 27, 31, 15, 3, 6
2020/8/19, 74, 30, 41, 17, 3, 7
2020/8/20, 89, 35, 40, 17, 4, 7
2020/8/21, 98, 38, 38, 18, 3, 8
2020/8/22, 93, 42, 46, 16, 5, 7
2020/8/23, 86, 37, 50, 10, 6, 5
2020/8/24, 83, 34, 36, 13, 5, 5
2020/8/25, 74, 18, 22, 10, 3, 4
2020/8/26, 54, 22, 32, 11, 3, 6
2020/8/27, 50, 15, 16, 7, 2, 4
2020/8/28, 34, 23, 31, 14, 3, 5
2020/8/29, 54, 34, 32, 14, 3, 5
2020/8/30, 68, 14, 15, 4, 2, 2
2020/8/31, 30, 30, 30, 10, 5, 4
2020/9/1, 46, 37, 42, 13, 4, 5
2020/9/3, 63, 44, 39, 15, 3, 4
2020/9/4, 65, 33, 23, 11, 3, 3
2020/9/5, 56, 24, 19, 14, 2, 3
2020/9/6, 48, 31, 28, 12, 3, 5
2020/9/7, 60, 25, 35, 14, 3, 4
2020/9/8, 53, 28, 30, 12, 3, 3
2020/9/9, 55, 30, 24, 10, 3, 2
2020/9/10, 49, 27, 28, 12, 3, 3
2020/9/11, 54, 32, 28, 16, 3, 5
2020/9/12, 59, 28, 34, 12, 2, 2
2020/9/13, 60, 28, 35, 8, 8, 1
2020/9/14, 63, 37, 33, 14, 8, 3
2020/9/15, 64, 35, 28, 18, 7, 4
2020/9/16, 68, 25, 27, 10, 5, 2
2020/9/17, 61, 29, 26, 12, 7, 1
2020/9/18, 60, 30, 24, 13, 6, 2
2020/9/19, 55, 27, 22, 14, 4, 2
2020/9/20, 55, 26, 27, 10, 4, 2
2020/9/21, 62, 29, 26, 14, 4, 2
2020/9/22, 62, 40, 32, 16, 3, 2
2020/9/23, 75, 45, 31, 19, 3, 4
2020/9/24, 84, 52, 29, 19, 4, 4
2020/9/25, 93, 48, 29, 21, 3, 4
2020/9/26, 90, 41, 36, 20, 5, 3
2020/9/27, 87, 38, 32, 15, 3, 3
2020/9/28, 77, 37, 39, 14, 5, 1
2020/9/29, 66, 27, 25, 11, 6, 1
2020/9/30, 53, 36, 29, 15, 3, 3
2020/10/1, 60, 51, 42, 18, 9, 2
2020/4/2, 83, 45, 49, 18, 2, 9
2020/4/3, 83, 44, 45, 18, , 9
2020/4/4, 82, 38, 58, 16, , 8
2020/4/5, 75, 39, 46, 13, , 7
2020/4/6, 76, 42, 44, 15, , 8
2020/4/7, 73, 43, 42, 16, , 8
2020/4/8, 73, 43, 45, 17, , 9
2020/4/9, 77, 46, 48, 16, , 8
2020/4/10, 79, 37, 42, 11, , 7
2020/4/11, 72, 45, 40, 11, , 7
2020/4/12, 78, 42, 35, 10, , 7
2020/4/13, 75, 45, 42, 16, , 9
2020/4/14, 80, 52, 36, 13, 1, 9
2020/4/15, 82, 45, 40, 16, 3, 7
2020/4/16, 76, 54, 45, 17, 3, 7
2020/4/17, 95, 53, 50, 15, 3, 6
2020/4/18, 93, 57, 57, 16, 3, 7
2020/4/19, 103, 53, 43, 12, 2, 7
2020/4/20, 103, 47, 46, 17, 3, 7
2020/4/21, 90, 50, 50, 18, 3, 7
2020/4/22, 87, 36, 48, 17, 3, 7
2020/4/23, 74, 41, 46, 19, 3, 7
2020/4/24, 84, 49, 50, 20, 3, 8
2020/4/25, 94, 47, 43, 16, 3, 7
2020/4/26, 95, 38, 48, 10, 4, 5
2020/4/27, 84, 40, 55, 15, 3, 7
2020/4/28, 78, 36, 48, 16, 3, 7
2020/4/29, 76, 37, 44, 14, 3, 6
2020/4/30, 72, 30, 47, 13, 3, 6
2020/5/1, 60, 29, 43, 15, 3, 7
2020/5/2, 67, 37, 57, 17, 3, 8
2020/5/3, 82, 36, 59, 13, 4, 7
2020/5/4, 77, 40, 53, 16, 4, 8
2020/5/5, 83, 42, 50, 15, 4, 7
2020/5/6, 83, 30, 63, 11, 4, 5
2020/5/7, 65, 28, 47, 14, 3, 7
2020/5/8, 71, 40, 47, 17, 3, 8
2020/5/9, 96, 38, 48, 12, 4, 7
2020/5/10, 89, 30, 55, 10, 6, 6
2020/5/11, 70, 36, 50, 16, 4, 7
2020/5/12, 79, 40, 55, 16, 4, 8
2020/5/13, 87, 46, 49, 18, 4, 8
2020/5/14, 93, 49, 53, 19, 5, 8
2020/5/15, 99, 46, 50, 18, 4, 8
2020/5/16, 87, 39, 42, 17, 5, 8
2020/5/17, 71, 37, 51, 12, 4, 7
2020/5/18, 73, 52, 59, 20, 4, 9
2020/5/19, 99, 45, 60, 19, 5, 9
2020/5/20, 94, 58, 74, 19, 28, 28
2020/5/21, 134, 61, 72, 20, 2, 11
2020/5/22, 127, 48, 50, 14, 2, 8
2020/5/23, 89, 45, 50, 16, 1, 8
2020/5/24, 79, 47, 53, 13, 1, 8
2020/5/25, 94, 44, 60, 15, 1, 8
2020/5/26, 71, 55, 71, 15, 2, 9
2020/5/27, 96, 60, 74, 18, 2, 10
2020/5/28, 121, 54, 64, 15, 1, 9
2020/5/29, 106, 37, 50, 16, 1, 8
2020/5/30, 78, 26, 42, 12, , 7
2020/5/31, 66, 35, 48, 14, , 8
2020/6/1, 85, 37, 51, 16, , 9
2020/6/2, 81, 35, 48, 12, , 7
2020/6/3, 78, 25, 31, 9, , 7
2020/6/4, 59, 26, 44, 9, , 7
2020/6/5, 57, 30, 46, 10, , 7
2020/6/6, 64, 35, 40, 14, , 8
2020/6/7, 70, 29, 40, 11, , 8
2020/6/8, 65, 28, 42, 17, , 10
2020/6/9, 66, 27, 59, 14, 2, 8
2020/6/10, 63, 31, 54, 13, 2, 8
2020/6/11, 69, 29, 38, 11, 6, 7
2020/6/12, 67, 23, 38, 8, 2, 7
2020/6/13, 47, 27, 47, 9, 16, 7
2020/6/14, 61, 30, 56, 9, 11, 7
2020/6/15, 66, 31, 50, 13, 7, 8
2020/6/16, 62, 43, 60, 14, 7, 8
2020/6/17, 82, 43, 47, 14, 5, 8
2020/6/18, 80, 39, 42, 14, 5, 9
2020/6/19, 78, 36, 45, 15, 5, 9
2020/6/20, 68, 35, 42, 11, 6, 8
2020/6/21, 71, 27, 44, 12, 4, 9
2020/6/22, 64, 28, 26, 15, 5, 9
2020/6/23, 67, 25, 34, 13, 6, 9
2020/6/24, 61, 15, 29, 9, 4, 8
2020/6/25, 44, 14, 18, 6, 4, 7
2020/6/26, 41, 20, 26, 7, 4, 7
2020/6/27, 48, 36, 39, 11, 4, 8
2020/6/28, 69, 39, 41, 9, 4, 8
2020/6/29, 76, 39, 53, 12, 4, 8
2020/6/30, 76, 26, 50, 12, 6, 8
2020/7/1, 60, 23, 43, 11, 5, 8
2020/1/8, 89, 63, 44, 27, 10, 10
2020/1/9, 92, 56, 39, 28, 9, 9
2020/1/10, 90, 51, 29, 23, 9, 9
2020/1/11, 76, 44, 34, 24, 9, 9
2020/1/12, 72, 44, 32, 20, 8, 7
2020/1/13, 76, 49, 36, 23, 9, 10
2020/1/14, 75, 49, 18, 22, 9, 9
2020/1/15, 78, 46, 32, 20, 8, 8
2020/1/16, 71, 46, 40, 16, 9, 7
2020/1/17, 72, 40, 33, 18, 9, 9
2020/1/18, 64, 40, 39, 22, 9, 9
2020/1/19, 73, 24, 27, 10, 8, 5
2020/1/20, 60, 21, 20, 16, 8, 7
2020/1/21, 53, 36, 30, 24, 9, 13
2020/1/22, 77, 35, 36, 21, 8, 9
2020/1/23, 73, 35, 25, 19, 8, 7
2020/1/24, 71, 39, 26, 18, 8, 8
2020/1/25, 71, 39, 25, 17, 7, 8
2020/1/26, 69, 36, 31, 15, 8, 7
2020/1/27, 69, 36, 32, 19, 9, 8
2020/1/28, 62, 39, 33, 24, 9, 11
2020/1/29, 62, 47, 31, 19, 8, 11
2020/1/30, 64, 34, 28, 15, 8, 9
2020/1/31, 57, 23, 26, 12, 8, 8
2020/2/1, 50, 41, 22, 15, 8, 9
2020/2/2, 66, 37, 18, 15, 8, 8
2020/2/3, 67, 36, 24, 11, 7, 6
2020/2/4, 58, 30, 20, 11, 8, 6
2020/2/5, 55, 17, 14, 8, 7, 5
2020/2/6, 43, 21, 29, 14, 9, 8
2020/2/7, 43, 38, 29, 22, 10, 12
2020/2/8, 75, 46, 39, 22, 9, 10
2020/2/9, 75, 36, 38, 17, 8, 8
2020/2/10, 67, 46, 36, 19, 7, 11
2020/2/11, 71, 50, 40, 23, 4, 12
2020/2/12, 81, 46, 33, 18, 3, 9
2020/2/13, 82, 49, 36, 21, 4, 11
2020/2/14, 77, 52, 35, 25, 3, 13
2020/2/15, 85, 53, 47, 25, 3, 13
2020/2/16, 99, 40, 34, 20, 4, 10
2020/2/17, 74, 47, 35, 25, 5, 13
2020/2/18, 73, 51, 45, 29, 4, 14
2020/2/19, 82, 61, 54, 29, 5, 13
2020/2/20, 92, 56, 42, 24, 16, 11
2020/2/21, 91, 51, 36, 16, 26, 8
2020/2/22, 76, 47, 52, 19, 25, 8
2020/2/23, 77, 47, 52, 18, 25, 8
2020/2/24, 80, 57, 37, 19, 22, 9
2020/2/25, 81, 46, 31, 18, 4, 9
2020/2/26, 78, 50, 31, 16, , 9
2020/2/27, 74, 49, 34, 17, , 7
2020/2/28, 72, 56, 51, 28, , 7
2020/2/29, 91, 54, 42, 26, , 6
2020/3/1, 87, 46, 40, 23, , 5
2020/3/2, 82, 48, 36, 25, , 8
2020/3/3, 83, 50, 31, 18, , 6
2020/3/4, 71, 50, 36, 22, , 6
2020/3/5, 80, 57, 40, 24, , 8
2020/3/6, 84, 61, 59, 27, , 7
2020/3/7, 99, 59, 47, 25, , 7
2020/3/8, 105, 54, 52, 20, , 6
2020/3/9, 94, 49, 38, 20, , 5
2020/3/10, 82, 51, 51, 26, , 7
2020/3/11, 91, 51, 42, 26, , 8
2020/3/12, 86, 53, 50, 28, , 8
2020/3/13, 90, 47, 44, 27, , 8
2020/3/14, 85, 43, 46, 19, , 5
2020/3/15, 77, 35, 46, 14, , 4
2020/3/16, 70, 42, 41, 19, , 5
2020/3/17, 82, 39, 37, 27, 2, 9
2020/3/18, 81, , , , , 
2020/3/20, 68, 42, 47, 19, 3, 6
2020/3/21, 75, 47, 48, 15, 1, 4
2020/3/22, 85, 43, 49, 16, 1, 5
2020/3/23, 84, 46, 53, 19, 3, 5
2020/3/24, 78, 43, 47, 18, 2, 6
2020/3/25, 72, 50, 66, 20, 2, 7
2020/3/26, 74, 53, 37, 19, 2, 8
2020/3/27, 74, 47, 31, 17, 2, 7
2020/3/28, 74, 49, 50, 18, 2, 8
2020/3/29, 78, 54, 12, 24, 1, 9
2020/3/30, 91, , , , , 
2019/10/2, 43, 29, 46, 22, 9, 8
2019/10/3, 63, 30, 47, 17, 9, 7
2019/10/4, 58, 29, 41, 22, 8, 9
2019/10/5, 66, 34, 44, 18, 11, 7
2019/10/6, 72, 30, 55, 15, 16, 6
2019/10/7, 70, 29, 45, 16, 10, 7
2019/10/8, 54, 24, 28, 16, 8, 5
2019/10/9, 51, 31, 37, 21, 11, 7
2019/10/10, 59, 24, 28, 15, 7, 5
2019/10/11, 49, 28, 40, 19, 9, 9
2019/10/12, 62, 26, 39, 16, 6, 8
2019/10/13, 59, 28, 41, 13, 6, 7
2019/10/14, 64, 31, 30, 17, 7, 10
2019/10/15, 58, 37, 18, , 8, 9
2019/10/16, 67, 30, , , 7, 9
2019/10/17, 58, 13, 14, 7, 6, 9
2019/10/18, 34, 22, 18, 10, 6, 10
2019/10/19, 42, 24, 25, 8, 7, 9
2019/10/20, 51, 13, 19, 4, 6, 7
2019/10/21, 30, 21, 22, 8, 6, 9
2019/10/22, 45, 36, 30, 12, 8, 14
2019/10/23, 69, 36, 34, 11, 12, 12
2019/10/24, 76, 30, 37, 12, 7, 12
2019/10/25, 70, 32, 34, 17, 7, 14
2019/10/26, 69, 30, 35, 14, 6, 13
2019/10/27, 72, 27, 45, 13, 7, 12
2019/10/28, 69, 42, 40, 18, 8, 17
2019/10/29, 91, 28, 32, 14, 7, 12
2019/10/30, 67, 30, 23, 12, 6, 10
2019/10/31, 69, 24, 26, 12, 6, 4
2019/11/1, 54, 30, 16, 11, 6, 1
2019/11/2, 74, , , , , 
2019/11/4, 54, 31, 36, 12, 7, 6
2019/11/5, 72, 36, 36, 18, 8, 8
2019/11/6, 76, 30, 36, 13, 6, 7
2019/11/7, 64, 37, 26, 16, 7, 8
2019/11/8, 69, 40, 31, 19, 7, 7
2019/11/9, 70, 30, 33, 15, 6, 5
2019/11/10, 57, 30, 39, 14, 6, 5
2019/11/11, 65, 35, 33, 20, 7, 7
2019/11/12, 71, 34, 34, 17, 7, 7
2019/11/13, 66, 22, 26, 10, 4, 4
2019/11/14, 42, 36, 28, 20, 7, 9
2019/11/15, 66, 40, 33, 24, 10, 8
2019/11/16, 85, 42, 32, 26, 6, 9
2019/11/17, 91, 33, 42, 23, 6, 8
2019/11/18, 75, 39, 36, 18, 8, 8
2019/11/19, 81, 41, 26, 23, 7, 11
2019/11/20, 74, 34, 26, 21, 6, 9
2019/11/21, 72, 40, 31, 23, 8, 12
2019/11/22, 77, 52, 8, 27, 8, 13
2019/11/23, 86, , , , , 
2019/12/17, 77, 55, 25, 21, 9, 12
2019/12/18, 95, 50, 25, 19, 9, 12
2019/12/19, 82, 50, 32, 21, 10, 12
2019/12/20, 83, 50, 23, 27, 10, 14
2019/12/21, 89, 50, 28, 19, 11, 12
2019/12/22, 87, 38, 27, 16, 9, 10
2019/12/23, 86, 36, 25, 19, 10, 12
2019/12/24, 71, 34, 26, 17, 9, 12
2019/12/25, 67, 64, 37, 18, 11, 14
2019/12/26, 128, 41, 35, 21, 11, 12
2019/12/27, 78, 47, 23, 23, 11, 10
2019/12/28, 80, 42, 4, 21, 8, 6
2019/12/29, 79, , , , , 
2019/7/2, 65, 21, 31, 20, 7, 6
2019/7/3, 55, 26, 37, 17, 6, 6
2019/7/4, 60, 41, 49, 23, 8, 7
2019/7/5, 80, 45, 78, 24, 8, 7
2019/7/6, 84, 38, 60, 19, 11, 6
2019/7/7, 76, 21, 49, 12, 6, 4
2019/7/8, 57, 30, 48, 23, 7, 7
2019/7/9, 68, 42, 55, 27, 7, 8
2019/7/10, 90, 30, 40, 20, 7, 6
2019/7/11, 67, 25, 30, 18, 7, 6
2019/7/12, 60, 25, 36, 19, 7, 6
2019/7/13, 67, 30, 45, 22, 8, 6
2019/7/14, 72, 30, 44, 20, 7, 7
2019/7/15, 79, 29, 51, 18, 8, 6
2019/7/16, 71, 33, 62, 21, 8, 7
2019/7/17, 72, 24, 26, 17, 6, 6
2019/7/18, 56, 34, 39, 16, 8, 5
2019/7/19, 65, 23, 35, 20, 7, 6
2019/7/20, 62, 34, 52, 19, 7, 6
2019/7/21, 76, 27, 48, 14, 8, 4
2019/7/22, 62, 28, 46, 18, 7, 6
2019/7/23, 69, 31, 41, 19, 8, 7
2019/7/24, 68, 27, 39, 19, 9, 7
2019/7/25, 65, 34, 43, 21, 10, 10
2019/7/26, 76, 28, 37, 21, 9, 10
2019/7/27, 70, 20, 46, 11, 8, 8
2019/7/28, 53, 21, 44, 10, 8, 7
2019/7/29, 54, 26, 42, 16, 8, 9
2019/7/30, 62, 34, 48, 17, 7, 9
2019/7/31, 72, 31, 54, 18, 8, 10
2019/8/1, 70, 26, 62, 17, 9, 10
2019/8/2, 63, 37, 48, 22, 10, 12
2019/8/3, 73, 30, 53, 18, 8, 11
2019/8/4, 62, 34, 50, 15, 14, 11
2019/8/5, 86, 25, 45, 17, 8, 10
2019/8/6, 64, 29, 41, 19, 9, 9
2019/8/7, 72, 19, 35, 16, 8, 6
2019/8/8, 50, 22, 35, 14, 8, 6
2019/8/9, 49, 35, 36, 22, 8, 8
2019/8/10, 66, 22, 25, 12, 8, 5
2019/8/11, 53, 15, 35, 10, 8, 5
2019/8/12, 45, 17, 40, 13, 7, 6
2019/8/13, 49, 21, 38, 14, 7, 6
2019/8/14, 50, 28, 54, 17, 9, 7
2019/8/15, 64, 31, 51, 20, 9, 7
2019/8/16, 67, 33, 55, 21, 9, 8
2019/8/17, 73, 35, 61, 19, 8, 8
2019/8/18, 76, 35, 56, 17, 9, 7
2019/8/19, 87, 32, 36, 18, 9, 8
2019/8/20, 68, 31, 55, 16, 8, 7
2019/8/21, 60, 25, 27, 15, 8, 6
2019/8/22, 52, 28, 27, 17, 9, 7
2019/8/23, 63, 31, 24, 22, 8, 11
2019/8/24, 67, 23, 30, 15, 8, 8
2019/8/25, 61, 27, 42, 16, 8, 8
2019/8/26, 65, 28, 37, 17, 8, 8
2019/8/27, 68, 28, 43, 21, 8, 9
2019/8/28, 64, 40, 56, 21, 8, 10
2019/8/29, 87, 40, 69, 21, 12, 9
2019/8/30, 76, 32, 48, 17, 8, 8
2019/8/31, 60, 40, 68, 20, 9, 8
2019/9/1, 71, 39, 60, 16, 19, 7
2019/9/2, 75, 41, 42, 17, 15, 9
2019/9/3, 78, 33, 48, 15, 18, 7
2019/9/4, 70, 38, 36, 21, 11, 9
2019/9/5, 77, 32, 40, 20, 8, 9
2019/9/6, 66, 36, 45, 18, 9, 8
2019/9/7, 67, 36, 43, 22, 10, 9
2019/9/8, 75, 38, 51, 18, 10, 8
2019/9/9, 84, 30, 44, 20, 9, 9
2019/9/10, 67, 22, 36, 17, 10, 8
2019/9/11, 54, 29, 39, 19, 10, 9
2019/9/12, 64, 28, 36, 19, 13, 8
2019/9/13, 65, 21, 30, 17, 9, 8
2019/9/14, 50, 19, 34, 14, 8, 6
2019/9/15, 45, 23, 55, 17, 9, 8
2019/9/16, 54, 31, 47, 15, 12, 7
2019/9/17, 73, 33, 36, 17, 9, 8
2019/9/18, 68, 17, 30, 13, 9, 7
2019/9/19, 41, 20, 23, 16, 9, 9
2019/9/20, 52, 36, 47, 21, 10, 10
2019/9/21, 79, 31, 60, 18, 9, 9
2019/9/22, 76, 28, 50, 13, 9, 7
2019/9/23, 64, 39, 53, 18, 21, 9
2019/9/24, 78, 42, 51, 17, 14, 10
2019/9/25, 78, 32, 38, 20, 9, 8
2019/9/26, 74, 38, 26, 24, 11, 6
2019/9/27, 82, 36, 44, 20, 12, 6
2019/9/28, 68, 23, 24, 15, 9, 4
2019/9/29, 56, 9, 10, 7, 7, 1
2019/9/30, 25, 12, 10, 13, 8, 4
2019/10/1, 35, 22, 20, 14, 8, 6
2019/4/2, 84, 56, 43, 22, 7, 11
2019/4/3, 82, 56, 43, 18, 7, 10
2019/4/4, 85, 50, 40, 24, 6, 10
2019/4/5, 89, 53, 34, 22, 4, 6
2019/4/6, 92, 49, 54, 18, 4, 3
2019/4/7, 87, 48, 55, 17, 4, 2
2019/4/8, 87, 53, 60, 20, 5, 6
2019/4/9, 90, 40, 50, 18, 4, 3
2019/4/10, 77, 51, 69, 22, 4, 5
2019/4/11, 88, 64, 59, 24, 5, 6
2019/4/12, 93, 68, 60, 25, 4, 7
2019/4/13, 97, 53, 66, 26, 4, 7
2019/4/14, 90, 62, 85, 25, 5, 7
2019/4/15, 108, 71, 81, 24, 4, 8
2019/4/16, 137, 62, 76, 20, 4, 6
2019/4/17, 116, 54, 51, 20, 4, 5
2019/4/18, 90, 49, 40, 19, 4, 5
2019/4/19, 85, 53, 54, 15, 10, 4
2019/4/20, 95, 50, 68, 16, 7, 5
2019/4/21, 88, 52, 65, 16, 3, 5
2019/4/22, 96, 52, 72, 29, 4, 8
2019/4/23, 95, 55, 59, 26, 4, 9
2019/4/24, 101, 60, 66, 25, 4, 8
2019/4/25, 114, 59, 64, 24, 5, 8
2019/4/26, 107, 70, 86, 28, 6, 9
2019/4/27, 142, 75, 85, 30, 5, 10
2019/4/28, 149, 69, 81, 29, 4, 9
2019/4/29, 144, 58, 70, 36, 5, 13
2019/4/30, 127, 45, 74, 26, 4, 8
2019/5/1, 96, 38, 72, 23, 3, 6
2019/5/2, 72, 41, 47, 26, 5, 8
2019/5/3, 79, 57, 63, 29, 6, 10
2019/5/4, 110, 65, 65, 34, 6, 12
2019/5/5, 135, 57, 74, 16, 5, 6
2019/5/6, 121, 62, 59, 21, 5, 8
2019/5/7, 123, 55, 50, 23, 5, 8
2019/5/8, 104, 59, 60, 26, 6, 9
2019/5/9, 107, 58, 59, 26, 7, 9
2019/5/10, 116, 56, 73, 22, 5, 8
2019/5/11, 115, 64, 74, 18, 4, 8
2019/5/12, 130, 65, 82, 22, 5, 9
2019/5/13, 143, 74, 83, 29, 6, 12
2019/5/14, 147, 65, 77, 27, 6, 10
2019/5/15, 130, 66, 87, 27, 5, 9
2019/5/16, 136, 72, 82, 20, 5, 5
2019/5/17, 152, 56, 69, 24, 5, 4
2019/5/18, 118, 54, 65, 19, 5, 3
2019/5/19, 97, 59, 81, 17, 5, 3
2019/5/20, 108, 46, 98, 18, 4, 2
2019/5/21, 92, 47, 90, 25, 5, 5
2019/5/22, 92, 49, 88, 24, 6, 8
2019/5/23, 86, 59, 99, 28, 7, 11
2019/5/24, 113, 37, 83, 19, 6, 8
2019/5/25, 83, 42, 88, 16, 7, 7
2019/5/26, 84, 42, 95, 14, 9, 6
2019/5/27, 85, 46, 83, 19, 7, 8
2019/5/28, 87, 43, 62, 20, 5, 9
2019/5/29, 92, 49, 68, 18, 6, 9
2019/5/30, 99, 46, 85, 20, 6, 10
2019/5/31, 92, 39, 78, 19, 6, 8
2019/6/1, 77, 29, 49, 18, 7, 8
2019/6/2, 59, 22, 34, 11, 7, 6
2019/6/3, 52, 28, 29, 15, 11, 7
2019/6/4, 65, 28, 17, 16, 9, 11
2019/6/5, 64, 23, 27, 14, 7, 10
2019/6/6, 53, 17, 33, 14, 7, 9
2019/6/7, 52, 24, 57, 15, 7, 10
2019/6/8, 55, 32, 70, 13, 8, 10
2019/6/9, 63, 30, 88, 11, 7, 7
2019/6/10, 65, 40, 60, 10, 11, 8
2019/6/11, 69, 29, 63, 9, 12, 7
2019/6/12, 59, 40, 59, 16, 16, 8
2019/6/13, 77, 30, 53, 15, 14, 8
2019/6/14, 65, 29, 47, 15, 12, 9
2019/6/15, 66, 31, 65, 14, 11, 10
2019/6/16, 66, 33, 66, 12, 10, 8
2019/6/17, 72, 40, 59, 16, 8, 10
2019/6/18, 80, 28, 53, 10, 8, 8
2019/6/19, 60, 34, 42, 14, 8, 11
2019/6/20, 77, 41, 63, 16, 10, 12
2019/6/21, 85, 32, 53, 15, 9, 10
2019/6/22, 69, 35, 59, 17, 7, 12
2019/6/23, 83, 29, 36, 11, 10, 9
2019/6/24, 77, 16, 30, 9, 9, 8
2019/6/25, 44, 19, 27, 12, 6, 8
2019/6/26, 42, 30, 39, 22, 7, 10
2019/6/27, 64, 33, 48, 20, 7, 11
2019/6/28, 71, 30, 47, 17, 8, 7
2019/6/29, 62, 25, 51, 17, 8, 4
2019/6/30, 58, 29, 49, 18, 12, 5
2019/7/1, 69, 26, 36, 18, 9, 5
2019/1/8, 83, 51, 49, 32, 11, 9
2019/1/9, 82, 49, 46, 27, 7, 8
2019/1/10, 74, 57, 41, 22, 8, 8
2019/1/11, 107, 49, 45, 23, 6, 9
2019/1/12, 87, 40, 36, 23, 5, 8
2019/1/13, 84, 35, 49, 16, 6, 6
2019/1/14, 83, 45, 43, 19, 8, 8
2019/1/15, 93, 45, 53, 20, 4, 7
2019/1/16, 77, 52, 56, 23, 6, 8
2019/1/17, 95, 52, 47, 25, 7, 9
2019/1/18, 92, 47, 39, 23, 5, 8
2019/1/19, 81, 42, 45, 22, 6, 10
2019/1/20, 75, 43, 53, 18, 5, 8
2019/1/21, 84, 51, 36, 29, 6, 10
2019/1/22, 82, 48, 44, 24, 6, 9
2019/1/23, 74, 46, 46, 24, 7, 10
2019/1/24, 76, 41, 35, 19, 6, 8
2019/1/25, 68, 39, 32, 20, 7, 9
2019/1/26, 66, 40, 33, 20, 7, 8
2019/1/27, 74, 31, 50, 15, 6, 7
2019/1/28, 64, 42, 40, 22, 6, 10
2019/1/29, 73, 54, 51, 25, 6, 11
2019/1/30, 81, 40, 40, 21, 6, 10
2019/1/31, 62, 43, 38, 25, 7, 12
2019/2/1, 76, 47, 40, 25, 7, 12
2019/2/2, 78, 46, 46, 23, 7, 11
2019/2/3, 77, 48, 60, 21, 7, 10
2019/2/4, 81, 50, 49, 22, 7, 10
2019/2/5, 84, 53, 65, 29, 7, 13
2019/2/6, 93, 60, 69, 30, 7, 12
2019/2/7, 100, 58, 67, 30, 11, 12
2019/2/8, 95, 53, 68, 20, 8, 9
2019/2/9, 86, 48, 41, 17, 6, 8
2019/2/10, 72, 30, 52, 15, 5, 7
2019/2/11, 58, 46, 54, 20, 7, 10
2019/2/12, 77, 49, 52, 24, 6, 11
2019/2/13, 88, 50, 37, 25, 6, 13
2019/2/14, 99, 47, 23, 22, 6, 14
2019/2/15, 84, 50, 38, 24, 6, 13
2019/2/16, 80, 51, 46, 23, 7, 7
2019/2/17, 80, 49, 41, 20, 6, 5
2019/2/18, 80, 48, 27, 20, 6, 6
2019/2/19, 67, 44, 26, 19, 7, 5
2019/2/20, 60, 40, 21, 16, 7, 6
2019/2/21, 64, 36, 20, 16, 8, 5
2019/2/22, 55, 35, 16, 15, 7, 6
2019/2/23, 58, 37, 33, 15, 7, 4
2019/2/24, 66, 37, 38, 14, 6, 4
2019/2/25, 66, 46, 31, 21, 6, 7
2019/2/26, 81, 35, 30, 25, 6, 8
2019/2/27, 70, 37, 39, 26, 6, 6
2019/2/28, 68, 46, 42, 26, 8, 6
2019/3/1, 79, 48, 39, 24, 6, 6
2019/3/2, 82, 53, 64, 28, 6, 7
2019/3/3, 91, 38, 48, 19, 6, 6
2019/3/4, 70, 48, 35, 24, 7, 8
2019/3/5, 77, 41, 41, 23, 8, 8
2019/3/6, 71, 44, 44, 23, 7, 8
2019/3/7, 74, 49, 52, 31, 8, 11
2019/3/8, 90, 44, 39, 21, 7, 9
2019/3/9, 77, 43, 51, 19, 7, 8
2019/3/10, 78, 47, 47, 18, 12, 7
2019/3/11, 85, 54, 44, 22, 8, 9
2019/3/12, 86, 58, 30, 19, 6, 8
2019/3/13, 74, 53, 43, 19, 7, 9
2019/3/14, 81, 55, 45, 22, 7, 9
2019/3/15, 90, 56, 37, 21, 7, 10
2019/3/16, 90, 45, 33, 14, 5, 8
2019/3/17, 73, 45, 49, 17, 6, 9
2019/3/18, 83, 42, 32, 13, 6, 7
2019/3/19, 74, 37, 32, 15, 7, 8
2019/3/20, 67, 37, 31, 17, 6, 10
2019/3/21, 63, 41, 35, 16, 7, 9
2019/3/22, 68, 38, 35, 14, 6, 8
2019/3/23, 63, 33, 36, 16, 6, 9
2019/3/24, 63, 42, 60, 18, 7, 9
2019/3/25, 74, 48, 54, 20, 6, 10
2019/3/26, 74, 41, 50, 22, 6, 10
2019/3/27, 62, 46, 45, 21, 9, 11
2019/3/28, 74, 49, 52, 24, 10, 11
2019/3/29, 84, 51, 54, 24, 7, 12
2019/3/30, 80, 60, 67, 25, 8, 12
2019/3/31, 96, 55, 62, 21, 6, 10
2019/4/1, 83, 53, 45, 21, 6, 10
2018/10/2, 71, 34, 37, 15, , 4
2018/10/3, 68, 26, 34, 15, 7, 3
2018/10/4, 61, 27, 30, 21, 8, 9
2018/10/5, 66, 17, 20, 13, 7, 4
2018/10/6, 60, , , , , 
2018/10/11, 77, 31, 29, 21, , 9
2018/10/12, 76, 29, 41, 22, , 9
2018/10/13, 76, 25, 21, 18, , 10
2018/10/14, 67, 18, 14, 12, , 7
2018/10/15, 53, 20, 18, 12, 2, 7
2018/10/16, 50, 22, 25, 15, 3, 7
2018/10/17, 51, 23, 24, 16, 5, 8
2018/10/18, 55, 21, 19, 16, 5, 8
2018/10/19, 49, 23, 24, 14, 6, 9
2018/10/20, 45, , , , , 
2018/11/8, 91, 45, 39, 24, 8, 13
2018/11/9, 79, 44, 38, 22, 7, 11
2018/11/10, 73, 43, 40, 14, 7, 10
2018/11/11, 77, 39, 56, 17, 7, 10
2018/11/12, 82, 39, 33, 19, 8, 14
2018/11/13, 73, 35, 22, 10, 7, 12
2018/11/14, 68, 23, 16, 15, 7, 12
2018/11/15, 57, 38, 32, 11, 9, 14
2018/11/16, 73, 39, 35, 25, 9, 13
2018/11/17, 64, 42, 50, , 9, 11
2018/11/18, 69, 39, 40, 22, 8, 11
2018/11/19, 71, 41, 57, 25, 9, 11
2018/11/20, 73, 46, 38, 33, 10, 13
2018/11/21, 72, 43, 35, 33, 9, 13
2018/11/22, 67, 52, 57, 37, 10, 13
2018/11/23, 85, 54, 69, 40, 10, 14
2018/11/24, 94, 53, 59, 33, 8, 12
2018/11/25, 100, 41, 39, 23, 9, 10
2018/11/26, 78, 43, 29, 27, 9, 13
2018/11/27, 74, 37, 31, 24, 8, 10
2018/11/28, 64, 32, 22, 14, 7, 2
2018/11/29, 61, 16, 26, 12, 7, 3
2018/11/30, 39, 16, 18, 12, 7, 3
2018/12/1, 34, 25, 25, 15, 7, 3
2018/12/2, 53, 28, 46, 19, 7, 3
2018/12/3, 59, 43, 43, 28, 9, 7
2018/12/4, 76, 43, 29, 24, 8, 6
2018/12/5, 75, 46, 37, 23, 8, 6
2018/12/6, 86, 43, 44, 23, 9, 6
2018/12/7, 80, 38, 28, 17, 8, 5
2018/12/8, 57, 38, 31, 21, 8, 6
2018/12/9, 69, 34, 38, 17, 8, 5
2018/12/10, 66, 44, 38, 22, 9, 6
2018/12/11, 84, 46, 44, 23, 9, 6
2018/12/12, 89, 45, 37, 22, 8, 5
2018/12/13, 95, 32, 28, 18, 6, 5
2018/12/14, 62, 43, 36, 24, 5, 7
2018/12/15, 68, 56, 53, 33, 6, 9
2018/12/16, 98, 62, 82, 33, 8, 9
2018/12/17, 126, 57, 74, 35, 8, 9
2018/12/18, 107, 59, 50, 31, 6, 8
2018/12/19, 109, 38, 30, 21, 5, 4
2018/12/20, 70, 34, 41, 24, 5, 5
2018/12/21, 61, 48, 41, 36, 7, 10
2018/12/22, 81, 60, 68, 41, 10, 10
2018/12/23, 105, 57, 90, 36, 9, 8
2018/12/24, 107, 53, 56, 29, 8, 8
2018/12/25, 89, 78, 62, 27, 7, 8
2018/12/26, 148, 45, 34, 25, 6, 5
2018/12/27, 78, 42, 31, 20, 6, 5
2018/12/28, 68, 45, 31, 24, 6, 7
2018/12/29, 75, 44, 37, 24, 6, 7
2018/12/30, 72, 41, 34, 18, 5, 5
2018/12/31, 72, , , , , 
2018/7/2, 81, 45, 38, 15, 18, 8
2018/7/3, 84, 35, 28, 12, 17, 8
2018/7/4, 70, 47, 36, 21, 19, 10
2018/7/5, 96, 41, 29, 12, 15, 7
2018/7/6, 74, 36, 20, 11, 15, 6
2018/7/7, 62, 33, 30, 13, 15, 7
2018/7/8, 68, 20, 27, 12, 13, 7
2018/7/9, 65, 41, 25, 14, 13, 8
2018/7/10, 77, 27, 22, 15, 10, 8
2018/7/11, 66, 28, 22, 15, 9, 8
2018/7/12, 65, 45, 30, 12, 7, 7
2018/7/13, 83, 45, 24, 18, 9, 9
2018/7/14, 87, 28, 25, 20, 8, 9
2018/7/15, 74, 67, 31, 8, 7, 6
2018/7/16, 109, 55, 24, 18, 8, 9
2018/7/17, 96, 44, 20, 18, 7, 9
2018/7/18, 88, 38, 41, 17, 8, 9
2018/7/19, 86, 34, 35, 16, 8, 7
2018/7/20, 67, 41, 34, 19, 8, 9
2018/7/21, 76, 31, 29, 13, 7, 7
2018/7/22, 63, 39, 41, 13, 9, 7
2018/7/23, 77, 44, 34, 16, 8, 9
2018/7/24, 76, 35, 36, 13, 8, 8
2018/7/25, 73, 37, 40, 14, 8, 8
2018/7/26, 67, 40, 33, 17, 8, 8
2018/7/27, 69, 38, 28, 18, 9, 10
2018/7/28, 80, 31, 28, 19, 9, 9
2018/7/29, 74, , , , , 
2018/7/31, 64, 38, 32, 21, 9, 10
2018/8/1, 77, 29, 31, 14, 9, 9
2018/8/2, 65, 24, 32, 9, 9, 7
2018/8/3, 57, 20, 32, 10, 8, 8
2018/8/4, 49, 22, 22, 10, 8, 9
2018/8/5, 62, 19, 29, 8, 9, 8
2018/8/6, 60, 18, 22, 6, 9, 9
2018/8/7, 50, 31, 32, 7, 10, 8
2018/8/8, 66, , 36, 13, 5, 8
2018/8/9, 60, , 32, 14, , 8
2018/8/11, 71, 34, 34, 18, , 10
2018/8/12, 87, 17, 28, 13, , 8
2018/8/13, 63, 21, 24, 14, , 10
2018/8/14, 66, 30, 30, 16, , 11
2018/8/15, 72, 25, 26, 14, , 9
2018/8/16, 71, 27, 32, 16, , 10
2018/8/17, 66, 37, 46, 18, , 11
2018/8/18, 78, 30, 43, 16, , 10
2018/8/19, 72, 24, 45, 10, , 8
2018/8/20, 68, 34, 40, 20, , 12
2018/8/21, 76, 21, 26, 12, , 9
2018/8/22, 53, 21, 26, 15, , 10
2018/8/23, 63, 25, 33, 15, , 9
2018/8/24, 68, 20, 30, 16, , 10
2018/8/25, 59, 36, 54, 19, , 11
2018/8/26, 90, 23, 37, 12, , 8
2018/8/27, 69, 30, 35, 19, , 11
2018/8/28, 70, 21, 23, 10, , 9
2018/8/29, 57, 29, 27, , , 12
2018/8/30, 67, 34, 34, 52, 2, 3
2018/8/31, 76, 26, 32, 50, 2, 4
2018/9/1, 74, 20, 36, 57, 3, 7
2018/9/2, 60, 28, 43, 61, 2, 6
2018/9/3, 72, 29, 45, 53, 2, 6
2018/9/4, 75, 38, 51, 49, , 
2018/9/5, 81, 29, 34, , , 
2018/9/6, 70, 20, 27, , , 
2018/9/7, 58, 37, 21, , , 
2018/9/8, 80, , , , , 
2018/9/13, 55, 26, 37, 23, , 
2018/9/14, 71, 20, 29, 16, , 
2018/9/15, 60, 23, 34, 14, , 
2018/9/16, 54, 22, 35, 10, , 
2018/9/17, 60, 29, 32, 18, , 
2018/9/18, 62, 37, 34, 21, , 
2018/9/19, 85, 40, 43, 25, , 
2018/9/20, 87, 35, 47, 18, , 
2018/9/21, 77, 31, 29, 13, , 
2018/9/22, 60, 28, 31, 12, , 
2018/9/23, 68, 29, 39, 12, , 
2018/9/24, 72, 33, 39, 17, , 
2018/9/25, 76, 25, 33, 15, , 6
2018/9/26, 69, 27, 34, 15, , 4
2018/9/27, 64, 25, 32, 13, , 2
2018/9/28, 60, 29, 37, 15, , 4
2018/9/29, 70, 27, 33, 15, , 4
2018/9/30, 70, 25, 33, 15, , 2
2018/10/1, 67, 35, 36, 16, , 3
2018/4/2, 76, 47, 27, 34, 8, 9
2018/4/3, 91, 49, 26, 33, 7, 9
2018/4/4, 90, 59, 34, 32, 8, 9
2018/4/5, 100, 56, 32, 31, 8, 8
2018/4/6, 104, 49, 27, 27, 7, 8
2018/4/7, 91, 52, 28, 27, 7, 9
2018/4/8, 105, 51, 34, 25, 10, 8
2018/4/9, 100, 53, 35, 27, 9, 10
2018/4/10, 110, 54, 42, 31, 8, 11
2018/4/11, 106, 35, 30, 30, 8, 8
2018/4/12, 75, 36, 29, 36, 9, 10
2018/4/13, 94, 42, 29, 30, 10, 11
2018/4/14, 94, 35, 26, 25, 8, 7
2018/4/15, 80, 33, 27, 24, 9, 7
2018/4/16, 80, 46, 27, 30, 9, 10
2018/4/17, 97, 47, 31, 32, 10, 9
2018/4/18, 100, 41, 29, 28, 9, 8
2018/4/19, 86, 48, 38, 32, 10, 9
2018/4/20, 88, 55, 29, 40, 10, 9
2018/4/21, 97, 55, 16, 45, 9, 10
2018/4/22, 107, 43, 18, 44, 9, 12
2018/4/23, 100, 43, 34, 40, 8, 11
2018/4/24, 95, 41, 23, 44, 8, 10
2018/4/25, 94, 40, 17, 46, 8, 12
2018/4/26, 96, 48, 19, 46, 9, 12
2018/4/27, 110, 54, 22, 48, 8, 10
2018/4/28, 111, 48, 26, 45, 7, 9
2018/4/29, 105, 54, 32, 50, 7, 11
2018/4/30, 128, 44, 23, 49, 8, 11
2018/5/1, 106, , , , , 
2018/5/3, 78, 41, 42, 24, 8, 13
2018/5/4, 98, 42, 49, 21, 10, 12
2018/5/5, 110, 30, 39, 13, 9, 9
2018/5/6, 83, 24, 27, 12, 11, 8
2018/5/7, 75, 38, 26, 21, 12, 12
2018/5/8, 86, 23, 18, 18, 10, 11
2018/5/9, 74, 24, 37, 15, 8, 9
2018/5/10, 68, 39, 47, 17, 15, 9
2018/5/11, 84, 46, 51, 27, 9, 12
2018/5/12, 101, 44, 62, 20, 8, 10
2018/5/13, 104, 38, 61, 14, 8, 9
2018/5/14, 93, 40, 50, 20, 8, 11
2018/5/15, 97, 44, 42, 21, 11, 10
2018/5/16, 104, 40, 34, 25, 10, 10
2018/5/17, 84, 40, 32, 23, 8, 9
2018/5/18, 81, 40, 36, 25, 9, 11
2018/5/19, 85, 46, 36, 25, 7, 10
2018/5/20, 98, 31, 41, 22, 5, 9
2018/5/21, 84, 37, 29, 28, 6, 12
2018/5/22, 90, 40, 34, 27, 6, 11
2018/5/23, 97, 48, 36, 17, 6, 11
2018/5/24, 95, 45, 38, 18, 8, 9
2018/5/25, 86, 39, 35, 18, 12, 7
2018/5/26, 77, 34, 45, 19, 14, 7
2018/5/27, 75, 30, 44, 14, 11, 6
2018/5/28, 71, 41, 37, 20, 10, 8
2018/5/29, 77, 40, 33, 21, 11, 8
2018/5/30, 78, 47, 35, 20, 9, 9
2018/5/31, 79, 45, 31, 21, 12, 9
2018/6/1, 70, 48, 42, 20, 14, 9
2018/6/2, 87, 49, 49, 13, 18, 7
2018/6/3, 91, 44, 37, 11, 13, 6
2018/6/4, 77, 41, 49, 13, 13, 7
2018/6/5, 67, 58, 59, 18, 12, 8
2018/6/6, 89, 54, 45, 18, 12, 10
2018/6/7, 99, 47, 50, 18, 20, 9
2018/6/8, 87, 37, 40, 15, 19, 8
2018/6/9, 73, 33, 32, 16, 19, 9
2018/6/10, 77, 29, 29, 8, 19, 6
2018/6/11, 62, 33, 25, 15, 18, 8
2018/6/12, 72, 31, 17, 15, 17, 9
2018/6/13, 74, 14, 18, 11, 18, 9
2018/6/14, 46, 19, 11, 12, 19, 10
2018/6/15, 59, 21, 15, 14, 18, 9
2018/6/16, 60, 25, 30, 15, 18, 9
2018/6/17, 71, 15, 17, 6, 5, 6
2018/6/18, 43, 16, 11, 8, 5, 8
2018/6/19, 50, 16, 16, 8, 5, 7
2018/6/20, 47, 25, 26, 11, 5, 8
2018/6/21, 55, 29, 19, 11, 14, 7
2018/6/22, 60, 20, 16, 8, 17, 7
2018/6/23, 47, , , , , 
2018/6/26, 64, 23, 19, 13, 18, 8
2018/6/27, 64, 22, 23, 10, 18, 7
2018/6/28, 60, 21, 27, 15, 18, 8
2018/6/29, 63, 23, 17, 12, 18, 8
2018/6/30, 60, , , , , 
2018/1/11, 121, 60, 19, 52, 9, 13
2018/1/12, 105, 65, 22, 51, 10, 15
2018/1/13, 107, 64, 28, 41, 11, 12
2018/1/14, 108, 53, 27, 34, 11, 9
2018/1/15, 87, 57, 26, 43, 9, 15
2018/1/16, 87, 63, 45, 46, 9, 12
2018/1/17, 106, 69, 39, 45, 8, 10
2018/1/18, 114, 63, 41, 45, 7, 11
2018/1/19, 108, 55, 39, 44, 7, 12
2018/1/20, 103, 42, 30, 33, 7, 9
2018/1/21, 76, 42, 31, 31, 6, 8
2018/1/22, 70, 50, 30, 35, 7, 10
2018/1/23, 76, 54, 30, 34, 6, 10
2018/1/24, 87, 44, 28, 35, 6, 9
2018/1/25, 83, 36, 27, 32, 6, 8
2018/1/26, 71, 44, 28, 33, 6, 10
2018/1/27, 82, 38, 31, 36, 6, 11
2018/1/28, 104, 20, 26, 25, 6, 6
2018/1/30, 57, 37, 26, 31, 10, 8
2018/1/31, 77, 57, 22, 35, 11, 13
2018/2/1, 101, 40, 27, 31, 7, 13
2018/2/2, 75, 50, 34, 38, 8, 12
2018/2/3, 85, 51, 36, 35, 7, 10
2018/2/4, 90, 49, 39, 34, 6, 8
2018/2/5, 91, 55, 35, 33, 7, 9
2018/2/6, 98, 56, 32, 34, 7, 12
2018/2/7, 92, 60, 34, 38, 8, 13
2018/2/8, 106, 54, 30, 30, 8, 8
2018/2/9, 94, 39, 21, 30, 6, 10
2018/2/10, 69, 28, 24, 27, 7, 8
2018/2/11, 69, 33, 26, 26, 6, 8
2018/2/12, 69, 41, 28, 28, 7, 11
2018/2/13, 75, 42, 26, 27, 6, 9
2018/2/14, 68, 47, 24, 30, 7, 10
2018/2/15, 77, 59, 38, 38, 7, 12
2018/2/16, 99, 59, 24, 42, 8, 11
2018/2/17, 96, 58, 22, 43, 8, 9
2018/2/18, 98, 58, 27, 45, 7, 8
2018/2/19, 99, 50, 14, 36, 7, 7
2018/2/20, 90, 53, 24, 37, 7, 8
2018/2/21, 89, 56, 28, 45, 8, 12
2018/2/22, 89, 61, 37, 48, 8, 13
2018/2/23, 110, 56, 35, 46, 8, 11
2018/2/24, 104, 40, 30, 41, 8, 8
2018/2/25, 77, 40, 36, 40, 7, 7
2018/2/26, 83, 46, 36, 41, 8, 9
2018/2/27, 91, 48, 31, 39, 7, 9
2018/2/28, 92, 56, 32, 39, 8, 9
2018/3/1, 102, 65, 41, 40, 8, 9
2018/3/2, 109, 63, 22, 37, 8, 8
2018/3/3, 105, 63, 38, 40, 9, 9
2018/3/4, 102, 56, 29, 33, 8, 7
2018/3/5, 89, 61, 32, 39, 8, 8
2018/3/6, 96, 53, 24, 41, 8, 8
2018/3/7, 94, 55, 22, 43, 9, 9
2018/3/8, 105, 52, 40, 37, 8, 10
2018/3/9, 112, , , , , 
2017/10/2, 36, 28, 16, 20, 6, 8
2017/10/3, 44, 29, 15, 22, 7, 8
2017/10/4, 45, 31, 10, 22, 7, 9
2017/10/5, 40, 35, 14, 20, 7, 8
2017/10/6, 49, 40, 13, 24, 10, 8
2017/10/7, 53, 36, 14, 26, 8, 8
2017/10/8, 55, 41, 16, 26, 7, 7
2017/10/9, 74, 47, 14, 32, 7, 11
2017/10/10, 75, 51, 17, 29, 6, 10
2017/10/11, 81, 33, 13, 25, 7, 7
2017/10/12, 51, 34, 12, 25, 7, 7
2017/10/13, 49, 35, 24, 25, 7, 7
2017/10/14, 47, 29, 29, 22, 6, 7
2017/10/15, 52, 43, 31, 23, 7, 8
2017/10/16, 74, 33, 21, 20, 6, 6
2017/10/17, 49, 36, 24, 24, 6, 9
2017/10/18, 46, 59, 32, 29, 7, 12
2017/10/19, 84, 53, 32, 31, 4, 11
2017/10/20, 87, 54, 23, 40, 6, 16
2017/10/21, 79, 56, 27, 39, 6, 13
2017/10/22, 79, 47, 25, 29, 5, 8
2017/10/23, 66, 37, 23, 27, 5, 8
2017/10/24, 45, 35, 19, 25, 6, 8
2017/10/25, 47, 36, 32, 31, 5, 8
2017/10/26, 47, 54, 20, 36, 7, 10
2017/10/27, 86, 41, 22, 39, 8, 11
2017/10/28, 66, 52, 33, 37, 11, 11
2017/10/29, 79, 42, 32, 33, 7, 8
2017/10/30, 75, 50, 26, 38, 9, 13
2017/10/31, 86, 51, 19, 33, 9, 11
2017/11/1, 77, 41, 14, 31, 10, 9
2017/11/2, 75, 46, 30, 35, 10, 9
2017/11/3, 82, 38, 19, 36, 11, 11
2017/11/4, 60, 38, 19, 35, 17, 9
2017/11/5, 60, 40, 29, 43, 13, 10
2017/11/6, 66, 58, 26, 54, 14, 15
2017/11/7, 80, 51, 20, 53, 17, 15
2017/11/8, 71, 49, 24, 49, 13, 14
2017/11/9, 66, 66, 24, 59, 14, 16
2017/11/10, 95, 59, 33, 55, 13, 14
2017/11/11, 99, 41, 25, 46, 17, 11
2017/11/12, 84, 35, 26, 35, 22, 9
2017/11/13, 68, 30, 20, 32, 19, 8
2017/11/14, 50, 32, 25, 37, 15, 11
2017/11/15, 59, 44, 22, 42, 24, 14
2017/11/16, 86, 43, 26, 45, 15, 14
2017/11/17, 75, 48, 31, 49, 16, 15
2017/11/18, 82, 47, 27, 48, 10, 13
2017/11/19, 81, 34, 34, 36, 4, 10
2017/11/20, 66, 36, 32, 39, 2, 10
2017/11/21, 74, 55, 18, 43, 4, 15
2017/11/22, 89, 52, 31, 45, 12, 13
2017/11/23, 92, 52, 28, 46, 15, 14
2017/11/24, 102, 53, 35, 48, 10, 16
2017/11/25, 94, 44, 34, 52, 8, 14
2017/11/26, 90, 36, 26, 40, 11, 11
2017/11/27, 69, 46, 27, 45, 14, 14
2017/11/28, 82, 57, 21, 55, 11, 17
2017/11/29, 99, 59, 31, 59, 12, 19
2017/11/30, 99, 62, 35, 55, 13, 16
2017/12/1, 110, 63, 31, 60, 10, 14
2017/12/2, 118, 61, 41, 59, 10, 11
2017/12/3, 124, 56, 30, 50, 8, 10
2017/12/4, 118, , , , , 
2017/12/6, 117, 58, 31, 50, 8, 12
2017/12/7, 93, 57, 26, 44, 7, 11
2017/12/8, 99, 46, 22, 32, 7, 9
2017/12/9, 83, 45, 29, 32, 7, 7
2017/12/10, 87, 53, 40, 35, 11, 8
2017/12/11, 101, 57, 49, 48, 9, 12
2017/12/12, 101, 59, 39, 46, 12, 11
2017/12/13, 113, 68, 33, 53, 12, 15
2017/12/14, 124, 72, 43, 63, 12, 15
2017/12/15, 131, 68, 32, 49, 10, 13
2017/12/16, 107, 44, 25, 33, 7, 7
2017/12/17, 76, 40, 28, 35, 8, 10
2017/12/18, 82, 61, 25, 39, 9, 15
2017/12/19, 112, 51, 21, 39, 9, 14
2017/12/20, 91, 45, 18, 38, 9, 13
2017/12/21, 83, , , , , 
2017/7/2, 48, 16, 22, 22, 6, 4
2017/7/3, 48, 23, 18, 28, 6, 7
2017/7/4, 64, 26, 17, 27, 7, 7
2017/7/5, 63, 34, 28, 32, 7, 8
2017/7/6, 74, 29, 29, 31, 9, 7
2017/7/7, 72, 25, 24, 28, 7, 7
2017/7/8, 63, 23, 17, 28, 7, 8
2017/7/9, 66, 21, 17, 24, 6, 7
2017/7/10, 60, 22, 15, 22, 6, 7
2017/7/11, 56, 22, 13, 25, 7, 9
2017/7/12, 58, 24, 18, 29, 7, 12
2017/7/13, 68, 37, 34, 25, 7, 9
2017/7/14, 82, 44, 35, 27, 7, 8
2017/7/15, 78, 40, 38, 27, 8, 7
2017/7/16, 81, 32, 31, 26, 7, 6
2017/7/17, 76, 38, 30, 38, 7, 11
2017/7/18, 92, 42, 19, 35, 7, 11
2017/7/19, 93, 37, 26, 28, 7, 9
2017/7/20, 76, 30, 18, 25, 7, 8
2017/7/21, 49, 34, 23, 28, 7, 9
2017/7/22, 62, 30, 28, 29, 7, 9
2017/7/23, 59, 33, 22, 31, 7, 10
2017/7/24, 75, 35, 19, 28, 6, 11
2017/7/25, 70, 22, 18, 24, 6, 8
2017/7/26, 47, 16, 18, 18, 6, 7
2017/7/27, 31, 34, 28, 24, 7, 10
2017/7/28, 68, 36, 27, 25, 6, 9
2017/7/29, 64, 38, 29, 29, 7, 8
2017/7/30, 73, 36, 34, 22, 7, 5
2017/7/31, 74, 32, 33, 24, 9, 6
2017/8/1, 57, 44, 34, 23, 10, 7
2017/8/2, 71, 27, 23, 20, 7, 6
2017/8/3, 52, 24, 21, 19, 7, 7
2017/8/4, 49, 32, 31, 26, 7, 8
2017/8/5, 69, 39, 25, 24, 7, 8
2017/8/6, 78, 27, 22, 20, 7, 6
2017/8/7, 49, 38, 30, 23, 9, 8
2017/8/8, 71, 36, 34, 26, 8, 8
2017/8/9, 67, 31, 19, 20, 10, 6
2017/8/10, 56, 16, 12, 15, 7, 6
2017/8/11, 29, 23, 15, 17, 7, 6
2017/8/12, 28, 30, 24, 22, 6, 7
2017/8/13, 53, 24, 19, 18, 7, 5
2017/8/14, 34, 26, 15, 20, 7, 7
2017/8/15, 39, 43, 27, 27, 8, 10
2017/8/16, 73, 32, 15, 20, 7, 7
2017/8/17, 36, 34, 16, 26, 7, 9
2017/8/18, 45, 34, 23, 26, 7, 8
2017/8/19, 61, 36, 30, 27, 8, 9
2017/8/20, 79, 37, 28, 20, 7, 7
2017/8/21, 68, 37, 24, 20, 9, 7
2017/8/22, 55, 35, 25, 21, 8, 6
2017/8/23, 51, 39, 14, 27, 11, 7
2017/8/24, 64, 44, 18, 31, 14, 7
2017/8/25, 72, 44, 15, 31, 9, 8
2017/8/26, 61, 45, 21, 32, 8, 8
2017/8/27, 74, 38, 20, 28, 8, 7
2017/8/28, 70, 28, 16, 28, 8, 9
2017/8/29, 43, 23, 11, 17, 7, 7
2017/8/30, 17, 21, 9, 19, 7, 8
2017/8/31, 26, 32, 19, 24, 8, 8
2017/9/1, 43, 37, 24, 28, 8, 10
2017/9/2, 63, 33, 19, 23, 10, 7
2017/9/3, 48, 27, 18, 20, 8, 5
2017/9/4, 34, 25, 17, 22, 8, 7
2017/9/5, 26, 24, 10, 20, 10, 8
2017/9/6, 28, , , , , 
2017/9/11, 22, 42, 25, 25, 9, 9
2017/9/12, 54, 51, 27, 32, 12, 9
2017/9/13, 75, 60, 31, 36, 10, 10
2017/9/14, 85, 50, 27, 32, 8, 7
2017/9/15, 72, 48, 26, 30, 8, 7
2017/9/16, 70, 48, 30, 26, 7, 8
2017/9/17, 71, 25, 13, 20, 5, 3
2017/9/18, 30, 40, 19, 29, 6, 9
2017/9/19, 53, 50, 21, 26, 8, 6
2017/9/20, 71, 45, 20, 28, 8, 6
2017/9/21, 67, 36, 14, 22, 7, 7
2017/9/22, 51, 26, 13, 18, 6, 4
2017/9/23, 28, 25, 14, 20, 6, 4
2017/9/24, 17, 21, 10, 17, 6, 4
2017/9/25, 18, 33, 10, 19, 7, 7
2017/9/26, 28, 34, 19, 20, 8, 9
2017/9/27, 42, 42, 22, 24, 8, 9
2017/9/28, 58, 37, 12, 23, 7, 10
2017/9/29, 48, 37, 11, 22, 7, 9
2017/9/30, 41, 27, 11, 20, 7, 7
2017/10/1, 35, 24, 16, 18, 6, 6
2017/4/2, 90, , , , , 
2017/4/5, 114, , , , , 
2017/4/7, 114, 58, 29, 36, 15, 16
2017/4/8, 118, , , , , 
2017/4/10, 97, 56, 42, 31, 10, 11
2017/4/11, 112, 47, 42, 30, 9, 10
2017/4/12, 97, 32, 37, 28, 7, 9
2017/4/13, 77, 41, 37, 29, 4, 9
2017/4/14, 102, 33, 40, 24, 2, 9
2017/4/15, 82, 37, 41, 25, 2, 9
2017/4/16, 89, 28, 37, 23, 2, 8
2017/4/17, 80, 34, 37, 26, 2, 11
2017/4/18, 85, 47, 37, 27, 2, 11
2017/4/19, 101, 37, 33, 28, 4, 12
2017/4/20, 87, 38, 41, 27, 6, 10
2017/4/21, 83, 48, 38, 29, 6, 11
2017/4/22, 102, , , , , 
2017/4/24, 91, 48, 38, 31, 6, 14
2017/4/25, 109, 51, 36, 33, , 8
2017/4/26, 123, 53, 42, 38, 6, 12
2017/4/27, 114, 65, 40, 47, 8, 15
2017/4/28, 130, 70, 26, 41, 8, 15
2017/4/29, 134, 64, 29, 37, 6, 13
2017/4/30, 127, 66, 47, 39, 6, 14
2017/5/1, 144, 71, 44, 39, 6, 13
2017/5/2, 151, 66, 34, 41, 7, 15
2017/5/3, 136, 67, 33, 38, 6, 13
2017/5/4, 136, 59, 33, 41, 7, 14
2017/5/5, 142, 38, 31, 38, 6, 11
2017/5/6, 97, 45, 38, 41, 7, 13
2017/5/7, 105, 47, 40, 38, 6, 12
2017/5/8, 109, 54, 38, 37, 7, 13
2017/5/9, 122, 55, 38, 41, 9, 14
2017/5/10, 123, 51, 38, 42, 7, 14
2017/5/11, 125, 53, 44, 41, 10, 17
2017/5/12, 130, 38, 36, 37, 9, 15
2017/5/13, 92, 42, 37, 36, 8, 13
2017/5/14, 90, 45, 39, 32, 7, 11
2017/5/15, 109, 52, 47, 35, 8, 14
2017/5/16, 128, 53, 40, 36, 9, 15
2017/5/17, 125, 57, 40, 36, 10, 16
2017/5/18, 126, 54, 45, 36, 9, 15
2017/5/19, 135, 58, 40, 39, 9, 16
2017/5/20, 125, 56, 52, 37, 10, 14
2017/5/21, 119, 46, 45, 31, 9, 11
2017/5/22, 101, 51, 37, 36, 10, 15
2017/5/23, 108, 48, 35, 33, 9, 14
2017/5/24, 110, 61, 44, 33, 8, 13
2017/5/25, 132, 40, 38, 32, 7, 12
2017/5/26, 93, 44, 43, 36, 9, 15
2017/5/27, 91, 50, 42, 28, 9, 11
2017/5/28, 105, 39, 36, 22, 10, 10
2017/5/29, 94, 35, 39, 22, 7, 9
2017/5/30, 75, 35, 29, 26, 9, 8
2017/5/31, 72, 44, 24, 24, 9, 7
2017/6/1, 79, 45, 28, 25, 11, 8
2017/6/2, 76, 38, 27, 24, 9, 9
2017/6/3, 71, 36, 35, 26, 8, 7
2017/6/4, 69, 43, 41, 27, 9, 9
2017/6/5, 84, 45, 40, 31, 8, 9
2017/6/6, 90, 44, 41, 26, 8, 8
2017/6/7, 87, 45, 40, 29, 8, 10
2017/6/8, 89, 50, 38, 29, 9, 9
2017/6/9, 98, 43, 35, 26, 8, 9
2017/6/10, 85, 46, 35, 29, 8, 10
2017/6/11, 90, 45, 45, 28, 8, 8
2017/6/12, 90, 41, 41, 26, 11, 9
2017/6/13, 78, 47, 42, 27, 15, 8
2017/6/14, 88, 32, 25, 22, 11, 8
2017/6/15, 70, 34, 31, 24, 10, 8
2017/6/16, 60, 40, 35, 26, 10, 10
2017/6/17, 75, 41, 35, 22, 12, 7
2017/6/18, 80, 38, 40, 22, 9, 7
2017/6/19, 70, 45, 34, 23, 12, 8
2017/6/20, 80, 38, 24, 23, 10, 7
2017/6/21, 62, 42, 29, 24, 8, 9
2017/6/22, 68, 54, 38, 26, 9, 10
2017/6/23, 92, 47, 43, 17, 11, 9
2017/6/24, 94, 42, 30, 3, 7, 9
2017/6/25, 81, 21, 16, 3, 6, 6
2017/6/26, 51, 19, 14, 3, 8, 7
2017/6/27, 50, 22, 20, 24, 7, 6
2017/6/28, 60, 27, 25, 36, 6, 5
2017/6/29, 66, 33, 18, 29, 7, 6
2017/6/30, 71, 25, 22, 25, 6, 4
2017/7/1, 56, 19, 19, 23, 6, 4
2017/1/3, 79, 51, 55, 37, 13, 14
2017/1/4, 92, 45, 30, 28, 16, 13
2017/1/5, 89, 46, 36, 29, 10, 13
2017/1/6, 83, 49, 33, 30, 7, 13
2017/1/7, 84, 52, 55, 24, 7, 12
2017/1/8, 95, 47, 51, 24, 7, 11
2017/1/9, 89, 50, 34, 31, 8, 15
2017/1/10, 92, 45, 38, 31, 10, 15
2017/1/11, 84, 47, 44, 29, 11, 14
2017/1/12, 86, 53, 52, 36, 11, 17
2017/1/13, 90, 51, 30, 29, 9, 17
2017/1/14, 91, 51, 31, 31, 7, 15
2017/1/15, 86, 41, 52, 25, 7, 12
2017/1/16, 79, 51, 50, 26, 9, 15
2017/1/17, 90, 45, 31, 22, 12, 13
2017/1/18, 86, 55, 8, 29, 10, 18
2017/1/19, 85, 53, 32, 27, 10, 17
2017/1/20, 91, 46, 25, 18, 10, 13
2017/1/21, 67, 46, 38, 30, 11, 15
2017/1/22, 86, 37, 40, 20, 10, 12
2017/1/23, 78, 48, 40, 33, 15, 19
2017/1/24, 85, 53, 36, 25, 11, 15
2017/1/25, 89, 53, 36, 26, 10, 15
2017/1/26, 95, 59, 44, 33, 12, 17
2017/1/27, 99, 53, 40, 27, 11, 15
2017/1/28, 86, 50, 42, 25, 11, 13
2017/1/29, 88, 44, 37, 18, 9, 11
2017/1/30, 78, 52, 53, 27, 11, 16
2017/1/31, 104, 53, 48, 30, 12, 17
2017/2/1, 100, 50, 37, 26, 10, 17
2017/2/2, 87, 44, 40, 26, 11, 16
2017/2/3, 84, 57, 37, 29, 11, 16
2017/2/4, 103, 56, 31, 28, 11, 14
2017/2/5, 108, 37, 28, 22, 10, 12
2017/2/6, 76, 51, 25, 26, 12, 14
2017/2/7, 106, 59, 24, 35, 12, 20
2017/2/8, 108, 63, 36, 33, 13, 19
2017/2/9, 117, 57, 28, 26, 12, 16
2017/2/10, 77, 68, 36, 32, 13, 17
2017/2/11, 104, 66, 40, 38, 13, 18
2017/2/12, 119, 57, 44, 30, 12, 14
2017/2/13, 109, 54, 38, 30, 13, 18
2017/2/14, 97, 53, 20, 30, 12, 15
2017/2/15, 94, 56, 25, 25, 13, 13
2017/2/16, 81, 60, 24, 21, 11, 10
2017/2/17, 79, 34, 24, 23, 11, 11
2017/2/18, 76, 44, 27, 27, 13, 13
2017/2/19, 90, 29, 26, 20, 11, 11
2017/2/20, 70, 27, 27, 21, 11, 11
2017/2/21, 65, 46, 24, 29, 13, 16
2017/2/22, 77, 43, 38, 30, 18, 15
2017/2/23, 88, 50, 27, 28, 13, 16
2017/2/24, 87, 37, 28, 25, 14, 15
2017/2/25, 77, , , , , 
2017/2/27, 70, 51, 47, 34, 17, 13
2017/2/28, 95, 59, 39, 39, 17, 12
2017/3/1, 111, 52, 45, 40, 17, 10
2017/3/2, 95, 55, 45, 39, 21, 9
2017/3/3, 106, 56, 31, 32, 18, 10
2017/3/4, 97, 39, 25, 28, 16, 8
2017/3/5, 76, 37, 32, 30, 18, 9
2017/3/6, 92, 43, 34, 33, 17, 10
2017/3/7, 96, 53, 44, 35, 8, 12
2017/3/8, 109, 44, 34, 38, 10, 11
2017/3/9, 92, 36, 35, 34, 8, 12
2017/3/10, 77, 37, 32, 38, 8, 13
2017/3/11, 87, 34, 31, 30, 7, 11
2017/3/12, 83, 28, 22, 28, 8, 9
2017/3/13, 81, 31, 29, 28, 9, 10
2017/3/14, 80, 32, 28, 30, 8, 11
2017/3/15, 74, 25, 27, 32, 8, 10
2017/3/16, 73, 34, 29, 36, 10, 12
2017/3/17, 84, 40, 34, 34, 13, 11
2017/3/18, 95, 40, 39, 32, 17, 9
2017/3/19, 89, 39, 37, 27, 20, 8
2017/3/20, 94, 30, 34, 28, 11, 8
2017/3/21, 73, 34, 29, 31, 11, 8
2017/3/22, 71, 32, 31, 30, 12, 6
2017/3/23, 67, 43, 35, 35, 12, 9
2017/3/24, 85, 56, 40, 40, 12, 12
2017/3/25, 111, 42, 36, 32, 13, 7
2017/3/26, 93, 37, 36, 24, 12, 4
2017/3/27, 82, 30, 34, 27, 13, 10
2017/3/28, 73, 45, 39, 31, 13, 9
2017/3/29, 91, , , , , 
2017/3/31, 73, 51, 28, 31, 14, 10
2017/4/1, 88, 53, 14, 27, 15, 12
2016/10/29, 62, 27, 26, 26, 9, 8
2016/10/30, 65, 35, 26, 25, 11, 8
2016/10/31, 84, 30, 19, 24, 10, 9
2016/11/1, 71, 39, 22, 27, 8, 14
2016/11/2, 80, 37, 27, 25, 9, 9
2016/11/3, 88, 31, 20, 22, 11, 11
2016/11/4, 70, , , , , 
2016/11/8, 72, 40, 18, 26, 17, 12
2016/11/9, 93, 29, 15, 26, 14, 14
2016/11/10, 72, 20, 11, 21, 12, 11
2016/11/11, 56, 43, 11, 25, 15, 15
2016/11/12, 93, 32, 12, 21, 14, 11
2016/11/13, 70, 31, 13, 19, 12, 11
2016/11/14, 69, 33, 17, 24, 14, 12
2016/11/15, 70, 40, 14, 25, 13, 11
2016/11/16, 94, 30, 11, 22, 16, 12
2016/11/17, 74, 39, 12, 22, 14, 15
2016/11/18, 77, 41, 14, 25, 16, 15
2016/11/19, 79, 26, 16, 22, 12, 9
2016/11/20, 56, 23, 23, 23, 15, 8
2016/11/21, 53, 37, 29, 27, 14, 11
2016/11/22, 81, 45, 24, 32, 15, 14
2016/11/23, 95, 42, 24, 29, 23, 12
2016/11/24, 90, 53, 27, 36, 17, 15
2016/11/25, 113, 51, 27, 35, 18, 14
2016/11/26, 117, 54, 26, 30, 19, 14
2016/11/27, 127, 43, 28, 28, 16, 12
2016/11/28, 100, 43, 17, 26, 16, 16
2016/11/29, 82, 42, 17, 27, 15, 14
2016/11/30, 79, 41, 17, 23, 13, 14
2016/12/1, 69, 39, 19, 25, 16, 13
2016/12/2, 74, 45, 18, 25, 13, 13
2016/12/3, 85, 41, 16, 21, 14, 13
2016/12/4, 76, 29, 14, 17, 13, 9
2016/12/5, 54, 29, 13, 18, 13, 9
2016/12/6, 57, 39, 19, 25, 15, 14
2016/12/7, 75, 46, 20, 27, 14, 16
2016/12/8, 79, 46, 24, 29, 16, 12
2016/12/9, 85, 50, 24, 26, 19, 11
2016/12/10, 98, 35, 34, 22, 16, 10
2016/12/11, 74, 43, 32, 21, 23, 8
2016/12/12, 96, 45, 50, 25, 18, 10
2016/12/13, 94, 55, 55, 35, 20, 15
2016/12/14, 107, 53, 36, 37, 21, 14
2016/12/15, 94, 57, 39, 37, 18, 15
2016/12/16, 102, 44, 28, 30, 16, 14
2016/12/17, 99, 39, 29, 23, 15, 13
2016/12/18, 81, 39, 35, 21, 16, 11
2016/12/19, 79, 43, 39, 22, 16, 11
2016/12/20, 81, 45, 37, 23, 18, 11
2016/12/21, 80, 41, 29, 23, 17, 13
2016/12/22, 74, 51, 42, 31, 19, 12
2016/12/23, 88, 46, 30, 28, 20, 14
2016/12/24, 80, 51, 41, 32, 18, 13
2016/12/25, 100, 59, 58, 23, 17, 12
2016/12/26, 123, 43, 40, 26, 14, 12
2016/12/27, 84, 43, 36, 25, 9, 11
2016/12/28, 78, 44, 34, 23, 9, 12
2016/12/29, 81, 41, 35, 20, 5, 10
2016/12/30, 69, 29, 34, 16, 4, 8
2016/12/31, 56, 37, 37, 20, 6, 11
2017/1/1, 74, 41, 24, 23, 5, 11
2017/1/2, 79, 41, 45, 25, 7, 12
2025/8/2, , 27, 36, , , 10
2025/8/3, , 41, 50, , , 10
2025/8/4, , 33, 52, , , 10
2025/8/5, , 36, 38, , , 9
2025/8/6, , 35, 22, , , 11
2025/8/7, , 36, 23, , 1, 8
2025/8/8, , 22, 34, , 2, 8
2025/8/9, , 43, 40, , 3, 7
2025/8/10, , 49, 42, , 5, 4
2025/8/11, , 49, 34, , 1, 5
2025/8/12, , 35, 33, , 1, 5
2025/8/13, , 35, 34, , 3, 5
2025/8/14, , 41, 31, , 1, 5
2025/7/2, , 23, 19, 4, 1, 8
2025/7/3, , 25, 24, , , 8
2025/7/4, , 33, 38, , , 9
2025/7/5, , 43, 46, , , 11
2025/7/6, , 56, 10, , , 12
2025/7/7, , 53, 34, , , 10
2025/7/8, , 49, 43, , , 11
2025/7/9, , 59, 20, , , 9
2025/7/10, , 52, 24, , , 10
2025/7/11, , 56, 28, , , 11
2025/7/12, , 53, 27, , , 11
2025/7/13, , 50, 28, , , 7
2025/7/14, , 22, 24, , , 8
2025/7/15, , 27, 18, , , 11
2025/7/16, , 42, 32, , , 9
2025/7/17, , 41, 25, , , 10
2025/7/18, , 49, 26, , , 9
2025/7/19, , 40, 33, , , 10
2025/7/20, , 43, 29, , , 9
2025/7/21, , 31, 29, , , 9
2025/7/22, , 36, 58, , , 10
2025/7/23, , 47, 50, , , 11
2025/7/24, , 52, 42, , , 11
2025/7/25, , 40, 46, , , 10
2025/7/26, , 32, 40, , , 9
2025/7/27, , 31, 33, , , 10
2025/7/28, , 31, 36, , , 9
2025/7/29, , 32, 38, , , 9
2025/7/30, , 36, 30, , , 10
2025/7/31, , 31, 24, , , 10
2025/8/1, , 26, 24, , , 10
2025/4/2, , 74, 48, 24, 7, 8
2025/4/3, , 69, 38, 17, 3, 8
2025/4/4, , 76, 36, 22, 3, 9
2025/4/5, , 68, 39, 18, 3, 9
2025/4/6, , 68, 16, 19, 3, 8
2025/6/27, , 41, 24, 15, 3, 11
2025/6/28, , 47, 27, 19, 3, 12
2025/6/29, , 41, 21, 11, 1, 10
2025/6/30, , 27, 14, 5, 1, 8
2025/7/1, , 18, 14, 4, 1, 8
2025/1/1, , 101, 52, 28, 7, 12
2025/1/30, , 56, 31, 18, 2, 9
2025/1/31, , 55, 29, 19, 2, 10
2025/2/1, , 53, 31, 12, 1, 7
2025/2/2, , 47, 36, 14, 1, 8
2025/2/3, , 41, 43, 14, 1, 7
2025/2/4, , 47, 39, 19, 2, 10
2025/2/5, , 51, 48, 21, 2, 10
2025/2/6, , 65, 52, 26, 2, 11
2025/2/7, , 56, 48, 20, 2, 9
2025/2/8, , 52, 47, 15, 1, 8
2025/2/9, , 57, 61, 17, 2, 8
2025/2/10, , 56, 61, 19, 2, 10
2025/2/11, , 62, 46, 18, 3, 10
2025/2/12, , 45, 30, 13, 3, 8
2025/2/13, , 51, 40, 19, 3, 9
2025/2/14, , 63, 40, 20, 1, 10
2025/2/15, , 51, 33, 15, 2, 9
2025/2/16, , 56, 46, 14, 2, 9
2025/2/17, , 59, 41, 12, 2, 8
2025/2/18, , 51, 30, 14, 2, 9
2025/2/19, , 32, 22, 14, 1, 8
2025/2/20, , 52, 33, 14, 2, 10
2025/2/21, , 36, 26, 12, 1, 8
2025/2/22, , 35, 31, 14, 1, 9
2025/2/23, , 36, 36, 10, 1, 8
2025/2/24, , 42, 34, 18, 2, 11
2025/2/25, , 54, 51, 23, 5, 14
2025/2/26, , 63, 62, 25, 3, 15
2025/2/27, , 63, 52, 21, 3, 12
2025/2/28, , 72, 44, 24, 4, 11
2025/3/1, , 66, 43, 23, 3, 11
2025/3/2, , 53, 6, 20, 3, 12
2025/3/3, , 58, 46, 19, 3, 11
2025/3/4, , 54, 35, 20, 5, 11
2025/3/5, , 66, 46, 20, 5, 11
2025/3/6, , 65, 42, 18, 3, 10
2025/3/7, , 63, 39, 17, 3, 9
2025/3/8, , 55, 42, 20, 3, 6
2025/3/9, , 49, 37, 17, 3, 5
2025/3/10, , 45, 31, 16, 3, 6
2025/3/11, , 56, 40, 17, 2, 6
2025/3/12, , 61, 45, 19, 3, 7
2025/3/13, , 59, 43, 17, 2, 7
2025/3/14, , 57, 36, 17, 4, 7
2025/3/15, , 49, 39, 16, 4, 6
2025/3/16, , 53, 52, 17, 2, 6
2025/3/17, , 62, 57, 13, 3, 6
2025/3/18, , 68, 57, 20, 3, 8
2025/3/19, , 65, 48, 20, 3, 8
2025/3/20, , 83, 49, 14, 10, 6
2025/3/21, , 68, 57, 17, 3, 7
2025/3/22, , 66, 40, 24, 3, 9
2025/3/23, , 59, 46, 16, 2, 7
2025/3/24, , 59, 52, 19, 3, 7
2025/3/25, , 62, 37, 16, 4, 7
2025/3/26, , 59, 30, 12, 2, 6
2025/3/27, , 59, 32, 13, 2, 6
2025/3/28, , 48, 32, 12, 3, 5
2025/3/29, , 71, 39, 20, 3, 9
2025/3/30, , 57, 53, 18, 3, 7
2025/3/31, , 71, 58, 29, 4, 10
2025/4/1, , 73, 56, 23, 3, 8
2024/11/18, , 51, , 15, , 6
2024/11/19, , 54, , 15, , 8
2024/11/20, , 46, , 12, , 6
2024/12/3, , 77, , , , 10
2024/7/23, , 29, 23, 14, , 4
2024/9/17, , 46, , 26, , 8
2024/4/22, , 56, 7, 32, 2, 11
2024/1/30, , 62, 6, 25, , 10
2024/3/30, , 59, 22, 12, , 5
2023/7/10, , 36, 29, 10, 1, 6
2023/1/31, , 77, 5, 30, 8, 11
2023/2/5, , 61, 44, 14, 8, 4
2023/2/20, , 67, 50, 26, 3, 9
2022/10/20, , 47, , , , 
2022/5/25, , 63, 48, 19, 1, 7
2022/3/10, , 54, 13, 14, , 6
2021/10/11, , 52, 37, 13, , 
2021/11/11, , 61, 42, 19, 14, 8
2022/1/2, , 74, 44, 14, , 4
2021/7/14, , 49, 9, 10, 5, 4
2021/5/6, , 46, 59, 16, 4, 5
2021/5/11, , 35, 33, 15, 4, 5
2021/6/1, , 49, 31, 11, 5, 3
2021/6/8, , 54, 72, 20, , 5
2021/6/29, , 20, 19, 12, 4, 4
2021/1/6, , 55, 24, 15, 4, 7
2021/1/10, , 38, 29, 13, 3, 5
2021/1/11, , 52, 23, 15, 3, 7
2021/3/10, , 54, 40, 18, 5, 6
2021/3/11, , 66, 57, 19, 5, 7
2020/8/16, , 29, 31, 5, 4, 3
2020/8/17, , 28, 33, 9, 3, 4
2020/9/2, , 43, 48, 19, 5, 6
2020/4/1, , 51, 53, 18, 1, 9
2020/1/7, , 60, 40, 29, 14, 7
2020/3/19, , 21, 14, 23, 2, 6
2019/12/16, , 45, 32, 21, 8, 11
2019/1/7, , 50, 41, 31, 15, 7
2018/10/10, , 28, 33, 26, , 9
2018/11/7, , 59, 15, 33, 8, 15
2018/7/1, , 49, 32, 10, 17, 6
2018/7/30, , 31, 32, 15, 9, 8
2018/8/10, , 24, 33, 13, , 9
2018/9/12, , 23, 31, 17, , 
2018/4/1, , 41, 30, 30, 7, 6
2018/5/2, , 38, 25, 18, 7, 10
2018/6/25, , 27, 22, 16, 17, 9
2018/1/10, , 70, 19, 67, 10, 14
2018/1/29, , 25, 25, 22, 5, 6
2017/12/5, , 65, 36, 59, 11, 15
2017/9/10, , 28, 12, 20, 6, 5
2017/4/4, , 58, 21, 28, 16, 14
2017/4/6, , 68, 37, 34, 13, 10
2017/4/9, , 47, 36, 28, 9, 8
2017/4/23, , 41, 47, 34, 5, 11
2017/2/26, , 38, 23, 19, 16, 6
2017/3/30, , 45, 20, 32, 12, 7
2016/10/28, , 33, 18, 28, 10, 11
2016/11/7, , 29, 10, 30, 14, 12
2016/1/5, , 31, 19, 32, 12, 14
2016/1/6, , 36, 20, 36, 12, 13
2016/1/7, , 32, 22, 29, 10, 8
2016/1/8, , 22, 22, 33, 10, 10
2016/1/9, , 26, 27, 41, 13, 14
2016/1/10, , 32, 18, 34, 11, 10
2016/1/11, , 24, 23, 39, 16, 18
2016/1/12, , 35, 16, 47, 14, 18
2016/1/13, , 42, 16, 39, 11, 15
2016/1/14, , 20, 17, 29, 11, 13
2016/1/15, , 15, 25, 41, 14, 19
2016/1/16, , 31, 20, 51, 16, 24
2016/1/17, , 46, 29, 53, 13, 15
2016/1/18, , 34, 21, 50, 14, 19
2016/1/19, , 41, 26, 47, 17, 18
2016/1/20, , 45, 25, 47, 15, 20
2016/1/21, , 50, 31, 50, 16, 24
2016/1/22, , 52, 40, 55, 17, 20
2016/1/23, , 56, 37, 46, 14, 18
2016/1/24, , 53, 44, 46, 13, 18
2016/1/25, , 55, 31, 49, 14, 21
2016/1/26, , 57, 18, 39, 13, 17
2016/1/27, , 46, 26, 38, 14, 19
2016/1/28, , 46, 27, 56, 15, 19
2016/1/29, , 43, 20, 75, 25, 29
2016/1/30, , 83, 19, 48, 16, 22
2016/1/31, , 64, 16, 48, 12, 17
2016/2/1, , 35, 6, 45, 14, 22
2016/2/2, , 62, , , , 
2016/2/5, , 59, 34, 47, 14, 22
2016/2/6, , 55, 40, 46, 15, 21
2016/2/7, , 57, 35, 47, 13, 20
2016/2/8, , 46, 31, 52, 18, 25
2016/2/9, , 62, 29, 52, 22, 22
2016/2/10, , 66, 26, 51, 21, 23
2016/2/11, , 68, 35, 48, 19, 25
2016/2/12, , 55, 37, 56, 19, 19
2016/2/13, , 60, 35, 48, 17, 5
2016/2/14, , 56, 21, 53, 17, 4
2016/2/15, , 63, 42, 50, 16, 17
2016/2/16, , 61, 56, 61, 27, 17
2016/2/17, , 72, 36, 54, 31, 16
2016/2/18, , 55, 42, 74, 26, 17
2016/2/19, , 75, 53, 83, 34, 20
2016/2/20, , 74, 44, 66, 11, 14
2016/2/21, , 56, , , , 
2015/10/3, , 49, 35, 44, 12, 13
2015/10/4, , 52, 32, 42, 11, 11
2015/10/5, , 52, 23, 41, 13, 16
2015/10/6, , 55, 27, 43, 13, 11
2015/10/7, , 52, 21, 53, 13, 9
2015/10/8, , 61, 27, 62, 12, 7
2015/10/9, , 56, 25, 66, 12, 8
2015/10/10, , 49, 30, 60, 12, 3
2015/10/11, , 39, 31, 56, 12, 2
2015/10/12, , 41, 20, 51, 13, 17
2015/10/13, , 41, 14, 63, 20, 20
2015/10/14, , 54, 17, 64, 14, 14
2015/10/15, , 41, 19, 46, 18, 12
2015/10/16, , 36, 22, 74, 16, 12
2015/10/17, , 45, 16, 59, 10, 10
2015/10/18, , 23, 23, 64, 11, 9
2015/10/19, , 19, 26, 73, 11, 12
2015/10/20, , 31, 25, 79, 18, 18
2015/10/21, , 57, 14, 77, 15, 17
2015/10/22, , 48, 22, 71, 10, 13
2015/10/23, , 32, 13, 53, 9, 11
2015/10/24, , 22, 16, 46, 9, 10
2015/10/25, , 16, 22, 56, 10, 12
2015/10/26, , 28, 13, 55, 11, 17
2015/10/27, , 34, 18, 56, 12, 19
2015/10/28, , 42, 12, 49, 11, 16
2015/10/29, , 34, 16, 52, 11, 17
2015/10/30, , 37, 12, 46, 10, 15
2015/10/31, , 28, 11, 46, 9, 15
2015/11/1, , 19, 19, 48, 10, 16
2015/11/2, , 33, 15, 46, 10, 14
2015/11/3, , 29, 15, 40, 10, 16
2015/11/4, , 34, 23, 70, 11, 9
2015/11/5, , 42, 24, 62, 12, 10
2015/11/6, , 49, 23, 50, 11, 9
2015/11/7, , 53, 21, 45, 13, 6
2015/11/8, , 49, 16, 38, 13, 6
2015/11/9, , 36, 19, 45, 11, 10
2015/11/10, , 40, 20, 45, 13, 11
2015/11/11, , 47, 24, 56, 13, 12
2015/11/12, , 58, 29, 54, 12, 11
2015/11/13, , 57, 11, 47, 11, 11
2015/11/14, , 40, 11, 41, 8, 4
2015/11/15, , 15, , , , 
2015/11/17, , 35, 18, 60, 10, 12
2015/11/18, , 46, 23, 58, 11, 16
2015/11/19, , 45, 24, 66, 13, 14
2015/11/20, , 52, 21, 60, 12, 13
2015/11/21, , 47, 23, 58, 12, 12
2015/11/22, , 48, 21, 51, 10, 9
2015/11/23, , 29, 18, 54, 10, 13
2015/11/24, , 36, 19, 57, 12, 14
2015/11/25, , 40, 25, 52, 12, 14
2015/11/26, , 41, 29, 50, 11, 13
2015/11/27, , 44, 19, 37, 12, 6
2015/11/28, , 27, 26, 51, 13, 12
2015/11/29, , 46, 28, 48, 15, 7
2015/11/30, , 45, 28, 63, 16, 15
2015/12/1, , 54, 27, 68, 16, 16
2015/12/2, , 57, 21, 66, 14, 14
2015/12/3, , 52, 20, 64, 11, 9
2015/12/4, , 41, 20, 60, 11, 9
2015/12/5, , 27, 23, 67, 12, 10
2015/12/6, , 36, 29, 66, 13, 10
2015/12/7, , 44, 24, 60, 14, 12
2015/12/8, , 50, 19, 69, 14, 16
2015/12/9, , 52, 23, 62, 13, 13
2015/12/10, , 43, 29, 74, 16, 17
2015/12/11, , 59, 35, 66, 14, 15
2015/12/12, , 59, 21, 58, 12, 13
2015/12/13, , 52, 15, 46, 11, 10
2015/12/14, , 26, 16, 46, 12, 13
2015/12/15, , 36, 22, 53, 13, 17
2015/12/16, , 40, 22, 58, 15, 19
2015/12/17, , 42, 22, 58, 15, 19
2015/12/18, , 45, 21, 60, 14, 15
2015/12/19, , 45, 21, 57, 14, 14
2015/12/20, , 51, 25, 46, 13, 15
2015/12/21, , 46, 27, 55, 15, 17
2015/12/22, , 53, 23, 58, 15, 17
2015/12/23, , 62, 16, 49, 15, 17
2015/12/24, , 53, 23, 41, 13, 15
2015/12/25, , 48, 29, 42, 13, 16
2015/12/26, , 73, 23, 38, 12, 10
2015/12/27, , 42, 21, 31, 12, 9
2015/12/28, , 34, 24, 42, 13, 13
2015/12/29, , 43, 20, 42, 13, 13
2015/12/30, , 47, 24, 41, 14, 15
2015/12/31, , 46, 27, 48, 14, 17
2016/1/1, , 57, , , , 
2016/1/4, , 29, 15, 29, 11, 12
2015/4/2, , 46, 32, 38, 8, 10
2015/4/3, , 46, 41, 35, 7, 8
2015/4/4, , 38, 45, 30, 6, 6
2015/4/5, , 33, 41, 32, 8, 7
2015/4/6, , 43, 31, 39, 8, 10
2015/4/7, , 47, 36, 40, 9, 11
2015/4/8, , 46, 34, 38, 9, 11
2015/4/9, , 55, 34, 41, 10, 11
2015/4/10, , 53, 39, 47, 10, 11
2015/4/11, , 54, 30, 47, 9, 10
2015/4/12, , 47, 32, 45, 9, 9
2015/4/13, , 53, 26, 44, 9, 7
2015/4/14, , 51, 23, 40, 8, 5
2015/4/15, , 51, 26, 45, 10, 7
2015/4/16, , 57, 29, 50, 9, 7
2015/4/17, , 58, 35, 53, 10, 8
2015/4/18, , 59, 30, 51, 9, 6
2015/4/19, , 58, 32, 44, 8, 3
2015/4/20, , 44, 29, 48, 10, 6
2015/4/21, , 54, 26, 49, 9, 7
2015/4/22, , 59, 37, 54, 11, 8
2015/4/23, , 59, 28, 46, 12, 10
2015/4/24, , 56, 27, 45, 11, 10
2015/4/25, , 56, 33, 45, 11, 9
2015/4/26, , 56, 40, 44, 12, 8
2015/4/27, , 59, 27, 51, 13, 12
2015/4/28, , 56, 29, 51, 12, 11
2015/4/29, , 57, 19, 46, 11, 9
2015/4/30, , 43, 26, 40, 11, 8
2015/5/1, , 38, 32, 45, 11, 8
2015/5/2, , 41, 27, 45, 13, 9
2015/5/3, , 51, 36, 40, 10, 6
2015/5/4, , 35, 31, 40, 11, 9
2015/5/5, , 44, 40, 51, 13, 11
2015/5/6, , 51, 34, 51, 10, 13
2015/5/7, , 52, 29, 52, 9, 15
2015/5/8, , 45, 32, 48, 7, 12
2015/5/9, , 34, 36, 47, 8, 11
2015/5/10, , 37, 11, 46, 9, 12
2015/5/11, , 34, 40, 59, 7, 12
2015/5/12, , 41, 30, 45, 7, 10
2015/5/13, , 34, 29, 45, 8, 10
2015/5/14, , 33, 32, 45, 8, 10
2015/5/15, , 34, 32, 47, 7, 10
2015/5/16, , 42, 30, 49, 7, 12
2015/5/17, , 44, 29, 42, 6, 9
2015/5/18, , 29, 36, 49, 9, 14
2015/5/19, , 37, 37, 52, 7, 14
2015/5/20, , 45, 28, 46, 7, 12
2015/5/21, , 34, 33, 51, 8, 14
2015/5/22, , 43, 28, 40, 6, 8
2015/5/23, , 22, 35, 44, 6, 11
2015/5/24, , 32, 27, 41, 6, 11
2015/5/25, , 27, 32, 48, 8, 14
2015/5/26, , 28, 31, 50, 8, 14
2015/5/27, , 41, 31, 42, 7, 12
2015/5/28, , 38, 15, 30, 8, 12
2015/5/29, , 27, 17, 34, 7, 12
2015/5/30, , 36, 16, 34, 8, 11
2015/5/31, , 37, 18, 29, 7, 9
2015/6/1, , 26, 22, 37, 7, 11
2015/6/2, , 38, 16, 51, 7, 14
2015/6/3, , 44, , , , 
2015/6/5, , 46, 13, 17, 4, 6
2015/6/6, , 32, , , , 
2015/1/2, , 45, 17, 23, 7, 9
2015/1/3, , 25, 14, 24, 7, 11
2015/1/4, , 31, 21, 26, 7, 11
2015/1/5, , 35, 12, 27, 9, 9
2015/1/6, , 30, 13, 32, 9, 11
2015/1/7, , 35, 19, 32, 9, 10
2015/1/8, , 37, 20, 34, 9, 7
2015/1/9, , 27, 22, 43, 10, 13
2015/1/10, , 40, 18, 40, 9, 11
2015/1/11, , 39, 28, 41, 8, 9
2015/1/12, , 31, 27, 47, 10, 15
2015/1/13, , 46, 24, 49, 10, 16
2015/1/14, , 50, 24, 52, 10, 14
2015/1/15, , 50, 24, 46, 10, 14
2015/1/16, , 50, , , , 
2015/1/18, , 52, 44, 53, 10, 11
2015/1/19, , 57, 30, 51, 11, 13
2015/1/20, , 61, 25, 48, 11, 17
2015/1/21, , 57, 19, 39, 10, 13
2015/1/22, , 58, 16, 27, 9, 12
2015/1/23, , 48, 15, 24, 10, 12
2015/1/24, , 43, 15, 22, 10, 10
2015/1/25, , 44, 16, 25, 10, 8
2015/1/26, , 42, 19, 27, 13, 10
2015/1/27, , 46, 16, 27, 12, 11
2015/1/28, , 46, 18, 24, 11, 11
2015/1/29, , 39, 21, 26, 11, 10
2015/1/30, , 40, 30, 32, 11, 11
2015/1/31, , 49, 25, 31, 9, 9
2015/2/1, , 49, 17, 23, 8, 8
2015/2/2, , 37, 16, 20, 9, 8
2015/2/3, , 39, 11, 19, 9, 8
2015/2/4, , 20, 9, 25, 10, 12
2015/2/5, , 31, 31, 38, 10, 12
2015/2/6, , 42, 30, 47, 17, 13
2015/2/7, , 49, 30, 45, 10, 10
2015/2/8, , 41, 33, 47, 9, 10
2015/2/9, , 40, 28, 42, 10, 12
2015/2/10, , 37, 33, 52, 10, 13
2015/2/11, , 44, 24, 49, 10, 16
2015/2/12, , 41, 21, 38, 9, 9
2015/2/13, , 24, 17, 41, 10, 13
2015/2/14, , 38, 23, 42, 10, 13
2015/2/15, , 47, 22, 39, 10, 12
2015/2/16, , 44, 18, 29, 9, 10
2015/2/17, , 25, 18, 29, 10, 10
2015/2/18, , 22, 10, 36, 10, 13
2015/2/19, , 36, 6, 36, 11, 17
2015/2/20, , 37, , , , 
2015/2/24, , 47, 26, 49, 11, 12
2015/2/25, , 53, 26, 42, 11, 10
2015/2/26, , 55, 23, 37, 11, 9
2015/2/27, , 52, 17, 34, 11, 10
2015/2/28, , 44, 24, 39, 10, 10
2015/3/1, , 49, 40, 42, 9, 8
2015/3/2, , 45, 29, 45, 10, 10
2015/3/3, , 51, 30, 47, 11, 11
2015/3/4, , 52, 32, 46, 10, 11
2015/3/5, , 55, 37, 42, 10, 10
2015/3/6, , 51, 34, 44, 9, 9
2015/3/7, , 63, 33, 37, 9, 8
2015/3/8, , 40, 24, 30, 10, 6
2015/3/10, , 44, 17, 30, 9, 7
2015/3/11, , 32, 15, 28, 8, 6
2015/3/12, , 18, 14, 28, 6, 5
2015/3/13, , 20, 13, 32, 6, 6
2015/3/14, , 27, 9, 31, 6, 7
2015/3/15, , 18, 7, 29, 6, 6
2015/3/16, , 14, 10, 29, 6, 6
2015/3/17, , 15, 11, 32, 7, 9
2015/3/18, , 27, 12, 31, 8, 9
2015/3/19, , 35, 15, 34, 8, 10
2015/3/20, , 39, 13, 34, 8, 10
2015/3/21, , 35, 9, 33, 7, 10
2015/3/22, , 37, 15, 34, 8, 9
2015/3/23, , 36, 8, 39, 7, 10
2015/3/24, , 30, 9, 34, 8, 10
2015/3/25, , 31, 21, 31, 8, 9
2015/3/26, , 35, 23, 29, 9, 10
2015/3/27, , 38, 20, 30, 9, 11
2015/3/28, , 43, 19, 31, 7, 8
2015/3/29, , 32, 26, 28, 6, 5
2015/3/30, , 18, 31, 35, 7, 8
2015/3/31, , 34, 36, 39, 8, 9
2015/4/1, , 40, 29, 40, 8, 10
2014/10/2, , 19, 15, 16, 10, 8
2014/10/3, , 20, 20, 24, 11, 13
2014/10/4, , 20, 18, 13, 11, 9
2014/10/5, , 21, 19, 7, 10, 8
2014/10/6, , 22, 18, 10, 11, 8
2014/10/7, , 21, 26, 14, 12, 7
2014/10/8, , 24, 36, 22, 11, 10
2014/10/9, , 34, 29, 24, 13, 7
2014/10/10, , 31, 28, 25, 11, 8
2014/10/11, , 28, 24, 30, 12, 11
2014/10/12, , 39, 25, 22, 10, 7
2014/10/13, , 30, 25, 27, 12, 12
2014/10/14, , 33, 21, 23, 12, 8
2014/10/15, , 31, 20, 27, 13, 10
2014/10/16, , 33, 29, 28, 15, 11
2014/10/17, , 41, 28, 27, 16, 12
2014/10/18, , 42, 15, 17, 12, 9
2014/10/19, , 22, 17, 15, 12, 6
2014/10/20, , 14, 17, 15, 16, 7
2014/10/21, , 22, 21, 18, 11, 9
2014/10/22, , 20, 25, 19, 9, 9
2014/10/23, , 21, 21, 18, 9, 9
2014/10/24, , 26, 23, 21, 9, 8
2014/10/25, , 25, 32, 24, 10, 8
2014/10/26, , 26, 35, 27, 10, 7
2014/10/27, , 35, 38, 34, 9, 12
2014/10/28, , 47, 24, 45, 10, 15
2014/10/29, , 58, 33, 36, 10, 11
2014/10/30, , 43, 28, 33, 15, 10
2014/10/31, , 41, 24, 25, 9, 7
2014/11/1, , 35, 25, 25, 8, 6
2014/11/2, , 26, 35, 27, 8, 6
2014/11/3, , 33, 28, 35, 10, 12
2014/11/4, , 44, 19, 28, 10, 12
2014/11/5, , 40, 15, 25, 9, 10
2014/11/6, , 42, 15, 31, 9, 11
2014/11/7, , 44, 27, 35, 10, 11
2014/11/8, , 46, 15, 23, 9, 7
2014/11/9, , 33, 22, 22, 15, 5
2014/11/10, , 32, 16, 30, 10, 10
2014/11/11, , 48, 13, 24, 9, 9
2014/11/12, , 35, 12, 19, 9, 8
2014/11/13, , 22, 20, 26, 9, 11
2014/11/14, , 33, 17, 30, 12, 11
2014/11/15, , 39, 19, 28, 10, 10
2014/11/16, , 34, 20, 24, 8, 8
2014/11/17, , 31, 18, 25, 8, 7
2014/11/18, , 26, 11, 26, 10, 13
2014/11/19, , 41, 18, 25, 10, 11
2014/11/20, , 36, 15, 26, 12, 10
2014/11/21, , 28, 3, 21, 11, 12
2014/11/25, , 50, 17, 29, 11, 10
2014/11/26, , 33, 22, 38, 11, 10
2014/11/27, , 30, 26, 51, 15, 12
2014/11/28, , 46, 21, 45, 13, 16
2014/11/29, , 48, 12, 47, 12, 15
2014/11/30, , 47, 17, 47, 10, 12
2014/12/1, , 39, 30, 56, 12, 15
2014/12/2, , 49, 33, 47, 12, 12
2014/12/3, , 49, 30, 53, 11, 14
2014/12/4, , 46, 33, 64, 12, 19
2014/12/5, , 61, 38, 70, 12, 19
2014/12/6, , 68, 28, 62, 10, 14
2014/12/7, , 57, 32, 42, 8, 8
2014/12/8, , 36, 26, 45, 10, 10
2014/12/9, , 41, 28, 49, 9, 12
2014/12/10, , 42, 31, 56, 11, 13
2014/12/11, , 51, 22, 47, 8, 12
2014/12/12, , 46, 22, 43, 10, 9
2014/12/13, , 50, 19, 42, 7, 10
2014/12/14, , 38, 17, 38, 7, 10
2014/12/15, , 36, 17, 46, 9, 15
2014/12/16, , 44, 16, 43, 9, 14
2014/12/17, , 42, 22, 42, 8, 13
2014/12/18, , 42, 25, 48, 9, 15
2014/12/19, , 51, 21, 46, 9, 15
2014/12/20, , 49, 19, 40, 8, 13
2014/12/21, , 45, 17, 36, 7, 11
2014/12/22, , 40, 10, 40, 9, 13
2014/12/23, , 46, 11, 32, 9, 10
2014/12/24, , 39, 10, 33, 6, 10
2014/12/25, , 15, 16, 28, 7, 7
2014/12/26, , 12, 11, 28, 7, 11
2014/12/27, , 21, 14, 32, 7, 14
2014/12/28, , 33, 23, 36, 7, 11
2014/12/29, , 33, , , , 
2014/7/2, , 11, 14, 33, 5, 5
2014/7/3, , 17, 16, 26, 7, 7
2014/7/4, , 26, 17, 21, 6, 8
2014/7/5, , 17, 21, 19, 5, 6
2014/7/6, , 15, 19, 16, 4, 5
2014/7/7, , 10, 19, 23, 5, 7
2014/7/8, , 16, 20, 29, 6, 9
2014/7/9, , 24, 12, 33, 7, 11
2014/7/10, , 23, 19, 32, 9, 11
2014/7/11, , 22, 43, 33, 8, 8
2014/7/12, , 30, 31, 26, 7, 6
2014/7/13, , 30, 32, 24, 6, 5
2014/7/14, , 19, 35, 27, 9, 9
2014/7/15, , 23, 22, 29, 8, 11
2014/7/16, , 24, 18, 25, 5, 10
2014/7/17, , 21, 16, 22, 4, 9
2014/7/18, , 19, 6, 26, 5, 12
2014/7/19, , 19, 21, 18, 4, 7
2014/7/20, , 14, 29, 23, 4, 7
2014/7/21, , 14, 31, 24, 5, 8
2014/7/22, , 21, 32, 25, 5, 8
2014/7/23, , 23, 28, 26, 4, 8
2014/7/24, , 24, 19, 23, 5, 8
2014/7/25, , 19, 29, 23, 4, 7
2014/7/26, , 23, 25, 22, 4, 7
2014/7/27, , 27, 33, 22, 4, 6
2014/7/28, , 25, 24, 22, 5, 7
2014/7/29, , 23, 24, 21, 7, 7
2014/7/30, , 19, 24, 22, 7, 7
2014/7/31, , 22, 25, 22, 7, 8
2014/8/1, , 29, 30, 26, 7, 8
2014/8/2, , 34, 34, 23, 7, 6
2014/8/3, , 33, 32, 20, 8, 5
2014/8/4, , 24, 27, 22, 7, 7
2014/8/5, , 29, 25, 20, 9, 7
2014/8/6, , 22, 19, 21, 7, 7
2014/8/7, , 15, 14, 23, 6, 9
2014/8/8, , 19, 10, 33, 7, 14
2014/8/9, , 23, 30, 31, 6, 8
2014/8/10, , 27, 12, 29, 6, 3
2014/8/11, , 25, 21, 27, 6, 11
2014/8/12, , 18, 20, 25, 6, 9
2014/8/13, , 17, 20, 26, 5, 10
2014/8/14, , 25, 21, 25, 4, 8
2014/8/15, , 14, 23, 28, 5, 10
2014/8/16, , 30, 19, 19, 5, 6
2014/8/17, , 19, 17, 19, 6, 5
2014/8/18, , 23, 24, 21, 7, 7
2014/8/19, , 21, 16, 24, 6, 8
2014/8/20, , 21, 17, 29, 7, 11
2014/8/21, , 29, 17, 25, 7, 8
2014/8/22, , 29, 21, 15, 6, 10
2014/8/23, , 36, 22, 13, 6, 7
2014/8/24, , 20, 25, 19, 5, 7
2014/8/25, , 17, 25, 24, 7, 13
2014/8/26, , 32, 37, 10, 7, 10
2014/8/27, , 28, 35, 10, 12, 9
2014/8/28, , 27, 23, 19, 15, 10
2014/8/29, , 33, 36, 18, 11, 11
2014/8/30, , 34, 28, 18, 13, 9
2014/8/31, , 39, 24, 14, 7, 6
2014/9/1, , 10, 21, 17, 8, 8
2014/9/2, , 15, 16, 22, 8, 11
2014/9/3, , 15, 10, 19, 8, 11
2014/9/4, , 23, 16, 12, 7, 7
2014/9/5, , 12, 33, 22, 8, 11
2014/9/6, , 24, 34, 22, 8, 8
2014/9/7, , 25, 25, 17, 8, 6
2014/9/8, , 16, 21, 17, 8, 8
2014/9/9, , 16, 25, 16, 8, 6
2014/9/10, , 21, 12, 21, 8, 11
2014/9/11, , 22, 39, 21, 7, 10
2014/9/12, , 25, 19, 21, 7, 9
2014/9/13, , 19, 18, 22, 8, 10
2014/9/14, , 34, 19, 18, 6, 6
2014/9/15, , 21, 20, 17, 7, 7
2014/9/16, , 20, 18, 17, 7, 6
2014/9/17, , 19, 13, 15, 7, 7
2014/9/18, , 15, 13, 17, 7, 9
2014/9/19, , 21, 17, 23, 11, 16
2014/9/20, , 35, 20, 24, 9, 11
2014/9/21, , 31, 23, 21, 11, 8
2014/9/22, , 29, 19, 23, 9, 11
2014/9/23, , 31, 17, 19, 9, 10
2014/9/24, , 20, 26, 20, 10, 9
2014/9/25, , 26, 27, 21, 12, 8
2014/9/26, , 26, 28, 23, 9, 8
2014/9/27, , 27, 27, 21, 10, 7
2014/9/28, , 27, 21, 18, 13, 6
2014/9/29, , 27, 24, 20, 9, 8
2014/9/30, , 21, 18, 17, 8, 8
2014/10/1, , 17, 20, 17, 8, 7
2014/4/2, , 50, , , , 
2014/4/10, , 43, 26, 28, 11, 9
2014/4/11, , 34, 37, 30, 11, 10
2014/4/12, , 43, 45, 29, 10, 5
2014/4/13, , 57, 41, 26, 9, 5
2014/4/14, , 56, 35, 23, 10, 4
2014/4/15, , 50, 34, 21, 9, 4
2014/4/16, , 50, 19, 15, 9, 6
2014/4/17, , 46, 22, 22, 3, 5
2014/4/18, , 45, 30, 19, 2, 5
2014/4/19, , 36, 31, 18, 3, 5
2014/4/20, , 26, 30, 18, 1, 4
2014/4/21, , 27, 25, 22, 2, 6
2014/4/22, , 26, 19, 18, 6, 6
2014/4/23, , 25, 21, 25, 19, 8
2014/4/24, , 28, 22, 23, 17, 8
2014/4/25, , 32, 23, 25, 7, 8
2014/4/26, , 36, 22, 24, 6, 8
2014/4/27, , 46, 23, 18, 5, 4
2014/4/28, , 33, 12, 22, 7, 8
2014/4/29, , 40, 9, 28, 7, 13
2014/4/30, , 52, 12, 27, 7, 15
2014/5/1, , 55, 17, 22, 5, 7
2014/5/2, , 42, 17, 20, 5, 5
2014/5/3, , 37, 16, 22, 6, 7
2014/5/4, , 43, 17, 23, 5, 7
2014/5/5, , 35, 18, 26, 6, 8
2014/5/6, , 39, 20, 30, 6, 10
2014/5/7, , 50, 14, 25, 5, 8
2014/5/8, , 35, 10, 19, 4, 8
2014/5/9, , 21, 34, 24, 6, 14
2014/5/10, , 33, 33, 23, 5, 7
2014/5/11, , 33, 30, 22, 5, 7
2014/5/12, , 26, 28, 23, 5, 10
2014/5/13, , 34, 25, 21, 6, 8
2014/5/14, , 35, 32, 22, 5, 7
2014/5/15, , 28, 31, 20, 10, 6
2014/5/16, , 34, 41, 26, 6, 8
2014/5/17, , 38, 38, 29, 8, 9
2014/5/18, , 43, 38, 24, 8, 7
2014/5/19, , 35, 33, 27, 8, 9
2014/5/20, , 38, 36, 29, 10, 10
2014/5/21, , 43, 31, 27, 5, 8
2014/5/22, , 50, 29, 27, 5, 9
2014/5/23, , 48, 30, 25, 6, 9
2014/5/24, , 30, 29, 27, 7, 10
2014/5/25, , 41, 20, 17, 6, 6
2014/5/26, , 19, 22, 28, 8, 12
2014/5/27, , 35, 27, 24, 9, 11
2014/5/28, , 36, 22, 29, 6, 10
2014/5/29, , 20, 23, 24, 7, 11
2014/5/30, , 28, 21, 24, 6, 11
2014/5/31, , 33, 18, 24, 6, 10
2014/6/1, , 27, 26, 16, 10, 7
2014/6/2, , 25, 26, 13, 6, 8
2014/6/3, , 24, 35, 13, 8, 8
2014/6/4, , 36, 20, 12, 7, 7
2014/6/5, , 21, 21, 13, 8, 7
2014/6/6, , 21, 19, 11, 8, 7
2014/6/7, , 18, 16, 13, 6, 7
2014/6/8, , 18, 21, 14, 5, 6
2014/6/9, , 18, 16, 12, 6, 8
2014/6/10, , 24, 33, 15, 5, 8
2014/6/11, , 31, 21, 14, 6, 8
2014/6/12, , 19, 9, 14, 6, 7
2014/6/13, , 26, 38, 27, 7, 10
2014/6/14, , 44, 35, 24, 6, 9
2014/6/15, , 49, 33, 19, 6, 7
2014/6/16, , 39, 45, 22, 7, 8
2014/6/17, , 43, 26, 17, 5, 6
2014/6/18, , 24, 17, 17, 6, 5
2014/6/19, , 24, 18, 19, 5, 7
2014/6/20, , 27, 16, 17, 7, 9
2014/6/21, , 24, 19, 13, 7, 8
2014/6/22, , 27, 31, 13, 6, 6
2014/6/23, , 29, 17, 14, 7, 9
2014/6/24, , 34, 20, 14, 6, 9
2014/6/25, , 24, 16, 11, 5, 8
2014/6/26, , 11, 11, 9, 6, 7
2014/6/27, , 9, 12, 9, 6, 8
2014/6/28, , 14, 16, 9, 5, 5
2014/6/29, , 12, 14, 13, 6, 6
2014/6/30, , 16, 10, 7, 5, 6
2014/7/1, , 6, 13, 8, 6, 8
2014/1/2, , 76, 19, 26, 9, 9
2014/1/3, , 47, 19, 25, 7, 6
2014/1/4, , 32, , , , 
2014/1/7, , 48, 20, 26, 8, 7
2014/1/8, , 45, 9, 28, 8, 11
2014/1/9, , 47, 14, 28, 10, 13
2014/1/10, , 42, 13, 36, 11, 14
2014/1/11, , 53, 26, 35, 13, 6
2014/1/12, , 52, 8, 34, 9, 7
2014/1/13, , 55, 26, 32, 10, 12
2014/1/14, , 44, 23, 30, 14, 11
2014/1/15, , 54, 23, 37, 9, 9
2014/1/16, , 50, 17, 38, 12, 14
2014/1/17, , 63, 27, 39, 13, 12
2014/1/18, , 50, 42, 42, 11, 13
2014/1/19, , 62, 52, 43, 9, 11
2014/1/20, , 60, 28, 36, 10, 12
2014/1/21, , 54, 29, 33, 10, 11
2014/1/22, , 59, 22, 33, 11, 12
2014/1/23, , 68, 37, 31, 9, 10
2014/1/24, , 74, 41, 29, 10, 8
2014/1/25, , 72, 36, 28, 9, 10
2014/1/26, , 71, 35, 23, 8, 7
2014/1/27, , 57, 35, 26, 10, 11
2014/1/28, , 65, 30, 19, 8, 7
2014/1/29, , 61, 23, 22, 9, 6
2014/1/30, , 53, 34, 24, 10, 12
2014/1/31, , 54, 35, 25, 10, 14
2014/2/1, , 64, 10, 22, 9, 12
2014/2/2, , 67, , , , 
2014/2/5, , 69, 29, 22, 9, 11
2014/2/6, , 71, 28, 23, 9, 11
2014/2/7, , 74, 31, 22, 9, 9
2014/2/8, , 64, 35, 23, 8, 9
2014/2/9, , 51, 30, 19, 7, 5
2014/2/10, , 46, 28, 23, 9, 10
2014/2/11, , 62, 31, 21, 10, 9
2014/2/12, , 66, 26, 19, 9, 8
2014/2/13, , 54, 37, 23, 9, 9
2014/2/14, , 60, 31, 27, 9, 10
2014/2/15, , 69, 31, 26, 8, 7
2014/2/16, , 62, 37, 22, 9, 4
2014/2/17, , 51, 41, 30, 9, 8
2014/2/18, , 65, 38, 34, 9, 8
2014/2/19, , 76, 39, 32, 9, 7
2014/2/20, , 69, 42, 32, 9, 8
2014/2/21, , 77, 32, 32, 9, 10
2014/2/22, , 75, 25, 29, 7, 10
2014/2/23, , 62, 25, 25, 7, 8
2014/2/24, , 53, 30, 27, 9, 13
2014/2/25, , 67, 39, 27, 8, 12
2014/2/26, , 66, 31, 24, 8, 8
2014/2/27, , 59, 27, 24, 8, 8
2014/2/28, , 62, 24, 22, 8, 11
2014/3/1, , 58, 29, 26, 9, 9
2014/3/2, , 60, 31, 25, 7, 8
2014/3/3, , 44, 31, 25, 8, 11
2014/3/4, , 55, 24, 20, 6, 8
2014/3/5, , 53, 11, 20, 8, 9
2014/3/6, , 50, 10, , , 
2014/3/7, , 43, 7, , , 
2014/3/8, , 54, 20, 19, 11, 3
2014/3/11, , 15, 21, 12, 12, 8
2014/3/12, , 19, 28, 23, 12, 12
2014/3/13, , 38, 24, 25, 13, 11
2014/3/14, , 41, 21, 24, 12, 12
2014/3/15, , 32, 29, 23, 12, 10
2014/3/16, , 38, 19, 16, 10, 7
2014/3/17, , 24, 17, 15, 10, 7
2014/3/18, , 21, 18, 17, 12, 11
2014/3/19, , 34, 21, 16, 11, 12
2014/3/20, , 32, 34, 24, 12, 16
2014/3/21, , 39, 31, 26, 12, 13
2014/3/22, , 28, 19, 21, 11, 10
2014/3/23, , 24, 29, 19, 10, 8
2014/3/24, , 22, 24, 22, 13, 13
2014/3/25, , 31, 26, 24, 11, 13
2014/3/26, , 49, 20, 14, 10, 9
2014/3/27, , 35, , , , 
2025/8/15, , , 24, , 2, 4
2025/8/16, , , 40, , 2, 4
2025/8/17, , , 46, , 5, 4
2025/8/18, , , 28, , 2, 4
2025/8/19, , , 41, , 9, 6
2025/8/20, , , 34, , 17, 5
2025/8/21, , , 32, , 4, 5
2025/8/22, , , 30, , 3, 5
2025/8/23, , , 33, , 4, 4
2025/8/24, , , 30, , 1, 2
2025/8/25, , , 26, , 1, 4
2025/8/26, , , 36, , 6, 4
2025/8/27, , , 21, , 2, 6
2025/8/28, , , 16, , 1, 3
2025/4/7, , , 35, 11, 2, 7
2025/4/8, , , 43, 15, 4, 7
2025/4/9, , , 44, 14, 3, 7
2025/4/10, , , 49, 15, 7, 6
2025/4/11, , , 51, 20, 5, 8
2025/4/12, , , 55, 16, 8, 6
2025/4/13, , , 50, 14, 5, 6
2025/4/14, , , 50, 22, 5, 8
2025/4/15, , , 55, 20, 4, 7
2025/4/16, , , 68, 18, 6, 9
2025/4/17, , , 82, 22, 4, 10
2025/4/18, , , 73, 19, 4, 9
2025/4/19, , , 60, 13, 3, 8
2025/4/20, , , 49, 12, 3, 7
2025/4/21, , , 43, 17, 2, 9
2025/4/22, , , 47, 16, 2, 9
2025/4/23, , , 50, 15, 3, 9
2025/4/24, , , 55, 17, 3, 10
2025/4/25, , , 57, 21, 3, 10
2025/4/26, , , 74, 15, 2, 8
2025/4/27, , , 57, 14, 3, 9
2025/4/28, , , 54, 21, 2, 8
2025/4/29, , , 38, 24, 3, 10
2025/4/30, , , 43, 29, 4, 11
2025/5/1, , , 45, 17, 3, 8
2025/5/2, , , 41, 20, 3, 9
2025/5/3, , , 48, 16, 3, 8
2025/5/4, , , 41, 13, 3, 6
2025/5/5, , , 41, 17, 4, 8
2025/5/6, , , 32, 20, 4, 8
2025/5/7, , , 43, 17, 5, 9
2025/5/8, , , 39, 24, 2, 11
2025/5/9, , , 34, 19, 2, 10
2025/5/10, , , 41, 14, 2, 8
2025/5/11, , , 34, 14, 3, 7
2025/5/12, , , 53, 23, 2, 11
2025/5/13, , , 42, 19, 2, 9
2025/5/14, , , 57, 23, 3, 11
2025/5/15, , , 56, 20, 3, 10
2025/5/16, , , 56, 21, 3, 11
2025/5/17, , , 54, 20, 3, 10
2025/5/18, , , 38, 22, 4, 9
2025/5/19, , , 42, 24, 3, 13
2025/5/20, , , 54, 28, 3, 11
2025/5/21, , , 53, 23, 3, 13
2025/5/22, , , 42, 16, 5, 11
2025/5/23, , , 45, 17, 3, 8
2025/5/24, , , 40, 11, 3, 9
2025/5/25, , , 30, 12, 2, 9
2025/5/26, , , 28, 16, 1, 10
2025/5/27, , , 37, 17, 2, 10
2025/5/28, , , 25, 9, 2, 8
2025/5/29, , , 20, 12, 1, 9
2025/5/30, , , 26, 13, 1, 10
2025/5/31, , , 33, 17, 1, 10
2025/6/1, , , 41, 12, 1, 10
2025/6/2, , , 35, 19, 1, 11
2025/6/3, , , 35, 18, 2, 12
2025/6/4, , , 46, 19, 2, 11
2025/6/5, , , 54, 14, 2, 9
2025/6/6, , , 44, 12, 2, 9
2025/6/7, , , 32, 7, 1, 8
2025/6/8, , , 32, 7, 1, 8
2025/6/9, , , 33, 15, 2, 10
2025/6/10, , , 39, 16, 1, 10
2025/6/11, , , 36, 12, 2, 9
2025/6/12, , , 37, 16, 3, 10
2025/6/13, , , 18, 8, 1, 9
2025/6/14, , , 12, 5, 1, 7
2025/6/15, , , 14, 5, 1, 8
2025/6/16, , , 12, 12, 1, 9
2025/6/17, , , 19, 9, 1, 9
2025/6/18, , , 19, 12, 4, 9
2025/6/19, , , 14, 8, 1, 9
2025/6/20, , , 10, 7, 1, 9
2025/6/21, , , 9, 10, 1, 9
2025/6/22, , , 13, 8, 1, 9
2025/6/23, , , 13, 11, 1, 11
2025/6/24, , , 18, 6, 1, 8
2025/6/25, , , 22, 16, 1, 10
2025/6/26, , , 20, 15, 3, 11
2024/7/10, , , 22, 10, 1, 3
2024/7/11, , , 19, 8, 1, 3
2024/7/12, , , 30, 7, , 2
2024/7/13, , , 29, 8, 1, 2
2024/7/14, , , 34, 9, 1, 2
2024/7/15, , , 27, 14, , 4
2024/7/16, , , 38, 17, , 4
2024/7/17, , , 40, 15, 6, 3
2024/7/18, , , 37, 9, 1, 2
2024/7/19, , , 32, 16, , 4
2024/7/20, , , 27, 13, , 3
2024/7/21, , , 37, 10, , 3
2024/7/22, , , 17, 13, , 4
2023/2/19, , , 16, , , 
2020/8/10, , , 21, , , 
2019/11/3, , , 25, 13, 7, 
2016/2/4, , , 12, 56, 14, 23
2015/10/2, , , 30, 43, 14, 14
2015/11/16, , , 17, 63, 10, 8
2016/1/3, , , 10, 33, 11, 12
2015/6/4, , , 19, 37, 7, 13
2015/1/1, , , 20, 32, 7, 10
2015/1/17, , , 37, 49, 9, 12
2015/2/23, , , 33, 48, 11, 9
2015/3/9, , , 22, 33, 11, 10
2014/11/24, , , 5, 31, 11, 16
2014/4/1, , , 8, 26, 8, 9
2014/4/9, , , 38, 33, 9, 5
2014/1/1, , , 22, 24, 7, 8
2014/1/6, , , 21, 28, 7, 8
2014/2/4, , , 29, 24, 8, 9
2014/3/9, , , 17, 15, 11, 2
2014/3/10, , , 9, 13, 12, 7
2024/11/21, , , , 15, , 6
2024/11/22, , , , 19, , 7
2024/11/23, , , , 24, , 7
2024/11/24, , , , 22, , 7
2024/11/25, , , , 27, , 10
2024/11/26, , , , 32, , 10
2024/11/27, , , , 33, , 13
2024/11/28, , , , 33, , 11
2024/11/29, , , , 32, , 12
2024/11/30, , , , 32, , 11
2024/12/1, , , , 21, , 7
2024/12/2, , , , 21, , 8
2018/3/20, , , , , , 8
2018/3/21, , , , , , 8
2018/3/22, , , , , , 9
2018/3/23, , , , , , 9
2018/3/24, , , , , , 7
2018/3/25, , , , , , 6
2018/3/26, , , , , , 7
2018/3/27, , , , , , 6
2018/3/28, , , , , , 6
2018/3/29, , , , , , 6
2018/3/30, , , , , , 6
2018/3/31, , , , , , 6