date, pm10, o3, no2, so2, co,estado,fuente_archivo
2025/8/2, 22, 32, 9, 22, 13,Guanajuato,nativitas-air-quality.csv
2025/8/3, 28, 38, 7, 24, 13,Guanajuato,nativitas-air-quality.csv
2025/8/4, 27, 48, 9, 25, 13,Guanajuato,nativitas-air-quality.csv
2025/8/5, 26, 37, 7, 27, 12,Guanajuato,nativitas-air-quality.csv
2025/8/6, 28, 26, 7, 22, 12,Guanajuato,nativitas-air-quality.csv
2025/8/7, 34, 32, 6, 21, 12,Guanajuato,nativitas-air-quality.csv
2025/8/8, 26, 41, 8, 25, 13,Guanajuato,nativitas-air-quality.csv
2025/8/9, 25, 50, 9, 27, 13,Guanajuato,nativitas-air-quality.csv
2025/8/10, 32, 60, 10, 25, 13,Guanajuato,nativitas-air-quality.csv
2025/8/11, 38, 34, 8, 32, 12,Guanajuato,nativitas-air-quality.csv
2025/8/12, 21, 58, 4, 25, 12,Guanajuato,nativitas-air-quality.csv
2025/8/13, 30, 48, 5, 24, 12,Guanajuato,nativitas-air-quality.csv
2025/8/14, 34, 43, 6, 23, 12,Guanajuato,nativitas-air-quality.csv
2025/8/15, 32, 46, 15, 28, 13,Guanajuato,nativitas-air-quality.csv
2025/8/16, 36, , , , ,Guanajuato,nativitas-air-quality.csv
2025/8/18, 35, 36, 7, 24, 12,Guanajuato,nativitas-air-quality.csv
2025/8/19, 34, 38, 5, 26, 11,Guanajuato,nativitas-air-quality.csv
2025/8/20, 27, 43, 7, 25, 12,Guanajuato,nativitas-air-quality.csv
2025/8/21, 27, 43, 6, 24, 12,Guanajuato,nativitas-air-quality.csv
2025/8/22, 29, 48, 7, 22, 13,Guanajuato,nativitas-air-quality.csv
2025/8/23, 35, 39, 6, 22, 12,Guanajuato,nativitas-air-quality.csv
2025/8/24, 23, 39, 6, 22, 12,Guanajuato,nativitas-air-quality.csv
2025/8/25, 19, 43, 8, 22, 13,Guanajuato,nativitas-air-quality.csv
2025/8/26, 29, 37, 7, 22, 11,Guanajuato,nativitas-air-quality.csv
2025/8/27, 27, 38, 7, 23, 11,Guanajuato,nativitas-air-quality.csv
2025/8/28, 31, 45, 8, 22, 12,Guanajuato,nativitas-air-quality.csv
2025/8/29, 22, 16, 8, 22, 12,Guanajuato,nativitas-air-quality.csv
2025/8/30, 21, , , , ,Guanajuato,nativitas-air-quality.csv
2025/7/11, 48, 29, , 21, 17,Guanajuato,nativitas-air-quality.csv
2025/7/12, 29, 33, , 22, 18,Guanajuato,nativitas-air-quality.csv
2025/7/13, 26, 38, , 27, 19,Guanajuato,nativitas-air-quality.csv
2025/7/14, 34, 34, , 24, 20,Guanajuato,nativitas-air-quality.csv
2025/7/15, 25, 37, 7, 23, 18,Guanajuato,nativitas-air-quality.csv
2025/7/16, 26, 41, 9, 25, 18,Guanajuato,nativitas-air-quality.csv
2025/7/17, 33, 45, 10, 29, 19,Guanajuato,nativitas-air-quality.csv
2025/7/18, 34, 32, 11, 26, 19,Guanajuato,nativitas-air-quality.csv
2025/7/19, 28, 14, , 21, 17,Guanajuato,nativitas-air-quality.csv
2025/7/23, 39, 31, 8, 24, 15,Guanajuato,nativitas-air-quality.csv
2025/7/24, 31, 45, 7, 26, 14,Guanajuato,nativitas-air-quality.csv
2025/7/25, 23, 45, 9, 26, 13,Guanajuato,nativitas-air-quality.csv
2025/7/26, 26, 44, 8, 29, 13,Guanajuato,nativitas-air-quality.csv
2025/7/27, 31, 37, 5, 27, 13,Guanajuato,nativitas-air-quality.csv
2025/7/28, 25, 32, 5, 24, 13,Guanajuato,nativitas-air-quality.csv
2025/7/29, 29, 32, 6, 21, 12,Guanajuato,nativitas-air-quality.csv
2025/7/30, 31, 32, 6, 21, 12,Guanajuato,nativitas-air-quality.csv
2025/7/31, 29, 39, 8, 28, 13,Guanajuato,nativitas-air-quality.csv
2025/8/1, 28, 45, 9, 22, 13,Guanajuato,nativitas-air-quality.csv
2025/4/2, 41, 36, 7, 8, 16,Guanajuato,nativitas-air-quality.csv
2025/4/3, 38, 32, 4, 7, 15,Guanajuato,nativitas-air-quality.csv
2025/4/4, 23, 15, 6, 8, 15,Guanajuato,nativitas-air-quality.csv
2025/4/5, 19, 23, 3, 7, 14,Guanajuato,nativitas-air-quality.csv
2025/4/6, 27, 29, 3, 8, 15,Guanajuato,nativitas-air-quality.csv
2025/4/7, 28, 33, 4, 8, 15,Guanajuato,nativitas-air-quality.csv
2025/4/8, 24, 29, 4, 7, 15,Guanajuato,nativitas-air-quality.csv
2025/4/9, 26, 41, 4, 10, 16,Guanajuato,nativitas-air-quality.csv
2025/4/10, 29, 34, 3, 12, 15,Guanajuato,nativitas-air-quality.csv
2025/4/11, 8, 33, 3, 13, 15,Guanajuato,nativitas-air-quality.csv
2025/4/12, 3, 37, 3, 10, 15,Guanajuato,nativitas-air-quality.csv
2025/4/13, 3, 43, 4, 24, 18,Guanajuato,nativitas-air-quality.csv
2025/4/14, 3, 38, 6, 8, 17,Guanajuato,nativitas-air-quality.csv
2025/4/15, 3, 34, 4, 18, 16,Guanajuato,nativitas-air-quality.csv
2025/4/16, 3, 20, 3, 7, 16,Guanajuato,nativitas-air-quality.csv
2025/4/17, 3, 40, 4, 8, 18,Guanajuato,nativitas-air-quality.csv
2025/4/18, 3, 22, 4, 7, 17,Guanajuato,nativitas-air-quality.csv
2025/4/19, 3, 36, 4, 7, 17,Guanajuato,nativitas-air-quality.csv
2025/4/20, 3, 35, 4, 7, 18,Guanajuato,nativitas-air-quality.csv
2025/4/21, 3, 39, 4, 8, 16,Guanajuato,nativitas-air-quality.csv
2025/4/22, 25, 37, 3, 8, 14,Guanajuato,nativitas-air-quality.csv
2025/4/23, 31, 31, 5, 8, 13,Guanajuato,nativitas-air-quality.csv
2025/4/24, 37, 36, 5, 8, 14,Guanajuato,nativitas-air-quality.csv
2025/4/25, 38, 99, 7, 9, 15,Guanajuato,nativitas-air-quality.csv
2025/4/26, 33, 30, 6, 9, 13,Guanajuato,nativitas-air-quality.csv
2025/4/27, 42, 41, 4, 9, 13,Guanajuato,nativitas-air-quality.csv
2025/4/28, 30, 50, 5, 22, 14,Guanajuato,nativitas-air-quality.csv
2025/4/29, 34, 40, 5, 10, 13,Guanajuato,nativitas-air-quality.csv
2025/4/30, 38, 41, 5, 9, 14,Guanajuato,nativitas-air-quality.csv
2025/5/1, 32, 42, 4, 9, 14,Guanajuato,nativitas-air-quality.csv
2025/5/2, 32, 38, 4, 8, 14,Guanajuato,nativitas-air-quality.csv
2025/5/3, 36, 39, 5, 8, 14,Guanajuato,nativitas-air-quality.csv
2025/5/4, 27, 20, 9, 10, 15,Guanajuato,nativitas-air-quality.csv
2025/5/5, 57, 38, 3, 8, 14,Guanajuato,nativitas-air-quality.csv
2025/5/6, 4, 36, 4, 8, 15,Guanajuato,nativitas-air-quality.csv
2025/5/7, 45, 36, 5, 8, 15,Guanajuato,nativitas-air-quality.csv
2025/5/8, 33, 38, 6, 8, 15,Guanajuato,nativitas-air-quality.csv
2025/5/9, 37, 41, 4, 10, 14,Guanajuato,nativitas-air-quality.csv
2025/5/10, 34, 34, 4, 12, 14,Guanajuato,nativitas-air-quality.csv
2025/5/11, 29, 36, 5, 8, 16,Guanajuato,nativitas-air-quality.csv
2025/5/12, 27, 44, 5, 8, 16,Guanajuato,nativitas-air-quality.csv
2025/5/13, 38, 41, 5, 8, 15,Guanajuato,nativitas-air-quality.csv
2025/5/14, 35, 52, 6, 11, 15,Guanajuato,nativitas-air-quality.csv
2025/5/15, 27, 45, 8, 9, 15,Guanajuato,nativitas-air-quality.csv
2025/5/16, 34, , , , ,Guanajuato,nativitas-air-quality.csv
2025/5/19, 34, 41, 5, 9, 14,Guanajuato,nativitas-air-quality.csv
2025/5/20, 34, , , , ,Guanajuato,nativitas-air-quality.csv
2025/5/22, 25, 38, 8, 9, 16,Guanajuato,nativitas-air-quality.csv
2025/5/23, 28, 20, 7, 9, 15,Guanajuato,nativitas-air-quality.csv
2025/5/24, 18, 49, 6, 16, 17,Guanajuato,nativitas-air-quality.csv
2025/5/25, 35, 44, 5, 10, 16,Guanajuato,nativitas-air-quality.csv
2025/5/26, 24, 45, 5, 8, 17,Guanajuato,nativitas-air-quality.csv
2025/5/27, 26, 48, 5, 14, 16,Guanajuato,nativitas-air-quality.csv
2025/5/28, 34, 46, 6, 15, 16,Guanajuato,nativitas-air-quality.csv
2025/5/29, 22, 35, 6, 8, 15,Guanajuato,nativitas-air-quality.csv
2025/5/30, 22, 40, 6, 13, 17,Guanajuato,nativitas-air-quality.csv
2025/5/31, 22, , , , ,Guanajuato,nativitas-air-quality.csv
2025/6/3, 13, 37, 4, 12, 17,Guanajuato,nativitas-air-quality.csv
2025/1/2, 80, 27, 3, 21, 17,Guanajuato,nativitas-air-quality.csv
2025/1/3, 33, 25, 3, 21, 16,Guanajuato,nativitas-air-quality.csv
2025/1/4, 34, 24, 4, 18, 18,Guanajuato,nativitas-air-quality.csv
2025/1/5, 30, 32, 5, 18, 18,Guanajuato,nativitas-air-quality.csv
2025/1/6, 34, 23, 9, 19, 22,Guanajuato,nativitas-air-quality.csv
2025/1/7, 69, 17, 7, 20, 19,Guanajuato,nativitas-air-quality.csv
2025/1/8, 60, 21, 6, 18, 19,Guanajuato,nativitas-air-quality.csv
2025/1/9, 43, 14, 5, 18, 18,Guanajuato,nativitas-air-quality.csv
2025/1/10, 39, 12, 4, 18, 18,Guanajuato,nativitas-air-quality.csv
2025/1/11, 28, 13, 2, 18, 18,Guanajuato,nativitas-air-quality.csv
2025/1/12, 11, 5, 4, 18, 17,Guanajuato,nativitas-air-quality.csv
2025/1/13, 13, , , , ,Guanajuato,nativitas-air-quality.csv
2025/1/17, 3, 26, 8, 19, 34,Guanajuato,nativitas-air-quality.csv
2025/1/18, 3, 23, 7, 19, 35,Guanajuato,nativitas-air-quality.csv
2025/1/19, 3, 23, 6, 18, 34,Guanajuato,nativitas-air-quality.csv
2025/1/20, 3, 22, 6, 18, 33,Guanajuato,nativitas-air-quality.csv
2025/1/21, 5, , , , ,Guanajuato,nativitas-air-quality.csv
2025/1/24, 24, 21, 3, 20, 52,Guanajuato,nativitas-air-quality.csv
2025/1/25, 3, 20, 3, 18, 51,Guanajuato,nativitas-air-quality.csv
2025/1/26, 9, , , , ,Guanajuato,nativitas-air-quality.csv
2025/1/29, 43, , , , ,Guanajuato,nativitas-air-quality.csv
2025/1/31, 26, 26, 4, 20, 16,Guanajuato,nativitas-air-quality.csv
2025/2/1, 32, 29, 5, 19, 19,Guanajuato,nativitas-air-quality.csv
2025/2/2, 24, 12, 4, 19, 16,Guanajuato,nativitas-air-quality.csv
2025/2/3, 41, 28, 7, 21, 23,Guanajuato,nativitas-air-quality.csv
2025/2/4, 37, 19, 5, 20, 16,Guanajuato,nativitas-air-quality.csv
2025/2/5, 23, 33, 10, 23, 10,Guanajuato,nativitas-air-quality.csv
2025/2/6, 46, 46, 8, 31, 16,Guanajuato,nativitas-air-quality.csv
2025/2/7, 44, 35, 5, 21, 12,Guanajuato,nativitas-air-quality.csv
2025/2/8, 26, 38, 5, 25, 13,Guanajuato,nativitas-air-quality.csv
2025/2/9, 30, , , , ,Guanajuato,nativitas-air-quality.csv
2025/2/11, 4, 28, 5, 19, 40,Guanajuato,nativitas-air-quality.csv
2025/2/12, 16, 29, 5, 19, 39,Guanajuato,nativitas-air-quality.csv
2025/2/13, 30, 28, 8, 22, 43,Guanajuato,nativitas-air-quality.csv
2025/2/14, 36, 21, 8, 20, 45,Guanajuato,nativitas-air-quality.csv
2025/2/15, 42, 29, 5, 19, 40,Guanajuato,nativitas-air-quality.csv
2025/2/16, 28, 32, 4, 24, 40,Guanajuato,nativitas-air-quality.csv
2025/2/17, 34, 18, 3, 19, 38,Guanajuato,nativitas-air-quality.csv
2025/2/18, 21, 25, 6, 20, 42,Guanajuato,nativitas-air-quality.csv
2025/2/19, 24, 25, 4, 20, 39,Guanajuato,nativitas-air-quality.csv
2025/2/20, 20, 30, 6, 21, 40,Guanajuato,nativitas-air-quality.csv
2025/2/21, 23, 25, 6, 20, 41,Guanajuato,nativitas-air-quality.csv
2025/2/22, 17, 14, 11, 20, 50,Guanajuato,nativitas-air-quality.csv
2025/2/23, 39, 29, 6, 20, 42,Guanajuato,nativitas-air-quality.csv
2025/2/24, 22, 31, 5, 22, 40,Guanajuato,nativitas-air-quality.csv
2025/2/25, 21, 38, 8, 21, 43,Guanajuato,nativitas-air-quality.csv
2025/2/26, 23, 34, 5, 21, 41,Guanajuato,nativitas-air-quality.csv
2025/2/27, 35, 31, 7, 20, 44,Guanajuato,nativitas-air-quality.csv
2025/2/28, 30, 38, 5, 20, 40,Guanajuato,nativitas-air-quality.csv
2025/3/1, 31, 33, 6, 20, 41,Guanajuato,nativitas-air-quality.csv
2025/3/2, 28, 31, 7, 21, 43,Guanajuato,nativitas-air-quality.csv
2025/3/3, 33, 32, 6, 21, 41,Guanajuato,nativitas-air-quality.csv
2025/3/4, 31, 32, 6, 21, 41,Guanajuato,nativitas-air-quality.csv
2025/3/5, 32, 37, 8, 19, 26,Guanajuato,nativitas-air-quality.csv
2025/3/6, 40, 31, 5, 9, 11,Guanajuato,nativitas-air-quality.csv
2025/3/7, 42, 37, 5, 9, 12,Guanajuato,nativitas-air-quality.csv
2025/3/8, 28, 33, 6, 9, 12,Guanajuato,nativitas-air-quality.csv
2025/3/9, 25, , , , ,Guanajuato,nativitas-air-quality.csv
2025/3/11, 30, 39, 6, 20, 46,Guanajuato,nativitas-air-quality.csv
2025/3/12, 28, 30, 7, 20, 45,Guanajuato,nativitas-air-quality.csv
2025/3/13, 30, 29, 5, 20, 45,Guanajuato,nativitas-air-quality.csv
2025/3/14, 27, 24, 4, 19, 44,Guanajuato,nativitas-air-quality.csv
2025/3/15, 32, 29, 4, 19, 45,Guanajuato,nativitas-air-quality.csv
2025/3/16, 27, 34, 5, 27, 47,Guanajuato,nativitas-air-quality.csv
2025/3/17, 31, 36, 3, 20, 46,Guanajuato,nativitas-air-quality.csv
2025/3/18, 40, 36, 3, 20, 25,Guanajuato,nativitas-air-quality.csv
2025/3/19, 35, 37, 7, 21, 24,Guanajuato,nativitas-air-quality.csv
2025/3/20, 36, 30, 4, 20, 50,Guanajuato,nativitas-air-quality.csv
2025/3/21, 85, 34, 4, 20, 51,Guanajuato,nativitas-air-quality.csv
2025/3/22, 35, 36, 5, 20, 52,Guanajuato,nativitas-air-quality.csv
2025/3/23, 34, 33, 4, 20, 51,Guanajuato,nativitas-air-quality.csv
2025/3/24, 28, 34, 5, 21, 51,Guanajuato,nativitas-air-quality.csv
2025/3/25, 30, 36, 4, 17, 31,Guanajuato,nativitas-air-quality.csv
2025/3/26, 32, 35, 4, 8, 15,Guanajuato,nativitas-air-quality.csv
2025/3/27, 28, 28, 6, 9, 15,Guanajuato,nativitas-air-quality.csv
2025/3/28, 39, 35, 4, 7, 15,Guanajuato,nativitas-air-quality.csv
2025/3/29, 21, 32, 8, 8, 17,Guanajuato,nativitas-air-quality.csv
2025/3/30, 31, 37, 7, 8, 19,Guanajuato,nativitas-air-quality.csv
2025/3/31, 32, 38, 8, 8, 19,Guanajuato,nativitas-air-quality.csv
2025/4/1, 38, 42, 8, 9, 17,Guanajuato,nativitas-air-quality.csv
2024/10/23, 24, 28, 2, 19, 11,Guanajuato,nativitas-air-quality.csv
2024/10/24, 25, 25, 3, 25, 12,Guanajuato,nativitas-air-quality.csv
2024/10/25, 23, 25, 3, 25, 12,Guanajuato,nativitas-air-quality.csv
2024/10/26, 29, 29, 2, 17, 11,Guanajuato,nativitas-air-quality.csv
2024/10/27, 26, 20, 1, 21, 12,Guanajuato,nativitas-air-quality.csv
2024/10/28, 18, 26, 3, 22, 12,Guanajuato,nativitas-air-quality.csv
2024/10/29, 35, 32, 3, 19, 12,Guanajuato,nativitas-air-quality.csv
2024/10/30, 34, 32, 6, 19, 14,Guanajuato,nativitas-air-quality.csv
2024/10/31, 43, 32, 6, 22, 15,Guanajuato,nativitas-air-quality.csv
2024/11/1, 42, 26, 5, 21, 13,Guanajuato,nativitas-air-quality.csv
2024/11/2, 49, 28, 2, 20, 12,Guanajuato,nativitas-air-quality.csv
2024/11/3, 40, 25, 4, 18, 13,Guanajuato,nativitas-air-quality.csv
2024/11/4, 36, 21, 4, 18, 13,Guanajuato,nativitas-air-quality.csv
2024/11/5, 35, 24, 5, 18, 15,Guanajuato,nativitas-air-quality.csv
2024/11/6, 41, 27, 5, 19, 14,Guanajuato,nativitas-air-quality.csv
2024/11/7, 44, 31, 6, 22, 16,Guanajuato,nativitas-air-quality.csv
2024/11/8, 52, 34, 7, 21, 15,Guanajuato,nativitas-air-quality.csv
2024/11/9, 51, 34, 6, 21, 15,Guanajuato,nativitas-air-quality.csv
2024/11/10, 52, 26, 3, 19, 12,Guanajuato,nativitas-air-quality.csv
2024/11/11, 39, 28, 4, 19, 12,Guanajuato,nativitas-air-quality.csv
2024/11/12, 38, 35, 3, 19, 12,Guanajuato,nativitas-air-quality.csv
2024/11/13, 34, 34, 5, 22, 14,Guanajuato,nativitas-air-quality.csv
2024/11/14, 48, 26, 2, 18, 12,Guanajuato,nativitas-air-quality.csv
2024/11/15, 42, 30, 6, 22, 17,Guanajuato,nativitas-air-quality.csv
2024/11/16, 48, , , , ,Guanajuato,nativitas-air-quality.csv
2024/11/18, 65, 18, 4, 18, 15,Guanajuato,nativitas-air-quality.csv
2024/11/19, 40, 18, 4, 18, 14,Guanajuato,nativitas-air-quality.csv
2024/11/20, 34, 21, 4, 21, 15,Guanajuato,nativitas-air-quality.csv
2024/11/21, 53, 27, 2, 20, 13,Guanajuato,nativitas-air-quality.csv
2024/11/22, 27, 29, 3, 20, 13,Guanajuato,nativitas-air-quality.csv
2024/11/23, 30, 31, 6, 19, 17,Guanajuato,nativitas-air-quality.csv
2024/11/24, 44, 37, 7, 18, 19,Guanajuato,nativitas-air-quality.csv
2024/11/25, 51, 43, 7, 20, 17,Guanajuato,nativitas-air-quality.csv
2024/11/26, 55, 34, 6, 18, 14,Guanajuato,nativitas-air-quality.csv
2024/11/27, 43, 50, 7, 27, 20,Guanajuato,nativitas-air-quality.csv
2024/11/28, 55, 36, 9, 19, 22,Guanajuato,nativitas-air-quality.csv
2024/11/29, 69, 23, 8, 19, 15,Guanajuato,nativitas-air-quality.csv
2024/11/30, 52, 31, 9, 19, 29,Guanajuato,nativitas-air-quality.csv
2024/12/1, 73, 25, 4, 22, 16,Guanajuato,nativitas-air-quality.csv
2024/12/2, 39, 23, 3, 35, 14,Guanajuato,nativitas-air-quality.csv
2024/12/3, 38, 22, 3, 21, 15,Guanajuato,nativitas-air-quality.csv
2024/12/4, 30, 29, 6, 20, 20,Guanajuato,nativitas-air-quality.csv
2024/12/5, 44, 33, 8, 20, 18,Guanajuato,nativitas-air-quality.csv
2024/12/6, 66, 31, 3, 19, 14,Guanajuato,nativitas-air-quality.csv
2024/12/7, 35, 25, 3, 18, 15,Guanajuato,nativitas-air-quality.csv
2024/12/8, 31, 30, 4, 18, 18,Guanajuato,nativitas-air-quality.csv
2024/12/9, 33, 34, 7, 20, 20,Guanajuato,nativitas-air-quality.csv
2024/12/10, 52, 32, 9, 19, 24,Guanajuato,nativitas-air-quality.csv
2024/12/11, 69, 24, 4, 20, 17,Guanajuato,nativitas-air-quality.csv
2024/12/12, 56, 32, 6, 22, 24,Guanajuato,nativitas-air-quality.csv
2024/12/13, 47, 38, 10, 21, 22,Guanajuato,nativitas-air-quality.csv
2024/12/14, 73, 4, 9, 19, 17,Guanajuato,nativitas-air-quality.csv
2024/12/15, 57, , , , ,Guanajuato,nativitas-air-quality.csv
2024/12/18, 39, 25, 4, 21, 15,Guanajuato,nativitas-air-quality.csv
2024/12/19, 37, 18, 2, 18, 14,Guanajuato,nativitas-air-quality.csv
2024/12/20, 27, 14, 3, 29, 16,Guanajuato,nativitas-air-quality.csv
2024/12/21, 28, 21, 3, 23, 17,Guanajuato,nativitas-air-quality.csv
2024/12/22, 22, 24, 2, 19, 16,Guanajuato,nativitas-air-quality.csv
2024/12/23, 24, 36, 5, 18, 17,Guanajuato,nativitas-air-quality.csv
2024/12/24, 36, 22, 7, 20, 20,Guanajuato,nativitas-air-quality.csv
2024/12/25, 55, 4, 11, 29, 32,Guanajuato,nativitas-air-quality.csv
2024/12/26, 155, , , , ,Guanajuato,nativitas-air-quality.csv
2024/8/9, 31, 29, 3, 25, 17,Guanajuato,nativitas-air-quality.csv
2024/8/10, 30, 22, 2, 24, 17,Guanajuato,nativitas-air-quality.csv
2024/8/11, 32, , , , ,Guanajuato,nativitas-air-quality.csv
2024/8/13, 19, 28, 3, 21, 17,Guanajuato,nativitas-air-quality.csv
2024/8/14, 21, 47, 2, 19, 17,Guanajuato,nativitas-air-quality.csv
2024/8/15, 20, 32, 2, 21, 19,Guanajuato,nativitas-air-quality.csv
2024/8/16, 22, 29, 2, 18, 18,Guanajuato,nativitas-air-quality.csv
2024/8/17, 15, , , , ,Guanajuato,nativitas-air-quality.csv
2024/8/28, 28, 27, 2, 17, 18,Guanajuato,nativitas-air-quality.csv
2024/8/29, 26, 30, 2, 18, 18,Guanajuato,nativitas-air-quality.csv
2024/8/30, 21, , , , ,Guanajuato,nativitas-air-quality.csv
2024/9/4, 19, , , , ,Guanajuato,nativitas-air-quality.csv
2024/9/6, 32, 17, 3, 20, 21,Guanajuato,nativitas-air-quality.csv
2024/9/7, 19, 21, 3, 17, 21,Guanajuato,nativitas-air-quality.csv
2024/9/8, 17, 28, 3, 17, 21,Guanajuato,nativitas-air-quality.csv
2024/9/9, 21, 30, 3, 17, 20,Guanajuato,nativitas-air-quality.csv
2024/9/10, 24, 28, 3, 17, 20,Guanajuato,nativitas-air-quality.csv
2024/9/11, 21, 21, 3, 17, 19,Guanajuato,nativitas-air-quality.csv
2024/9/12, 19, 14, 2, 17, 20,Guanajuato,nativitas-air-quality.csv
2024/9/13, 19, 23, 2, 17, 20,Guanajuato,nativitas-air-quality.csv
2024/9/14, 17, 29, 3, 18, 19,Guanajuato,nativitas-air-quality.csv
2024/9/15, 21, 23, 2, 17, 19,Guanajuato,nativitas-air-quality.csv
2024/9/16, 12, 17, 3, 17, 20,Guanajuato,nativitas-air-quality.csv
2024/9/17, 17, 37, 3, 18, 21,Guanajuato,nativitas-air-quality.csv
2024/9/18, 25, , , , ,Guanajuato,nativitas-air-quality.csv
2024/4/27, 39, 31, 7, 14, 12,Guanajuato,nativitas-air-quality.csv
2024/4/28, 40, 40, 5, 14, 12,Guanajuato,nativitas-air-quality.csv
2024/4/29, 34, 38, 7, 18, 13,Guanajuato,nativitas-air-quality.csv
2024/4/30, 41, 45, 6, 19, 12,Guanajuato,nativitas-air-quality.csv
2024/5/1, 40, 37, 6, 16, 12,Guanajuato,nativitas-air-quality.csv
2024/5/2, 39, , , , ,Guanajuato,nativitas-air-quality.csv
2024/5/10, 42, 51, 7, 20, 15,Guanajuato,nativitas-air-quality.csv
2024/5/11, 61, 55, 8, 27, 14,Guanajuato,nativitas-air-quality.csv
2024/5/12, 55, 44, 5, 15, 13,Guanajuato,nativitas-air-quality.csv
2024/5/13, 47, 42, 5, 15, 13,Guanajuato,nativitas-air-quality.csv
2024/5/14, 43, 44, 8, 16, 15,Guanajuato,nativitas-air-quality.csv
2024/5/15, 52, 39, 5, 15, 14,Guanajuato,nativitas-air-quality.csv
2024/5/16, 48, , , , ,Guanajuato,nativitas-air-quality.csv
2024/6/12, 75, , , , ,Guanajuato,nativitas-air-quality.csv
2024/6/27, 28, 33, 6, 15, 17,Guanajuato,nativitas-air-quality.csv
2024/6/28, 17, , , , ,Guanajuato,nativitas-air-quality.csv
2024/1/16, 91, 25, 11, 16, 19,Guanajuato,nativitas-air-quality.csv
2024/1/17, 106, , , , ,Guanajuato,nativitas-air-quality.csv
2023/10/2, 34, 18, 4, 33, 7,Guanajuato,nativitas-air-quality.csv
2023/10/3, 28, , , , ,Guanajuato,nativitas-air-quality.csv
2023/10/11, 4, 9, 2, 10, 8,Guanajuato,nativitas-air-quality.csv
2023/10/12, 18, , , , ,Guanajuato,nativitas-air-quality.csv
2023/10/22, 30, , , , ,Guanajuato,nativitas-air-quality.csv
2023/10/29, 22, , , , ,Guanajuato,nativitas-air-quality.csv
2023/11/3, 15, , , , ,Guanajuato,nativitas-air-quality.csv
2023/11/5, 16, , , , ,Guanajuato,nativitas-air-quality.csv
2023/11/14, 47, 25, 2, 13, 10,Guanajuato,nativitas-air-quality.csv
2023/11/15, 30, , , , ,Guanajuato,nativitas-air-quality.csv
2023/11/17, 45, , , , ,Guanajuato,nativitas-air-quality.csv
2023/12/16, 18, , , , ,Guanajuato,nativitas-air-quality.csv
2023/12/22, 59, , , , ,Guanajuato,nativitas-air-quality.csv
2023/7/11, 44, 37, 5, 15, 8,Guanajuato,nativitas-air-quality.csv
2023/7/12, 20, 60, 7, 16, 10,Guanajuato,nativitas-air-quality.csv
2023/7/13, 25, 54, 6, 28, 9,Guanajuato,nativitas-air-quality.csv
2023/7/14, 41, 57, 6, 18, 9,Guanajuato,nativitas-air-quality.csv
2023/7/15, 37, 39, 9, 19, 10,Guanajuato,nativitas-air-quality.csv
2023/7/16, 37, 38, 4, 15, 8,Guanajuato,nativitas-air-quality.csv
2023/7/17, 49, 33, 4, 17, 8,Guanajuato,nativitas-air-quality.csv
2023/7/18, 44, 43, 4, 16, 8,Guanajuato,nativitas-air-quality.csv
2023/7/19, 53, 32, 4, 17, 8,Guanajuato,nativitas-air-quality.csv
2023/7/20, 55, 35, 5, 27, 8,Guanajuato,nativitas-air-quality.csv
2023/7/21, 43, 44, 5, 20, 9,Guanajuato,nativitas-air-quality.csv
2023/7/22, 49, 31, 7, 14, 10,Guanajuato,nativitas-air-quality.csv
2023/7/23, 37, 28, 5, 16, 9,Guanajuato,nativitas-air-quality.csv
2023/7/24, 36, 26, 4, 20, 9,Guanajuato,nativitas-air-quality.csv
2023/7/25, 34, 26, 5, 16, 9,Guanajuato,nativitas-air-quality.csv
2023/7/26, 32, 34, 5, 16, 10,Guanajuato,nativitas-air-quality.csv
2023/7/27, 34, 35, 6, 14, 10,Guanajuato,nativitas-air-quality.csv
2023/7/28, 34, 17, 9, 10, 10,Guanajuato,nativitas-air-quality.csv
2023/7/29, 33, 45, 3, 13, 10,Guanajuato,nativitas-air-quality.csv
2023/7/30, 34, 25, 4, 17, 10,Guanajuato,nativitas-air-quality.csv
2023/7/31, 33, 23, 4, 16, 10,Guanajuato,nativitas-air-quality.csv
2023/8/1, 43, 32, 6, 18, 10,Guanajuato,nativitas-air-quality.csv
2023/8/2, 39, 31, 4, 21, 10,Guanajuato,nativitas-air-quality.csv
2023/8/3, 45, 33, 5, 26, 10,Guanajuato,nativitas-air-quality.csv
2023/8/4, 31, 28, 5, 12, 11,Guanajuato,nativitas-air-quality.csv
2023/8/5, 27, 55, 5, 14, 11,Guanajuato,nativitas-air-quality.csv
2023/8/6, 24, , , , ,Guanajuato,nativitas-air-quality.csv
2023/8/8, 36, 62, 7, 14, 12,Guanajuato,nativitas-air-quality.csv
2023/8/9, 38, 48, 5, 10, 11,Guanajuato,nativitas-air-quality.csv
2023/8/10, 39, 53, 6, 9, 10,Guanajuato,nativitas-air-quality.csv
2023/8/11, 30, , , , ,Guanajuato,nativitas-air-quality.csv
2023/8/13, 53, 39, 5, 13, 11,Guanajuato,nativitas-air-quality.csv
2023/8/14, 29, 27, 5, 14, 12,Guanajuato,nativitas-air-quality.csv
2023/8/15, 32, , , , ,Guanajuato,nativitas-air-quality.csv
2023/8/20, 27, 22, 4, 10, 12,Guanajuato,nativitas-air-quality.csv
2023/8/21, 30, , , , ,Guanajuato,nativitas-air-quality.csv
2023/8/23, 29, 30, 5, 21, 11,Guanajuato,nativitas-air-quality.csv
2023/8/24, 33, 15, 5, 11, 11,Guanajuato,nativitas-air-quality.csv
2023/8/25, 16, , , , ,Guanajuato,nativitas-air-quality.csv
2023/9/2, 36, 43, 6, 16, 13,Guanajuato,nativitas-air-quality.csv
2023/9/3, 37, 43, 4, 19, 12,Guanajuato,nativitas-air-quality.csv
2023/9/4, 36, , , , ,Guanajuato,nativitas-air-quality.csv
2023/9/8, 36, 29, 6, 11, 9,Guanajuato,nativitas-air-quality.csv
2023/9/9, 22, , , , ,Guanajuato,nativitas-air-quality.csv
2023/9/21, 35, 41, 6, 15, 8,Guanajuato,nativitas-air-quality.csv
2023/9/22, 39, 36, 6, 14, 8,Guanajuato,nativitas-air-quality.csv
2023/9/23, 40, 33, 5, 21, 9,Guanajuato,nativitas-air-quality.csv
2023/9/24, 40, 45, 5, 24, 8,Guanajuato,nativitas-air-quality.csv
2023/9/25, 40, 30, 4, 18, 7,Guanajuato,nativitas-air-quality.csv
2023/9/26, 39, 32, 5, 13, 8,Guanajuato,nativitas-air-quality.csv
2023/9/27, 40, 35, 5, 17, 8,Guanajuato,nativitas-air-quality.csv
2023/9/28, 42, 40, 6, 15, 8,Guanajuato,nativitas-air-quality.csv
2023/9/29, 42, 38, 5, 16, 8,Guanajuato,nativitas-air-quality.csv
2023/9/30, 42, 36, 5, 14, 8,Guanajuato,nativitas-air-quality.csv
2023/10/1, 40, 30, 4, 21, 8,Guanajuato,nativitas-air-quality.csv
2023/4/2, 69, 52, 6, 11, 16,Guanajuato,nativitas-air-quality.csv
2023/4/3, 59, 51, 6, 9, 14,Guanajuato,nativitas-air-quality.csv
2023/4/4, 58, 45, 4, 8, 13,Guanajuato,nativitas-air-quality.csv
2023/4/5, 55, 45, 6, 8, 15,Guanajuato,nativitas-air-quality.csv
2023/4/6, 55, 44, 6, 12, 15,Guanajuato,nativitas-air-quality.csv
2023/4/7, 65, 39, 3, 9, 14,Guanajuato,nativitas-air-quality.csv
2023/4/8, 42, 46, 4, 11, 15,Guanajuato,nativitas-air-quality.csv
2023/4/9, 43, 40, 4, 13, 15,Guanajuato,nativitas-air-quality.csv
2023/4/10, 41, 40, 4, 19, 15,Guanajuato,nativitas-air-quality.csv
2023/4/11, 47, 33, 5, 26, 15,Guanajuato,nativitas-air-quality.csv
2023/4/12, 46, 41, 3, 8, 15,Guanajuato,nativitas-air-quality.csv
2023/4/13, 22, 34, 7, 9, 16,Guanajuato,nativitas-air-quality.csv
2023/4/14, 50, 33, 5, 8, 15,Guanajuato,nativitas-air-quality.csv
2023/4/15, 45, 32, 6, 8, 16,Guanajuato,nativitas-air-quality.csv
2023/4/16, 47, 42, 4, 12, 15,Guanajuato,nativitas-air-quality.csv
2023/4/17, 58, 40, 4, 9, 15,Guanajuato,nativitas-air-quality.csv
2023/4/18, 39, 32, 4, 8, 15,Guanajuato,nativitas-air-quality.csv
2023/4/19, 45, 39, 5, 9, 16,Guanajuato,nativitas-air-quality.csv
2023/4/20, 53, 35, 5, 9, 16,Guanajuato,nativitas-air-quality.csv
2023/4/21, 54, 33, 5, 9, 16,Guanajuato,nativitas-air-quality.csv
2023/4/22, 50, 35, 4, 18, 15,Guanajuato,nativitas-air-quality.csv
2023/4/23, 56, 38, 5, 9, 17,Guanajuato,nativitas-air-quality.csv
2023/4/24, 66, 36, 5, 9, 16,Guanajuato,nativitas-air-quality.csv
2023/4/25, 53, 42, 6, 9, 17,Guanajuato,nativitas-air-quality.csv
2023/4/26, 57, 40, 5, 9, 16,Guanajuato,nativitas-air-quality.csv
2023/4/27, 58, 39, 5, 9, 17,Guanajuato,nativitas-air-quality.csv
2023/4/28, 59, 42, 7, 11, 18,Guanajuato,nativitas-air-quality.csv
2023/4/29, 63, , , , ,Guanajuato,nativitas-air-quality.csv
2023/5/4, 62, 49, 7, 11, 19,Guanajuato,nativitas-air-quality.csv
2023/5/5, 68, , , , ,Guanajuato,nativitas-air-quality.csv
2023/5/8, 102, 42, 5, 15, 19,Guanajuato,nativitas-air-quality.csv
2023/5/9, 55, 39, 5, 9, 19,Guanajuato,nativitas-air-quality.csv
2023/5/10, 51, 29, 4, 9, 19,Guanajuato,nativitas-air-quality.csv
2023/5/11, 51, 49, 4, 8, 18,Guanajuato,nativitas-air-quality.csv
2023/5/12, 56, 47, 6, 9, 20,Guanajuato,nativitas-air-quality.csv
2023/5/13, 63, 40, 6, 9, 19,Guanajuato,nativitas-air-quality.csv
2023/5/14, 65, 37, 4, 11, 19,Guanajuato,nativitas-air-quality.csv
2023/5/15, 48, 36, 4, 13, 19,Guanajuato,nativitas-air-quality.csv
2023/5/16, 47, 38, 4, 9, 19,Guanajuato,nativitas-air-quality.csv
2023/5/17, 48, 34, 4, 8, 20,Guanajuato,nativitas-air-quality.csv
2023/5/18, 44, 45, 5, 9, 20,Guanajuato,nativitas-air-quality.csv
2023/5/19, 55, 52, 5, 14, 20,Guanajuato,nativitas-air-quality.csv
2023/5/20, 69, 35, 5, 21, 21,Guanajuato,nativitas-air-quality.csv
2023/5/21, 37, 41, 3, 11, 20,Guanajuato,nativitas-air-quality.csv
2023/5/22, 34, 56, 4, 14, 20,Guanajuato,nativitas-air-quality.csv
2023/5/23, 44, 47, 5, 13, 21,Guanajuato,nativitas-air-quality.csv
2023/5/24, 50, 42, 5, 9, 20,Guanajuato,nativitas-air-quality.csv
2023/5/25, 46, 48, 6, 10, 21,Guanajuato,nativitas-air-quality.csv
2023/5/26, 59, 60, 5, 20, 21,Guanajuato,nativitas-air-quality.csv
2023/5/27, 55, 43, 5, 25, 23,Guanajuato,nativitas-air-quality.csv
2023/5/28, 41, 43, 4, 13, 22,Guanajuato,nativitas-air-quality.csv
2023/5/29, 29, 36, 5, 9, 22,Guanajuato,nativitas-air-quality.csv
2023/5/30, 62, 43, 7, 9, 22,Guanajuato,nativitas-air-quality.csv
2023/5/31, 57, 54, 6, 15, 22,Guanajuato,nativitas-air-quality.csv
2023/6/1, 55, 47, 5, 9, 21,Guanajuato,nativitas-air-quality.csv
2023/6/2, 62, 46, 5, 10, 21,Guanajuato,nativitas-air-quality.csv
2023/6/3, 54, 40, 5, 10, 21,Guanajuato,nativitas-air-quality.csv
2023/6/4, 57, 33, 5, 9, 21,Guanajuato,nativitas-air-quality.csv
2023/6/5, 53, 47, 4, 10, 21,Guanajuato,nativitas-air-quality.csv
2023/6/6, 37, , , , ,Guanajuato,nativitas-air-quality.csv
2023/6/8, 54, 38, 4, 10, 21,Guanajuato,nativitas-air-quality.csv
2023/6/9, 57, 45, 7, 11, 23,Guanajuato,nativitas-air-quality.csv
2023/6/10, 61, 48, 6, 10, 22,Guanajuato,nativitas-air-quality.csv
2023/6/11, 62, 47, 5, 10, 22,Guanajuato,nativitas-air-quality.csv
2023/6/12, 67, 47, 4, 10, 21,Guanajuato,nativitas-air-quality.csv
2023/6/13, 57, 31, 8, 19, 17,Guanajuato,nativitas-air-quality.csv
2023/6/14, 52, 68, 8, 25, 5,Guanajuato,nativitas-air-quality.csv
2023/6/15, 55, 52, 4, 10, 6,Guanajuato,nativitas-air-quality.csv
2023/6/16, 65, 72, 7, 44, 8,Guanajuato,nativitas-air-quality.csv
2023/6/17, 78, 65, 5, 20, 7,Guanajuato,nativitas-air-quality.csv
2023/6/18, 73, 41, 6, 11, 7,Guanajuato,nativitas-air-quality.csv
2023/6/19, 63, 48, 6, 17, 6,Guanajuato,nativitas-air-quality.csv
2023/6/20, 64, 45, 5, 18, 5,Guanajuato,nativitas-air-quality.csv
2023/6/21, 56, 18, 6, 19, 5,Guanajuato,nativitas-air-quality.csv
2023/6/22, 53, , , , ,Guanajuato,nativitas-air-quality.csv
2023/1/9, 52, 46, 10, 9, ,Guanajuato,nativitas-air-quality.csv
2023/1/10, 57, 48, 11, 9, ,Guanajuato,nativitas-air-quality.csv
2023/1/11, 61, 49, 12, 10, ,Guanajuato,nativitas-air-quality.csv
2023/1/12, 65, 64, 13, 18, ,Guanajuato,nativitas-air-quality.csv
2023/1/13, 74, 40, 6, 24, ,Guanajuato,nativitas-air-quality.csv
2023/1/14, 52, 45, 11, 12, ,Guanajuato,nativitas-air-quality.csv
2023/1/15, 59, 13, 24, 11, ,Guanajuato,nativitas-air-quality.csv
2023/1/16, 151, 39, 11, 6, ,Guanajuato,nativitas-air-quality.csv
2023/1/17, 60, 156, 11, 7, ,Guanajuato,nativitas-air-quality.csv
2023/1/18, 72, 41, 13, 8, ,Guanajuato,nativitas-air-quality.csv
2023/1/19, 66, 49, 15, 9, ,Guanajuato,nativitas-air-quality.csv
2023/1/20, 76, 40, 13, 7, ,Guanajuato,nativitas-air-quality.csv
2023/1/21, 68, 36, 11, 7, ,Guanajuato,nativitas-air-quality.csv
2023/1/22, 64, 36, 9, 8, ,Guanajuato,nativitas-air-quality.csv
2023/1/23, 54, 34, 8, 7, ,Guanajuato,nativitas-air-quality.csv
2023/1/24, 60, 156, 7, 8, ,Guanajuato,nativitas-air-quality.csv
2023/1/25, 55, 58, 10, 10, ,Guanajuato,nativitas-air-quality.csv
2023/1/26, 56, 44, 8, 9, ,Guanajuato,nativitas-air-quality.csv
2023/1/27, 57, 21, 7, 6, 8,Guanajuato,nativitas-air-quality.csv
2023/1/28, 46, 7, 10, 7, 4,Guanajuato,nativitas-air-quality.csv
2023/1/29, 49, 7, 10, 8, ,Guanajuato,nativitas-air-quality.csv
2023/1/30, 57, 8, 12, 9, ,Guanajuato,nativitas-air-quality.csv
2023/1/31, 70, , 10, 10, ,Guanajuato,nativitas-air-quality.csv
2023/2/1, 61, , 7, 8, ,Guanajuato,nativitas-air-quality.csv
2023/2/2, 52, , 11, 7, 17,Guanajuato,nativitas-air-quality.csv
2023/2/3, 63, , 8, 13, 6,Guanajuato,nativitas-air-quality.csv
2023/2/4, 52, , , , ,Guanajuato,nativitas-air-quality.csv
2023/2/6, 40, 62, 9, 9, 10,Guanajuato,nativitas-air-quality.csv
2023/2/7, 59, 51, 14, 8, 11,Guanajuato,nativitas-air-quality.csv
2023/2/8, 77, 41, 10, 9, 7,Guanajuato,nativitas-air-quality.csv
2023/2/9, 64, 48, 9, 9, 6,Guanajuato,nativitas-air-quality.csv
2023/2/10, 56, 45, 10, 12, 6,Guanajuato,nativitas-air-quality.csv
2023/2/11, 55, 39, 4, 13, 4,Guanajuato,nativitas-air-quality.csv
2023/2/12, 34, 45, 8, 7, 8,Guanajuato,nativitas-air-quality.csv
2023/2/13, 46, 40, 9, 7, 7,Guanajuato,nativitas-air-quality.csv
2023/2/14, 59, 30, 6, 7, 5,Guanajuato,nativitas-air-quality.csv
2023/2/15, 46, 31, 7, 7, 5,Guanajuato,nativitas-air-quality.csv
2023/2/16, 42, 29, 10, 7, 9,Guanajuato,nativitas-air-quality.csv
2023/2/17, 54, 50, 7, 11, 5,Guanajuato,nativitas-air-quality.csv
2023/2/18, 64, 52, 6, 10, 6,Guanajuato,nativitas-air-quality.csv
2023/2/19, 50, 46, 8, 7, 7,Guanajuato,nativitas-air-quality.csv
2023/2/20, 50, 56, 9, 8, 6,Guanajuato,nativitas-air-quality.csv
2023/2/21, 53, 38, 5, 7, 6,Guanajuato,nativitas-air-quality.csv
2023/2/22, 52, 30, 6, 7, 6,Guanajuato,nativitas-air-quality.csv
2023/2/23, 44, 58, 13, 10, 11,Guanajuato,nativitas-air-quality.csv
2023/2/24, 58, 118, 25, 12, 11,Guanajuato,nativitas-air-quality.csv
2023/2/25, 89, , , , ,Guanajuato,nativitas-air-quality.csv
2023/3/3, 54, 39, 7, 8, 8,Guanajuato,nativitas-air-quality.csv
2023/3/4, 56, 38, 9, 7, 10,Guanajuato,nativitas-air-quality.csv
2023/3/5, 48, 46, 12, 8, 12,Guanajuato,nativitas-air-quality.csv
2023/3/6, 60, 31, 18, 12, 12,Guanajuato,nativitas-air-quality.csv
2023/3/7, 59, , , , ,Guanajuato,nativitas-air-quality.csv
2023/3/10, 68, 46, 15, 9, 12,Guanajuato,nativitas-air-quality.csv
2023/3/11, 69, 51, 6, 8, 10,Guanajuato,nativitas-air-quality.csv
2023/3/12, 59, 45, 3, 7, 10,Guanajuato,nativitas-air-quality.csv
2023/3/13, 59, 44, 6, 8, 10,Guanajuato,nativitas-air-quality.csv
2023/3/14, 49, 50, 6, 8, 11,Guanajuato,nativitas-air-quality.csv
2023/3/15, 52, 35, 4, 8, 10,Guanajuato,nativitas-air-quality.csv
2023/3/16, 43, 35, 3, 7, 10,Guanajuato,nativitas-air-quality.csv
2023/3/17, 46, 34, 4, 7, 11,Guanajuato,nativitas-air-quality.csv
2023/3/18, 56, 30, 4, 8, 11,Guanajuato,nativitas-air-quality.csv
2023/3/19, 48, 32, 3, 9, 11,Guanajuato,nativitas-air-quality.csv
2023/3/20, 35, 36, 3, 10, 11,Guanajuato,nativitas-air-quality.csv
2023/3/21, 36, 35, 8, 8, 14,Guanajuato,nativitas-air-quality.csv
2023/3/22, 45, 49, 9, 11, 15,Guanajuato,nativitas-air-quality.csv
2023/3/23, 59, 41, 7, 10, 13,Guanajuato,nativitas-air-quality.csv
2023/3/24, 54, 36, 5, 8, 12,Guanajuato,nativitas-air-quality.csv
2023/3/25, 44, 41, 4, 10, 12,Guanajuato,nativitas-air-quality.csv
2023/3/26, 49, 39, 5, 8, 12,Guanajuato,nativitas-air-quality.csv
2023/3/27, 48, 43, 7, 9, 14,Guanajuato,nativitas-air-quality.csv
2023/3/28, 55, 76, 6, 20, 13,Guanajuato,nativitas-air-quality.csv
2023/3/29, 79, 56, 5, 24, 13,Guanajuato,nativitas-air-quality.csv
2023/3/30, 54, 41, 5, 9, 14,Guanajuato,nativitas-air-quality.csv
2023/3/31, 45, 51, 8, 10, 15,Guanajuato,nativitas-air-quality.csv
2023/4/1, 51, 66, 8, 20, 14,Guanajuato,nativitas-air-quality.csv
2022/10/4, 26, 46, 3, 11, 8,Guanajuato,nativitas-air-quality.csv
2022/10/5, 23, 34, 4, 8, 7,Guanajuato,nativitas-air-quality.csv
2022/10/6, 19, 28, 4, 9, 8,Guanajuato,nativitas-air-quality.csv
2022/10/7, 12, 25, 4, 17, 8,Guanajuato,nativitas-air-quality.csv
2022/10/8, 14, 17, 6, 10, 7,Guanajuato,nativitas-air-quality.csv
2022/10/9, 14, 30, 3, 16, 7,Guanajuato,nativitas-air-quality.csv
2022/11/8, 33, , , , ,Guanajuato,nativitas-air-quality.csv
2022/12/15, 48, 44, 13, 12, ,Guanajuato,nativitas-air-quality.csv
2022/12/16, 80, 39, 13, 8, ,Guanajuato,nativitas-air-quality.csv
2022/12/17, 81, 40, 13, 10, ,Guanajuato,nativitas-air-quality.csv
2022/12/18, 79, 39, 8, 7, ,Guanajuato,nativitas-air-quality.csv
2022/12/19, 57, 32, 11, 8, ,Guanajuato,nativitas-air-quality.csv
2022/12/20, 76, 41, 9, 13, ,Guanajuato,nativitas-air-quality.csv
2022/12/21, 69, 38, 8, 7, ,Guanajuato,nativitas-air-quality.csv
2022/12/22, 62, 64, 12, 10, ,Guanajuato,nativitas-air-quality.csv
2022/12/23, 77, 49, 16, 8, ,Guanajuato,nativitas-air-quality.csv
2022/12/24, 94, , , , ,Guanajuato,nativitas-air-quality.csv
2022/7/2, 27, , 9, 4, 14,Guanajuato,nativitas-air-quality.csv
2022/7/3, 29, , 6, 4, 15,Guanajuato,nativitas-air-quality.csv
2022/7/4, 25, , 5, 7, 14,Guanajuato,nativitas-air-quality.csv
2022/7/5, 42, 32, 6, 4, 15,Guanajuato,nativitas-air-quality.csv
2022/7/6, 19, 42, 8, 4, 15,Guanajuato,nativitas-air-quality.csv
2022/7/7, 21, 41, 7, 4, 15,Guanajuato,nativitas-air-quality.csv
2022/7/8, 28, 40, 7, 14, 15,Guanajuato,nativitas-air-quality.csv
2022/7/9, 25, 34, 6, 9, 15,Guanajuato,nativitas-air-quality.csv
2022/7/10, 23, 40, 4, 5, 14,Guanajuato,nativitas-air-quality.csv
2022/7/11, 17, 47, 8, 4, 16,Guanajuato,nativitas-air-quality.csv
2022/7/12, 21, 63, 6, 7, 15,Guanajuato,nativitas-air-quality.csv
2022/7/13, 20, 61, 3, 4, 14,Guanajuato,nativitas-air-quality.csv
2022/7/14, 20, 26, 5, 14, 7,Guanajuato,nativitas-air-quality.csv
2022/7/15, 27, 35, 6, 4, 7,Guanajuato,nativitas-air-quality.csv
2022/7/16, 33, 35, 5, 4, 7,Guanajuato,nativitas-air-quality.csv
2022/7/17, 15, 33, 4, 6, 7,Guanajuato,nativitas-air-quality.csv
2022/7/18, 19, 37, 6, 6, 7,Guanajuato,nativitas-air-quality.csv
2022/7/19, 20, , , , ,Guanajuato,nativitas-air-quality.csv
2022/8/9, 19, 43, 4, 9, 7,Guanajuato,nativitas-air-quality.csv
2022/8/10, 22, 47, 6, 6, 6,Guanajuato,nativitas-air-quality.csv
2022/8/11, 16, 43, 3, 11, 6,Guanajuato,nativitas-air-quality.csv
2022/8/12, 19, 35, 4, 6, 6,Guanajuato,nativitas-air-quality.csv
2022/8/13, 25, 44, 5, 6, 7,Guanajuato,nativitas-air-quality.csv
2022/8/14, 18, 45, 3, 5, 7,Guanajuato,nativitas-air-quality.csv
2022/8/15, 9, 35, 4, 4, 7,Guanajuato,nativitas-air-quality.csv
2022/8/16, 12, 18, 4, 5, 6,Guanajuato,nativitas-air-quality.csv
2022/8/17, 6, 38, 3, 7, 7,Guanajuato,nativitas-air-quality.csv
2022/8/18, 16, 51, 4, 5, 7,Guanajuato,nativitas-air-quality.csv
2022/8/19, 16, 50, 5, 6, 7,Guanajuato,nativitas-air-quality.csv
2022/8/20, 20, 36, 5, 5, 7,Guanajuato,nativitas-air-quality.csv
2022/8/21, 17, 31, 5, 5, 8,Guanajuato,nativitas-air-quality.csv
2022/8/22, 16, 50, 5, 5, 8,Guanajuato,nativitas-air-quality.csv
2022/8/23, 22, 42, 4, 6, 7,Guanajuato,nativitas-air-quality.csv
2022/8/24, 23, 53, 6, 6, 8,Guanajuato,nativitas-air-quality.csv
2022/8/25, 21, 43, 5, 10, 7,Guanajuato,nativitas-air-quality.csv
2022/8/26, 20, 44, 5, 10, 7,Guanajuato,nativitas-air-quality.csv
2022/8/27, 22, 45, 4, 8, 8,Guanajuato,nativitas-air-quality.csv
2022/8/28, 25, 41, 5, 5, 9,Guanajuato,nativitas-air-quality.csv
2022/8/29, 20, 41, 4, 6, 8,Guanajuato,nativitas-air-quality.csv
2022/8/30, 19, 28, 3, 7, 7,Guanajuato,nativitas-air-quality.csv
2022/8/31, 15, 45, 4, 7, 8,Guanajuato,nativitas-air-quality.csv
2022/9/1, 15, 36, 4, 7, 7,Guanajuato,nativitas-air-quality.csv
2022/9/2, 17, 28, 4, 10, 7,Guanajuato,nativitas-air-quality.csv
2022/9/3, 17, 20, 3, 14, 7,Guanajuato,nativitas-air-quality.csv
2022/9/4, 14, 23, 2, 8, 7,Guanajuato,nativitas-air-quality.csv
2022/9/5, 16, 19, 4, 7, 8,Guanajuato,nativitas-air-quality.csv
2022/9/6, 14, 22, 4, 7, 8,Guanajuato,nativitas-air-quality.csv
2022/9/7, 13, 26, 4, 7, 8,Guanajuato,nativitas-air-quality.csv
2022/9/8, 12, 23, 4, 8, 8,Guanajuato,nativitas-air-quality.csv
2022/9/9, 14, 40, 6, 7, 8,Guanajuato,nativitas-air-quality.csv
2022/9/10, 20, 44, 5, 8, 8,Guanajuato,nativitas-air-quality.csv
2022/9/11, 19, 38, 3, 15, 7,Guanajuato,nativitas-air-quality.csv
2022/9/12, 20, 36, 4, 14, 7,Guanajuato,nativitas-air-quality.csv
2022/9/13, 20, 33, 4, 17, 7,Guanajuato,nativitas-air-quality.csv
2022/9/14, 21, 35, 4, 18, 7,Guanajuato,nativitas-air-quality.csv
2022/9/15, 22, , , , ,Guanajuato,nativitas-air-quality.csv
2022/4/2, 55, 44, 16, 4, 12,Guanajuato,nativitas-air-quality.csv
2022/4/3, 47, 42, 10, 3, 11,Guanajuato,nativitas-air-quality.csv
2022/4/4, 41, 46, 12, 4, 12,Guanajuato,nativitas-air-quality.csv
2022/4/5, 54, 45, 10, 4, 11,Guanajuato,nativitas-air-quality.csv
2022/4/6, 42, 102, 14, 4, 13,Guanajuato,nativitas-air-quality.csv
2022/4/7, 44, 49, 15, 19, 11,Guanajuato,nativitas-air-quality.csv
2022/4/8, 71, 46, 7, 9, 11,Guanajuato,nativitas-air-quality.csv
2022/4/9, 48, 48, 7, 5, 11,Guanajuato,nativitas-air-quality.csv
2022/4/10, 42, 34, 7, 3, 11,Guanajuato,nativitas-air-quality.csv
2022/4/11, 36, 16, 9, 3, 12,Guanajuato,nativitas-air-quality.csv
2022/4/12, 22, , , , ,Guanajuato,nativitas-air-quality.csv
2022/4/14, 25, 49, 14, 5, 12,Guanajuato,nativitas-air-quality.csv
2022/4/15, 36, 38, 6, 2, 11,Guanajuato,nativitas-air-quality.csv
2022/4/16, 25, 45, 12, 4, 13,Guanajuato,nativitas-air-quality.csv
2022/4/17, 40, 42, 11, 6, 13,Guanajuato,nativitas-air-quality.csv
2022/4/18, 39, 61, 12, 10, 13,Guanajuato,nativitas-air-quality.csv
2022/4/19, 56, 49, 6, 10, 11,Guanajuato,nativitas-air-quality.csv
2022/4/20, 34, 42, 8, 5, 12,Guanajuato,nativitas-air-quality.csv
2022/4/21, 41, 30, 11, 7, 13,Guanajuato,nativitas-air-quality.csv
2022/4/22, 50, 60, 7, 14, 12,Guanajuato,nativitas-air-quality.csv
2022/4/23, 35, 43, 7, 6, 12,Guanajuato,nativitas-air-quality.csv
2022/4/24, 36, 44, 7, 5, 12,Guanajuato,nativitas-air-quality.csv
2022/4/25, 35, 42, 9, 7, 12,Guanajuato,nativitas-air-quality.csv
2022/4/26, 51, 45, 5, 7, 12,Guanajuato,nativitas-air-quality.csv
2022/4/27, 51, , , , ,Guanajuato,nativitas-air-quality.csv
2022/4/29, 57, 20, 12, 5, 12,Guanajuato,nativitas-air-quality.csv
2022/4/30, 37, , , , ,Guanajuato,nativitas-air-quality.csv
2022/5/2, 66, , , , ,Guanajuato,nativitas-air-quality.csv
2022/5/24, 64, 57, 10, 6, 14,Guanajuato,nativitas-air-quality.csv
2022/5/25, 44, 53, 12, 4, 15,Guanajuato,nativitas-air-quality.csv
2022/5/26, 43, 58, 8, 5, 13,Guanajuato,nativitas-air-quality.csv
2022/5/27, 54, 41, 7, 4, 13,Guanajuato,nativitas-air-quality.csv
2022/5/28, 45, 43, 7, 5, 13,Guanajuato,nativitas-air-quality.csv
2022/5/29, 37, 47, 7, 5, 13,Guanajuato,nativitas-air-quality.csv
2022/5/30, 40, 62, 7, 3, 13,Guanajuato,nativitas-air-quality.csv
2022/5/31, 24, 54, 8, 9, 14,Guanajuato,nativitas-air-quality.csv
2022/6/1, 37, 44, 8, 4, 13,Guanajuato,nativitas-air-quality.csv
2022/6/2, 38, 36, 8, 7, 13,Guanajuato,nativitas-air-quality.csv
2022/6/3, 28, 44, 7, 6, 13,Guanajuato,nativitas-air-quality.csv
2022/6/4, 34, 52, 9, 5, 13,Guanajuato,nativitas-air-quality.csv
2022/6/5, 34, 47, 13, 4, 17,Guanajuato,nativitas-air-quality.csv
2022/6/6, 30, 69, 13, 4, 14,Guanajuato,nativitas-air-quality.csv
2022/6/7, 28, 58, 13, 11, 15,Guanajuato,nativitas-air-quality.csv
2022/6/8, 30, 58, 8, 8, 13,Guanajuato,nativitas-air-quality.csv
2022/6/9, 30, 31, 7, 4, 13,Guanajuato,nativitas-air-quality.csv
2022/6/10, 34, 19, 9, 5, 14,Guanajuato,nativitas-air-quality.csv
2022/6/11, 23, , , , ,Guanajuato,nativitas-air-quality.csv
2022/6/16, 31, 30, 6, 4, 13,Guanajuato,nativitas-air-quality.csv
2022/6/17, 41, 41, 6, 3, 14,Guanajuato,nativitas-air-quality.csv
2022/6/18, 36, , , , ,Guanajuato,nativitas-air-quality.csv
2022/6/28, 26, 30, 6, 3, 13,Guanajuato,nativitas-air-quality.csv
2022/6/29, 28, 42, 6, 3, 14,Guanajuato,nativitas-air-quality.csv
2022/6/30, 21, 26, 6, 5, 14,Guanajuato,nativitas-air-quality.csv
2022/7/1, 34, , 7, 5, 14,Guanajuato,nativitas-air-quality.csv
2022/1/4, 52, 36, 27, 10, 21,Guanajuato,nativitas-air-quality.csv
2022/1/5, 68, 42, 23, 15, 16,Guanajuato,nativitas-air-quality.csv
2022/1/6, 56, 39, 20, 13, 17,Guanajuato,nativitas-air-quality.csv
2022/1/7, 52, 45, 17, 8, 15,Guanajuato,nativitas-air-quality.csv
2022/1/8, 48, 34, 22, 12, 19,Guanajuato,nativitas-air-quality.csv
2022/1/9, 60, 52, 19, 21, 18,Guanajuato,nativitas-air-quality.csv
2022/1/10, 62, 29, 7, 7, 12,Guanajuato,nativitas-air-quality.csv
2022/1/11, 39, 26, 6, 6, 12,Guanajuato,nativitas-air-quality.csv
2022/1/12, 26, 46, 14, 13, 15,Guanajuato,nativitas-air-quality.csv
2022/1/13, 36, 42, 17, 9, 14,Guanajuato,nativitas-air-quality.csv
2022/1/14, 38, 38, 16, 7, 15,Guanajuato,nativitas-air-quality.csv
2022/1/15, 35, 40, 22, 14, 20,Guanajuato,nativitas-air-quality.csv
2022/1/16, 54, 39, 12, 13, 15,Guanajuato,nativitas-air-quality.csv
2022/1/17, 40, 31, 15, 15, 15,Guanajuato,nativitas-air-quality.csv
2022/1/18, 39, 36, 18, 18, 15,Guanajuato,nativitas-air-quality.csv
2022/1/19, 42, 35, 18, 10, 18,Guanajuato,nativitas-air-quality.csv
2022/1/20, 45, 44, 19, 17, 16,Guanajuato,nativitas-air-quality.csv
2022/1/21, 55, 22, 24, 28, 18,Guanajuato,nativitas-air-quality.csv
2022/1/22, 63, 39, 16, 11, 15,Guanajuato,nativitas-air-quality.csv
2022/1/23, 38, 39, 10, 10, 15,Guanajuato,nativitas-air-quality.csv
2022/1/24, 29, 30, 7, 5, 13,Guanajuato,nativitas-air-quality.csv
2022/1/25, 37, 30, 10, 4, 14,Guanajuato,nativitas-air-quality.csv
2022/1/26, 24, 37, 17, 8, 16,Guanajuato,nativitas-air-quality.csv
2022/1/27, 46, 49, 17, 10, 17,Guanajuato,nativitas-air-quality.csv
2022/1/28, 45, 35, 10, 9, 14,Guanajuato,nativitas-air-quality.csv
2022/1/29, 37, 39, 9, 8, 15,Guanajuato,nativitas-air-quality.csv
2022/1/30, 28, , , , ,Guanajuato,nativitas-air-quality.csv
2022/2/2, 33, 31, 14, 4, 15,Guanajuato,nativitas-air-quality.csv
2022/2/3, 39, 33, 12, 4, 15,Guanajuato,nativitas-air-quality.csv
2022/2/4, 34, 32, 15, 5, 16,Guanajuato,nativitas-air-quality.csv
2022/2/5, 38, 40, 10, 9, 16,Guanajuato,nativitas-air-quality.csv
2022/2/6, 37, 31, 15, 5, 17,Guanajuato,nativitas-air-quality.csv
2022/2/7, 47, 28, 8, 3, 15,Guanajuato,nativitas-air-quality.csv
2022/2/8, 31, 35, 8, 4, 15,Guanajuato,nativitas-air-quality.csv
2022/2/9, 24, 35, 12, 3, 14,Guanajuato,nativitas-air-quality.csv
2022/2/10, 40, 34, 9, 5, 15,Guanajuato,nativitas-air-quality.csv
2022/2/11, 35, 35, 15, 4, 16,Guanajuato,nativitas-air-quality.csv
2022/2/12, 38, 31, 16, 4, 17,Guanajuato,nativitas-air-quality.csv
2022/2/13, 35, 32, 6, 9, 15,Guanajuato,nativitas-air-quality.csv
2022/2/14, 24, 36, 7, 6, 15,Guanajuato,nativitas-air-quality.csv
2022/2/15, 22, 39, 16, 3, 17,Guanajuato,nativitas-air-quality.csv
2022/2/16, 28, 34, 17, 3, 17,Guanajuato,nativitas-air-quality.csv
2022/2/17, 35, 31, 13, 3, 17,Guanajuato,nativitas-air-quality.csv
2022/2/18, 32, 48, 21, 3, 19,Guanajuato,nativitas-air-quality.csv
2022/2/19, 52, 45, 11, 3, 16,Guanajuato,nativitas-air-quality.csv
2022/2/20, 41, 41, 11, 3, 18,Guanajuato,nativitas-air-quality.csv
2022/2/21, 32, 42, 12, 3, 17,Guanajuato,nativitas-air-quality.csv
2022/2/22, 40, 40, 15, 2, 19,Guanajuato,nativitas-air-quality.csv
2022/2/23, 38, 64, 23, 8, 19,Guanajuato,nativitas-air-quality.csv
2022/2/24, 57, 40, 17, 4, 13,Guanajuato,nativitas-air-quality.csv
2022/2/25, 40, 55, 9, 4, 10,Guanajuato,nativitas-air-quality.csv
2022/2/26, 48, 42, 11, 5, 9,Guanajuato,nativitas-air-quality.csv
2022/2/27, 27, 46, 8, 3, 7,Guanajuato,nativitas-air-quality.csv
2022/2/28, 28, 42, 9, 3, 8,Guanajuato,nativitas-air-quality.csv
2022/3/1, 28, 44, 14, 5, 9,Guanajuato,nativitas-air-quality.csv
2022/3/2, 36, , , , ,Guanajuato,nativitas-air-quality.csv
2022/3/11, 37, 34, 13, 3, 9,Guanajuato,nativitas-air-quality.csv
2022/3/12, 42, 44, 11, 4, 10,Guanajuato,nativitas-air-quality.csv
2022/3/13, 57, 39, 7, 4, 8,Guanajuato,nativitas-air-quality.csv
2022/3/14, 28, 37, 12, 3, 10,Guanajuato,nativitas-air-quality.csv
2022/3/15, 39, 63, 14, 4, 10,Guanajuato,nativitas-air-quality.csv
2022/3/16, 51, 41, 8, 2, 9,Guanajuato,nativitas-air-quality.csv
2022/3/17, 40, 32, 7, 2, 8,Guanajuato,nativitas-air-quality.csv
2022/3/18, 38, 54, 17, 7, 11,Guanajuato,nativitas-air-quality.csv
2022/3/19, 47, 45, 12, 4, 9,Guanajuato,nativitas-air-quality.csv
2022/3/20, 50, 41, 6, 3, 9,Guanajuato,nativitas-air-quality.csv
2022/3/21, 37, 36, 8, 2, 9,Guanajuato,nativitas-air-quality.csv
2022/3/22, 41, 37, 10, 3, 10,Guanajuato,nativitas-air-quality.csv
2022/3/23, 42, 41, 13, 5, 10,Guanajuato,nativitas-air-quality.csv
2022/3/24, 44, 48, 13, 13, 10,Guanajuato,nativitas-air-quality.csv
2022/3/25, 45, 54, 9, 11, 9,Guanajuato,nativitas-air-quality.csv
2022/3/26, 42, 54, 8, 3, 9,Guanajuato,nativitas-air-quality.csv
2022/3/27, 39, 55, 13, 3, 11,Guanajuato,nativitas-air-quality.csv
2022/3/28, 40, 51, 15, 4, 12,Guanajuato,nativitas-air-quality.csv
2022/3/29, 54, 60, 14, 4, 11,Guanajuato,nativitas-air-quality.csv
2022/3/30, 48, 39, 10, 2, 10,Guanajuato,nativitas-air-quality.csv
2022/3/31, 42, 44, 11, 3, 11,Guanajuato,nativitas-air-quality.csv
2022/4/1, 42, 47, 17, 4, 12,Guanajuato,nativitas-air-quality.csv
2021/10/3, 18, 31, , 5, 8,Guanajuato,nativitas-air-quality.csv
2021/10/4, 10, 20, , 7, 8,Guanajuato,nativitas-air-quality.csv
2021/10/5, 12, 24, , 7, 7,Guanajuato,nativitas-air-quality.csv
2021/10/6, 10, 33, , 8, 7,Guanajuato,nativitas-air-quality.csv
2021/10/7, 16, 36, , 11, 7,Guanajuato,nativitas-air-quality.csv
2021/10/8, 15, 39, 8, 9, 7,Guanajuato,nativitas-air-quality.csv
2021/10/9, 15, 36, 7, 8, 9,Guanajuato,nativitas-air-quality.csv
2021/10/10, 19, 39, 8, 6, 8,Guanajuato,nativitas-air-quality.csv
2021/10/11, 20, 36, 6, 4, 8,Guanajuato,nativitas-air-quality.csv
2021/10/12, 18, 34, , 4, 7,Guanajuato,nativitas-air-quality.csv
2021/10/13, 18, 17, , 6, 8,Guanajuato,nativitas-air-quality.csv
2021/10/14, 24, 35, , 4, 10,Guanajuato,nativitas-air-quality.csv
2021/10/15, 25, , , , ,Guanajuato,nativitas-air-quality.csv
2021/10/27, 41, 33, 10, 5, 10,Guanajuato,nativitas-air-quality.csv
2021/10/28, 22, 39, 16, 10, 11,Guanajuato,nativitas-air-quality.csv
2021/10/29, 36, 40, 9, 7, 9,Guanajuato,nativitas-air-quality.csv
2021/10/30, 28, , , , ,Guanajuato,nativitas-air-quality.csv
2021/11/2, 31, 35, 8, 3, 8,Guanajuato,nativitas-air-quality.csv
2021/11/3, 24, 35, 14, 8, 12,Guanajuato,nativitas-air-quality.csv
2021/11/4, 36, 44, 11, 8, 10,Guanajuato,nativitas-air-quality.csv
2021/11/5, 34, , , , ,Guanajuato,nativitas-air-quality.csv
2021/11/10, 31, 62, 8, 5, 9,Guanajuato,nativitas-air-quality.csv
2021/11/11, 32, 25, 5, 6, 8,Guanajuato,nativitas-air-quality.csv
2021/11/12, 39, 38, 9, 13, 10,Guanajuato,nativitas-air-quality.csv
2021/11/13, 28, 33, 6, 9, 9,Guanajuato,nativitas-air-quality.csv
2021/11/14, 27, 38, 7, 15, 9,Guanajuato,nativitas-air-quality.csv
2021/11/15, 20, 43, 8, 7, 8,Guanajuato,nativitas-air-quality.csv
2021/11/16, 23, 46, 15, 5, 15,Guanajuato,nativitas-air-quality.csv
2021/11/17, 46, 47, 20, 11, 12,Guanajuato,nativitas-air-quality.csv
2021/11/18, 54, 54, 17, 15, 11,Guanajuato,nativitas-air-quality.csv
2021/11/19, 53, 29, 6, 5, 9,Guanajuato,nativitas-air-quality.csv
2021/11/20, 28, 37, 9, 11, 11,Guanajuato,nativitas-air-quality.csv
2021/11/21, 24, 45, 6, 10, 9,Guanajuato,nativitas-air-quality.csv
2021/11/22, 19, 31, 6, 8, 10,Guanajuato,nativitas-air-quality.csv
2021/11/23, 29, 39, 7, 7, 10,Guanajuato,nativitas-air-quality.csv
2021/11/24, 23, 35, 10, 7, 11,Guanajuato,nativitas-air-quality.csv
2021/11/25, 28, 35, 19, 11, 14,Guanajuato,nativitas-air-quality.csv
2021/11/26, 43, 43, 7, 6, 10,Guanajuato,nativitas-air-quality.csv
2021/11/27, 31, 36, 11, 6, 12,Guanajuato,nativitas-air-quality.csv
2021/11/28, 29, 57, 17, 17, 15,Guanajuato,nativitas-air-quality.csv
2021/11/29, 51, 45, 8, 6, 10,Guanajuato,nativitas-air-quality.csv
2021/11/30, 27, 49, 17, 8, 16,Guanajuato,nativitas-air-quality.csv
2021/12/1, 48, 27, 18, 11, 12,Guanajuato,nativitas-air-quality.csv
2021/12/2, 44, 12, 13, 11, 10,Guanajuato,nativitas-air-quality.csv
2021/12/3, 29, 32, 11, 15, 11,Guanajuato,nativitas-air-quality.csv
2021/12/4, 36, 14, 16, 10, 10,Guanajuato,nativitas-air-quality.csv
2021/12/5, 35, , , , ,Guanajuato,nativitas-air-quality.csv
2021/12/8, 72, 16, 32, 6, 25,Guanajuato,nativitas-air-quality.csv
2021/12/9, 71, 43, 24, 13, 19,Guanajuato,nativitas-air-quality.csv
2021/12/10, 68, 38, 22, 13, 15,Guanajuato,nativitas-air-quality.csv
2021/12/11, 65, 40, 22, 14, 18,Guanajuato,nativitas-air-quality.csv
2021/12/12, 72, 50, 13, 8, 14,Guanajuato,nativitas-air-quality.csv
2021/12/13, 47, 41, 11, 16, 12,Guanajuato,nativitas-air-quality.csv
2021/12/14, 39, 38, 12, 6, 12,Guanajuato,nativitas-air-quality.csv
2021/12/15, 34, 11, 8, 5, 10,Guanajuato,nativitas-air-quality.csv
2021/12/16, 20, 23, 41, 11, 30,Guanajuato,nativitas-air-quality.csv
2021/12/17, 110, 56, 20, 17, 14,Guanajuato,nativitas-air-quality.csv
2021/12/18, 59, 39, 17, 10, 14,Guanajuato,nativitas-air-quality.csv
2021/12/19, 46, 8, 17, 11, 15,Guanajuato,nativitas-air-quality.csv
2021/12/20, 28, 22, 18, 6, 20,Guanajuato,nativitas-air-quality.csv
2021/12/21, 33, 42, 23, 15, 19,Guanajuato,nativitas-air-quality.csv
2021/12/22, 46, 44, 29, 16, 21,Guanajuato,nativitas-air-quality.csv
2021/12/23, 63, 61, 33, 30, 21,Guanajuato,nativitas-air-quality.csv
2021/12/24, 74, 52, 28, 21, 28,Guanajuato,nativitas-air-quality.csv
2021/12/25, 72, 61, 25, 29, 24,Guanajuato,nativitas-air-quality.csv
2021/12/26, 95, 40, 16, 27, 17,Guanajuato,nativitas-air-quality.csv
2021/12/27, 49, 54, 20, 21, 15,Guanajuato,nativitas-air-quality.csv
2021/12/28, 56, 37, 15, 10, 15,Guanajuato,nativitas-air-quality.csv
2021/12/29, 48, 37, 16, 9, 15,Guanajuato,nativitas-air-quality.csv
2021/12/30, 45, 41, 23, 11, 19,Guanajuato,nativitas-air-quality.csv
2021/12/31, 62, 35, 21, 11, 18,Guanajuato,nativitas-air-quality.csv
2022/1/1, 61, 28, 15, 12, 19,Guanajuato,nativitas-air-quality.csv
2022/1/2, 83, 35, 12, 17, 16,Guanajuato,nativitas-air-quality.csv
2022/1/3, 53, 42, 15, 9, 16,Guanajuato,nativitas-air-quality.csv
2021/7/2, 24, 29, , 2, 7,Guanajuato,nativitas-air-quality.csv
2021/7/3, 17, 23, , 1, 7,Guanajuato,nativitas-air-quality.csv
2021/7/4, 15, 35, , 1, 7,Guanajuato,nativitas-air-quality.csv
2021/7/5, 17, 36, , 1, 7,Guanajuato,nativitas-air-quality.csv
2021/7/6, 21, 28, , 1, 7,Guanajuato,nativitas-air-quality.csv
2021/7/7, 14, 33, , , 6,Guanajuato,nativitas-air-quality.csv
2021/7/8, 15, 25, , 1, 7,Guanajuato,nativitas-air-quality.csv
2021/7/9, 12, 27, , 1, 7,Guanajuato,nativitas-air-quality.csv
2021/7/10, 16, 40, , 3, 7,Guanajuato,nativitas-air-quality.csv
2021/7/11, 24, 37, , 2, 7,Guanajuato,nativitas-air-quality.csv
2021/7/12, 15, 34, , 1, 6,Guanajuato,nativitas-air-quality.csv
2021/7/13, 26, 16, , 2, 6,Guanajuato,nativitas-air-quality.csv
2021/7/14, 16, , , , ,Guanajuato,nativitas-air-quality.csv
2021/7/16, 13, , , , ,Guanajuato,nativitas-air-quality.csv
2021/8/2, 21, 59, , 4, 7,Guanajuato,nativitas-air-quality.csv
2021/8/3, 22, , , , ,Guanajuato,nativitas-air-quality.csv
2021/8/9, 20, 36, , 3, 8,Guanajuato,nativitas-air-quality.csv
2021/8/10, 22, , , , ,Guanajuato,nativitas-air-quality.csv
2021/8/12, 19, 50, , 4, 7,Guanajuato,nativitas-air-quality.csv
2021/8/13, 22, 36, , 5, 7,Guanajuato,nativitas-air-quality.csv
2021/8/14, 14, , , , ,Guanajuato,nativitas-air-quality.csv
2021/8/16, 13, 41, , 4, 7,Guanajuato,nativitas-air-quality.csv
2021/8/17, 16, 48, , 5, 7,Guanajuato,nativitas-air-quality.csv
2021/8/18, 21, 50, , 3, 7,Guanajuato,nativitas-air-quality.csv
2021/8/19, 21, 41, , 4, 8,Guanajuato,nativitas-air-quality.csv
2021/8/20, 22, 29, , 8, 6,Guanajuato,nativitas-air-quality.csv
2021/8/21, 20, 23, , 16, 8,Guanajuato,nativitas-air-quality.csv
2021/8/22, 13, 32, , 4, 6,Guanajuato,nativitas-air-quality.csv
2021/8/23, 10, 36, , 5, 6,Guanajuato,nativitas-air-quality.csv
2021/8/24, 18, 30, , 11, 6,Guanajuato,nativitas-air-quality.csv
2021/8/25, 22, 27, , 15, 7,Guanajuato,nativitas-air-quality.csv
2021/8/26, 21, 30, , 11, 6,Guanajuato,nativitas-air-quality.csv
2021/8/27, 31, 32, , 13, 7,Guanajuato,nativitas-air-quality.csv
2021/8/28, 39, 14, , 6, 8,Guanajuato,nativitas-air-quality.csv
2021/8/29, 23, 15, , 3, 8,Guanajuato,nativitas-air-quality.csv
2021/8/30, 12, 29, , 3, 7,Guanajuato,nativitas-air-quality.csv
2021/8/31, 13, 34, , 3, 8,Guanajuato,nativitas-air-quality.csv
2021/9/1, 10, , , , ,Guanajuato,nativitas-air-quality.csv
2021/9/3, 19, 28, , 4, 8,Guanajuato,nativitas-air-quality.csv
2021/9/4, 14, 31, , 3, 8,Guanajuato,nativitas-air-quality.csv
2021/9/5, 16, 41, , 3, 8,Guanajuato,nativitas-air-quality.csv
2021/9/6, 18, 30, , 4, 8,Guanajuato,nativitas-air-quality.csv
2021/9/7, 15, 31, , 3, 8,Guanajuato,nativitas-air-quality.csv
2021/9/8, 14, 41, , 4, 8,Guanajuato,nativitas-air-quality.csv
2021/9/9, 16, 38, , 4, 8,Guanajuato,nativitas-air-quality.csv
2021/9/10, 19, 40, , 9, 8,Guanajuato,nativitas-air-quality.csv
2021/9/11, 22, 32, , 13, 9,Guanajuato,nativitas-air-quality.csv
2021/9/12, 18, 27, , 4, 7,Guanajuato,nativitas-air-quality.csv
2021/9/13, 9, 33, , 4, 8,Guanajuato,nativitas-air-quality.csv
2021/9/14, 16, , , , ,Guanajuato,nativitas-air-quality.csv
2021/9/20, 13, 32, , 4, 8,Guanajuato,nativitas-air-quality.csv
2021/9/21, 14, 11, , 3, 8,Guanajuato,nativitas-air-quality.csv
2021/9/22, 10, , , , ,Guanajuato,nativitas-air-quality.csv
2021/9/28, 18, 18, , 3, 8,Guanajuato,nativitas-air-quality.csv
2021/9/29, 16, 37, , 5, 8,Guanajuato,nativitas-air-quality.csv
2021/9/30, 19, 44, , 4, 8,Guanajuato,nativitas-air-quality.csv
2021/10/1, 11, , , , ,Guanajuato,nativitas-air-quality.csv
2021/4/2, 53, 28, , 8, 10,Guanajuato,nativitas-air-quality.csv
2021/4/3, 26, 37, , 11, 11,Guanajuato,nativitas-air-quality.csv
2021/4/4, 25, 39, , 10, 11,Guanajuato,nativitas-air-quality.csv
2021/4/5, 25, 39, , 8, 11,Guanajuato,nativitas-air-quality.csv
2021/4/6, 36, 38, , 10, 11,Guanajuato,nativitas-air-quality.csv
2021/4/7, 41, 42, , 27, 13,Guanajuato,nativitas-air-quality.csv
2021/4/8, 39, 44, , 13, 13,Guanajuato,nativitas-air-quality.csv
2021/4/9, 50, 42, , 12, 13,Guanajuato,nativitas-air-quality.csv
2021/4/10, 54, 39, , 10, 13,Guanajuato,nativitas-air-quality.csv
2021/4/11, 46, 40, , 12, 13,Guanajuato,nativitas-air-quality.csv
2021/4/12, 52, 41, , 8, 13,Guanajuato,nativitas-air-quality.csv
2021/4/13, 48, 38, , 11, 13,Guanajuato,nativitas-air-quality.csv
2021/4/14, 46, 37, , 22, 13,Guanajuato,nativitas-air-quality.csv
2021/4/15, 56, 41, , 12, 13,Guanajuato,nativitas-air-quality.csv
2021/4/16, 54, 39, , 9, 13,Guanajuato,nativitas-air-quality.csv
2021/4/17, 53, 38, , 10, 13,Guanajuato,nativitas-air-quality.csv
2021/4/18, 55, 34, , 10, 13,Guanajuato,nativitas-air-quality.csv
2021/4/19, 50, 35, , 11, 14,Guanajuato,nativitas-air-quality.csv
2021/4/20, 55, 35, , 14, 14,Guanajuato,nativitas-air-quality.csv
2021/4/21, 53, 42, , 17, 14,Guanajuato,nativitas-air-quality.csv
2021/4/22, 59, 38, , 11, 13,Guanajuato,nativitas-air-quality.csv
2021/4/23, 52, 38, , 9, 15,Guanajuato,nativitas-air-quality.csv
2021/4/24, 67, 33, , 11, 15,Guanajuato,nativitas-air-quality.csv
2021/4/25, 50, 40, , 11, 13,Guanajuato,nativitas-air-quality.csv
2021/4/26, 59, 39, , 10, 14,Guanajuato,nativitas-air-quality.csv
2021/4/27, 55, 38, , 8, 14,Guanajuato,nativitas-air-quality.csv
2021/4/28, 56, 35, , 10, 14,Guanajuato,nativitas-air-quality.csv
2021/4/29, 53, 33, , 9, 14,Guanajuato,nativitas-air-quality.csv
2021/4/30, 51, 32, , 9, 14,Guanajuato,nativitas-air-quality.csv
2021/5/1, 51, 29, , 10, 13,Guanajuato,nativitas-air-quality.csv
2021/5/2, 50, , , , ,Guanajuato,nativitas-air-quality.csv
2021/5/12, 38, 37, , 16, 15,Guanajuato,nativitas-air-quality.csv
2021/5/13, 30, 27, , 15, 13,Guanajuato,nativitas-air-quality.csv
2021/5/14, 16, 31, , 10, 14,Guanajuato,nativitas-air-quality.csv
2021/5/15, 17, 39, , 9, 14,Guanajuato,nativitas-air-quality.csv
2021/5/16, 22, 38, , 9, 15,Guanajuato,nativitas-air-quality.csv
2021/5/17, 22, 42, , 8, 15,Guanajuato,nativitas-air-quality.csv
2021/5/18, 40, 41, , 8, 14,Guanajuato,nativitas-air-quality.csv
2021/5/19, 35, 36, , 8, 14,Guanajuato,nativitas-air-quality.csv
2021/5/20, 47, , , , ,Guanajuato,nativitas-air-quality.csv
2021/5/26, 34, 35, , 2, 12,Guanajuato,nativitas-air-quality.csv
2021/5/27, 35, 51, , 21, 13,Guanajuato,nativitas-air-quality.csv
2021/5/28, 34, 42, , 7, 13,Guanajuato,nativitas-air-quality.csv
2021/5/29, 42, 36, , 3, 13,Guanajuato,nativitas-air-quality.csv
2021/5/30, 40, 14, , 7, 13,Guanajuato,nativitas-air-quality.csv
2021/5/31, 31, 63, , 7, 14,Guanajuato,nativitas-air-quality.csv
2021/6/1, 40, 26, , 5, ,Guanajuato,nativitas-air-quality.csv
2021/6/2, 27, , , , ,Guanajuato,nativitas-air-quality.csv
2021/6/7, 22, 54, , , ,Guanajuato,nativitas-air-quality.csv
2021/6/8, 27, 47, , , ,Guanajuato,nativitas-air-quality.csv
2021/6/9, 42, 49, , , ,Guanajuato,nativitas-air-quality.csv
2021/6/10, 37, 39, , , ,Guanajuato,nativitas-air-quality.csv
2021/6/11, 26, 36, , 14, ,Guanajuato,nativitas-air-quality.csv
2021/6/12, 33, 34, , 15, ,Guanajuato,nativitas-air-quality.csv
2021/6/13, 29, 22, , 4, ,Guanajuato,nativitas-air-quality.csv
2021/6/14, 19, 21, , 6, ,Guanajuato,nativitas-air-quality.csv
2021/6/15, 15, 38, , 15, ,Guanajuato,nativitas-air-quality.csv
2021/6/16, 18, 39, , 18, ,Guanajuato,nativitas-air-quality.csv
2021/6/17, 23, 26, , 20, ,Guanajuato,nativitas-air-quality.csv
2021/6/18, 19, 30, , 14, ,Guanajuato,nativitas-air-quality.csv
2021/6/19, 12, 13, , 1, ,Guanajuato,nativitas-air-quality.csv
2021/6/20, 7, 33, , 1, ,Guanajuato,nativitas-air-quality.csv
2021/6/21, 12, 32, , , 6,Guanajuato,nativitas-air-quality.csv
2021/6/22, 21, 41, , 1, 7,Guanajuato,nativitas-air-quality.csv
2021/6/23, 11, 48, , 1, 6,Guanajuato,nativitas-air-quality.csv
2021/6/24, 9, 36, , 5, 7,Guanajuato,nativitas-air-quality.csv
2021/6/25, 30, 21, , 1, 7,Guanajuato,nativitas-air-quality.csv
2021/6/26, 18, 24, , 1, 6,Guanajuato,nativitas-air-quality.csv
2021/6/27, 10, 16, , 1, 6,Guanajuato,nativitas-air-quality.csv
2021/6/28, 11, 15, , 1, 8,Guanajuato,nativitas-air-quality.csv
2021/6/29, 14, 26, , , 7,Guanajuato,nativitas-air-quality.csv
2021/6/30, 14, 37, , 2, 7,Guanajuato,nativitas-air-quality.csv
2021/7/1, 19, 30, , 2, 7,Guanajuato,nativitas-air-quality.csv
2021/1/5, 71, 39, , 7, 44,Guanajuato,nativitas-air-quality.csv
2021/1/6, 58, 25, , 11, 44,Guanajuato,nativitas-air-quality.csv
2021/1/7, 63, 29, , 9, 45,Guanajuato,nativitas-air-quality.csv
2021/1/8, 65, 31, , 8, 42,Guanajuato,nativitas-air-quality.csv
2021/1/9, 75, 23, , 6, 40,Guanajuato,nativitas-air-quality.csv
2021/1/10, 47, 23, , 4, 41,Guanajuato,nativitas-air-quality.csv
2021/1/11, 35, 25, , 9, 40,Guanajuato,nativitas-air-quality.csv
2021/1/12, 38, 22, , 13, 42,Guanajuato,nativitas-air-quality.csv
2021/1/13, 45, 29, , 7, 41,Guanajuato,nativitas-air-quality.csv
2021/1/14, 43, 20, , 13, 43,Guanajuato,nativitas-air-quality.csv
2021/1/15, 57, 35, , 12, 48,Guanajuato,nativitas-air-quality.csv
2021/1/16, 75, 37, , 7, 42,Guanajuato,nativitas-air-quality.csv
2021/1/17, 59, 26, , 5, 41,Guanajuato,nativitas-air-quality.csv
2021/1/18, 34, 27, , 7, 41,Guanajuato,nativitas-air-quality.csv
2021/1/19, 41, 25, , 11, 42,Guanajuato,nativitas-air-quality.csv
2021/1/20, 48, 31, , 5, 41,Guanajuato,nativitas-air-quality.csv
2021/1/21, 38, 30, , 4, 42,Guanajuato,nativitas-air-quality.csv
2021/1/22, 35, 31, , 5, 45,Guanajuato,nativitas-air-quality.csv
2021/1/23, 47, 32, , 11, 46,Guanajuato,nativitas-air-quality.csv
2021/1/24, 66, 31, , 8, 44,Guanajuato,nativitas-air-quality.csv
2021/1/25, 54, 27, , 5, 42,Guanajuato,nativitas-air-quality.csv
2021/1/26, 41, 28, , 6, 42,Guanajuato,nativitas-air-quality.csv
2021/1/27, 44, 38, , 25, 42,Guanajuato,nativitas-air-quality.csv
2021/1/28, 71, 29, , 4, 40,Guanajuato,nativitas-air-quality.csv
2021/1/29, 36, 34, , 7, 45,Guanajuato,nativitas-air-quality.csv
2021/1/30, 43, 39, , 10, 49,Guanajuato,nativitas-air-quality.csv
2021/1/31, 76, 38, , 27, 43,Guanajuato,nativitas-air-quality.csv
2021/2/1, 60, 27, , 10, 40,Guanajuato,nativitas-air-quality.csv
2021/2/2, 38, 31, , 15, 42,Guanajuato,nativitas-air-quality.csv
2021/2/3, 39, 37, , 23, 45,Guanajuato,nativitas-air-quality.csv
2021/2/4, 54, 42, , 18, 44,Guanajuato,nativitas-air-quality.csv
2021/2/5, 62, 37, , 16, 45,Guanajuato,nativitas-air-quality.csv
2021/2/6, 61, 27, , 12, 44,Guanajuato,nativitas-air-quality.csv
2021/2/7, 47, 38, , 12, 44,Guanajuato,nativitas-air-quality.csv
2021/2/8, 54, 26, , 10, 48,Guanajuato,nativitas-air-quality.csv
2021/2/9, 56, 39, , 13, 45,Guanajuato,nativitas-air-quality.csv
2021/2/10, 57, 31, , 11, 43,Guanajuato,nativitas-air-quality.csv
2021/2/11, 46, 24, , 10, 41,Guanajuato,nativitas-air-quality.csv
2021/2/12, 48, 21, , 14, 42,Guanajuato,nativitas-air-quality.csv
2021/2/13, 58, 34, , 9, 42,Guanajuato,nativitas-air-quality.csv
2021/2/14, 40, 33, , 9, 42,Guanajuato,nativitas-air-quality.csv
2021/2/15, 39, 31, , 9, 42,Guanajuato,nativitas-air-quality.csv
2021/2/16, 40, 31, , 12, 44,Guanajuato,nativitas-air-quality.csv
2021/2/17, 52, 32, , 10, 21,Guanajuato,nativitas-air-quality.csv
2021/2/18, 37, 32, , 12, 5,Guanajuato,nativitas-air-quality.csv
2021/2/19, 45, 28, , 30, 4,Guanajuato,nativitas-air-quality.csv
2021/2/20, 53, 43, , 15, 11,Guanajuato,nativitas-air-quality.csv
2021/2/21, 54, 43, , 16, 6,Guanajuato,nativitas-air-quality.csv
2021/2/22, 60, 55, , 25, 16,Guanajuato,nativitas-air-quality.csv
2021/2/23, 58, 51, , 18, 7,Guanajuato,nativitas-air-quality.csv
2021/2/24, 45, 55, , 27, 11,Guanajuato,nativitas-air-quality.csv
2021/2/25, 49, 36, , 20, 10,Guanajuato,nativitas-air-quality.csv
2021/2/26, 45, 41, , 17, 11,Guanajuato,nativitas-air-quality.csv
2021/2/27, 57, 40, , 17, 12,Guanajuato,nativitas-air-quality.csv
2021/2/28, 62, 41, , 8, 10,Guanajuato,nativitas-air-quality.csv
2021/3/1, 51, 53, , 11, 11,Guanajuato,nativitas-air-quality.csv
2021/3/2, 61, 42, , 26, 9,Guanajuato,nativitas-air-quality.csv
2021/3/3, 58, 44, , 11, 11,Guanajuato,nativitas-air-quality.csv
2021/3/4, 51, 45, , 11, 10,Guanajuato,nativitas-air-quality.csv
2021/3/5, 54, 40, , 9, 12,Guanajuato,nativitas-air-quality.csv
2021/3/6, 56, 38, , 37, 9,Guanajuato,nativitas-air-quality.csv
2021/3/7, 59, 36, , 9, 10,Guanajuato,nativitas-air-quality.csv
2021/3/8, 41, 40, , 26, 10,Guanajuato,nativitas-air-quality.csv
2021/3/9, 50, 42, , 31, 10,Guanajuato,nativitas-air-quality.csv
2021/3/10, 47, 34, , 16, 10,Guanajuato,nativitas-air-quality.csv
2021/3/11, 43, 39, , 17, 12,Guanajuato,nativitas-air-quality.csv
2021/3/12, 51, 42, , 19, 11,Guanajuato,nativitas-air-quality.csv
2021/3/13, 55, 44, , 11, 11,Guanajuato,nativitas-air-quality.csv
2021/3/14, 52, 34, , 9, 11,Guanajuato,nativitas-air-quality.csv
2021/3/15, 52, 34, , 10, 11,Guanajuato,nativitas-air-quality.csv
2021/3/16, 50, 33, , 9, 10,Guanajuato,nativitas-air-quality.csv
2021/3/17, 46, 34, , 10, 11,Guanajuato,nativitas-air-quality.csv
2021/3/18, 40, 40, , 25, 10,Guanajuato,nativitas-air-quality.csv
2021/3/19, 70, 40, , 20, 10,Guanajuato,nativitas-air-quality.csv
2021/3/20, 57, 40, , 15, 12,Guanajuato,nativitas-air-quality.csv
2021/3/21, 49, 36, , 9, 10,Guanajuato,nativitas-air-quality.csv
2021/3/22, 44, 34, , 12, 11,Guanajuato,nativitas-air-quality.csv
2021/3/23, 49, 27, , 9, 10,Guanajuato,nativitas-air-quality.csv
2021/3/24, 50, 27, , 10, 10,Guanajuato,nativitas-air-quality.csv
2021/3/25, 58, 30, , 9, 11,Guanajuato,nativitas-air-quality.csv
2021/3/26, 42, 32, , 9, 14,Guanajuato,nativitas-air-quality.csv
2021/3/27, 49, 41, , 11, 14,Guanajuato,nativitas-air-quality.csv
2021/3/28, 55, 44, , 17, 12,Guanajuato,nativitas-air-quality.csv
2021/3/29, 80, 37, , 15, 11,Guanajuato,nativitas-air-quality.csv
2021/3/30, 52, 44, , 11, 12,Guanajuato,nativitas-air-quality.csv
2021/3/31, 58, 47, , 15, 11,Guanajuato,nativitas-air-quality.csv
2021/4/1, 57, 25, , 9, 10,Guanajuato,nativitas-air-quality.csv
2020/10/2, 33, 26, , 7, 31,Guanajuato,nativitas-air-quality.csv
2020/10/3, 23, , , , ,Guanajuato,nativitas-air-quality.csv
2020/10/6, 35, 41, , 6, 31,Guanajuato,nativitas-air-quality.csv
2020/10/7, 33, 38, , 16, 32,Guanajuato,nativitas-air-quality.csv
2020/10/8, 28, 38, , 8, 33,Guanajuato,nativitas-air-quality.csv
2020/10/9, 34, 6, , 7, 34,Guanajuato,nativitas-air-quality.csv
2020/10/10, 44, , , , ,Guanajuato,nativitas-air-quality.csv
2020/10/12, 39, 40, , 15, 33,Guanajuato,nativitas-air-quality.csv
2020/10/13, 44, 33, , 9, 33,Guanajuato,nativitas-air-quality.csv
2020/10/14, 27, 11, , 11, 32,Guanajuato,nativitas-air-quality.csv
2020/10/15, 26, 31, , 7, 33,Guanajuato,nativitas-air-quality.csv
2020/10/16, 27, 14, , 8, 32,Guanajuato,nativitas-air-quality.csv
2020/10/17, 26, , , , ,Guanajuato,nativitas-air-quality.csv
2020/10/19, 21, 29, , 10, 33,Guanajuato,nativitas-air-quality.csv
2020/10/20, 24, 31, , 8, 33,Guanajuato,nativitas-air-quality.csv
2020/10/21, 24, 35, , 9, 33,Guanajuato,nativitas-air-quality.csv
2020/10/22, 26, 35, , 15, 34,Guanajuato,nativitas-air-quality.csv
2020/10/23, 29, , , 18, 36,Guanajuato,nativitas-air-quality.csv
2020/10/24, 56, , , , ,Guanajuato,nativitas-air-quality.csv
2020/10/26, 33, 44, , 16, 38,Guanajuato,nativitas-air-quality.csv
2020/10/27, 54, 39, , 6, 36,Guanajuato,nativitas-air-quality.csv
2020/10/28, 56, 33, , 6, 35,Guanajuato,nativitas-air-quality.csv
2020/10/29, 40, 41, , 7, 35,Guanajuato,nativitas-air-quality.csv
2020/10/30, 43, 24, , 6, 34,Guanajuato,nativitas-air-quality.csv
2020/10/31, 24, , , , ,Guanajuato,nativitas-air-quality.csv
2020/11/3, 35, 34, , 6, 33,Guanajuato,nativitas-air-quality.csv
2020/11/4, 32, 28, , 13, 34,Guanajuato,nativitas-air-quality.csv
2020/11/5, 25, 29, , 17, 34,Guanajuato,nativitas-air-quality.csv
2020/11/6, 26, 33, , 13, 36,Guanajuato,nativitas-air-quality.csv
2020/11/7, 30, 41, , 8, 38,Guanajuato,nativitas-air-quality.csv
2020/11/8, 44, 36, , 14, 42,Guanajuato,nativitas-air-quality.csv
2020/11/9, 63, 45, , 10, 39,Guanajuato,nativitas-air-quality.csv
2020/11/10, 56, 40, , 8, 36,Guanajuato,nativitas-air-quality.csv
2020/11/11, 42, , , , ,Guanajuato,nativitas-air-quality.csv
2020/11/13, 70, 48, , 12, 41,Guanajuato,nativitas-air-quality.csv
2020/11/14, 75, 50, , 7, 39,Guanajuato,nativitas-air-quality.csv
2020/11/15, 63, 42, , 9, 37,Guanajuato,nativitas-air-quality.csv
2020/11/16, 61, 23, , 6, 35,Guanajuato,nativitas-air-quality.csv
2020/11/17, 28, 20, , 13, 35,Guanajuato,nativitas-air-quality.csv
2020/11/18, 23, 28, , 4, 34,Guanajuato,nativitas-air-quality.csv
2020/11/19, 33, 29, , 4, 35,Guanajuato,nativitas-air-quality.csv
2020/11/20, 27, 24, , 3, 35,Guanajuato,nativitas-air-quality.csv
2020/11/21, 24, 22, , 4, 36,Guanajuato,nativitas-air-quality.csv
2020/11/22, 22, 25, , 13, 36,Guanajuato,nativitas-air-quality.csv
2020/11/23, 20, 30, , 8, 37,Guanajuato,nativitas-air-quality.csv
2020/11/24, 31, 38, , 7, 43,Guanajuato,nativitas-air-quality.csv
2020/11/25, 58, 49, , 11, 45,Guanajuato,nativitas-air-quality.csv
2020/11/26, 74, 45, , 14, 43,Guanajuato,nativitas-air-quality.csv
2020/11/27, 66, 52, , 15, 45,Guanajuato,nativitas-air-quality.csv
2020/11/28, 77, 48, , 16, 43,Guanajuato,nativitas-air-quality.csv
2020/11/29, 75, 42, , 5, 39,Guanajuato,nativitas-air-quality.csv
2020/11/30, 59, 35, , 2, 36,Guanajuato,nativitas-air-quality.csv
2020/12/1, 45, 30, , 2, 35,Guanajuato,nativitas-air-quality.csv
2020/12/2, 38, 35, , 5, 37,Guanajuato,nativitas-air-quality.csv
2020/12/3, 43, 26, , 7, 38,Guanajuato,nativitas-air-quality.csv
2020/12/4, 47, 19, , 11, 38,Guanajuato,nativitas-air-quality.csv
2020/12/5, 52, 21, , 5, 37,Guanajuato,nativitas-air-quality.csv
2020/12/6, 40, 18, , 7, 38,Guanajuato,nativitas-air-quality.csv
2020/12/7, 40, 20, , 8, 36,Guanajuato,nativitas-air-quality.csv
2020/12/8, 30, 24, , 5, 36,Guanajuato,nativitas-air-quality.csv
2020/12/9, 36, 30, , 17, 38,Guanajuato,nativitas-air-quality.csv
2020/12/10, 37, 31, , 12, 38,Guanajuato,nativitas-air-quality.csv
2020/12/11, 45, 28, , 7, 39,Guanajuato,nativitas-air-quality.csv
2020/12/12, 45, 32, , 8, 39,Guanajuato,nativitas-air-quality.csv
2020/12/13, 57, 24, , 5, 40,Guanajuato,nativitas-air-quality.csv
2020/12/14, 46, 35, , 3, 38,Guanajuato,nativitas-air-quality.csv
2020/12/15, 47, 24, , 5, 39,Guanajuato,nativitas-air-quality.csv
2020/12/16, 46, 24, , 8, 39,Guanajuato,nativitas-air-quality.csv
2020/12/17, 52, 29, , 6, 39,Guanajuato,nativitas-air-quality.csv
2020/12/18, 51, 31, , 6, 38,Guanajuato,nativitas-air-quality.csv
2020/12/19, 49, 32, , 9, 46,Guanajuato,nativitas-air-quality.csv
2020/12/20, 71, 37, , 4, 40,Guanajuato,nativitas-air-quality.csv
2020/12/21, 48, 36, , 5, 44,Guanajuato,nativitas-air-quality.csv
2020/12/22, 54, 33, , 6, 44,Guanajuato,nativitas-air-quality.csv
2020/12/23, 71, 35, , 7, 41,Guanajuato,nativitas-air-quality.csv
2020/12/24, 59, 31, , 12, 42,Guanajuato,nativitas-air-quality.csv
2020/12/25, 64, 13, , 5, 37,Guanajuato,nativitas-air-quality.csv
2020/12/26, 62, 31, , 4, 40,Guanajuato,nativitas-air-quality.csv
2020/12/27, 59, 34, , 11, 44,Guanajuato,nativitas-air-quality.csv
2020/12/28, 67, 29, , 16, 44,Guanajuato,nativitas-air-quality.csv
2020/12/29, 63, 35, , 7, 40,Guanajuato,nativitas-air-quality.csv
2020/12/30, 55, 31, , 4, 39,Guanajuato,nativitas-air-quality.csv
2020/12/31, 53, 26, , 5, 38,Guanajuato,nativitas-air-quality.csv
2021/1/1, 41, 29, , 9, 41,Guanajuato,nativitas-air-quality.csv
2021/1/2, 77, 31, , 17, 43,Guanajuato,nativitas-air-quality.csv
2021/1/3, 53, 35, , 14, 44,Guanajuato,nativitas-air-quality.csv
2021/1/4, 67, 34, , 18, 46,Guanajuato,nativitas-air-quality.csv
2020/7/2, 24, 22, 9, 5, 21,Guanajuato,nativitas-air-quality.csv
2020/7/3, 12, 45, 10, 8, 22,Guanajuato,nativitas-air-quality.csv
2020/7/4, 34, 44, 9, 9, 22,Guanajuato,nativitas-air-quality.csv
2020/7/5, 25, 41, 10, 6, 22,Guanajuato,nativitas-air-quality.csv
2020/7/6, 33, 59, 14, 8, 22,Guanajuato,nativitas-air-quality.csv
2020/7/7, 23, 37, 9, 7, 22,Guanajuato,nativitas-air-quality.csv
2020/7/8, 17, 23, 10, 6, 22,Guanajuato,nativitas-air-quality.csv
2020/7/9, 17, 18, 10, 10, 22,Guanajuato,nativitas-air-quality.csv
2020/7/10, 13, , , , ,Guanajuato,nativitas-air-quality.csv
2020/7/13, 17, 52, 14, 8, 24,Guanajuato,nativitas-air-quality.csv
2020/7/14, 42, 66, 16, 15, 24,Guanajuato,nativitas-air-quality.csv
2020/7/15, 14, 38, 11, 7, 24,Guanajuato,nativitas-air-quality.csv
2020/7/16, 43, 48, 11, 10, 25,Guanajuato,nativitas-air-quality.csv
2020/7/17, 41, 47, 9, 5, 24,Guanajuato,nativitas-air-quality.csv
2020/7/18, 44, 54, 12, 8, 24,Guanajuato,nativitas-air-quality.csv
2020/7/19, 36, 40, 9, 3, 25,Guanajuato,nativitas-air-quality.csv
2020/7/20, 52, 51, 13, 2, 25,Guanajuato,nativitas-air-quality.csv
2020/7/21, 43, 50, 12, 5, 25,Guanajuato,nativitas-air-quality.csv
2020/7/22, 37, 40, 13, 4, 25,Guanajuato,nativitas-air-quality.csv
2020/7/23, 23, 47, 11, 7, 25,Guanajuato,nativitas-air-quality.csv
2020/7/24, 20, 17, 17, 6, 26,Guanajuato,nativitas-air-quality.csv
2020/7/25, 21, , , , ,Guanajuato,nativitas-air-quality.csv
2020/8/4, 24, 43, 14, 6, 27,Guanajuato,nativitas-air-quality.csv
2020/8/5, 42, 29, 12, 6, 27,Guanajuato,nativitas-air-quality.csv
2020/8/6, 29, 33, 10, 11, 26,Guanajuato,nativitas-air-quality.csv
2020/8/7, 30, 6, 13, 11, 26,Guanajuato,nativitas-air-quality.csv
2020/8/8, 24, , , , ,Guanajuato,nativitas-air-quality.csv
2020/8/10, 16, 19, 12, 8, 28,Guanajuato,nativitas-air-quality.csv
2020/8/11, 17, 28, 10, 8, 26,Guanajuato,nativitas-air-quality.csv
2020/8/12, 22, 9, 15, 7, 27,Guanajuato,nativitas-air-quality.csv
2020/8/13, 16, 27, 4, 2, 28,Guanajuato,nativitas-air-quality.csv
2020/8/14, 19, 18, 4, 8, 28,Guanajuato,nativitas-air-quality.csv
2020/8/15, 33, , , , ,Guanajuato,nativitas-air-quality.csv
2020/8/17, 21, 32, , 6, 28,Guanajuato,nativitas-air-quality.csv
2020/8/18, 21, 41, , 4, 28,Guanajuato,nativitas-air-quality.csv
2020/8/19, 23, 14, , 5, 28,Guanajuato,nativitas-air-quality.csv
2020/8/20, 18, 44, , 10, 30,Guanajuato,nativitas-air-quality.csv
2020/8/21, 31, 5, , 5, 30,Guanajuato,nativitas-air-quality.csv
2020/8/22, 33, , , , ,Guanajuato,nativitas-air-quality.csv
2020/8/24, 23, 37, , 5, 28,Guanajuato,nativitas-air-quality.csv
2020/8/25, 26, 23, , 7, 28,Guanajuato,nativitas-air-quality.csv
2020/8/26, 19, 24, , 21, 28,Guanajuato,nativitas-air-quality.csv
2020/8/27, 19, 15, , 7, 29,Guanajuato,nativitas-air-quality.csv
2020/8/28, 19, 8, , 3, 28,Guanajuato,nativitas-air-quality.csv
2020/8/29, 9, , , , ,Guanajuato,nativitas-air-quality.csv
2020/8/31, 14, 5, , 4, 29,Guanajuato,nativitas-air-quality.csv
2020/9/1, 17, 57, , 7, 30,Guanajuato,nativitas-air-quality.csv
2020/9/2, 23, 54, , 2, 29,Guanajuato,nativitas-air-quality.csv
2020/9/3, 20, 43, , 12, 29,Guanajuato,nativitas-air-quality.csv
2020/9/4, 35, 9, , 9, 29,Guanajuato,nativitas-air-quality.csv
2020/9/5, 35, , , , ,Guanajuato,nativitas-air-quality.csv
2020/9/7, 19, 39, , 9, 29,Guanajuato,nativitas-air-quality.csv
2020/9/8, 20, 32, , 10, 30,Guanajuato,nativitas-air-quality.csv
2020/9/9, 21, 11, , 6, 30,Guanajuato,nativitas-air-quality.csv
2020/9/10, 38, , , , ,Guanajuato,nativitas-air-quality.csv
2020/9/15, 26, 29, , 3, 29,Guanajuato,nativitas-air-quality.csv
2020/9/16, 21, 23, , 2, 31,Guanajuato,nativitas-air-quality.csv
2020/9/17, 14, 22, , 7, 31,Guanajuato,nativitas-air-quality.csv
2020/9/18, 20, 21, , 18, 30,Guanajuato,nativitas-air-quality.csv
2020/9/19, 20, , , , ,Guanajuato,nativitas-air-quality.csv
2020/9/21, 22, 43, , 14, 31,Guanajuato,nativitas-air-quality.csv
2020/9/22, 32, 45, , 6, 31,Guanajuato,nativitas-air-quality.csv
2020/9/23, 23, 39, , 10, 32,Guanajuato,nativitas-air-quality.csv
2020/9/24, 29, 36, , 12, 32,Guanajuato,nativitas-air-quality.csv
2020/9/25, 33, 13, , 17, 31,Guanajuato,nativitas-air-quality.csv
2020/9/26, 32, , , , ,Guanajuato,nativitas-air-quality.csv
2020/9/29, 33, 28, , 2, 31,Guanajuato,nativitas-air-quality.csv
2020/9/30, 32, 17, , 5, 30,Guanajuato,nativitas-air-quality.csv
2020/10/1, 19, 36, , 25, 31,Guanajuato,nativitas-air-quality.csv
2020/4/2, 39, 45, , 4, 5,Guanajuato,nativitas-air-quality.csv
2020/4/3, 32, 40, , 7, 6,Guanajuato,nativitas-air-quality.csv
2020/4/4, 33, 39, , 5, 6,Guanajuato,nativitas-air-quality.csv
2020/4/5, 30, 20, , 6, 7,Guanajuato,nativitas-air-quality.csv
2020/4/6, 32, 41, , 7, 7,Guanajuato,nativitas-air-quality.csv
2020/4/7, 16, 33, , 5, 8,Guanajuato,nativitas-air-quality.csv
2020/4/8, 22, , , , ,Guanajuato,nativitas-air-quality.csv
2020/4/14, 24, 51, , 6, 13,Guanajuato,nativitas-air-quality.csv
2020/4/15, 38, , , , ,Guanajuato,nativitas-air-quality.csv
2020/4/17, 38, 43, , 3, 14,Guanajuato,nativitas-air-quality.csv
2020/4/18, 36, , , , ,Guanajuato,nativitas-air-quality.csv
2020/4/20, 32, 42, , 1, 15,Guanajuato,nativitas-air-quality.csv
2020/4/21, 29, 48, , 7, 15,Guanajuato,nativitas-air-quality.csv
2020/4/22, 33, 47, , 4, 15,Guanajuato,nativitas-air-quality.csv
2020/4/23, 34, 55, , 2, 16,Guanajuato,nativitas-air-quality.csv
2020/4/24, 36, 54, , 5, 17,Guanajuato,nativitas-air-quality.csv
2020/4/25, 34, 52, , 6, 18,Guanajuato,nativitas-air-quality.csv
2020/4/26, 46, 46, , 16, 21,Guanajuato,nativitas-air-quality.csv
2020/4/27, 44, 51, , 9, 20,Guanajuato,nativitas-air-quality.csv
2020/4/28, 23, 52, , 6, 20,Guanajuato,nativitas-air-quality.csv
2020/4/29, 26, 48, , 12, 19,Guanajuato,nativitas-air-quality.csv
2020/4/30, 33, 50, , 10, 20,Guanajuato,nativitas-air-quality.csv
2020/5/1, 19, 53, , 10, 25,Guanajuato,nativitas-air-quality.csv
2020/5/2, 25, 56, , 9, 27,Guanajuato,nativitas-air-quality.csv
2020/5/3, 33, 61, , 10, 27,Guanajuato,nativitas-air-quality.csv
2020/5/4, 29, 60, , 10, 27,Guanajuato,nativitas-air-quality.csv
2020/5/5, 35, 54, , 23, 29,Guanajuato,nativitas-air-quality.csv
2020/5/6, 24, 41, , 7, 25,Guanajuato,nativitas-air-quality.csv
2020/5/7, 20, 49, , 5, 26,Guanajuato,nativitas-air-quality.csv
2020/5/8, 20, 47, , 8, 27,Guanajuato,nativitas-air-quality.csv
2020/5/9, 20, 59, , 6, 27,Guanajuato,nativitas-air-quality.csv
2020/5/10, 15, 66, , 10, 27,Guanajuato,nativitas-air-quality.csv
2020/5/11, 13, 60, , 3, 27,Guanajuato,nativitas-air-quality.csv
2020/5/12, 26, 60, , 4, 27,Guanajuato,nativitas-air-quality.csv
2020/5/13, 22, 65, , 5, 29,Guanajuato,nativitas-air-quality.csv
2020/5/14, 40, 55, , 5, 29,Guanajuato,nativitas-air-quality.csv
2020/5/15, 35, 46, , 5, 29,Guanajuato,nativitas-air-quality.csv
2020/5/16, 34, 38, , 5, 30,Guanajuato,nativitas-air-quality.csv
2020/5/17, 36, 54, , 9, 31,Guanajuato,nativitas-air-quality.csv
2020/5/18, 36, 63, , 6, 30,Guanajuato,nativitas-air-quality.csv
2020/5/19, 35, 68, , 5, 32,Guanajuato,nativitas-air-quality.csv
2020/5/20, 44, 55, , 6, 32,Guanajuato,nativitas-air-quality.csv
2020/5/21, 45, 37, , 5, 31,Guanajuato,nativitas-air-quality.csv
2020/5/22, 34, 42, , 5, 31,Guanajuato,nativitas-air-quality.csv
2020/5/23, 27, 44, , 7, 32,Guanajuato,nativitas-air-quality.csv
2020/5/24, 37, 50, , 5, 31,Guanajuato,nativitas-air-quality.csv
2020/5/25, 31, 65, , 5, 31,Guanajuato,nativitas-air-quality.csv
2020/5/26, 30, 63, , 10, 33,Guanajuato,nativitas-air-quality.csv
2020/5/27, 38, 66, , 8, 32,Guanajuato,nativitas-air-quality.csv
2020/5/28, 43, 72, , 14, 33,Guanajuato,nativitas-air-quality.csv
2020/5/29, 44, 40, , 13, 33,Guanajuato,nativitas-air-quality.csv
2020/5/30, 45, 35, , 11, 32,Guanajuato,nativitas-air-quality.csv
2020/5/31, 19, 41, , 8, 32,Guanajuato,nativitas-air-quality.csv
2020/6/1, 14, 41, , 7, 32,Guanajuato,nativitas-air-quality.csv
2020/6/2, 23, 38, , 11, 33,Guanajuato,nativitas-air-quality.csv
2020/6/3, 32, 31, , 16, 34,Guanajuato,nativitas-air-quality.csv
2020/6/4, 30, 34, , 13, 33,Guanajuato,nativitas-air-quality.csv
2020/6/5, 23, 39, , 8, 33,Guanajuato,nativitas-air-quality.csv
2020/6/6, 29, 48, , 11, 34,Guanajuato,nativitas-air-quality.csv
2020/6/7, 28, 44, , 6, 34,Guanajuato,nativitas-air-quality.csv
2020/6/8, 22, 46, , 4, 34,Guanajuato,nativitas-air-quality.csv
2020/6/9, 22, 60, , 11, 34,Guanajuato,nativitas-air-quality.csv
2020/6/10, 18, 40, , 13, 35,Guanajuato,nativitas-air-quality.csv
2020/6/11, 21, 29, , 16, 35,Guanajuato,nativitas-air-quality.csv
2020/6/12, 17, 29, , 6, 34,Guanajuato,nativitas-air-quality.csv
2020/6/13, 16, 42, , 8, 34,Guanajuato,nativitas-air-quality.csv
2020/6/14, 27, 47, , 4, 34,Guanajuato,nativitas-air-quality.csv
2020/6/15, 25, 44, , 7, 34,Guanajuato,nativitas-air-quality.csv
2020/6/16, 23, 43, 8, 12, 35,Guanajuato,nativitas-air-quality.csv
2020/6/17, 28, 43, 11, 12, 36,Guanajuato,nativitas-air-quality.csv
2020/6/18, 27, 44, 11, 8, 37,Guanajuato,nativitas-air-quality.csv
2020/6/19, 30, 46, 9, 9, 37,Guanajuato,nativitas-air-quality.csv
2020/6/20, 46, 41, 8, 14, 38,Guanajuato,nativitas-air-quality.csv
2020/6/21, 19, 45, 8, 7, 38,Guanajuato,nativitas-air-quality.csv
2020/6/22, 28, 41, 9, 10, 37,Guanajuato,nativitas-air-quality.csv
2020/6/23, 21, 47, 10, 6, 37,Guanajuato,nativitas-air-quality.csv
2020/6/24, 16, 31, 14, 11, 38,Guanajuato,nativitas-air-quality.csv
2020/6/25, 22, 24, 10, 7, 38,Guanajuato,nativitas-air-quality.csv
2020/6/26, 22, 25, 12, 4, 38,Guanajuato,nativitas-air-quality.csv
2020/6/27, 21, 49, 14, 7, 38,Guanajuato,nativitas-air-quality.csv
2020/6/28, 25, , , , ,Guanajuato,nativitas-air-quality.csv
2020/6/30, 37, 50, 10, 6, 22,Guanajuato,nativitas-air-quality.csv
2020/7/1, 22, 79, 10, 16, 24,Guanajuato,nativitas-air-quality.csv
2020/1/10, 81, 32, , 21, 30,Guanajuato,nativitas-air-quality.csv
2020/1/11, 73, , , , ,Guanajuato,nativitas-air-quality.csv
2020/1/15, 40, 26, , 16, 24,Guanajuato,nativitas-air-quality.csv
2020/1/16, 33, 23, , 18, 23,Guanajuato,nativitas-air-quality.csv
2020/1/17, 25, , , , ,Guanajuato,nativitas-air-quality.csv
2020/1/20, 28, 21, , 13, 24,Guanajuato,nativitas-air-quality.csv
2020/1/21, 10, 22, , 11, 25,Guanajuato,nativitas-air-quality.csv
2020/1/22, 21, 22, , 8, 25,Guanajuato,nativitas-air-quality.csv
2020/1/23, 30, 6, , 10, 26,Guanajuato,nativitas-air-quality.csv
2020/1/24, 24, , , , ,Guanajuato,nativitas-air-quality.csv
2020/1/27, 23, 28, , 10, 26,Guanajuato,nativitas-air-quality.csv
2020/1/28, 26, 11, , 10, 27,Guanajuato,nativitas-air-quality.csv
2020/1/29, 33, , , , ,Guanajuato,nativitas-air-quality.csv
2020/2/6, 12, 24, , 10, 28,Guanajuato,nativitas-air-quality.csv
2020/2/7, 7, 2, , 13, 32,Guanajuato,nativitas-air-quality.csv
2020/2/8, 48, , , , ,Guanajuato,nativitas-air-quality.csv
2020/2/10, 12, 22, , 9, 28,Guanajuato,nativitas-air-quality.csv
2020/2/11, 20, 31, , 10, 28,Guanajuato,nativitas-air-quality.csv
2020/2/12, 32, 23, , 10, 27,Guanajuato,nativitas-air-quality.csv
2020/2/13, 22, 28, , 10, 29,Guanajuato,nativitas-air-quality.csv
2020/2/14, 32, 13, , 9, 28,Guanajuato,nativitas-air-quality.csv
2020/2/15, 21, , , , ,Guanajuato,nativitas-air-quality.csv
2020/2/17, 43, 7, , 10, 30,Guanajuato,nativitas-air-quality.csv
2020/2/18, 33, 30, , 16, 29,Guanajuato,nativitas-air-quality.csv
2020/2/19, 41, 36, , 12, 28,Guanajuato,nativitas-air-quality.csv
2020/2/20, 44, 34, , 13, 28,Guanajuato,nativitas-air-quality.csv
2020/2/21, 43, 24, , 35, 28,Guanajuato,nativitas-air-quality.csv
2020/2/22, 32, 34, , 17, 31,Guanajuato,nativitas-air-quality.csv
2020/2/23, 33, 33, , 8, 31,Guanajuato,nativitas-air-quality.csv
2020/2/24, 48, 27, , 10, 30,Guanajuato,nativitas-air-quality.csv
2020/2/25, 30, 24, , 10, 30,Guanajuato,nativitas-air-quality.csv
2020/2/26, 35, 33, , 19, 29,Guanajuato,nativitas-air-quality.csv
2020/2/27, 41, 28, , 37, 30,Guanajuato,nativitas-air-quality.csv
2020/2/28, 36, 34, , 17, 30,Guanajuato,nativitas-air-quality.csv
2020/2/29, 36, 38, , 13, 32,Guanajuato,nativitas-air-quality.csv
2020/3/1, 36, 22, , 10, 31,Guanajuato,nativitas-air-quality.csv
2020/3/2, 33, 27, , 10, 33,Guanajuato,nativitas-air-quality.csv
2020/3/3, 46, 24, , 10, 32,Guanajuato,nativitas-air-quality.csv
2020/3/4, 53, 25, , 10, 32,Guanajuato,nativitas-air-quality.csv
2020/3/5, 26, 28, , 22, 33,Guanajuato,nativitas-air-quality.csv
2020/3/6, 38, 24, , 30, 33,Guanajuato,nativitas-air-quality.csv
2020/3/7, 30, 37, , 26, 35,Guanajuato,nativitas-air-quality.csv
2020/3/8, 33, 31, , 17, 32,Guanajuato,nativitas-air-quality.csv
2020/3/9, 32, 35, , 14, 32,Guanajuato,nativitas-air-quality.csv
2020/3/10, 31, 28, , 15, 34,Guanajuato,nativitas-air-quality.csv
2020/3/11, 29, 53, , 24, ,Guanajuato,nativitas-air-quality.csv
2020/3/12, 40, 48, , 5, 4,Guanajuato,nativitas-air-quality.csv
2020/3/13, 38, 14, , 4, 4,Guanajuato,nativitas-air-quality.csv
2020/3/14, 45, , , , ,Guanajuato,nativitas-air-quality.csv
2020/3/17, 18, 38, , 3, 10,Guanajuato,nativitas-air-quality.csv
2020/3/18, 18, , , , ,Guanajuato,nativitas-air-quality.csv
2020/3/20, 35, 48, , 4, ,Guanajuato,nativitas-air-quality.csv
2020/3/21, 32, 45, , 10, ,Guanajuato,nativitas-air-quality.csv
2020/3/22, 41, 40, , 10, ,Guanajuato,nativitas-air-quality.csv
2020/3/23, 30, 45, , 9, ,Guanajuato,nativitas-air-quality.csv
2020/3/24, 31, 49, , 6, ,Guanajuato,nativitas-air-quality.csv
2020/3/25, 36, 50, , 5, ,Guanajuato,nativitas-air-quality.csv
2020/3/26, 34, 51, , 13, 12,Guanajuato,nativitas-air-quality.csv
2020/3/27, 42, 39, , 4, 3,Guanajuato,nativitas-air-quality.csv
2020/3/28, 31, 40, , 5, 5,Guanajuato,nativitas-air-quality.csv
2020/3/29, 32, 49, , 9, 4,Guanajuato,nativitas-air-quality.csv
2020/3/30, 43, 48, , 11, 5,Guanajuato,nativitas-air-quality.csv
2020/3/31, 41, 46, , 12, 5,Guanajuato,nativitas-air-quality.csv
2020/4/1, 35, 45, , 8, 5,Guanajuato,nativitas-air-quality.csv
2019/10/2, 19, 30, , 14, 7,Guanajuato,nativitas-air-quality.csv
2019/10/3, 15, 22, , 20, 7,Guanajuato,nativitas-air-quality.csv
2019/10/4, 17, 19, , 16, 6,Guanajuato,nativitas-air-quality.csv
2019/10/5, 18, 13, , 12, 6,Guanajuato,nativitas-air-quality.csv
2019/10/6, 17, 26, , 22, 6,Guanajuato,nativitas-air-quality.csv
2019/10/7, 12, 25, , 17, 7,Guanajuato,nativitas-air-quality.csv
2019/10/8, 19, 25, , 9, 7,Guanajuato,nativitas-air-quality.csv
2019/10/9, 13, 29, , 9, 8,Guanajuato,nativitas-air-quality.csv
2019/10/10, 16, 26, , 10, 7,Guanajuato,nativitas-air-quality.csv
2019/10/11, 19, 12, , 8, 8,Guanajuato,nativitas-air-quality.csv
2019/10/12, 16, , , , ,Guanajuato,nativitas-air-quality.csv
2019/10/14, 21, 24, , 9, 8,Guanajuato,nativitas-air-quality.csv
2019/10/15, 16, 25, , 10, 8,Guanajuato,nativitas-air-quality.csv
2019/10/16, 18, 15, , 10, 8,Guanajuato,nativitas-air-quality.csv
2019/10/17, 21, 22, , 8, 8,Guanajuato,nativitas-air-quality.csv
2019/10/18, 13, 15, , 9, 9,Guanajuato,nativitas-air-quality.csv
2019/10/19, 10, , , , ,Guanajuato,nativitas-air-quality.csv
2019/10/21, 10, 20, , 8, 11,Guanajuato,nativitas-air-quality.csv
2019/10/22, 14, 23, , 11, 10,Guanajuato,nativitas-air-quality.csv
2019/10/23, 15, 25, , 10, 10,Guanajuato,nativitas-air-quality.csv
2019/10/24, 12, 28, , 9, 10,Guanajuato,nativitas-air-quality.csv
2019/10/25, 15, 15, , 10, 11,Guanajuato,nativitas-air-quality.csv
2019/10/26, 20, 17, , 9, 9,Guanajuato,nativitas-air-quality.csv
2019/10/27, 6, 24, , 8, 12,Guanajuato,nativitas-air-quality.csv
2019/10/28, 19, 29, , 7, 12,Guanajuato,nativitas-air-quality.csv
2019/10/29, 24, 31, , 9, 11,Guanajuato,nativitas-air-quality.csv
2019/10/30, 25, 24, , 9, 11,Guanajuato,nativitas-air-quality.csv
2019/10/31, 23, 22, , 10, 11,Guanajuato,nativitas-air-quality.csv
2019/11/1, 25, 19, , 10, 10,Guanajuato,nativitas-air-quality.csv
2019/11/2, 10, , , , ,Guanajuato,nativitas-air-quality.csv
2019/11/4, 18, 28, , 11, 12,Guanajuato,nativitas-air-quality.csv
2019/11/5, 22, 24, , 9, 12,Guanajuato,nativitas-air-quality.csv
2019/11/6, 29, 21, , 22, 11,Guanajuato,nativitas-air-quality.csv
2019/11/7, 19, 25, 9, 17, 12,Guanajuato,nativitas-air-quality.csv
2019/11/8, 17, 12, , 11, 12,Guanajuato,nativitas-air-quality.csv
2019/11/9, 13, , , , ,Guanajuato,nativitas-air-quality.csv
2019/11/13, 35, 18, , 7, 14,Guanajuato,nativitas-air-quality.csv
2019/11/14, 16, 21, , 9, 15,Guanajuato,nativitas-air-quality.csv
2019/11/15, 20, 13, , 18, 13,Guanajuato,nativitas-air-quality.csv
2019/11/16, 14, , , , ,Guanajuato,nativitas-air-quality.csv
2019/11/19, 27, 20, , 10, 16,Guanajuato,nativitas-air-quality.csv
2019/11/20, 25, 10, , 11, 16,Guanajuato,nativitas-air-quality.csv
2019/11/21, 36, 26, , 8, 15,Guanajuato,nativitas-air-quality.csv
2019/11/22, 31, 10, , 9, 16,Guanajuato,nativitas-air-quality.csv
2019/11/23, 32, , , , ,Guanajuato,nativitas-air-quality.csv
2019/11/26, 38, 26, , 9, 17,Guanajuato,nativitas-air-quality.csv
2019/11/27, 37, 33, , 9, 17,Guanajuato,nativitas-air-quality.csv
2019/11/28, 50, 26, , 11, 19,Guanajuato,nativitas-air-quality.csv
2019/11/29, 39, 3, , 8, 18,Guanajuato,nativitas-air-quality.csv
2019/11/30, 47, , , , ,Guanajuato,nativitas-air-quality.csv
2019/12/2, 32, 25, , 11, 17,Guanajuato,nativitas-air-quality.csv
2019/12/3, 32, 31, , 12, 23,Guanajuato,nativitas-air-quality.csv
2019/12/4, 44, 9, , 11, 22,Guanajuato,nativitas-air-quality.csv
2019/12/5, 63, 40, , 24, 24,Guanajuato,nativitas-air-quality.csv
2019/12/6, 57, 5, , 9, 21,Guanajuato,nativitas-air-quality.csv
2019/12/7, 63, , , , ,Guanajuato,nativitas-air-quality.csv
2019/12/9, 64, 36, , 7, 22,Guanajuato,nativitas-air-quality.csv
2019/12/10, 60, 32, , 9, 22,Guanajuato,nativitas-air-quality.csv
2019/12/11, 45, 20, , 9, 18,Guanajuato,nativitas-air-quality.csv
2019/12/12, 37, 26, , 11, 25,Guanajuato,nativitas-air-quality.csv
2019/12/13, 44, 3, , 9, 24,Guanajuato,nativitas-air-quality.csv
2019/12/14, 56, , , , ,Guanajuato,nativitas-air-quality.csv
2019/12/16, 43, 26, , 10, 25,Guanajuato,nativitas-air-quality.csv
2019/12/17, 45, 35, , 11, 26,Guanajuato,nativitas-air-quality.csv
2019/12/18, 61, 21, , 25, 21,Guanajuato,nativitas-air-quality.csv
2019/12/19, 36, 27, , 12, 22,Guanajuato,nativitas-air-quality.csv
2019/12/20, 38, 8, , 10, 20,Guanajuato,nativitas-air-quality.csv
2019/12/21, 40, , , , ,Guanajuato,nativitas-air-quality.csv
2019/7/2, 13, 44, , 22, 11,Guanajuato,nativitas-air-quality.csv
2019/7/3, 23, 43, , 24, 11,Guanajuato,nativitas-air-quality.csv
2019/7/4, 16, 40, , 26, 13,Guanajuato,nativitas-air-quality.csv
2019/7/5, 27, 33, , 16, 10,Guanajuato,nativitas-air-quality.csv
2019/7/6, 18, 31, , 18, 10,Guanajuato,nativitas-air-quality.csv
2019/7/7, 27, 37, , 8, 9,Guanajuato,nativitas-air-quality.csv
2019/7/8, 19, 33, , 14, 10,Guanajuato,nativitas-air-quality.csv
2019/7/9, 23, 43, , 8, 11,Guanajuato,nativitas-air-quality.csv
2019/7/10, 31, 33, , 5, 10,Guanajuato,nativitas-air-quality.csv
2019/7/11, 26, 31, , 8, 10,Guanajuato,nativitas-air-quality.csv
2019/7/12, 21, 35, , 9, 10,Guanajuato,nativitas-air-quality.csv
2019/7/13, 20, 39, , 9, 11,Guanajuato,nativitas-air-quality.csv
2019/7/14, 20, 38, , 8, 11,Guanajuato,nativitas-air-quality.csv
2019/7/15, 24, 36, , 8, 12,Guanajuato,nativitas-air-quality.csv
2019/7/16, 23, 32, , 7, 12,Guanajuato,nativitas-air-quality.csv
2019/7/17, 21, 31, , 10, 11,Guanajuato,nativitas-air-quality.csv
2019/7/18, 20, 28, , 17, 12,Guanajuato,nativitas-air-quality.csv
2019/7/19, 16, 31, , 11, 12,Guanajuato,nativitas-air-quality.csv
2019/7/20, 23, 38, , 12, 12,Guanajuato,nativitas-air-quality.csv
2019/7/21, 22, 36, , 9, 12,Guanajuato,nativitas-air-quality.csv
2019/7/22, 18, 42, , 12, 12,Guanajuato,nativitas-air-quality.csv
2019/7/23, 17, 30, , 6, 11,Guanajuato,nativitas-air-quality.csv
2019/7/24, 18, 25, , 11, 10,Guanajuato,nativitas-air-quality.csv
2019/7/25, 18, 20, , 17, 13,Guanajuato,nativitas-air-quality.csv
2019/7/26, 19, 33, , 16, 11,Guanajuato,nativitas-air-quality.csv
2019/7/27, 18, 28, , 17, 11,Guanajuato,nativitas-air-quality.csv
2019/7/28, 19, 32, , 23, 11,Guanajuato,nativitas-air-quality.csv
2019/7/29, 19, 34, , 9, 11,Guanajuato,nativitas-air-quality.csv
2019/7/30, 19, , , 11, 12,Guanajuato,nativitas-air-quality.csv
2019/7/31, 18, , , , ,Guanajuato,nativitas-air-quality.csv
2019/8/6, 27, , , , ,Guanajuato,nativitas-air-quality.csv
2019/8/9, 15, 39, , 21, 16,Guanajuato,nativitas-air-quality.csv
2019/8/10, 24, 29, , 13, 15,Guanajuato,nativitas-air-quality.csv
2019/8/11, 30, 31, , 14, 15,Guanajuato,nativitas-air-quality.csv
2019/8/12, 14, 30, , 15, 15,Guanajuato,nativitas-air-quality.csv
2019/8/13, 16, 32, , 10, 15,Guanajuato,nativitas-air-quality.csv
2019/8/14, 15, 13, , 8, 15,Guanajuato,nativitas-air-quality.csv
2019/8/15, 11, , , , ,Guanajuato,nativitas-air-quality.csv
2019/8/20, 24, 29, , 18, 10,Guanajuato,nativitas-air-quality.csv
2019/8/21, 25, 37, , 11, 10,Guanajuato,nativitas-air-quality.csv
2019/8/22, 21, 11, , 12, 10,Guanajuato,nativitas-air-quality.csv
2019/8/23, 23, , , , ,Guanajuato,nativitas-air-quality.csv
2019/8/30, 33, 18, , 11, ,Guanajuato,nativitas-air-quality.csv
2019/8/31, 20, 14, , 14, ,Guanajuato,nativitas-air-quality.csv
2019/9/1, 25, , , , ,Guanajuato,nativitas-air-quality.csv
2019/9/5, 35, 18, , 7, ,Guanajuato,nativitas-air-quality.csv
2019/9/6, 16, , , , ,Guanajuato,nativitas-air-quality.csv
2019/9/8, 22, 27, , 8, ,Guanajuato,nativitas-air-quality.csv
2019/9/9, 7, 42, , 25, 12,Guanajuato,nativitas-air-quality.csv
2019/9/10, 28, 18, , 10, 12,Guanajuato,nativitas-air-quality.csv
2019/9/11, 17, 14, , 12, 6,Guanajuato,nativitas-air-quality.csv
2019/9/12, 4, , , , ,Guanajuato,nativitas-air-quality.csv
2019/9/15, 10, 16, , 11, 6,Guanajuato,nativitas-air-quality.csv
2019/9/16, 17, , , , ,Guanajuato,nativitas-air-quality.csv
2019/9/18, 16, 18, , 7, 6,Guanajuato,nativitas-air-quality.csv
2019/9/19, 18, 10, , 9, 6,Guanajuato,nativitas-air-quality.csv
2019/9/20, 7, 25, , 11, 7,Guanajuato,nativitas-air-quality.csv
2019/9/21, 32, , , , ,Guanajuato,nativitas-air-quality.csv
2019/9/24, 18, 11, , 14, 15,Guanajuato,nativitas-air-quality.csv
2019/9/25, 10, , , , ,Guanajuato,nativitas-air-quality.csv
2019/9/28, 39, 15, , 13, 11,Guanajuato,nativitas-air-quality.csv
2019/9/29, 15, 21, , 8, 10,Guanajuato,nativitas-air-quality.csv
2019/9/30, 10, 16, , 7, 11,Guanajuato,nativitas-air-quality.csv
2019/10/1, 8, 27, , 14, 8,Guanajuato,nativitas-air-quality.csv
2019/4/2, 28, 52, , 9, 15,Guanajuato,nativitas-air-quality.csv
2019/4/3, 28, 50, , 10, 16,Guanajuato,nativitas-air-quality.csv
2019/4/4, 32, 49, , 11, 16,Guanajuato,nativitas-air-quality.csv
2019/4/5, 30, 48, , 15, 17,Guanajuato,nativitas-air-quality.csv
2019/4/6, 32, 45, , 8, 16,Guanajuato,nativitas-air-quality.csv
2019/4/7, 36, 46, , 9, 17,Guanajuato,nativitas-air-quality.csv
2019/4/8, 26, 57, , 21, 17,Guanajuato,nativitas-air-quality.csv
2019/4/9, 31, 55, , 12, 16,Guanajuato,nativitas-air-quality.csv
2019/4/10, 20, 61, , 13, 17,Guanajuato,nativitas-air-quality.csv
2019/4/11, 28, 56, , 8, 17,Guanajuato,nativitas-air-quality.csv
2019/4/12, 27, 55, , 6, 18,Guanajuato,nativitas-air-quality.csv
2019/4/13, 32, 52, , 7, 17,Guanajuato,nativitas-air-quality.csv
2019/4/14, 27, 68, , 10, 19,Guanajuato,nativitas-air-quality.csv
2019/4/15, 33, 73, , 11, 19,Guanajuato,nativitas-air-quality.csv
2019/4/16, 30, 66, , 8, 19,Guanajuato,nativitas-air-quality.csv
2019/4/17, 33, 40, , 8, 19,Guanajuato,nativitas-air-quality.csv
2019/4/18, 25, 47, , 8, 19,Guanajuato,nativitas-air-quality.csv
2019/4/19, 21, 47, , 16, 19,Guanajuato,nativitas-air-quality.csv
2019/4/20, 30, 54, , 8, 19,Guanajuato,nativitas-air-quality.csv
2019/4/21, 19, 49, , 9, 20,Guanajuato,nativitas-air-quality.csv
2019/4/22, 29, 47, , 7, 20,Guanajuato,nativitas-air-quality.csv
2019/4/23, 25, 54, , 7, 20,Guanajuato,nativitas-air-quality.csv
2019/4/24, 28, 47, , 9, 21,Guanajuato,nativitas-air-quality.csv
2019/4/25, 32, 29, , 9, 20,Guanajuato,nativitas-air-quality.csv
2019/4/26, 28, , , , ,Guanajuato,nativitas-air-quality.csv
2019/4/29, 32, 23, , 8, 22,Guanajuato,nativitas-air-quality.csv
2019/4/30, 31, 15, , 13, 26,Guanajuato,nativitas-air-quality.csv
2019/5/1, 44, 61, , 10, 22,Guanajuato,nativitas-air-quality.csv
2019/5/2, 33, 29, , 9, 22,Guanajuato,nativitas-air-quality.csv
2019/5/3, 30, , , , ,Guanajuato,nativitas-air-quality.csv
2019/5/6, 26, 8, , 12, 25,Guanajuato,nativitas-air-quality.csv
2019/5/7, 35, 56, , 12, 23,Guanajuato,nativitas-air-quality.csv
2019/5/8, 41, 59, , 7, 24,Guanajuato,nativitas-air-quality.csv
2019/5/9, 44, 57, , 9, 25,Guanajuato,nativitas-air-quality.csv
2019/5/10, 47, 40, , 9, 26,Guanajuato,nativitas-air-quality.csv
2019/5/11, 45, 44, , 8, 24,Guanajuato,nativitas-air-quality.csv
2019/5/12, 28, 38, , 9, 25,Guanajuato,nativitas-air-quality.csv
2019/5/13, 36, 43, , 9, 25,Guanajuato,nativitas-air-quality.csv
2019/5/14, 34, 43, , 9, 26,Guanajuato,nativitas-air-quality.csv
2019/5/15, 41, 54, , 12, 26,Guanajuato,nativitas-air-quality.csv
2019/5/16, 45, 57, , 13, 25,Guanajuato,nativitas-air-quality.csv
2019/5/17, 40, 47, , 6, 26,Guanajuato,nativitas-air-quality.csv
2019/5/18, 42, 48, , 7, 26,Guanajuato,nativitas-air-quality.csv
2019/5/19, 37, 53, , 7, 25,Guanajuato,nativitas-air-quality.csv
2019/5/20, 32, 58, , 9, 26,Guanajuato,nativitas-air-quality.csv
2019/5/21, 34, 59, , 9, 26,Guanajuato,nativitas-air-quality.csv
2019/5/22, 47, 73, , 7, 27,Guanajuato,nativitas-air-quality.csv
2019/5/23, 50, 101, , 27, 29,Guanajuato,nativitas-air-quality.csv
2019/5/24, 48, 59, , 25, 27,Guanajuato,nativitas-air-quality.csv
2019/5/25, 41, 51, , 19, 27,Guanajuato,nativitas-air-quality.csv
2019/5/26, 37, 57, , 21, 27,Guanajuato,nativitas-air-quality.csv
2019/5/27, 27, 67, , 12, 28,Guanajuato,nativitas-air-quality.csv
2019/5/28, 32, 63, , 9, 28,Guanajuato,nativitas-air-quality.csv
2019/5/29, 34, 67, , 9, 28,Guanajuato,nativitas-air-quality.csv
2019/5/30, 38, 66, , 10, 29,Guanajuato,nativitas-air-quality.csv
2019/5/31, 38, 48, , 13, 28,Guanajuato,nativitas-air-quality.csv
2019/6/1, 30, 36, , 22, 27,Guanajuato,nativitas-air-quality.csv
2019/6/2, 19, 25, , 24, 28,Guanajuato,nativitas-air-quality.csv
2019/6/3, 18, 22, , 25, 19,Guanajuato,nativitas-air-quality.csv
2019/6/4, 34, 36, , 19, 11,Guanajuato,nativitas-air-quality.csv
2019/6/5, 18, 32, , 10, 12,Guanajuato,nativitas-air-quality.csv
2019/6/6, 13, 44, , 8, 13,Guanajuato,nativitas-air-quality.csv
2019/6/7, 18, 61, , 10, 11,Guanajuato,nativitas-air-quality.csv
2019/6/8, 18, 67, , 14, 10,Guanajuato,nativitas-air-quality.csv
2019/6/9, 23, 52, , 17, 9,Guanajuato,nativitas-air-quality.csv
2019/6/10, 17, 36, , 11, 9,Guanajuato,nativitas-air-quality.csv
2019/6/11, 21, , , 26, 9,Guanajuato,nativitas-air-quality.csv
2019/6/12, 8, , , 8, 11,Guanajuato,nativitas-air-quality.csv
2019/6/13, 12, , , , ,Guanajuato,nativitas-air-quality.csv
2019/6/17, 28, , , 12, 12,Guanajuato,nativitas-air-quality.csv
2019/6/18, 22, , , 16, 13,Guanajuato,nativitas-air-quality.csv
2019/6/19, 25, 29, , 8, 11,Guanajuato,nativitas-air-quality.csv
2019/6/20, 13, , , , ,Guanajuato,nativitas-air-quality.csv
2019/6/25, 19, 21, , 9, 9,Guanajuato,nativitas-air-quality.csv
2019/6/26, 10, 27, , 12, 10,Guanajuato,nativitas-air-quality.csv
2019/6/27, 19, 27, , 18, 9,Guanajuato,nativitas-air-quality.csv
2019/6/28, 35, 27, , 23, 9,Guanajuato,nativitas-air-quality.csv
2019/6/29, 23, 32, , 19, 10,Guanajuato,nativitas-air-quality.csv
2019/6/30, 16, 31, , 16, 10,Guanajuato,nativitas-air-quality.csv
2019/7/1, 14, 37, , 7, 10,Guanajuato,nativitas-air-quality.csv
2019/1/2, 90, 30, , 6, 21,Guanajuato,nativitas-air-quality.csv
2019/1/3, 27, 32, , 9, 23,Guanajuato,nativitas-air-quality.csv
2019/1/4, 31, 61, , 18, 27,Guanajuato,nativitas-air-quality.csv
2019/1/5, 49, 53, , 11, 25,Guanajuato,nativitas-air-quality.csv
2019/1/6, 38, 55, , 12, 26,Guanajuato,nativitas-air-quality.csv
2019/1/7, 33, 43, , 18, 24,Guanajuato,nativitas-air-quality.csv
2019/1/8, 32, 41, , 14, 23,Guanajuato,nativitas-air-quality.csv
2019/1/9, 19, 34, , 22, 23,Guanajuato,nativitas-air-quality.csv
2019/1/10, 23, 41, , 17, 25,Guanajuato,nativitas-air-quality.csv
2019/1/11, 22, 42, , 14, 28,Guanajuato,nativitas-air-quality.csv
2019/1/12, 38, 16, , 10, 28,Guanajuato,nativitas-air-quality.csv
2019/1/13, 23, 33, , 10, 25,Guanajuato,nativitas-air-quality.csv
2019/1/14, 13, 27, , 18, 26,Guanajuato,nativitas-air-quality.csv
2019/1/15, 13, 28, , 11, 28,Guanajuato,nativitas-air-quality.csv
2019/1/16, 16, 34, , 9, 30,Guanajuato,nativitas-air-quality.csv
2019/1/17, 24, 38, , 7, 28,Guanajuato,nativitas-air-quality.csv
2019/1/18, 19, 31, , 11, 29,Guanajuato,nativitas-air-quality.csv
2019/1/19, 20, 41, , 11, 31,Guanajuato,nativitas-air-quality.csv
2019/1/20, 27, 31, , 7, 28,Guanajuato,nativitas-air-quality.csv
2019/1/21, 14, 41, , 14, 32,Guanajuato,nativitas-air-quality.csv
2019/1/22, 20, 62, , 9, 33,Guanajuato,nativitas-air-quality.csv
2019/1/23, 42, 38, , 8, 33,Guanajuato,nativitas-air-quality.csv
2019/1/24, 27, 37, , 8, 34,Guanajuato,nativitas-air-quality.csv
2019/1/25, 29, 31, , 11, 34,Guanajuato,nativitas-air-quality.csv
2019/1/26, 29, 25, , 7, 33,Guanajuato,nativitas-air-quality.csv
2019/1/27, 26, 31, , 8, 33,Guanajuato,nativitas-air-quality.csv
2019/1/28, 16, 35, , 6, 34,Guanajuato,nativitas-air-quality.csv
2019/1/29, 21, 42, , 8, ,Guanajuato,nativitas-air-quality.csv
2019/1/30, 30, 36, , 8, ,Guanajuato,nativitas-air-quality.csv
2019/1/31, 28, 31, , 10, ,Guanajuato,nativitas-air-quality.csv
2019/2/1, 26, 27, , 8, ,Guanajuato,nativitas-air-quality.csv
2019/2/2, 24, 33, , 10, ,Guanajuato,nativitas-air-quality.csv
2019/2/3, 30, 37, , 8, ,Guanajuato,nativitas-air-quality.csv
2019/2/4, 26, 40, , 10, ,Guanajuato,nativitas-air-quality.csv
2019/2/5, 27, 46, , 17, ,Guanajuato,nativitas-air-quality.csv
2019/2/6, 40, 55, , 12, ,Guanajuato,nativitas-air-quality.csv
2019/2/7, 41, 38, , 16, ,Guanajuato,nativitas-air-quality.csv
2019/2/8, 35, 30, , 40, ,Guanajuato,nativitas-air-quality.csv
2019/2/9, 38, 28, , 28, ,Guanajuato,nativitas-air-quality.csv
2019/2/10, 18, 36, , 10, ,Guanajuato,nativitas-air-quality.csv
2019/2/11, 21, 34, , 7, ,Guanajuato,nativitas-air-quality.csv
2019/2/12, 29, 39, , 13, ,Guanajuato,nativitas-air-quality.csv
2019/2/13, 29, 39, , 7, ,Guanajuato,nativitas-air-quality.csv
2019/2/14, 19, 33, , 7, ,Guanajuato,nativitas-air-quality.csv
2019/2/15, 30, 46, , 14, ,Guanajuato,nativitas-air-quality.csv
2019/2/16, 32, 42, , 7, ,Guanajuato,nativitas-air-quality.csv
2019/2/17, 27, 30, , 11, ,Guanajuato,nativitas-air-quality.csv
2019/2/18, 28, 36, , 11, ,Guanajuato,nativitas-air-quality.csv
2019/2/19, 25, 25, , 8, 2,Guanajuato,nativitas-air-quality.csv
2019/2/20, 25, 27, , 11, 4,Guanajuato,nativitas-air-quality.csv
2019/2/21, 22, 19, , 10, 4,Guanajuato,nativitas-air-quality.csv
2019/2/22, 24, 22, , 9, 5,Guanajuato,nativitas-air-quality.csv
2019/2/23, 20, 21, , 8, 5,Guanajuato,nativitas-air-quality.csv
2019/2/24, 15, 35, , 12, 7,Guanajuato,nativitas-air-quality.csv
2019/2/25, 27, 30, , 7, 6,Guanajuato,nativitas-air-quality.csv
2019/2/26, 17, 38, , 12, 7,Guanajuato,nativitas-air-quality.csv
2019/2/27, 26, 48, , 17, 9,Guanajuato,nativitas-air-quality.csv
2019/2/28, 34, 40, , 8, 7,Guanajuato,nativitas-air-quality.csv
2019/3/1, 28, , , , ,Guanajuato,nativitas-air-quality.csv
2019/3/4, 24, 44, , 12, 8,Guanajuato,nativitas-air-quality.csv
2019/3/5, 39, 49, , 14, 9,Guanajuato,nativitas-air-quality.csv
2019/3/6, 31, 45, , 7, 8,Guanajuato,nativitas-air-quality.csv
2019/3/7, 21, 49, , 12, 9,Guanajuato,nativitas-air-quality.csv
2019/3/8, 35, 45, , 8, 10,Guanajuato,nativitas-air-quality.csv
2019/3/9, 32, 41, , 7, 10,Guanajuato,nativitas-air-quality.csv
2019/3/10, 26, 40, , 9, 11,Guanajuato,nativitas-air-quality.csv
2019/3/11, 28, 59, , 9, 10,Guanajuato,nativitas-air-quality.csv
2019/3/12, 36, 44, , 9, 10,Guanajuato,nativitas-air-quality.csv
2019/3/13, 37, 34, , 7, 10,Guanajuato,nativitas-air-quality.csv
2019/3/14, 23, 41, , 10, 11,Guanajuato,nativitas-air-quality.csv
2019/3/15, 27, 45, , 10, 11,Guanajuato,nativitas-air-quality.csv
2019/3/16, 32, 39, , 10, 11,Guanajuato,nativitas-air-quality.csv
2019/3/17, 23, 41, , 13, 12,Guanajuato,nativitas-air-quality.csv
2019/3/18, 21, 30, , 11, 11,Guanajuato,nativitas-air-quality.csv
2019/3/19, 15, 9, , 13, 11,Guanajuato,nativitas-air-quality.csv
2019/3/20, 24, , , , ,Guanajuato,nativitas-air-quality.csv
2018/10/2, 18, 16, , 29, ,Guanajuato,nativitas-air-quality.csv
2018/10/3, 14, 19, , 22, ,Guanajuato,nativitas-air-quality.csv
2018/10/4, 13, 18, , 23, ,Guanajuato,nativitas-air-quality.csv
2018/10/5, 13, 24, , 36, ,Guanajuato,nativitas-air-quality.csv
2018/10/6, 19, 19, , 22, ,Guanajuato,nativitas-air-quality.csv
2018/10/7, 15, 20, , 11, ,Guanajuato,nativitas-air-quality.csv
2018/10/8, 18, 19, , 5, ,Guanajuato,nativitas-air-quality.csv
2018/10/9, 11, 19, , 4, ,Guanajuato,nativitas-air-quality.csv
2018/10/10, 13, 23, , 7, ,Guanajuato,nativitas-air-quality.csv
2018/10/11, 21, 24, , 11, ,Guanajuato,nativitas-air-quality.csv
2018/10/12, 18, 23, 14, 17, ,Guanajuato,nativitas-air-quality.csv
2018/10/13, 21, 26, 14, 16, ,Guanajuato,nativitas-air-quality.csv
2018/10/14, 27, 18, 8, 12, ,Guanajuato,nativitas-air-quality.csv
2018/10/15, 12, 14, 10, 15, ,Guanajuato,nativitas-air-quality.csv
2018/10/16, 14, 19, 11, 13, ,Guanajuato,nativitas-air-quality.csv
2018/10/17, 15, 12, 9, 43, ,Guanajuato,nativitas-air-quality.csv
2018/10/18, 17, 11, 8, 27, ,Guanajuato,nativitas-air-quality.csv
2018/10/19, 12, 9, 8, 53, ,Guanajuato,nativitas-air-quality.csv
2018/10/20, 16, , , , ,Guanajuato,nativitas-air-quality.csv
2018/11/8, 45, 30, , 12, ,Guanajuato,nativitas-air-quality.csv
2018/11/9, 37, 30, , 25, ,Guanajuato,nativitas-air-quality.csv
2018/11/10, 36, 21, , 30, ,Guanajuato,nativitas-air-quality.csv
2018/11/11, 21, 24, , 4, ,Guanajuato,nativitas-air-quality.csv
2018/11/12, 17, 22, , 7, ,Guanajuato,nativitas-air-quality.csv
2018/11/13, 18, 18, , 21, ,Guanajuato,nativitas-air-quality.csv
2018/11/14, 20, 18, , 36, ,Guanajuato,nativitas-air-quality.csv
2018/11/15, 16, 13, , 8, ,Guanajuato,nativitas-air-quality.csv
2018/11/16, 13, , , , ,Guanajuato,nativitas-air-quality.csv
2018/11/20, 25, 27, , 20, ,Guanajuato,nativitas-air-quality.csv
2018/11/21, 30, 16, , 13, ,Guanajuato,nativitas-air-quality.csv
2018/11/22, 29, 53, , 11, ,Guanajuato,nativitas-air-quality.csv
2018/11/23, 39, 35, , 11, ,Guanajuato,nativitas-air-quality.csv
2018/11/24, 37, 35, , 13, ,Guanajuato,nativitas-air-quality.csv
2018/11/25, 33, 27, , 10, ,Guanajuato,nativitas-air-quality.csv
2018/11/26, 23, 31, , 14, ,Guanajuato,nativitas-air-quality.csv
2018/11/27, 27, 27, , 7, ,Guanajuato,nativitas-air-quality.csv
2018/11/28, 24, 16, , 9, ,Guanajuato,nativitas-air-quality.csv
2018/11/29, 20, 16, , 8, 4,Guanajuato,nativitas-air-quality.csv
2018/11/30, 6, 21, , 14, 7,Guanajuato,nativitas-air-quality.csv
2018/12/1, 23, 25, , 6, 6,Guanajuato,nativitas-air-quality.csv
2018/12/2, 19, 17, , 7, 13,Guanajuato,nativitas-air-quality.csv
2018/12/3, 37, 38, , 17, 8,Guanajuato,nativitas-air-quality.csv
2018/12/4, 35, 43, , 15, 6,Guanajuato,nativitas-air-quality.csv
2018/12/5, 32, 25, , 33, 4,Guanajuato,nativitas-air-quality.csv
2018/12/6, 20, 33, , 21, 7,Guanajuato,nativitas-air-quality.csv
2018/12/7, 23, 30, , 9, 6,Guanajuato,nativitas-air-quality.csv
2018/12/8, 24, 24, , 8, 7,Guanajuato,nativitas-air-quality.csv
2018/12/9, 23, 31, , 12, 9,Guanajuato,nativitas-air-quality.csv
2018/12/10, 29, 20, , 24, 6,Guanajuato,nativitas-air-quality.csv
2018/12/11, 19, 28, , 20, 9,Guanajuato,nativitas-air-quality.csv
2018/12/12, 24, 29, , 11, 9,Guanajuato,nativitas-air-quality.csv
2018/12/13, 34, 21, , 8, 8,Guanajuato,nativitas-air-quality.csv
2018/12/14, 21, 29, , 17, 12,Guanajuato,nativitas-air-quality.csv
2018/12/15, 29, 36, , 17, 11,Guanajuato,nativitas-air-quality.csv
2018/12/16, 25, 43, , 16, 14,Guanajuato,nativitas-air-quality.csv
2018/12/17, 31, 40, , 12, 14,Guanajuato,nativitas-air-quality.csv
2018/12/18, 34, 29, , 11, 15,Guanajuato,nativitas-air-quality.csv
2018/12/19, 43, 29, , 7, 12,Guanajuato,nativitas-air-quality.csv
2018/12/20, 27, 37, , 24, 14,Guanajuato,nativitas-air-quality.csv
2018/12/21, 40, 45, , 25, 18,Guanajuato,nativitas-air-quality.csv
2018/12/22, 46, 50, , 18, 25,Guanajuato,nativitas-air-quality.csv
2018/12/23, 61, 40, , 20, 18,Guanajuato,nativitas-air-quality.csv
2018/12/24, 47, 43, , 13, 21,Guanajuato,nativitas-air-quality.csv
2018/12/25, 34, 51, , 14, 25,Guanajuato,nativitas-air-quality.csv
2018/12/26, 85, 37, , 7, 19,Guanajuato,nativitas-air-quality.csv
2018/12/27, 41, 25, , 9, 18,Guanajuato,nativitas-air-quality.csv
2018/12/28, 30, 32, , 13, 20,Guanajuato,nativitas-air-quality.csv
2018/12/29, 35, 36, , 12, 21,Guanajuato,nativitas-air-quality.csv
2018/12/30, 43, 30, , 7, 20,Guanajuato,nativitas-air-quality.csv
2018/12/31, 34, , , , ,Guanajuato,nativitas-air-quality.csv
2018/7/2, 42, 21, 5, 5, ,Guanajuato,nativitas-air-quality.csv
2018/7/3, 31, 26, 4, 3, ,Guanajuato,nativitas-air-quality.csv
2018/7/4, 26, 24, 7, 4, ,Guanajuato,nativitas-air-quality.csv
2018/7/5, 20, 18, 5, 3, ,Guanajuato,nativitas-air-quality.csv
2018/7/6, 32, 15, 5, 7, ,Guanajuato,nativitas-air-quality.csv
2018/7/7, 20, 17, 4, 3, ,Guanajuato,nativitas-air-quality.csv
2018/7/8, 23, 18, 3, 1, ,Guanajuato,nativitas-air-quality.csv
2018/7/9, 28, 22, 5, 4, ,Guanajuato,nativitas-air-quality.csv
2018/7/10, 17, 15, 6, 5, ,Guanajuato,nativitas-air-quality.csv
2018/7/11, 21, 22, 5, 4, ,Guanajuato,nativitas-air-quality.csv
2018/7/12, 18, 22, 5, 5, ,Guanajuato,nativitas-air-quality.csv
2018/7/13, 21, 20, 6, 5, ,Guanajuato,nativitas-air-quality.csv
2018/7/14, 40, 20, 5, 6, ,Guanajuato,nativitas-air-quality.csv
2018/7/15, 19, 19, 4, 5, ,Guanajuato,nativitas-air-quality.csv
2018/7/16, 24, 21, 5, 4, ,Guanajuato,nativitas-air-quality.csv
2018/7/17, 37, 27, 7, 5, ,Guanajuato,nativitas-air-quality.csv
2018/7/18, 34, 23, 10, 4, ,Guanajuato,nativitas-air-quality.csv
2018/7/19, 23, 27, 10, 4, ,Guanajuato,nativitas-air-quality.csv
2018/7/20, 20, 31, 10, 9, ,Guanajuato,nativitas-air-quality.csv
2018/7/21, 30, 23, 14, 11, ,Guanajuato,nativitas-air-quality.csv
2018/7/22, 29, 25, 5, 6, ,Guanajuato,nativitas-air-quality.csv
2018/7/23, 20, 28, 9, 9, ,Guanajuato,nativitas-air-quality.csv
2018/7/24, 28, 30, 12, 7, ,Guanajuato,nativitas-air-quality.csv
2018/7/25, 30, 23, 15, 8, ,Guanajuato,nativitas-air-quality.csv
2018/7/26, 24, 26, 12, 8, ,Guanajuato,nativitas-air-quality.csv
2018/7/27, 34, 30, 9, 7, ,Guanajuato,nativitas-air-quality.csv
2018/7/28, 29, 27, , 9, ,Guanajuato,nativitas-air-quality.csv
2018/7/29, 19, , , , ,Guanajuato,nativitas-air-quality.csv
2018/7/31, 30, 23, 7, 9, ,Guanajuato,nativitas-air-quality.csv
2018/8/1, 17, 19, 6, 10, ,Guanajuato,nativitas-air-quality.csv
2018/8/2, 24, 18, 6, 8, ,Guanajuato,nativitas-air-quality.csv
2018/8/3, 19, 19, 6, 6, ,Guanajuato,nativitas-air-quality.csv
2018/8/4, 17, 16, 6, 6, ,Guanajuato,nativitas-air-quality.csv
2018/8/5, 14, 11, 3, 4, ,Guanajuato,nativitas-air-quality.csv
2018/8/6, 12, 14, 4, 16, ,Guanajuato,nativitas-air-quality.csv
2018/8/7, 19, 14, 7, 8, ,Guanajuato,nativitas-air-quality.csv
2018/8/8, 13, 21, 10, 8, ,Guanajuato,nativitas-air-quality.csv
2018/8/9, 21, 21, 9, 6, ,Guanajuato,nativitas-air-quality.csv
2018/8/10, 19, 24, 11, 8, ,Guanajuato,nativitas-air-quality.csv
2018/8/11, 19, 26, 9, 6, ,Guanajuato,nativitas-air-quality.csv
2018/8/12, 18, 22, 6, 9, ,Guanajuato,nativitas-air-quality.csv
2018/8/13, 10, 21, 4, 4, ,Guanajuato,nativitas-air-quality.csv
2018/8/14, 7, 22, 11, 7, ,Guanajuato,nativitas-air-quality.csv
2018/8/15, 17, 31, 9, 7, ,Guanajuato,nativitas-air-quality.csv
2018/8/16, 25, 25, 8, 9, ,Guanajuato,nativitas-air-quality.csv
2018/8/17, 18, 23, 11, 9, ,Guanajuato,nativitas-air-quality.csv
2018/8/18, 18, 23, 9, 10, ,Guanajuato,nativitas-air-quality.csv
2018/8/19, 18, 26, 11, 6, ,Guanajuato,nativitas-air-quality.csv
2018/8/20, 20, 27, 13, 6, ,Guanajuato,nativitas-air-quality.csv
2018/8/21, 23, 21, 7, 6, ,Guanajuato,nativitas-air-quality.csv
2018/8/22, 15, 19, 8, 6, ,Guanajuato,nativitas-air-quality.csv
2018/8/23, 13, 18, 6, 6, ,Guanajuato,nativitas-air-quality.csv
2018/8/24, 8, 22, 8, 9, ,Guanajuato,nativitas-air-quality.csv
2018/8/25, 19, 25, 11, 9, ,Guanajuato,nativitas-air-quality.csv
2018/8/26, 16, 22, 6, 9, ,Guanajuato,nativitas-air-quality.csv
2018/8/27, 14, 26, 8, 11, ,Guanajuato,nativitas-air-quality.csv
2018/8/28, 14, 21, 6, 8, ,Guanajuato,nativitas-air-quality.csv
2018/8/29, 14, 7, 10, 16, ,Guanajuato,nativitas-air-quality.csv
2018/8/30, 9, 20, 10, 12, ,Guanajuato,nativitas-air-quality.csv
2018/8/31, 17, 25, 6, 9, ,Guanajuato,nativitas-air-quality.csv
2018/9/1, 14, 13, 8, 13, ,Guanajuato,nativitas-air-quality.csv
2018/9/2, 8, 25, 6, 4, ,Guanajuato,nativitas-air-quality.csv
2018/9/3, 21, 23, 8, 5, ,Guanajuato,nativitas-air-quality.csv
2018/9/4, 14, 11, 15, 7, ,Guanajuato,nativitas-air-quality.csv
2018/9/5, 23, 10, 11, 13, ,Guanajuato,nativitas-air-quality.csv
2018/9/6, 19, 9, 10, 12, ,Guanajuato,nativitas-air-quality.csv
2018/9/7, 14, 14, 12, 11, ,Guanajuato,nativitas-air-quality.csv
2018/9/8, 17, 9, 7, 6, ,Guanajuato,nativitas-air-quality.csv
2018/9/9, 10, , , , ,Guanajuato,nativitas-air-quality.csv
2018/9/11, 7, 11, 6, 15, ,Guanajuato,nativitas-air-quality.csv
2018/9/12, 14, 9, 7, 10, ,Guanajuato,nativitas-air-quality.csv
2018/9/13, 11, , , , ,Guanajuato,nativitas-air-quality.csv
2018/9/17, 21, , , , ,Guanajuato,nativitas-air-quality.csv
2018/9/19, 23, 28, 6, 8, ,Guanajuato,nativitas-air-quality.csv
2018/9/20, 19, 28, 9, 22, ,Guanajuato,nativitas-air-quality.csv
2018/9/21, 24, 26, 5, 17, ,Guanajuato,nativitas-air-quality.csv
2018/9/22, 21, 24, , 23, ,Guanajuato,nativitas-air-quality.csv
2018/9/23, 15, 19, , 18, ,Guanajuato,nativitas-air-quality.csv
2018/9/24, 16, 17, , 28, ,Guanajuato,nativitas-air-quality.csv
2018/9/25, 14, 22, , 26, ,Guanajuato,nativitas-air-quality.csv
2018/9/26, 18, 21, , 26, ,Guanajuato,nativitas-air-quality.csv
2018/9/27, 17, 21, , 12, ,Guanajuato,nativitas-air-quality.csv
2018/9/28, 15, 18, , 27, ,Guanajuato,nativitas-air-quality.csv
2018/9/29, 16, 17, , 32, ,Guanajuato,nativitas-air-quality.csv
2018/9/30, 17, 18, , 27, ,Guanajuato,nativitas-air-quality.csv
2018/10/1, 11, 16, , 44, ,Guanajuato,nativitas-air-quality.csv
2018/4/2, 39, 18, 9, 5, ,Guanajuato,nativitas-air-quality.csv
2018/4/3, 38, 21, 7, 4, ,Guanajuato,nativitas-air-quality.csv
2018/4/4, 36, 22, 12, 14, ,Guanajuato,nativitas-air-quality.csv
2018/4/5, 57, 20, 6, 13, ,Guanajuato,nativitas-air-quality.csv
2018/4/6, 38, 17, 9, 7, ,Guanajuato,nativitas-air-quality.csv
2018/4/7, 44, 7, 12, 6, ,Guanajuato,nativitas-air-quality.csv
2018/4/8, 55, 21, 10, 5, ,Guanajuato,nativitas-air-quality.csv
2018/4/9, 46, 21, 6, 5, ,Guanajuato,nativitas-air-quality.csv
2018/4/10, 40, 20, 14, 29, ,Guanajuato,nativitas-air-quality.csv
2018/4/11, 58, 23, 8, 19, ,Guanajuato,nativitas-air-quality.csv
2018/4/12, 27, 26, 7, 4, ,Guanajuato,nativitas-air-quality.csv
2018/4/13, 26, 21, 9, 3, ,Guanajuato,nativitas-air-quality.csv
2018/4/14, 38, 15, 12, 5, ,Guanajuato,nativitas-air-quality.csv
2018/4/15, 42, 20, 8, 23, ,Guanajuato,nativitas-air-quality.csv
2018/4/16, 55, 18, 8, 22, ,Guanajuato,nativitas-air-quality.csv
2018/4/17, 51, 15, 9, 6, ,Guanajuato,nativitas-air-quality.csv
2018/4/18, 49, 20, 9, , ,Guanajuato,nativitas-air-quality.csv
2018/4/19, 40, 25, 9, , ,Guanajuato,nativitas-air-quality.csv
2018/4/20, 46, 24, 7, , ,Guanajuato,nativitas-air-quality.csv
2018/4/21, 43, 23, 7, , ,Guanajuato,nativitas-air-quality.csv
2018/4/22, 46, 21, 6, , ,Guanajuato,nativitas-air-quality.csv
2018/4/23, 43, 24, 6, , ,Guanajuato,nativitas-air-quality.csv
2018/4/24, 45, 25, 6, , ,Guanajuato,nativitas-air-quality.csv
2018/4/25, 44, 25, 7, 4, ,Guanajuato,nativitas-air-quality.csv
2018/4/26, 58, 17, 8, 14, ,Guanajuato,nativitas-air-quality.csv
2018/4/27, 38, 24, 9, 10, ,Guanajuato,nativitas-air-quality.csv
2018/4/28, 55, 26, 6, 9, ,Guanajuato,nativitas-air-quality.csv
2018/4/29, 41, 24, 6, 9, ,Guanajuato,nativitas-air-quality.csv
2018/4/30, 34, 24, 9, 9, ,Guanajuato,nativitas-air-quality.csv
2018/5/1, 49, 20, 5, 10, ,Guanajuato,nativitas-air-quality.csv
2018/5/2, 57, 23, 6, 12, ,Guanajuato,nativitas-air-quality.csv
2018/5/3, 34, 23, 5, 5, ,Guanajuato,nativitas-air-quality.csv
2018/5/4, 36, 32, 10, 21, ,Guanajuato,nativitas-air-quality.csv
2018/5/5, 32, 22, 5, 22, ,Guanajuato,nativitas-air-quality.csv
2018/5/6, 27, 21, , 29, ,Guanajuato,nativitas-air-quality.csv
2018/5/7, 16, 17, , 8, ,Guanajuato,nativitas-air-quality.csv
2018/5/8, 15, 22, , 13, ,Guanajuato,nativitas-air-quality.csv
2018/5/9, 23, 23, , 12, ,Guanajuato,nativitas-air-quality.csv
2018/5/10, 30, 30, , 11, ,Guanajuato,nativitas-air-quality.csv
2018/5/11, 28, 31, , 6, ,Guanajuato,nativitas-air-quality.csv
2018/5/12, 30, 31, , 7, ,Guanajuato,nativitas-air-quality.csv
2018/5/13, 36, 30, , 12, ,Guanajuato,nativitas-air-quality.csv
2018/5/14, 34, 24, , 35, ,Guanajuato,nativitas-air-quality.csv
2018/5/15, 40, 30, 10, 17, ,Guanajuato,nativitas-air-quality.csv
2018/5/16, 36, 26, 7, 16, ,Guanajuato,nativitas-air-quality.csv
2018/5/17, 32, 28, 8, 13, ,Guanajuato,nativitas-air-quality.csv
2018/5/18, 44, 29, 11, 10, ,Guanajuato,nativitas-air-quality.csv
2018/5/19, 53, 28, 8, 4, ,Guanajuato,nativitas-air-quality.csv
2018/5/20, 48, 27, 8, 3, ,Guanajuato,nativitas-air-quality.csv
2018/5/21, 43, 31, 10, 16, ,Guanajuato,nativitas-air-quality.csv
2018/5/22, 52, 32, 10, 15, ,Guanajuato,nativitas-air-quality.csv
2018/5/23, 41, 24, 7, 7, ,Guanajuato,nativitas-air-quality.csv
2018/5/24, 41, 28, 7, 17, ,Guanajuato,nativitas-air-quality.csv
2018/5/25, 37, 24, 6, 26, ,Guanajuato,nativitas-air-quality.csv
2018/5/26, 33, 27, 6, 18, ,Guanajuato,nativitas-air-quality.csv
2018/5/27, 27, 31, 7, 14, ,Guanajuato,nativitas-air-quality.csv
2018/5/28, 31, 30, 11, 15, ,Guanajuato,nativitas-air-quality.csv
2018/5/29, 38, 29, 6, 10, ,Guanajuato,nativitas-air-quality.csv
2018/5/30, 48, 31, 12, 18, ,Guanajuato,nativitas-air-quality.csv
2018/5/31, 44, 5, 22, 15, ,Guanajuato,nativitas-air-quality.csv
2018/6/1, 48, , , , ,Guanajuato,nativitas-air-quality.csv
2018/6/4, 34, 22, 4, 17, ,Guanajuato,nativitas-air-quality.csv
2018/6/5, 25, 29, 6, 9, ,Guanajuato,nativitas-air-quality.csv
2018/6/6, 28, 30, 10, 22, ,Guanajuato,nativitas-air-quality.csv
2018/6/7, 40, 24, 7, 26, ,Guanajuato,nativitas-air-quality.csv
2018/6/8, 35, 21, 7, 29, ,Guanajuato,nativitas-air-quality.csv
2018/6/9, 36, 17, 6, 31, ,Guanajuato,nativitas-air-quality.csv
2018/6/10, 46, 24, 4, 26, ,Guanajuato,nativitas-air-quality.csv
2018/6/11, 22, 19, 8, 15, ,Guanajuato,nativitas-air-quality.csv
2018/6/12, 24, 22, 7, 23, ,Guanajuato,nativitas-air-quality.csv
2018/6/13, 22, 14, 6, 16, ,Guanajuato,nativitas-air-quality.csv
2018/6/14, 22, 15, 7, 8, ,Guanajuato,nativitas-air-quality.csv
2018/6/15, 21, 16, 9, 4, ,Guanajuato,nativitas-air-quality.csv
2018/6/16, 19, 24, 12, 3, ,Guanajuato,nativitas-air-quality.csv
2018/6/17, 20, 22, 5, 1, ,Guanajuato,nativitas-air-quality.csv
2018/6/18, 12, 22, 5, 4, ,Guanajuato,nativitas-air-quality.csv
2018/6/19, 7, 18, 3, 3, ,Guanajuato,nativitas-air-quality.csv
2018/6/20, 6, 14, 2, 3, ,Guanajuato,nativitas-air-quality.csv
2018/6/21, 6, 19, 3, 4, ,Guanajuato,nativitas-air-quality.csv
2018/6/22, 10, 24, 4, 4, ,Guanajuato,nativitas-air-quality.csv
2018/6/23, 12, , , , ,Guanajuato,nativitas-air-quality.csv
2018/6/25, 17, 17, 5, 3, ,Guanajuato,nativitas-air-quality.csv
2018/6/26, 12, 19, 5, 5, ,Guanajuato,nativitas-air-quality.csv
2018/6/27, 14, 26, 4, 5, ,Guanajuato,nativitas-air-quality.csv
2018/6/28, 14, 21, 6, 6, ,Guanajuato,nativitas-air-quality.csv
2018/6/29, 16, 16, 6, 6, ,Guanajuato,nativitas-air-quality.csv
2018/6/30, 13, , , , ,Guanajuato,nativitas-air-quality.csv
2018/1/5, 96, 21, 7, 20, ,Guanajuato,nativitas-air-quality.csv
2018/1/6, 72, 21, 6, 15, ,Guanajuato,nativitas-air-quality.csv
2018/1/7, 49, 23, 5, 18, ,Guanajuato,nativitas-air-quality.csv
2018/1/8, 44, 24, 8, 19, ,Guanajuato,nativitas-air-quality.csv
2018/1/9, 66, 23, 10, 13, ,Guanajuato,nativitas-air-quality.csv
2018/1/10, 55, 22, 18, 11, ,Guanajuato,nativitas-air-quality.csv
2018/1/11, 70, 16, 15, 10, ,Guanajuato,nativitas-air-quality.csv
2018/1/12, 47, , , , ,Guanajuato,nativitas-air-quality.csv
2018/1/15, 32, 15, 11, 10, ,Guanajuato,nativitas-air-quality.csv
2018/1/16, 42, 15, 13, 9, ,Guanajuato,nativitas-air-quality.csv
2018/1/17, 48, 13, 10, 17, ,Guanajuato,nativitas-air-quality.csv
2018/1/18, 35, 14, 9, 10, ,Guanajuato,nativitas-air-quality.csv
2018/1/19, 34, 14, 16, 11, ,Guanajuato,nativitas-air-quality.csv
2018/1/20, 52, 14, 18, 10, ,Guanajuato,nativitas-air-quality.csv
2018/1/21, 53, 13, 14, 14, ,Guanajuato,nativitas-air-quality.csv
2018/1/22, 57, 15, 18, 21, ,Guanajuato,nativitas-air-quality.csv
2018/1/23, 62, 14, 11, 8, ,Guanajuato,nativitas-air-quality.csv
2018/1/24, 48, 11, 8, 9, ,Guanajuato,nativitas-air-quality.csv
2018/1/25, 47, 8, 10, 24, ,Guanajuato,nativitas-air-quality.csv
2018/1/26, 23, 13, 9, 13, ,Guanajuato,nativitas-air-quality.csv
2018/1/27, 30, 14, 10, 7, ,Guanajuato,nativitas-air-quality.csv
2018/1/28, 37, 7, 5, 15, ,Guanajuato,nativitas-air-quality.csv
2018/1/29, 20, 7, 4, 30, ,Guanajuato,nativitas-air-quality.csv
2018/1/30, 28, 13, 4, 16, ,Guanajuato,nativitas-air-quality.csv
2018/1/31, 31, 11, 12, 24, ,Guanajuato,nativitas-air-quality.csv
2018/2/1, 35, 14, 17, 27, ,Guanajuato,nativitas-air-quality.csv
2018/2/2, 52, 12, 11, 15, ,Guanajuato,nativitas-air-quality.csv
2018/2/3, 46, 14, 14, 22, ,Guanajuato,nativitas-air-quality.csv
2018/2/4, 52, 14, 18, 25, ,Guanajuato,nativitas-air-quality.csv
2018/2/5, 62, 18, 12, 9, ,Guanajuato,nativitas-air-quality.csv
2018/2/6, 50, 14, 15, 12, ,Guanajuato,nativitas-air-quality.csv
2018/2/7, 44, 15, 16, 29, ,Guanajuato,nativitas-air-quality.csv
2018/2/8, 55, 8, 6, 22, ,Guanajuato,nativitas-air-quality.csv
2018/2/9, 35, 4, 10, 14, ,Guanajuato,nativitas-air-quality.csv
2018/2/10, 21, 9, 10, 10, ,Guanajuato,nativitas-air-quality.csv
2018/2/11, 19, 9, 11, 8, ,Guanajuato,nativitas-air-quality.csv
2018/2/12, 23, 13, 12, 11, ,Guanajuato,nativitas-air-quality.csv
2018/2/13, 37, 11, 6, 19, ,Guanajuato,nativitas-air-quality.csv
2018/2/14, 25, 16, 7, 30, ,Guanajuato,nativitas-air-quality.csv
2018/2/15, 28, 21, 8, 16, ,Guanajuato,nativitas-air-quality.csv
2018/2/16, 30, 22, 15, 14, ,Guanajuato,nativitas-air-quality.csv
2018/2/17, 37, 2, 19, 11, ,Guanajuato,nativitas-air-quality.csv
2018/2/18, 43, 20, 7, 6, ,Guanajuato,nativitas-air-quality.csv
2018/2/19, 41, 17, 6, 8, ,Guanajuato,nativitas-air-quality.csv
2018/2/20, 31, 17, 8, 7, ,Guanajuato,nativitas-air-quality.csv
2018/2/21, 32, 16, 14, 23, ,Guanajuato,nativitas-air-quality.csv
2018/2/22, 46, 21, 14, 16, ,Guanajuato,nativitas-air-quality.csv
2018/2/23, 51, 22, 10, 13, ,Guanajuato,nativitas-air-quality.csv
2018/2/24, 42, 18, 8, 4, ,Guanajuato,nativitas-air-quality.csv
2018/2/25, 36, 17, 8, 7, ,Guanajuato,nativitas-air-quality.csv
2018/2/26, 38, 17, 15, 11, ,Guanajuato,nativitas-air-quality.csv
2018/2/27, 46, 23, 8, 12, ,Guanajuato,nativitas-air-quality.csv
2018/2/28, 44, 20, 8, 9, ,Guanajuato,nativitas-air-quality.csv
2018/3/1, 41, 22, 11, 11, ,Guanajuato,nativitas-air-quality.csv
2018/3/2, 47, 22, 7, 33, ,Guanajuato,nativitas-air-quality.csv
2018/3/3, 54, 25, 9, 28, ,Guanajuato,nativitas-air-quality.csv
2018/3/4, 46, 22, 10, 13, ,Guanajuato,nativitas-air-quality.csv
2018/3/5, 43, 22, 12, 8, ,Guanajuato,nativitas-air-quality.csv
2018/3/6, 46, 23, 13, 12, ,Guanajuato,nativitas-air-quality.csv
2018/3/7, 48, 22, 9, 15, ,Guanajuato,nativitas-air-quality.csv
2018/3/8, 52, 19, 7, 12, ,Guanajuato,nativitas-air-quality.csv
2018/3/9, 31, 20, 11, 11, ,Guanajuato,nativitas-air-quality.csv
2018/3/10, 47, 24, 10, 17, ,Guanajuato,nativitas-air-quality.csv
2018/3/11, 38, 26, 15, 13, ,Guanajuato,nativitas-air-quality.csv
2018/3/12, 51, 22, 6, 16, ,Guanajuato,nativitas-air-quality.csv
2018/3/13, 50, 20, 6, 7, ,Guanajuato,nativitas-air-quality.csv
2018/3/14, 36, 18, 7, 11, ,Guanajuato,nativitas-air-quality.csv
2018/3/15, 38, 17, 11, 10, ,Guanajuato,nativitas-air-quality.csv
2018/3/16, 56, 19, 13, 20, ,Guanajuato,nativitas-air-quality.csv
2018/3/17, 49, 17, 12, 20, ,Guanajuato,nativitas-air-quality.csv
2018/3/18, 43, 12, 12, 7, ,Guanajuato,nativitas-air-quality.csv
2018/3/19, 43, 12, 11, 17, ,Guanajuato,nativitas-air-quality.csv
2018/3/20, 38, 16, 16, 12, ,Guanajuato,nativitas-air-quality.csv
2018/3/21, 53, 17, 10, 7, ,Guanajuato,nativitas-air-quality.csv
2018/3/22, 46, 16, 8, 14, ,Guanajuato,nativitas-air-quality.csv
2018/3/23, 42, 17, 11, 11, ,Guanajuato,nativitas-air-quality.csv
2018/3/24, 33, 19, 12, 17, ,Guanajuato,nativitas-air-quality.csv
2018/3/25, 40, 18, 12, 14, ,Guanajuato,nativitas-air-quality.csv
2018/3/26, 45, 15, 12, 11, ,Guanajuato,nativitas-air-quality.csv
2018/3/27, 42, 11, 6, 12, ,Guanajuato,nativitas-air-quality.csv
2018/3/28, 42, 11, 7, 9, ,Guanajuato,nativitas-air-quality.csv
2018/3/29, 38, 14, 9, 5, ,Guanajuato,nativitas-air-quality.csv
2018/3/30, 43, 10, 6, 10, ,Guanajuato,nativitas-air-quality.csv
2018/3/31, 43, 16, 9, 11, ,Guanajuato,nativitas-air-quality.csv
2018/4/1, 30, 17, 10, 15, ,Guanajuato,nativitas-air-quality.csv
2017/10/2, 11, 13, 4, 20, 18,Guanajuato,nativitas-air-quality.csv
2017/10/3, 17, 13, 5, 18, 17,Guanajuato,nativitas-air-quality.csv
2017/10/4, 19, 9, 4, 17, 17,Guanajuato,nativitas-air-quality.csv
2017/10/5, 17, 11, 4, 23, ,Guanajuato,nativitas-air-quality.csv
2017/10/6, 16, 12, 6, 14, ,Guanajuato,nativitas-air-quality.csv
2017/10/7, 19, 22, 8, 8, ,Guanajuato,nativitas-air-quality.csv
2017/10/8, 28, 17, 5, 6, ,Guanajuato,nativitas-air-quality.csv
2017/10/9, 18, 18, 7, 9, ,Guanajuato,nativitas-air-quality.csv
2017/10/10, 23, 14, 9, 21, ,Guanajuato,nativitas-air-quality.csv
2017/10/11, 28, 16, 6, 39, ,Guanajuato,nativitas-air-quality.csv
2017/10/12, 21, 21, 5, 37, ,Guanajuato,nativitas-air-quality.csv
2017/10/13, 23, 18, 5, 33, ,Guanajuato,nativitas-air-quality.csv
2017/10/14, 18, 22, 6, 17, ,Guanajuato,nativitas-air-quality.csv
2017/10/15, 19, 18, 4, 23, ,Guanajuato,nativitas-air-quality.csv
2017/10/16, 17, 15, 4, 27, ,Guanajuato,nativitas-air-quality.csv
2017/10/17, 19, 22, 6, 23, ,Guanajuato,nativitas-air-quality.csv
2017/10/18, 20, 24, 7, 24, ,Guanajuato,nativitas-air-quality.csv
2017/10/19, 22, 29, 11, 20, ,Guanajuato,nativitas-air-quality.csv
2017/10/20, 36, 5, 13, 18, ,Guanajuato,nativitas-air-quality.csv
2017/10/21, 30, , , , ,Guanajuato,nativitas-air-quality.csv
2017/10/25, 30, 21, 6, 20, ,Guanajuato,nativitas-air-quality.csv
2017/10/26, 30, 33, 15, 15, ,Guanajuato,nativitas-air-quality.csv
2017/10/27, 34, 36, 16, 18, ,Guanajuato,nativitas-air-quality.csv
2017/10/28, 54, 34, 7, 7, ,Guanajuato,nativitas-air-quality.csv
2017/10/29, 32, 30, 11, 8, ,Guanajuato,nativitas-air-quality.csv
2017/10/30, 40, 23, 10, 9, ,Guanajuato,nativitas-air-quality.csv
2017/10/31, 38, 20, 11, 10, ,Guanajuato,nativitas-air-quality.csv
2017/11/1, 36, 6, 17, 11, ,Guanajuato,nativitas-air-quality.csv
2017/11/2, 69, 32, 12, 19, ,Guanajuato,nativitas-air-quality.csv
2017/11/3, 38, 23, 11, 23, ,Guanajuato,nativitas-air-quality.csv
2017/11/4, 36, 21, 11, 19, ,Guanajuato,nativitas-air-quality.csv
2017/11/5, 35, 23, 7, 27, ,Guanajuato,nativitas-air-quality.csv
2017/11/6, 28, 29, 14, 16, ,Guanajuato,nativitas-air-quality.csv
2017/11/7, 41, 25, 13, 19, ,Guanajuato,nativitas-air-quality.csv
2017/11/8, 38, 24, 12, 24, ,Guanajuato,nativitas-air-quality.csv
2017/11/9, 31, 21, 11, 34, ,Guanajuato,nativitas-air-quality.csv
2017/11/10, 45, 21, 7, 22, ,Guanajuato,nativitas-air-quality.csv
2017/11/11, 31, 19, 6, 43, ,Guanajuato,nativitas-air-quality.csv
2017/11/12, 25, 19, 3, 27, ,Guanajuato,nativitas-air-quality.csv
2017/11/13, 21, 18, 5, 27, ,Guanajuato,nativitas-air-quality.csv
2017/11/14, 30, 20, 6, 29, ,Guanajuato,nativitas-air-quality.csv
2017/11/15, 26, 18, 10, 32, ,Guanajuato,nativitas-air-quality.csv
2017/11/16, 28, 20, 10, 14, ,Guanajuato,nativitas-air-quality.csv
2017/11/17, 31, 19, 12, 17, ,Guanajuato,nativitas-air-quality.csv
2017/11/18, 32, 29, 16, 17, ,Guanajuato,nativitas-air-quality.csv
2017/11/19, 54, 3, 17, 54, ,Guanajuato,nativitas-air-quality.csv
2017/11/20, 49, , , , ,Guanajuato,nativitas-air-quality.csv
2017/11/23, 47, 25, 14, 29, ,Guanajuato,nativitas-air-quality.csv
2017/11/24, 48, 27, 23, 10, ,Guanajuato,nativitas-air-quality.csv
2017/11/25, 64, 32, 26, 15, ,Guanajuato,nativitas-air-quality.csv
2017/11/26, 82, 20, 16, 16, ,Guanajuato,nativitas-air-quality.csv
2017/11/27, 48, 20, 10, 36, ,Guanajuato,nativitas-air-quality.csv
2017/11/28, 33, 26, 20, 32, ,Guanajuato,nativitas-air-quality.csv
2017/11/29, 56, 22, 14, 21, ,Guanajuato,nativitas-air-quality.csv
2017/11/30, 49, 19, 11, 19, ,Guanajuato,nativitas-air-quality.csv
2017/12/1, 35, 22, 13, 12, ,Guanajuato,nativitas-air-quality.csv
2017/12/2, 36, 20, 14, 28, ,Guanajuato,nativitas-air-quality.csv
2017/12/3, 48, 15, 27, 19, ,Guanajuato,nativitas-air-quality.csv
2017/12/4, 63, 9, 30, 15, ,Guanajuato,nativitas-air-quality.csv
2017/12/5, 79, 30, 31, 24, ,Guanajuato,nativitas-air-quality.csv
2017/12/6, 93, 25, 21, 10, ,Guanajuato,nativitas-air-quality.csv
2017/12/7, 67, 21, 19, 17, ,Guanajuato,nativitas-air-quality.csv
2017/12/8, 70, 15, 12, 12, ,Guanajuato,nativitas-air-quality.csv
2017/12/9, 54, 21, 8, 20, ,Guanajuato,nativitas-air-quality.csv
2017/12/10, 30, 20, 6, 23, ,Guanajuato,nativitas-air-quality.csv
2017/12/11, 27, 21, 18, 9, ,Guanajuato,nativitas-air-quality.csv
2017/12/12, 43, 20, 12, 12, ,Guanajuato,nativitas-air-quality.csv
2017/12/13, 39, 23, 22, 10, ,Guanajuato,nativitas-air-quality.csv
2017/12/14, 64, 27, 36, 17, ,Guanajuato,nativitas-air-quality.csv
2017/12/15, 111, 23, 22, 21, ,Guanajuato,nativitas-air-quality.csv
2017/12/16, 76, 13, 14, 9, ,Guanajuato,nativitas-air-quality.csv
2017/12/17, 60, 16, 17, 8, ,Guanajuato,nativitas-air-quality.csv
2017/12/18, 57, 19, 18, 10, ,Guanajuato,nativitas-air-quality.csv
2017/12/19, 70, 23, 23, 10, ,Guanajuato,nativitas-air-quality.csv
2017/12/20, 72, 28, 17, 7, ,Guanajuato,nativitas-air-quality.csv
2017/12/21, 58, , , , ,Guanajuato,nativitas-air-quality.csv
2017/7/2, 35, 22, 5, 15, 8,Guanajuato,nativitas-air-quality.csv
2017/7/3, 95, 26, 7, 15, 8,Guanajuato,nativitas-air-quality.csv
2017/7/4, 69, 28, 8, 14, 9,Guanajuato,nativitas-air-quality.csv
2017/7/7, 23, 19, 7, 28, 8,Guanajuato,nativitas-air-quality.csv
2017/7/8, 27, 14, 6, 18, 9,Guanajuato,nativitas-air-quality.csv
2017/7/9, 30, 15, 6, 27, 9,Guanajuato,nativitas-air-quality.csv
2017/7/10, 15, 18, 6, 8, 9,Guanajuato,nativitas-air-quality.csv
2017/7/11, 21, 17, 9, 11, 10,Guanajuato,nativitas-air-quality.csv
2017/7/13, 17, 25, 12, 11, 10,Guanajuato,nativitas-air-quality.csv
2017/7/14, 22, 26, 9, 16, 9,Guanajuato,nativitas-air-quality.csv
2017/7/15, 34, 5, 9, 19, 8,Guanajuato,nativitas-air-quality.csv
2017/7/16, 38, 22, 7, 18, 8,Guanajuato,nativitas-air-quality.csv
2017/7/17, 31, 35, 12, 21, 10,Guanajuato,nativitas-air-quality.csv
2017/7/18, 34, 36, 11, 12, 9,Guanajuato,nativitas-air-quality.csv
2017/7/19, 29, 26, 9, 24, 10,Guanajuato,nativitas-air-quality.csv
2017/7/20, 26, 46, 7, 19, 15,Guanajuato,nativitas-air-quality.csv
2017/7/21, 35, 23, 8, 13, 10,Guanajuato,nativitas-air-quality.csv
2017/7/22, 20, 21, 11, 16, 11,Guanajuato,nativitas-air-quality.csv
2017/7/23, 27, 24, 9, 19, 12,Guanajuato,nativitas-air-quality.csv
2017/7/24, 29, 25, 12, 14, 10,Guanajuato,nativitas-air-quality.csv
2017/7/25, 29, 23, 9, 12, 11,Guanajuato,nativitas-air-quality.csv
2017/7/26, 27, 22, 11, 12, 12,Guanajuato,nativitas-air-quality.csv
2017/7/27, 22, 22, 11, 19, 12,Guanajuato,nativitas-air-quality.csv
2017/7/28, 21, 27, 9, 16, 11,Guanajuato,nativitas-air-quality.csv
2017/7/29, 31, 32, 6, 9, 11,Guanajuato,nativitas-air-quality.csv
2017/7/30, 14, 29, 7, 10, 11,Guanajuato,nativitas-air-quality.csv
2017/7/31, 30, 23, 11, 22, 11,Guanajuato,nativitas-air-quality.csv
2017/8/1, 25, 27, 7, 35, 12,Guanajuato,nativitas-air-quality.csv
2017/8/2, 25, 32, 8, 14, 11,Guanajuato,nativitas-air-quality.csv
2017/8/3, 33, 34, 8, 16, 11,Guanajuato,nativitas-air-quality.csv
2017/8/4, 31, 31, 9, 17, 12,Guanajuato,nativitas-air-quality.csv
2017/8/5, 23, 38, 9, 14, 12,Guanajuato,nativitas-air-quality.csv
2017/8/6, 27, 30, 11, 14, 12,Guanajuato,nativitas-air-quality.csv
2017/8/7, 28, 49, 10, 24, 14,Guanajuato,nativitas-air-quality.csv
2017/8/8, 30, 28, 7, 17, 12,Guanajuato,nativitas-air-quality.csv
2017/8/9, 22, 18, 7, 25, 11,Guanajuato,nativitas-air-quality.csv
2017/8/10, 29, 12, 5, 44, 16,Guanajuato,nativitas-air-quality.csv
2017/8/11, 19, 24, 7, 14, 12,Guanajuato,nativitas-air-quality.csv
2017/8/12, 22, 27, 6, 23, 11,Guanajuato,nativitas-air-quality.csv
2017/8/13, 18, 32, 6, 11, 11,Guanajuato,nativitas-air-quality.csv
2017/8/14, 22, 32, 5, 11, 12,Guanajuato,nativitas-air-quality.csv
2017/8/15, 14, 36, 5, 9, 11,Guanajuato,nativitas-air-quality.csv
2017/8/16, 25, 28, 8, 15, 11,Guanajuato,nativitas-air-quality.csv
2017/8/17, 30, 24, 9, 15, 12,Guanajuato,nativitas-air-quality.csv
2017/8/18, 21, 30, 8, 16, 12,Guanajuato,nativitas-air-quality.csv
2017/8/19, 19, 27, 9, 28, 14,Guanajuato,nativitas-air-quality.csv
2017/8/20, 27, 29, 4, 25, 12,Guanajuato,nativitas-air-quality.csv
2017/8/21, 19, 23, 5, 37, 13,Guanajuato,nativitas-air-quality.csv
2017/8/22, 26, 23, 6, 20, 13,Guanajuato,nativitas-air-quality.csv
2017/8/23, 21, 22, 8, 27, 14,Guanajuato,nativitas-air-quality.csv
2017/8/24, 24, 26, 7, 30, 13,Guanajuato,nativitas-air-quality.csv
2017/8/25, 24, 34, 6, 9, 13,Guanajuato,nativitas-air-quality.csv
2017/8/26, 30, 39, 7, 16, 14,Guanajuato,nativitas-air-quality.csv
2017/8/27, 31, 26, 5, 19, 14,Guanajuato,nativitas-air-quality.csv
2017/8/28, 22, 27, 5, 16, 14,Guanajuato,nativitas-air-quality.csv
2017/8/29, 22, 20, 6, 19, 14,Guanajuato,nativitas-air-quality.csv
2017/8/30, 23, 15, 8, 8, 15,Guanajuato,nativitas-air-quality.csv
2017/8/31, 14, 15, 8, 16, 16,Guanajuato,nativitas-air-quality.csv
2017/9/1, 11, 19, 8, 24, 16,Guanajuato,nativitas-air-quality.csv
2017/9/2, 23, 18, 5, 32, 14,Guanajuato,nativitas-air-quality.csv
2017/9/3, 22, 18, 3, 22, 14,Guanajuato,nativitas-air-quality.csv
2017/9/4, 13, 23, 5, 15, 14,Guanajuato,nativitas-air-quality.csv
2017/9/5, 15, 21, 5, 24, 15,Guanajuato,nativitas-air-quality.csv
2017/9/6, 12, , , , ,Guanajuato,nativitas-air-quality.csv
2017/9/11, 1, 26, 6, 23, 15,Guanajuato,nativitas-air-quality.csv
2017/9/12, 16, 27, 11, 16, 16,Guanajuato,nativitas-air-quality.csv
2017/9/13, 30, 38, 14, 13, 17,Guanajuato,nativitas-air-quality.csv
2017/9/14, 37, 27, 14, 33, 19,Guanajuato,nativitas-air-quality.csv
2017/9/15, 55, 39, 15, 13, 19,Guanajuato,nativitas-air-quality.csv
2017/9/16, 53, 36, 11, 19, 18,Guanajuato,nativitas-air-quality.csv
2017/9/17, 43, 26, 4, 11, 16,Guanajuato,nativitas-air-quality.csv
2017/9/18, 28, 25, 7, 9, 16,Guanajuato,nativitas-air-quality.csv
2017/9/19, 22, 20, 7, 10, 16,Guanajuato,nativitas-air-quality.csv
2017/9/20, 26, 16, 7, 19, 16,Guanajuato,nativitas-air-quality.csv
2017/9/21, 24, 15, 5, 18, 16,Guanajuato,nativitas-air-quality.csv
2017/9/22, 25, 16, 7, 17, 17,Guanajuato,nativitas-air-quality.csv
2017/9/23, 22, 11, 5, 8, 17,Guanajuato,nativitas-air-quality.csv
2017/9/24, 14, 11, 5, 8, 17,Guanajuato,nativitas-air-quality.csv
2017/9/25, 14, 12, 4, 7, 17,Guanajuato,nativitas-air-quality.csv
2017/9/26, 15, 16, 6, 36, 17,Guanajuato,nativitas-air-quality.csv
2017/9/27, 13, , , , ,Guanajuato,nativitas-air-quality.csv
2017/9/29, 25, 9, 5, 15, 17,Guanajuato,nativitas-air-quality.csv
2017/9/30, 15, 11, 4, 16, 17,Guanajuato,nativitas-air-quality.csv
2017/10/1, 15, 11, 4, 13, 17,Guanajuato,nativitas-air-quality.csv
2017/4/2, 40, 20, 6, 8, ,Guanajuato,nativitas-air-quality.csv
2017/4/3, 40, 22, 8, 9, ,Guanajuato,nativitas-air-quality.csv
2017/4/4, 46, 20, 10, 12, ,Guanajuato,nativitas-air-quality.csv
2017/4/5, 49, 61, 11, 25, ,Guanajuato,nativitas-air-quality.csv
2017/4/6, 60, 33, 7, 8, ,Guanajuato,nativitas-air-quality.csv
2017/4/7, 57, 35, 9, 14, ,Guanajuato,nativitas-air-quality.csv
2017/4/8, 54, 31, 9, 9, ,Guanajuato,nativitas-air-quality.csv
2017/4/9, 50, 27, 8, 10, ,Guanajuato,nativitas-air-quality.csv
2017/4/10, 46, 23, 10, 9, ,Guanajuato,nativitas-air-quality.csv
2017/4/11, 44, 27, 10, 16, ,Guanajuato,nativitas-air-quality.csv
2017/4/12, 50, 31, 7, 22, ,Guanajuato,nativitas-air-quality.csv
2017/4/13, 49, 30, 4, 23, ,Guanajuato,nativitas-air-quality.csv
2017/4/14, 40, 32, 4, 16, ,Guanajuato,nativitas-air-quality.csv
2017/4/15, 38, 33, 5, 30, ,Guanajuato,nativitas-air-quality.csv
2017/4/16, 41, 30, 5, 20, ,Guanajuato,nativitas-air-quality.csv
2017/4/17, 42, 31, 8, 10, ,Guanajuato,nativitas-air-quality.csv
2017/4/18, 44, 30, 9, 25, ,Guanajuato,nativitas-air-quality.csv
2017/4/19, 44, 35, 8, 25, ,Guanajuato,nativitas-air-quality.csv
2017/4/20, 38, 34, 10, 18, ,Guanajuato,nativitas-air-quality.csv
2017/4/21, 38, 35, 7, 29, ,Guanajuato,nativitas-air-quality.csv
2017/4/22, 49, 35, 16, 20, ,Guanajuato,nativitas-air-quality.csv
2017/4/23, 56, 27, 4, 21, ,Guanajuato,nativitas-air-quality.csv
2017/4/24, 37, 33, 10, 12, ,Guanajuato,nativitas-air-quality.csv
2017/4/25, 48, 35, 5, 9, ,Guanajuato,nativitas-air-quality.csv
2017/4/26, 55, 39, 7, 9, ,Guanajuato,nativitas-air-quality.csv
2017/4/27, 44, 36, 14, 15, ,Guanajuato,nativitas-air-quality.csv
2017/4/28, 64, 28, 10, 10, ,Guanajuato,nativitas-air-quality.csv
2017/4/29, 57, 43, 16, 8, ,Guanajuato,nativitas-air-quality.csv
2017/4/30, 63, 32, 12, 16, ,Guanajuato,nativitas-air-quality.csv
2017/5/1, 58, 30, 13, 14, ,Guanajuato,nativitas-air-quality.csv
2017/5/2, 60, 34, 12, 15, ,Guanajuato,nativitas-air-quality.csv
2017/5/3, 77, 29, 7, 11, ,Guanajuato,nativitas-air-quality.csv
2017/5/4, 70, 29, 9, 19, ,Guanajuato,nativitas-air-quality.csv
2017/5/5, 61, 28, 8, 30, ,Guanajuato,nativitas-air-quality.csv
2017/5/6, 43, 31, 10, 10, ,Guanajuato,nativitas-air-quality.csv
2017/5/7, 55, 30, 8, 9, ,Guanajuato,nativitas-air-quality.csv
2017/5/8, 50, 30, 9, 11, ,Guanajuato,nativitas-air-quality.csv
2017/5/9, 55, 31, 12, 17, ,Guanajuato,nativitas-air-quality.csv
2017/5/10, 54, 39, 10, 21, ,Guanajuato,nativitas-air-quality.csv
2017/5/11, 65, 35, 11, 14, ,Guanajuato,nativitas-air-quality.csv
2017/5/12, 52, 37, 12, 19, ,Guanajuato,nativitas-air-quality.csv
2017/5/13, 62, 33, 5, 18, ,Guanajuato,nativitas-air-quality.csv
2017/5/14, 48, 31, 6, 10, ,Guanajuato,nativitas-air-quality.csv
2017/5/15, 46, 34, 10, 11, ,Guanajuato,nativitas-air-quality.csv
2017/5/16, 58, 33, 7, 10, ,Guanajuato,nativitas-air-quality.csv
2017/5/17, 59, 40, 10, 12, ,Guanajuato,nativitas-air-quality.csv
2017/5/18, 64, 34, 7, 10, ,Guanajuato,nativitas-air-quality.csv
2017/5/19, 59, 35, 10, 10, ,Guanajuato,nativitas-air-quality.csv
2017/5/20, 68, 35, 16, 12, ,Guanajuato,nativitas-air-quality.csv
2017/5/21, 75, 38, 8, 14, ,Guanajuato,nativitas-air-quality.csv
2017/5/22, 64, 34, 10, 13, ,Guanajuato,nativitas-air-quality.csv
2017/5/23, 56, 34, 5, 10, ,Guanajuato,nativitas-air-quality.csv
2017/5/24, 59, 36, 9, 12, ,Guanajuato,nativitas-air-quality.csv
2017/5/25, 67, 33, 5, 13, ,Guanajuato,nativitas-air-quality.csv
2017/5/26, 55, 41, 6, 13, ,Guanajuato,nativitas-air-quality.csv
2017/5/27, 67, 38, 8, 14, ,Guanajuato,nativitas-air-quality.csv
2017/5/28, 43, 34, 8, 21, ,Guanajuato,nativitas-air-quality.csv
2017/5/29, 50, 32, 11, 30, ,Guanajuato,nativitas-air-quality.csv
2017/5/30, 46, 207, 92, 83, 11,Guanajuato,nativitas-air-quality.csv
2017/5/31, 24, 22, 6, 30, 9,Guanajuato,nativitas-air-quality.csv
2017/6/1, 28, 22, 5, 23, 6,Guanajuato,nativitas-air-quality.csv
2017/6/2, 27, 26, 6, 25, 5,Guanajuato,nativitas-air-quality.csv
2017/6/3, 36, 44, 11, 13, ,Guanajuato,nativitas-air-quality.csv
2017/6/4, 41, 42, 8, 20, ,Guanajuato,nativitas-air-quality.csv
2017/6/5, 65, 38, 7, 11, ,Guanajuato,nativitas-air-quality.csv
2017/6/6, 108, 27, 8, 16, ,Guanajuato,nativitas-air-quality.csv
2017/6/7, 49, 23, 7, 11, ,Guanajuato,nativitas-air-quality.csv
2017/6/8, 38, 24, 8, 16, 6,Guanajuato,nativitas-air-quality.csv
2017/6/9, 32, 27, 10, 16, 6,Guanajuato,nativitas-air-quality.csv
2017/6/10, 37, 25, 5, 10, 6,Guanajuato,nativitas-air-quality.csv
2017/6/11, 31, 26, 7, 15, 6,Guanajuato,nativitas-air-quality.csv
2017/6/12, 33, 31, 9, 17, 7,Guanajuato,nativitas-air-quality.csv
2017/6/13, 34, 23, 6, 25, 6,Guanajuato,nativitas-air-quality.csv
2017/6/14, 33, 13, 6, 20, 6,Guanajuato,nativitas-air-quality.csv
2017/6/15, 35, 20, 4, 13, 6,Guanajuato,nativitas-air-quality.csv
2017/6/16, 68, 28, 5, 23, 6,Guanajuato,nativitas-air-quality.csv
2017/6/17, 33, 30, 12, 31, 7,Guanajuato,nativitas-air-quality.csv
2017/6/18, 62, 19, 12, 30, 6,Guanajuato,nativitas-air-quality.csv
2017/6/19, 37, 21, 6, 33, 6,Guanajuato,nativitas-air-quality.csv
2017/6/20, 34, 20, 5, 22, 6,Guanajuato,nativitas-air-quality.csv
2017/6/21, 31, 22, 7, 24, 6,Guanajuato,nativitas-air-quality.csv
2017/6/22, 44, 29, 7, 11, 9,Guanajuato,nativitas-air-quality.csv
2017/6/23, 42, 29, 5, 10, 7,Guanajuato,nativitas-air-quality.csv
2017/6/24, 38, 23, 8, 30, 9,Guanajuato,nativitas-air-quality.csv
2017/6/25, 45, 18, 5, 23, 7,Guanajuato,nativitas-air-quality.csv
2017/6/26, 30, 20, 6, 14, 9,Guanajuato,nativitas-air-quality.csv
2017/6/27, 26, 27, 7, 16, 9,Guanajuato,nativitas-air-quality.csv
2017/6/28, 42, 22, 5, 7, 7,Guanajuato,nativitas-air-quality.csv
2017/6/29, 20, 25, 9, 12, 8,Guanajuato,nativitas-air-quality.csv
2017/6/30, 38, 20, 10, 10, 9,Guanajuato,nativitas-air-quality.csv
2017/7/1, 43, 25, 7, 9, 8,Guanajuato,nativitas-air-quality.csv
2017/1/3, 63, 30, 23, 7, ,Guanajuato,nativitas-air-quality.csv
2017/1/4, 100, 35, 24, 7, ,Guanajuato,nativitas-air-quality.csv
2017/1/5, 91, 29, 21, 6, ,Guanajuato,nativitas-air-quality.csv
2017/1/6, 87, 21, 20, 8, ,Guanajuato,nativitas-air-quality.csv
2017/1/7, 83, 20, 13, 5, ,Guanajuato,nativitas-air-quality.csv
2017/1/8, 70, 20, 4, 12, ,Guanajuato,nativitas-air-quality.csv
2017/1/9, 32, 23, 7, 8, ,Guanajuato,nativitas-air-quality.csv
2017/1/10, 35, 24, 13, 13, ,Guanajuato,nativitas-air-quality.csv
2017/1/11, 64, 22, 23, 12, ,Guanajuato,nativitas-air-quality.csv
2017/1/12, 96, 28, 25, 13, ,Guanajuato,nativitas-air-quality.csv
2017/1/13, 108, 26, 16, 13, ,Guanajuato,nativitas-air-quality.csv
2017/1/14, 63, 20, 9, 15, ,Guanajuato,nativitas-air-quality.csv
2017/1/15, 45, 20, 10, 12, ,Guanajuato,nativitas-air-quality.csv
2017/1/16, 50, 22, 17, 12, ,Guanajuato,nativitas-air-quality.csv
2017/1/17, 76, 19, 14, 15, ,Guanajuato,nativitas-air-quality.csv
2017/1/18, 61, 16, 15, 15, ,Guanajuato,nativitas-air-quality.csv
2017/1/19, 61, 19, 11, 8, ,Guanajuato,nativitas-air-quality.csv
2017/1/20, 55, 19, 10, 7, ,Guanajuato,nativitas-air-quality.csv
2017/1/21, 58, 23, 14, 10, ,Guanajuato,nativitas-air-quality.csv
2017/1/22, 55, 25, 16, 13, ,Guanajuato,nativitas-air-quality.csv
2017/1/23, 64, 23, 18, 8, ,Guanajuato,nativitas-air-quality.csv
2017/1/24, 86, 28, 15, 8, ,Guanajuato,nativitas-air-quality.csv
2017/1/25, 21, 25, 13, 4, ,Guanajuato,nativitas-air-quality.csv
2017/1/26, 50, 28, 21, 15, ,Guanajuato,nativitas-air-quality.csv
2017/1/27, 83, 28, 19, 7, ,Guanajuato,nativitas-air-quality.csv
2017/1/28, 70, 26, 14, 10, ,Guanajuato,nativitas-air-quality.csv
2017/1/29, 59, 21, 4, 8, ,Guanajuato,nativitas-air-quality.csv
2017/1/30, 28, 26, 10, 9, ,Guanajuato,nativitas-air-quality.csv
2017/1/31, 44, 25, 18, 14, ,Guanajuato,nativitas-air-quality.csv
2017/2/1, 60, 23, 14, 18, ,Guanajuato,nativitas-air-quality.csv
2017/2/2, 60, 25, 9, 7, ,Guanajuato,nativitas-air-quality.csv
2017/2/3, 38, 29, 8, 7, ,Guanajuato,nativitas-air-quality.csv
2017/2/4, 37, 26, 6, 7, ,Guanajuato,nativitas-air-quality.csv
2017/2/5, 41, 26, 9, 6, ,Guanajuato,nativitas-air-quality.csv
2017/2/6, 42, 28, 13, 4, ,Guanajuato,nativitas-air-quality.csv
2017/2/7, 55, 29, 21, 6, ,Guanajuato,nativitas-air-quality.csv
2017/2/8, 84, 31, 23, 8, ,Guanajuato,nativitas-air-quality.csv
2017/2/9, 74, 23, 12, 6, ,Guanajuato,nativitas-air-quality.csv
2017/2/10, 58, 29, 9, 11, ,Guanajuato,nativitas-air-quality.csv
2017/2/11, 48, 23, 13, 4, ,Guanajuato,nativitas-air-quality.csv
2017/2/12, 50, 30, 17, 8, ,Guanajuato,nativitas-air-quality.csv
2017/2/13, 63, 28, 12, 4, ,Guanajuato,nativitas-air-quality.csv
2017/2/14, 56, 24, 9, 2, ,Guanajuato,nativitas-air-quality.csv
2017/2/15, 47, 23, 12, 6, ,Guanajuato,nativitas-air-quality.csv
2017/2/16, 58, 17, 12, 4, ,Guanajuato,nativitas-air-quality.csv
2017/2/17, 68, 13, 8, 4, ,Guanajuato,nativitas-air-quality.csv
2017/2/18, 33, 13, 10, 1, ,Guanajuato,nativitas-air-quality.csv
2017/2/19, 34, 11, 7, 1, ,Guanajuato,nativitas-air-quality.csv
2017/2/20, 37, 15, 9, 2, ,Guanajuato,nativitas-air-quality.csv
2017/2/21, 38, 16, 14, 18, ,Guanajuato,nativitas-air-quality.csv
2017/2/22, 51, 23, 12, 7, ,Guanajuato,nativitas-air-quality.csv
2017/2/23, 46, 16, 15, 4, ,Guanajuato,nativitas-air-quality.csv
2017/2/24, 51, 17, 12, 3, ,Guanajuato,nativitas-air-quality.csv
2017/2/25, 49, 21, 18, 6, ,Guanajuato,nativitas-air-quality.csv
2017/2/26, 66, 16, 13, 3, ,Guanajuato,nativitas-air-quality.csv
2017/2/27, 49, 19, 14, 3, ,Guanajuato,nativitas-air-quality.csv
2017/2/28, 48, 19, 16, 5, ,Guanajuato,nativitas-air-quality.csv
2017/3/1, 55, 26, 15, 12, ,Guanajuato,nativitas-air-quality.csv
2017/3/2, 69, 15, 7, 14, ,Guanajuato,nativitas-air-quality.csv
2017/3/3, 58, 14, 6, 11, ,Guanajuato,nativitas-air-quality.csv
2017/3/4, 35, 18, 6, 7, ,Guanajuato,nativitas-air-quality.csv
2017/3/5, 37, 18, 6, 3, ,Guanajuato,nativitas-air-quality.csv
2017/3/6, 33, 18, 12, 3, ,Guanajuato,nativitas-air-quality.csv
2017/3/7, 48, 20, 15, 7, ,Guanajuato,nativitas-air-quality.csv
2017/3/8, 54, 20, 5, 4, ,Guanajuato,nativitas-air-quality.csv
2017/3/9, 32, 17, 7, 5, ,Guanajuato,nativitas-air-quality.csv
2017/3/10, 26, 16, 11, 6, ,Guanajuato,nativitas-air-quality.csv
2017/3/11, 31, 13, 8, 12, ,Guanajuato,nativitas-air-quality.csv
2017/3/12, 33, 3, 10, 4, ,Guanajuato,nativitas-air-quality.csv
2017/3/13, 38, 17, 9, 11, ,Guanajuato,nativitas-air-quality.csv
2017/3/14, 74, 20, 6, 12, ,Guanajuato,nativitas-air-quality.csv
2017/3/15, 28, 25, 8, 11, ,Guanajuato,nativitas-air-quality.csv
2017/3/16, 30, 20, 7, 11, ,Guanajuato,nativitas-air-quality.csv
2017/3/17, 27, 20, 7, 11, ,Guanajuato,nativitas-air-quality.csv
2017/3/18, 30, 19, 5, 10, ,Guanajuato,nativitas-air-quality.csv
2017/3/19, 32, 19, 4, 13, ,Guanajuato,nativitas-air-quality.csv
2017/3/20, 28, 24, 4, 9, ,Guanajuato,nativitas-air-quality.csv
2017/3/21, 33, 22, 11, 10, ,Guanajuato,nativitas-air-quality.csv
2017/3/22, 42, 20, 12, 10, ,Guanajuato,nativitas-air-quality.csv
2017/3/23, 43, 25, 10, 8, ,Guanajuato,nativitas-air-quality.csv
2017/3/24, 48, 23, 7, 10, ,Guanajuato,nativitas-air-quality.csv
2017/3/25, 49, 22, 11, 7, ,Guanajuato,nativitas-air-quality.csv
2017/3/26, 57, 21, 7, 8, ,Guanajuato,nativitas-air-quality.csv
2017/3/27, 36, 22, 12, 6, ,Guanajuato,nativitas-air-quality.csv
2017/3/28, 36, 21, 12, 10, ,Guanajuato,nativitas-air-quality.csv
2017/3/29, 49, 22, 11, 9, ,Guanajuato,nativitas-air-quality.csv
2017/3/30, 47, 28, 9, 8, ,Guanajuato,nativitas-air-quality.csv
2017/3/31, 43, 21, 11, 10, ,Guanajuato,nativitas-air-quality.csv
2017/4/1, 60, 19, 7, 7, ,Guanajuato,nativitas-air-quality.csv
2016/10/2, 28, 23, 3, 35, ,Guanajuato,nativitas-air-quality.csv
2016/10/3, 37, 28, 5, 1, ,Guanajuato,nativitas-air-quality.csv
2016/10/4, 33, 28, 7, , ,Guanajuato,nativitas-air-quality.csv
2016/10/5, 36, 26, 7, , ,Guanajuato,nativitas-air-quality.csv
2016/10/6, 44, 8, 5, , ,Guanajuato,nativitas-air-quality.csv
2016/10/7, 27, 19, 4, , ,Guanajuato,nativitas-air-quality.csv
2016/10/8, 32, 19, 3, , ,Guanajuato,nativitas-air-quality.csv
2016/10/9, 29, 28, 2, , ,Guanajuato,nativitas-air-quality.csv
2016/10/10, 18, 29, 4, , ,Guanajuato,nativitas-air-quality.csv
2016/10/11, 40, 31, 5, , ,Guanajuato,nativitas-air-quality.csv
2016/10/12, 26, 30, 5, 28, ,Guanajuato,nativitas-air-quality.csv
2016/10/13, 27, 16, 4, 11, ,Guanajuato,nativitas-air-quality.csv
2016/10/14, 28, 6, 5, 10, ,Guanajuato,nativitas-air-quality.csv
2016/10/15, 28, 5, 4, 10, ,Guanajuato,nativitas-air-quality.csv
2016/10/16, 25, 6, 4, 14, ,Guanajuato,nativitas-air-quality.csv
2016/10/17, 26, 7, 7, 11, ,Guanajuato,nativitas-air-quality.csv
2016/10/18, 38, 7, 10, 16, ,Guanajuato,nativitas-air-quality.csv
2016/10/19, 53, 6, 10, 19, ,Guanajuato,nativitas-air-quality.csv
2016/10/20, 39, 5, 5, 16, ,Guanajuato,nativitas-air-quality.csv
2016/10/21, 33, 14, 4, 17, ,Guanajuato,nativitas-air-quality.csv
2016/10/22, 23, 20, 3, 8, ,Guanajuato,nativitas-air-quality.csv
2016/10/23, 27, 19, 3, 8, ,Guanajuato,nativitas-air-quality.csv
2016/10/24, 20, 18, 4, 13, ,Guanajuato,nativitas-air-quality.csv
2016/10/25, 25, 18, 5, 14, ,Guanajuato,nativitas-air-quality.csv
2016/10/26, 26, 16, 5, 17, ,Guanajuato,nativitas-air-quality.csv
2016/10/27, 31, 16, 7, 16, ,Guanajuato,nativitas-air-quality.csv
2016/10/28, 35, 21, 8, 10, ,Guanajuato,nativitas-air-quality.csv
2016/10/29, 36, 20, 7, 14, ,Guanajuato,nativitas-air-quality.csv
2016/10/30, 31, 19, 4, 10, ,Guanajuato,nativitas-air-quality.csv
2016/10/31, 22, 22, 7, 10, ,Guanajuato,nativitas-air-quality.csv
2016/11/1, 22, 20, 11, 8, ,Guanajuato,nativitas-air-quality.csv
2016/11/2, 37, 16, 8, 11, ,Guanajuato,nativitas-air-quality.csv
2016/11/3, 27, 15, 5, 12, ,Guanajuato,nativitas-air-quality.csv
2016/11/4, 28, 17, 5, 13, ,Guanajuato,nativitas-air-quality.csv
2016/11/5, 21, 21, 6, 8, ,Guanajuato,nativitas-air-quality.csv
2016/11/6, 31, 28, 7, 13, ,Guanajuato,nativitas-air-quality.csv
2016/11/7, 28, 33, 11, 16, ,Guanajuato,nativitas-air-quality.csv
2016/11/8, 45, 22, 5, 6, ,Guanajuato,nativitas-air-quality.csv
2016/11/9, 31, 18, 6, 6, ,Guanajuato,nativitas-air-quality.csv
2016/11/10, 15, 13, 7, 11, ,Guanajuato,nativitas-air-quality.csv
2016/11/11, 24, 18, 8, 8, ,Guanajuato,nativitas-air-quality.csv
2016/11/12, 28, 16, 5, 8, ,Guanajuato,nativitas-air-quality.csv
2016/11/13, 14, 16, 5, 7, ,Guanajuato,nativitas-air-quality.csv
2016/11/14, 22, 24, 7, 10, ,Guanajuato,nativitas-air-quality.csv
2016/11/15, 32, 18, 5, 16, ,Guanajuato,nativitas-air-quality.csv
2016/11/16, 30, 25, 5, 6, ,Guanajuato,nativitas-air-quality.csv
2016/11/17, 27, 17, 11, 9, ,Guanajuato,nativitas-air-quality.csv
2016/11/18, 44, 28, 10, 14, ,Guanajuato,nativitas-air-quality.csv
2016/11/19, 45, 21, 6, 11, ,Guanajuato,nativitas-air-quality.csv
2016/11/20, 25, 20, 4, 2, ,Guanajuato,nativitas-air-quality.csv
2016/11/21, 18, 23, 8, 11, ,Guanajuato,nativitas-air-quality.csv
2016/11/22, 30, 24, 13, 14, ,Guanajuato,nativitas-air-quality.csv
2016/11/23, 48, 24, 11, 19, ,Guanajuato,nativitas-air-quality.csv
2016/11/24, 46, 28, 9, 13, ,Guanajuato,nativitas-air-quality.csv
2016/11/25, 39, 21, 6, 10, ,Guanajuato,nativitas-air-quality.csv
2016/11/26, 33, 20, 6, 10, ,Guanajuato,nativitas-air-quality.csv
2016/11/27, 29, 24, 10, 8, ,Guanajuato,nativitas-air-quality.csv
2016/11/28, 44, 29, 16, 11, ,Guanajuato,nativitas-air-quality.csv
2016/11/29, 61, 23, 13, 10, ,Guanajuato,nativitas-air-quality.csv
2016/11/30, 57, 24, 12, 11, ,Guanajuato,nativitas-air-quality.csv
2016/12/1, 54, 21, 12, 14, ,Guanajuato,nativitas-air-quality.csv
2016/12/2, 64, 20, 9, 9, ,Guanajuato,nativitas-air-quality.csv
2016/12/3, 56, 18, 7, 8, ,Guanajuato,nativitas-air-quality.csv
2016/12/4, 51, 14, 2, 6, ,Guanajuato,nativitas-air-quality.csv
2016/12/5, 41, 24, 8, 10, ,Guanajuato,nativitas-air-quality.csv
2016/12/6, 37, 29, 15, 10, ,Guanajuato,nativitas-air-quality.csv
2016/12/7, 67, 29, 18, 8, ,Guanajuato,nativitas-air-quality.csv
2016/12/8, 83, 29, 15, 10, ,Guanajuato,nativitas-air-quality.csv
2016/12/9, 73, 20, 5, 10, ,Guanajuato,nativitas-air-quality.csv
2016/12/10, 48, 23, 6, 6, ,Guanajuato,nativitas-air-quality.csv
2016/12/11, 30, 26, 10, 10, ,Guanajuato,nativitas-air-quality.csv
2016/12/12, 51, 30, 18, 5, ,Guanajuato,nativitas-air-quality.csv
2016/12/13, 76, 34, 23, 12, ,Guanajuato,nativitas-air-quality.csv
2016/12/14, 80, 35, 15, 9, ,Guanajuato,nativitas-air-quality.csv
2016/12/15, 50, 18, 9, 9, ,Guanajuato,nativitas-air-quality.csv
2016/12/16, 49, 24, 9, 8, ,Guanajuato,nativitas-air-quality.csv
2016/12/17, 62, 23, 13, 11, ,Guanajuato,nativitas-air-quality.csv
2016/12/18, 71, 23, 15, 10, ,Guanajuato,nativitas-air-quality.csv
2016/12/19, 59, 19, 6, 47, ,Guanajuato,nativitas-air-quality.csv
2016/12/20, 50, 17, 5, 9, ,Guanajuato,nativitas-air-quality.csv
2016/12/21, 37, 19, 6, 9, ,Guanajuato,nativitas-air-quality.csv
2016/12/22, 35, 18, 8, 9, ,Guanajuato,nativitas-air-quality.csv
2016/12/23, 34, 29, 12, 8, ,Guanajuato,nativitas-air-quality.csv
2016/12/24, 57, 30, 21, 4, ,Guanajuato,nativitas-air-quality.csv
2016/12/25, 87, 27, 21, 11, ,Guanajuato,nativitas-air-quality.csv
2016/12/26, 182, 27, 18, 8, ,Guanajuato,nativitas-air-quality.csv
2016/12/27, 81, 24, 7, 6, ,Guanajuato,nativitas-air-quality.csv
2016/12/28, 47, 20, 9, 8, ,Guanajuato,nativitas-air-quality.csv
2016/12/29, 40, 17, 5, 5, ,Guanajuato,nativitas-air-quality.csv
2016/12/30, 35, 17, 6, 10, ,Guanajuato,nativitas-air-quality.csv
2016/12/31, 36, 20, 13, 10, ,Guanajuato,nativitas-air-quality.csv
2017/1/1, 65, 21, 9, 6, ,Guanajuato,nativitas-air-quality.csv
2017/1/2, 72, 24, 16, 8, ,Guanajuato,nativitas-air-quality.csv
2016/7/28, 34, 25, 7, 6, ,Guanajuato,nativitas-air-quality.csv
2016/7/29, 36, 21, 8, 8, ,Guanajuato,nativitas-air-quality.csv
2016/7/30, 35, 18, 6, 13, ,Guanajuato,nativitas-air-quality.csv
2016/7/31, 30, 15, 7, 11, ,Guanajuato,nativitas-air-quality.csv
2016/8/1, 22, 20, 7, 14, ,Guanajuato,nativitas-air-quality.csv
2016/8/2, 31, 24, 5, 9, ,Guanajuato,nativitas-air-quality.csv
2016/8/3, 36, 22, 7, 13, ,Guanajuato,nativitas-air-quality.csv
2016/8/4, 31, 18, 6, 13, ,Guanajuato,nativitas-air-quality.csv
2016/8/5, 27, 13, 6, 14, ,Guanajuato,nativitas-air-quality.csv
2016/8/6, 30, 9, 5, 20, ,Guanajuato,nativitas-air-quality.csv
2016/8/7, 25, 9, 4, 8, ,Guanajuato,nativitas-air-quality.csv
2016/8/8, 16, 13, 4, 5, ,Guanajuato,nativitas-air-quality.csv
2016/8/9, 17, 18, 7, 14, ,Guanajuato,nativitas-air-quality.csv
2016/8/10, 29, 17, 5, 6, ,Guanajuato,nativitas-air-quality.csv
2016/8/11, 20, 22, 7, 7, ,Guanajuato,nativitas-air-quality.csv
2016/8/12, 31, 22, 7, 9, ,Guanajuato,nativitas-air-quality.csv
2016/8/13, 28, 28, 8, 7, ,Guanajuato,nativitas-air-quality.csv
2016/8/14, 36, 25, 5, 5, ,Guanajuato,nativitas-air-quality.csv
2016/8/15, 32, 17, 5, 5, ,Guanajuato,nativitas-air-quality.csv
2016/8/16, 26, 16, 6, 6, ,Guanajuato,nativitas-air-quality.csv
2016/8/17, 32, 16, 5, 6, ,Guanajuato,nativitas-air-quality.csv
2016/8/18, 28, 12, 6, 5, ,Guanajuato,nativitas-air-quality.csv
2016/8/19, 21, 15, 6, 6, ,Guanajuato,nativitas-air-quality.csv
2016/8/20, 27, 15, 5, 7, ,Guanajuato,nativitas-air-quality.csv
2016/8/21, 23, 29, 5, 8, ,Guanajuato,nativitas-air-quality.csv
2016/8/22, 33, 18, 7, 6, ,Guanajuato,nativitas-air-quality.csv
2016/8/23, 34, 16, 6, 6, ,Guanajuato,nativitas-air-quality.csv
2016/8/24, 28, 17, 6, 18, ,Guanajuato,nativitas-air-quality.csv
2016/8/25, 26, 21, 5, 21, ,Guanajuato,nativitas-air-quality.csv
2016/8/26, 26, 25, 5, 16, ,Guanajuato,nativitas-air-quality.csv
2016/8/27, 32, 12, 7, 18, ,Guanajuato,nativitas-air-quality.csv
2016/8/28, 26, 17, 5, 14, ,Guanajuato,nativitas-air-quality.csv
2016/8/29, 37, 19, 5, 16, ,Guanajuato,nativitas-air-quality.csv
2016/8/30, 37, 25, 7, 17, ,Guanajuato,nativitas-air-quality.csv
2016/8/31, 33, 20, 6, 19, ,Guanajuato,nativitas-air-quality.csv
2016/9/1, 33, 14, 5, 23, ,Guanajuato,nativitas-air-quality.csv
2016/9/2, 30, 14, 4, 28, ,Guanajuato,nativitas-air-quality.csv
2016/9/3, 27, 15, 4, 24, ,Guanajuato,nativitas-air-quality.csv
2016/9/4, 26, 11, 4, 16, ,Guanajuato,nativitas-air-quality.csv
2016/9/5, 29, 11, 3, 13, ,Guanajuato,nativitas-air-quality.csv
2016/9/6, 17, 21, 5, 18, ,Guanajuato,nativitas-air-quality.csv
2016/9/7, 35, 23, 5, 18, ,Guanajuato,nativitas-air-quality.csv
2016/9/8, 40, 23, 4, 14, ,Guanajuato,nativitas-air-quality.csv
2016/9/9, 36, 23, 7, 19, ,Guanajuato,nativitas-air-quality.csv
2016/9/10, 40, 25, 7, 20, ,Guanajuato,nativitas-air-quality.csv
2016/9/11, 41, 21, 3, 19, ,Guanajuato,nativitas-air-quality.csv
2016/9/12, 36, 22, 6, 19, ,Guanajuato,nativitas-air-quality.csv
2016/9/13, 39, 27, 8, 18, ,Guanajuato,nativitas-air-quality.csv
2016/9/14, 49, 19, 5, 24, ,Guanajuato,nativitas-air-quality.csv
2016/9/15, 34, 24, 4, 21, ,Guanajuato,nativitas-air-quality.csv
2016/9/16, 31, 20, 4, 19, ,Guanajuato,nativitas-air-quality.csv
2016/9/17, 32, 24, 4, 15, ,Guanajuato,nativitas-air-quality.csv
2016/9/18, 36, 24, 3, 16, ,Guanajuato,nativitas-air-quality.csv
2016/9/19, 25, 20, 4, 19, ,Guanajuato,nativitas-air-quality.csv
2016/9/20, 31, 18, 2, 16, ,Guanajuato,nativitas-air-quality.csv
2016/9/21, 26, 12, 4, 14, ,Guanajuato,nativitas-air-quality.csv
2016/9/22, 25, 25, 4, 13, ,Guanajuato,nativitas-air-quality.csv
2016/9/23, 37, 24, 7, 14, ,Guanajuato,nativitas-air-quality.csv
2016/9/24, 34, 24, 7, 15, ,Guanajuato,nativitas-air-quality.csv
2016/9/25, 36, 37, 7, 24, ,Guanajuato,nativitas-air-quality.csv
2016/9/26, 47, 19, 4, 16, ,Guanajuato,nativitas-air-quality.csv
2016/9/27, 33, 14, 3, 15, ,Guanajuato,nativitas-air-quality.csv
2016/9/28, 21, 15, 2, 13, ,Guanajuato,nativitas-air-quality.csv
2016/9/29, 23, 16, 4, 15, ,Guanajuato,nativitas-air-quality.csv
2016/9/30, 23, 20, 4, 10, ,Guanajuato,nativitas-air-quality.csv
2016/10/1, 28, 22, 5, 5, ,Guanajuato,nativitas-air-quality.csv
2015/4/2, 47, 46, 22, 28, 21,Guanajuato,nativitas-air-quality.csv
2015/4/3, 54, 49, 23, 29, 22,Guanajuato,nativitas-air-quality.csv
2015/4/4, 57, 44, 16, 30, 19,Guanajuato,nativitas-air-quality.csv
2015/4/5, 52, 47, 14, 23, 19,Guanajuato,nativitas-air-quality.csv
2015/4/6, 41, 44, 19, 27, 19,Guanajuato,nativitas-air-quality.csv
2015/4/7, 52, 48, 19, 38, 20,Guanajuato,nativitas-air-quality.csv
2015/4/8, 54, 63, 17, 27, 19,Guanajuato,nativitas-air-quality.csv
2015/4/9, 52, 42, 27, 24, 23,Guanajuato,nativitas-air-quality.csv
2015/4/10, 62, 39, 21, 37, 22,Guanajuato,nativitas-air-quality.csv
2015/4/11, 60, 53, 16, 40, 22,Guanajuato,nativitas-air-quality.csv
2015/4/12, 70, 40, 15, 34, 21,Guanajuato,nativitas-air-quality.csv
2015/4/13, 48, 34, 16, 35, 23,Guanajuato,nativitas-air-quality.csv
2015/4/14, 57, 42, 18, 38, 22,Guanajuato,nativitas-air-quality.csv
2015/4/15, 52, 44, 20, 41, 23,Guanajuato,nativitas-air-quality.csv
2015/4/16, 56, 46, 19, 38, 22,Guanajuato,nativitas-air-quality.csv
2015/4/17, 61, 41, 23, 40, 23,Guanajuato,nativitas-air-quality.csv
2015/4/18, 57, 39, 18, 36, 22,Guanajuato,nativitas-air-quality.csv
2015/4/19, 53, 35, 17, 38, 23,Guanajuato,nativitas-air-quality.csv
2015/4/20, 50, 38, 18, 38, 24,Guanajuato,nativitas-air-quality.csv
2015/4/21, 57, 46, 19, 37, 23,Guanajuato,nativitas-air-quality.csv
2015/4/22, 56, 40, 17, 38, 23,Guanajuato,nativitas-air-quality.csv
2015/4/23, 53, 43, 18, 39, 24,Guanajuato,nativitas-air-quality.csv
2015/4/24, 66, 38, 19, 38, 25,Guanajuato,nativitas-air-quality.csv
2015/4/25, 58, 45, 19, 41, 24,Guanajuato,nativitas-air-quality.csv
2015/4/26, 63, 37, 15, 36, 23,Guanajuato,nativitas-air-quality.csv
2015/4/27, 51, 39, 13, 34, 25,Guanajuato,nativitas-air-quality.csv
2015/4/28, 65, 36, 14, 35, 25,Guanajuato,nativitas-air-quality.csv
2015/4/29, 46, 29, 19, 37, 26,Guanajuato,nativitas-air-quality.csv
2015/4/30, 46, 8, 20, 37, 25,Guanajuato,nativitas-air-quality.csv
2015/5/1, 43, , , , ,Guanajuato,nativitas-air-quality.csv
2015/5/6, 61, 38, 12, 35, 18,Guanajuato,nativitas-air-quality.csv
2015/5/7, 55, 42, 15, 41, 18,Guanajuato,nativitas-air-quality.csv
2015/5/8, 47, 51, 14, 37, 17,Guanajuato,nativitas-air-quality.csv
2015/5/9, 47, 47, 14, 40, 18,Guanajuato,nativitas-air-quality.csv
2015/5/10, 35, 46, 13, 35, 19,Guanajuato,nativitas-air-quality.csv
2015/5/11, 50, 41, 13, 36, 19,Guanajuato,nativitas-air-quality.csv
2015/5/12, 59, 35, 14, 46, 19,Guanajuato,nativitas-air-quality.csv
2015/5/13, 44, 50, 14, 41, 19,Guanajuato,nativitas-air-quality.csv
2015/5/14, 41, 42, 16, 44, 19,Guanajuato,nativitas-air-quality.csv
2015/5/15, 41, 48, 15, 37, 19,Guanajuato,nativitas-air-quality.csv
2015/5/16, 48, 47, 15, 36, 19,Guanajuato,nativitas-air-quality.csv
2015/5/17, 54, 44, 15, 36, 18,Guanajuato,nativitas-air-quality.csv
2015/5/18, 41, 53, 16, 37, 18,Guanajuato,nativitas-air-quality.csv
2015/5/19, 47, 48, , 39, 18,Guanajuato,nativitas-air-quality.csv
2015/5/20, 56, 48, , 41, 19,Guanajuato,nativitas-air-quality.csv
2015/5/21, 36, 52, , 42, 19,Guanajuato,nativitas-air-quality.csv
2015/5/22, 38, 27, 12, 40, 17,Guanajuato,nativitas-air-quality.csv
2015/5/23, 21, 44, 13, 41, 18,Guanajuato,nativitas-air-quality.csv
2015/5/24, 40, 40, 13, 35, 18,Guanajuato,nativitas-air-quality.csv
2015/5/25, 45, 45, 14, 36, 18,Guanajuato,nativitas-air-quality.csv
2015/5/26, 34, 44, 18, 42, 19,Guanajuato,nativitas-air-quality.csv
2015/5/27, 57, 54, 13, 39, 18,Guanajuato,nativitas-air-quality.csv
2015/5/28, 57, 26, 13, 35, 17,Guanajuato,nativitas-air-quality.csv
2015/5/29, 47, , , , ,Guanajuato,nativitas-air-quality.csv
2015/1/2, 71, 32, 19, 27, 21,Guanajuato,nativitas-air-quality.csv
2015/1/3, 66, 28, 21, 27, 21,Guanajuato,nativitas-air-quality.csv
2015/1/4, 56, 27, 18, 31, 20,Guanajuato,nativitas-air-quality.csv
2015/1/5, 58, 31, 19, 45, 17,Guanajuato,nativitas-air-quality.csv
2015/1/6, 47, 28, 18, 27, 18,Guanajuato,nativitas-air-quality.csv
2015/1/7, 46, 27, 15, 31, 18,Guanajuato,nativitas-air-quality.csv
2015/1/8, 43, 35, 17, 30, 19,Guanajuato,nativitas-air-quality.csv
2015/1/9, 47, 42, 21, 30, 20,Guanajuato,nativitas-air-quality.csv
2015/1/10, 54, 43, 20, 27, 20,Guanajuato,nativitas-air-quality.csv
2015/1/11, 50, 46, 24, 27, 22,Guanajuato,nativitas-air-quality.csv
2015/1/12, 55, 50, 37, 31, 27,Guanajuato,nativitas-air-quality.csv
2015/1/13, 86, 36, 39, 26, 30,Guanajuato,nativitas-air-quality.csv
2015/1/14, 91, 46, 33, 15, 29,Guanajuato,nativitas-air-quality.csv
2015/1/15, 91, 49, 35, 29, 29,Guanajuato,nativitas-air-quality.csv
2015/1/16, 81, 42, 26, 21, 24,Guanajuato,nativitas-air-quality.csv
2015/1/17, 63, 37, 31, 24, 30,Guanajuato,nativitas-air-quality.csv
2015/1/18, 83, 38, 25, 29, 24,Guanajuato,nativitas-air-quality.csv
2015/1/19, 73, 47, 27, 27, 24,Guanajuato,nativitas-air-quality.csv
2015/1/20, 73, 43, 34, 14, 27,Guanajuato,nativitas-air-quality.csv
2015/1/21, 89, 39, 29, 19, 25,Guanajuato,nativitas-air-quality.csv
2015/1/22, 80, 32, 22, 26, 23,Guanajuato,nativitas-air-quality.csv
2015/1/23, 71, 27, 22, 23, 25,Guanajuato,nativitas-air-quality.csv
2015/1/24, 59, 35, 21, 27, 23,Guanajuato,nativitas-air-quality.csv
2015/1/25, 55, 27, 23, 29, 26,Guanajuato,nativitas-air-quality.csv
2015/1/26, 54, 32, 26, 24, 24,Guanajuato,nativitas-air-quality.csv
2015/1/27, 49, 40, 24, 35, 24,Guanajuato,nativitas-air-quality.csv
2015/1/28, 55, 30, 23, 40, 23,Guanajuato,nativitas-air-quality.csv
2015/1/29, 46, 28, 23, 34, 24,Guanajuato,nativitas-air-quality.csv
2015/1/30, 49, 33, 22, 40, 22,Guanajuato,nativitas-air-quality.csv
2015/1/31, 49, 33, 22, 21, 23,Guanajuato,nativitas-air-quality.csv
2015/2/1, 53, 27, 17, 22, 23,Guanajuato,nativitas-air-quality.csv
2015/2/2, 42, 28, 18, 30, 24,Guanajuato,nativitas-air-quality.csv
2015/2/3, 54, 23, 14, 21, 23,Guanajuato,nativitas-air-quality.csv
2015/2/4, 41, 35, 22, 27, 28,Guanajuato,nativitas-air-quality.csv
2015/2/5, 61, 34, 25, 29, 25,Guanajuato,nativitas-air-quality.csv
2015/2/6, 56, 34, 19, 24, 24,Guanajuato,nativitas-air-quality.csv
2015/2/7, 41, 54, 26, 31, 29,Guanajuato,nativitas-air-quality.csv
2015/2/8, 116, 54, 29, 16, 31,Guanajuato,nativitas-air-quality.csv
2015/2/9, 76, 40, 27, 21, 27,Guanajuato,nativitas-air-quality.csv
2015/2/10, 64, 47, 23, 27, 27,Guanajuato,nativitas-air-quality.csv
2015/2/11, 54, 46, 26, 24, 24,Guanajuato,nativitas-air-quality.csv
2015/2/12, 81, 38, 21, 24, 20,Guanajuato,nativitas-air-quality.csv
2015/2/13, 56, 28, 19, 24, 20,Guanajuato,nativitas-air-quality.csv
2015/2/14, 30, 28, 20, 21, 20,Guanajuato,nativitas-air-quality.csv
2015/2/15, 30, 30, 22, 20, 21,Guanajuato,nativitas-air-quality.csv
2015/2/16, 35, 23, 19, 24, 21,Guanajuato,nativitas-air-quality.csv
2015/2/17, 25, 30, 20, 25, 23,Guanajuato,nativitas-air-quality.csv
2015/2/18, 38, 40, 23, 27, 24,Guanajuato,nativitas-air-quality.csv
2015/2/19, 57, 56, 25, 22, 23,Guanajuato,nativitas-air-quality.csv
2015/2/20, 54, 37, 26, 21, 21,Guanajuato,nativitas-air-quality.csv
2015/2/21, 54, 40, 24, 24, 23,Guanajuato,nativitas-air-quality.csv
2015/2/22, 56, 44, 25, 27, 23,Guanajuato,nativitas-air-quality.csv
2015/2/23, 58, 34, 26, 25, 21,Guanajuato,nativitas-air-quality.csv
2015/2/24, 63, 47, 20, 21, 19,Guanajuato,nativitas-air-quality.csv
2015/2/25, 49, 44, 19, 20, 19,Guanajuato,nativitas-air-quality.csv
2015/2/26, 53, 33, 19, 24, 19,Guanajuato,nativitas-air-quality.csv
2015/2/27, 51, 35, 21, 26, 19,Guanajuato,nativitas-air-quality.csv
2015/2/28, 55, 37, 20, 16, 19,Guanajuato,nativitas-air-quality.csv
2015/3/1, 53, 46, 23, 29, 21,Guanajuato,nativitas-air-quality.csv
2015/3/2, 60, 53, 24, 26, 20,Guanajuato,nativitas-air-quality.csv
2015/3/3, 63, 38, 22, 22, 20,Guanajuato,nativitas-air-quality.csv
2015/3/4, 55, 33, 22, 22, 20,Guanajuato,nativitas-air-quality.csv
2015/3/5, 54, 32, 18, 38, 20,Guanajuato,nativitas-air-quality.csv
2015/3/6, 54, 33, 13, 23, 19,Guanajuato,nativitas-air-quality.csv
2015/3/7, 44, 41, 14, 24, 19,Guanajuato,nativitas-air-quality.csv
2015/3/8, 48, 37, 12, 20, 19,Guanajuato,nativitas-air-quality.csv
2015/3/9, 74, 29, 17, 21, 19,Guanajuato,nativitas-air-quality.csv
2015/3/10, 44, 29, 19, 37, 21,Guanajuato,nativitas-air-quality.csv
2015/3/11, 42, 29, 18, 26, 18,Guanajuato,nativitas-air-quality.csv
2015/3/12, 28, 34, 21, 22, 19,Guanajuato,nativitas-air-quality.csv
2015/3/13, 66, 24, 19, 25, 20,Guanajuato,nativitas-air-quality.csv
2015/3/14, 49, 15, 19, 40, 20,Guanajuato,nativitas-air-quality.csv
2015/3/15, 31, 22, 13, 19, 18,Guanajuato,nativitas-air-quality.csv
2015/3/16, 14, 23, 15, 20, 19,Guanajuato,nativitas-air-quality.csv
2015/3/17, 35, 27, 15, 20, 20,Guanajuato,nativitas-air-quality.csv
2015/3/18, 36, 27, 15, 14, 20,Guanajuato,nativitas-air-quality.csv
2015/3/19, 37, 32, 18, 23, 21,Guanajuato,nativitas-air-quality.csv
2015/3/20, 38, 28, 17, 22, 21,Guanajuato,nativitas-air-quality.csv
2015/3/21, 47, 25, 16, 23, 20,Guanajuato,nativitas-air-quality.csv
2015/3/22, 38, 29, 16, 25, 20,Guanajuato,nativitas-air-quality.csv
2015/3/23, 35, 43, 16, 20, 19,Guanajuato,nativitas-air-quality.csv
2015/3/24, 46, 40, 14, 21, 19,Guanajuato,nativitas-air-quality.csv
2015/3/25, 38, 30, 17, 26, 19,Guanajuato,nativitas-air-quality.csv
2015/3/26, 48, 33, 16, 31, 19,Guanajuato,nativitas-air-quality.csv
2015/3/27, 45, 33, 16, 25, 19,Guanajuato,nativitas-air-quality.csv
2015/3/28, 48, 32, 15, 22, 19,Guanajuato,nativitas-air-quality.csv
2015/3/29, 33, 46, 18, 28, 19,Guanajuato,nativitas-air-quality.csv
2015/3/30, 34, 55, 18, 23, 19,Guanajuato,nativitas-air-quality.csv
2015/3/31, 42, 46, 18, 23, 19,Guanajuato,nativitas-air-quality.csv
2015/4/1, 44, 43, 18, 21, 19,Guanajuato,nativitas-air-quality.csv
2014/10/2, 76, 34, 10, 19, 11,Guanajuato,nativitas-air-quality.csv
2014/10/3, 59, 41, 11, 29, 12,Guanajuato,nativitas-air-quality.csv
2014/10/4, 49, 31, 11, 27, 12,Guanajuato,nativitas-air-quality.csv
2014/10/5, 40, 35, 8, 20, 11,Guanajuato,nativitas-air-quality.csv
2014/10/6, 30, 36, 11, 22, 12,Guanajuato,nativitas-air-quality.csv
2014/10/7, 40, 43, 13, 33, 11,Guanajuato,nativitas-air-quality.csv
2014/10/8, 35, 53, 16, 34, 11,Guanajuato,nativitas-air-quality.csv
2014/10/9, 40, 50, 12, 32, 11,Guanajuato,nativitas-air-quality.csv
2014/10/10, 44, 41, 12, 29, 12,Guanajuato,nativitas-air-quality.csv
2014/10/11, 49, 44, 14, 25, 12,Guanajuato,nativitas-air-quality.csv
2014/10/12, 47, 61, 12, 21, 11,Guanajuato,nativitas-air-quality.csv
2014/10/13, 47, 81, 14, 31, 14,Guanajuato,nativitas-air-quality.csv
2014/10/14, 51, 43, 12, 30, 12,Guanajuato,nativitas-air-quality.csv
2014/10/15, 55, 33, 15, 36, 12,Guanajuato,nativitas-air-quality.csv
2014/10/16, 45, 57, 19, 39, 14,Guanajuato,nativitas-air-quality.csv
2014/10/17, 55, 33, 14, 32, 13,Guanajuato,nativitas-air-quality.csv
2014/10/18, 43, 27, 12, 34, 12,Guanajuato,nativitas-air-quality.csv
2014/10/19, 39, 20, 8, 33, 12,Guanajuato,nativitas-air-quality.csv
2014/10/20, 27, 22, 9, 29, 12,Guanajuato,nativitas-air-quality.csv
2014/10/21, 33, 23, 9, 35, 12,Guanajuato,nativitas-air-quality.csv
2014/10/22, 35, 26, 10, 34, 12,Guanajuato,nativitas-air-quality.csv
2014/10/23, 40, 30, 9, 31, 12,Guanajuato,nativitas-air-quality.csv
2014/10/24, 38, 29, 11, 36, 13,Guanajuato,nativitas-air-quality.csv
2014/10/25, 39, 39, 11, 39, 13,Guanajuato,nativitas-air-quality.csv
2014/10/26, 36, 38, 12, 26, 12,Guanajuato,nativitas-air-quality.csv
2014/10/27, 41, 76, 19, 29, 15,Guanajuato,nativitas-air-quality.csv
2014/10/28, 60, 84, 26, 29, 19,Guanajuato,nativitas-air-quality.csv
2014/10/29, 80, 43, 21, 32, 14,Guanajuato,nativitas-air-quality.csv
2014/10/30, 53, 35, 18, 47, 16,Guanajuato,nativitas-air-quality.csv
2014/10/31, 59, 34, 15, 26, 14,Guanajuato,nativitas-air-quality.csv
2014/11/1, 53, 35, 15, 32, 13,Guanajuato,nativitas-air-quality.csv
2014/11/2, 49, 38, 13, 29, 14,Guanajuato,nativitas-air-quality.csv
2014/11/3, 31, 41, 14, 25, 15,Guanajuato,nativitas-air-quality.csv
2014/11/4, 47, 36, 13, 17, 15,Guanajuato,nativitas-air-quality.csv
2014/11/5, 50, 25, 14, 22, 17,Guanajuato,nativitas-air-quality.csv
2014/11/6, 53, 46, 15, 27, 16,Guanajuato,nativitas-air-quality.csv
2014/11/7, 60, 44, 14, 26, 16,Guanajuato,nativitas-air-quality.csv
2014/11/8, 54, 26, 11, 30, 16,Guanajuato,nativitas-air-quality.csv
2014/11/9, 41, 35, 12, 28, 15,Guanajuato,nativitas-air-quality.csv
2014/11/10, 35, 37, 15, 24, 16,Guanajuato,nativitas-air-quality.csv
2014/11/11, 49, 16, 14, 32, 19,Guanajuato,nativitas-air-quality.csv
2014/11/12, 51, 27, 13, 23, 17,Guanajuato,nativitas-air-quality.csv
2014/11/13, 45, 37, 16, 31, 19,Guanajuato,nativitas-air-quality.csv
2014/11/14, 49, 41, 17, 33, 18,Guanajuato,nativitas-air-quality.csv
2014/11/15, 46, 37, 17, 20, 17,Guanajuato,nativitas-air-quality.csv
2014/11/16, 51, 26, 14, 22, 18,Guanajuato,nativitas-air-quality.csv
2014/11/17, 45, 30, 14, 26, 17,Guanajuato,nativitas-air-quality.csv
2014/11/18, 46, 31, 17, 28, 19,Guanajuato,nativitas-air-quality.csv
2014/11/19, 59, 36, 19, 28, 19,Guanajuato,nativitas-air-quality.csv
2014/11/20, 56, 39, 18, 26, 18,Guanajuato,nativitas-air-quality.csv
2014/11/21, 56, 40, 18, 29, 19,Guanajuato,nativitas-air-quality.csv
2014/11/22, 56, 27, 14, 27, 18,Guanajuato,nativitas-air-quality.csv
2014/11/23, 41, 35, 15, 23, 19,Guanajuato,nativitas-air-quality.csv
2014/11/24, 40, 29, 23, 26, 23,Guanajuato,nativitas-air-quality.csv
2014/11/25, 68, 7, 20, 28, 21,Guanajuato,nativitas-air-quality.csv
2014/11/26, 64, 43, 22, 25, 14,Guanajuato,nativitas-air-quality.csv
2014/11/27, 62, 41, 20, 38, 12,Guanajuato,nativitas-air-quality.csv
2014/11/28, 53, 48, 20, 26, 15,Guanajuato,nativitas-air-quality.csv
2014/11/29, 56, 44, 23, 24, 22,Guanajuato,nativitas-air-quality.csv
2014/11/30, 84, 74, 32, 21, 27,Guanajuato,nativitas-air-quality.csv
2014/12/1, 105, 50, 27, 28, 18,Guanajuato,nativitas-air-quality.csv
2014/12/2, 69, 44, 19, 31, 14,Guanajuato,nativitas-air-quality.csv
2014/12/3, 56, 38, 20, 32, 15,Guanajuato,nativitas-air-quality.csv
2014/12/4, 57, 60, 26, 34, 21,Guanajuato,nativitas-air-quality.csv
2014/12/5, 87, 74, 31, 25, 22,Guanajuato,nativitas-air-quality.csv
2014/12/6, 99, 44, 21, 32, 16,Guanajuato,nativitas-air-quality.csv
2014/12/7, 56, 32, 17, 37, 15,Guanajuato,nativitas-air-quality.csv
2014/12/8, 41, 31, 14, 35, 15,Guanajuato,nativitas-air-quality.csv
2014/12/9, 45, 38, 16, 33, 15,Guanajuato,nativitas-air-quality.csv
2014/12/10, 46, 28, 21, 26, 19,Guanajuato,nativitas-air-quality.csv
2014/12/11, 62, 28, 16, 23, 19,Guanajuato,nativitas-air-quality.csv
2014/12/12, 70, 37, 15, 30, 17,Guanajuato,nativitas-air-quality.csv
2014/12/13, 52, 41, 15, 22, 16,Guanajuato,nativitas-air-quality.csv
2014/12/14, 53, 32, 19, 25, 19,Guanajuato,nativitas-air-quality.csv
2014/12/15, 62, 40, 24, 28, 22,Guanajuato,nativitas-air-quality.csv
2014/12/16, 63, 41, 19, 20, 17,Guanajuato,nativitas-air-quality.csv
2014/12/17, 50, 43, 20, 24, 18,Guanajuato,nativitas-air-quality.csv
2014/12/18, 61, 47, 23, 31, 21,Guanajuato,nativitas-air-quality.csv
2014/12/19, 80, 41, 25, 25, 22,Guanajuato,nativitas-air-quality.csv
2014/12/20, 83, 39, 22, 24, 21,Guanajuato,nativitas-air-quality.csv
2014/12/21, 83, 35, 21, 24, 19,Guanajuato,nativitas-air-quality.csv
2014/12/22, 61, 39, 23, 23, 20,Guanajuato,nativitas-air-quality.csv
2014/12/23, 66, 32, 22, 25, 21,Guanajuato,nativitas-air-quality.csv
2014/12/24, 72, 28, 25, 32, 24,Guanajuato,nativitas-air-quality.csv
2014/12/25, 87, 29, 16, 20, 19,Guanajuato,nativitas-air-quality.csv
2014/12/26, 58, 28, 18, 26, 20,Guanajuato,nativitas-air-quality.csv
2014/12/27, 47, 29, 19, 25, 21,Guanajuato,nativitas-air-quality.csv
2014/12/28, 58, 28, 22, 31, 24,Guanajuato,nativitas-air-quality.csv
2014/12/29, 66, , , , ,Guanajuato,nativitas-air-quality.csv
2014/9/23, 40, 24, 7, 28, 11,Guanajuato,nativitas-air-quality.csv
2014/9/24, 39, 33, 9, 25, 11,Guanajuato,nativitas-air-quality.csv
2014/9/25, 40, 39, 10, 27, 11,Guanajuato,nativitas-air-quality.csv
2014/9/26, 41, 41, 10, 28, 11,Guanajuato,nativitas-air-quality.csv
2014/9/27, 43, 31, 9, 28, 11,Guanajuato,nativitas-air-quality.csv
2014/9/28, 42, 32, 8, 33, 11,Guanajuato,nativitas-air-quality.csv
2014/9/29, 48, 31, 9, 31, 11,Guanajuato,nativitas-air-quality.csv
2014/9/30, 47, 46, 9, 31, 11,Guanajuato,nativitas-air-quality.csv
2014/10/1, 53, 51, 11, 26, 12,Guanajuato,nativitas-air-quality.csv
2025/8/17, , 30, 7, 26, 12,Guanajuato,nativitas-air-quality.csv
2025/7/2, , 23, , 22, 17,Guanajuato,nativitas-air-quality.csv
2025/7/3, , 35, , 23, 16,Guanajuato,nativitas-air-quality.csv
2025/7/4, , 42, , 27, 18,Guanajuato,nativitas-air-quality.csv
2025/7/5, , 86, , 34, 17,Guanajuato,nativitas-air-quality.csv
2025/7/6, , 86, , 34, 17,Guanajuato,nativitas-air-quality.csv
2025/7/7, , 27, , 22, 17,Guanajuato,nativitas-air-quality.csv
2025/7/8, , 57, , 30, 17,Guanajuato,nativitas-air-quality.csv
2025/7/9, , 41, , 24, 15,Guanajuato,nativitas-air-quality.csv
2025/5/18, , 41, 4, 9, 15,Guanajuato,nativitas-air-quality.csv
2025/5/21, , 25, 9, 14, 17,Guanajuato,nativitas-air-quality.csv
2025/6/2, , 34, 6, 7, 18,Guanajuato,nativitas-air-quality.csv
2025/6/4, , 40, 5, 15, 19,Guanajuato,nativitas-air-quality.csv
2025/6/9, , 42, 3, 14, 14,Guanajuato,nativitas-air-quality.csv
2025/6/10, , 52, 4, 21, 15,Guanajuato,nativitas-air-quality.csv
2025/6/11, , 39, 3, 18, 15,Guanajuato,nativitas-air-quality.csv
2025/6/12, , 36, 4, 30, 20,Guanajuato,nativitas-air-quality.csv
2025/6/14, , 24, , 13, 22,Guanajuato,nativitas-air-quality.csv
2025/6/15, , 12, , 12, 25,Guanajuato,nativitas-air-quality.csv
2025/6/16, , 20, , 14, 29,Guanajuato,nativitas-air-quality.csv
2025/6/17, , 26, , 24, 31,Guanajuato,nativitas-air-quality.csv
2025/6/18, , 18, , 16, 31,Guanajuato,nativitas-air-quality.csv
2025/6/19, , 15, , 13, 32,Guanajuato,nativitas-air-quality.csv
2025/6/21, , 16, , 22, 18,Guanajuato,nativitas-air-quality.csv
2025/6/22, , 17, , 16, 17,Guanajuato,nativitas-air-quality.csv
2025/6/23, , 23, , 20, 18,Guanajuato,nativitas-air-quality.csv
2025/6/24, , 8, , 20, 19,Guanajuato,nativitas-air-quality.csv
2025/6/25, , 23, , 20, 18,Guanajuato,nativitas-air-quality.csv
2025/7/1, , 19, , 21, 16,Guanajuato,nativitas-air-quality.csv
2025/1/1, , 38, 6, 26, 23,Guanajuato,nativitas-air-quality.csv
2025/1/16, , 30, 8, 19, 40,Guanajuato,nativitas-air-quality.csv
2025/1/23, , 27, 5, 21, 23,Guanajuato,nativitas-air-quality.csv
2025/1/28, , 41, 8, 21, 22,Guanajuato,nativitas-air-quality.csv
2025/1/30, , 26, 3, 19, 15,Guanajuato,nativitas-air-quality.csv
2025/2/10, , 22, 13, 21, 51,Guanajuato,nativitas-air-quality.csv
2025/3/10, , 34, 5, 20, 43,Guanajuato,nativitas-air-quality.csv
2024/10/22, , 23, 2, 21, 13,Guanajuato,nativitas-air-quality.csv
2024/11/17, , 6, 7, 19, 19,Guanajuato,nativitas-air-quality.csv
2024/12/17, , 24, 4, 26, 16,Guanajuato,nativitas-air-quality.csv
2024/8/8, , 40, 3, 18, 18,Guanajuato,nativitas-air-quality.csv
2024/8/12, , 21, 2, 19, 18,Guanajuato,nativitas-air-quality.csv
2024/8/27, , 22, 2, 19, 19,Guanajuato,nativitas-air-quality.csv
2024/9/3, , 36, 2, 18, 19,Guanajuato,nativitas-air-quality.csv
2024/9/5, , 28, 3, 21, 20,Guanajuato,nativitas-air-quality.csv
2024/4/26, , 36, 4, 14, 11,Guanajuato,nativitas-air-quality.csv
2024/5/9, , 48, 7, 23, 14,Guanajuato,nativitas-air-quality.csv
2024/6/11, , 33, 4, 23, 15,Guanajuato,nativitas-air-quality.csv
2024/6/26, , 34, 5, 18, 18,Guanajuato,nativitas-air-quality.csv
2024/1/15, , 26, 9, 15, 21,Guanajuato,nativitas-air-quality.csv
2023/10/10, , 10, 2, 10, 8,Guanajuato,nativitas-air-quality.csv
2023/10/21, , 9, 9, 11, 10,Guanajuato,nativitas-air-quality.csv
2023/10/28, , 6, 5, 13, 10,Guanajuato,nativitas-air-quality.csv
2023/11/2, , 17, 2, 12, 9,Guanajuato,nativitas-air-quality.csv
2023/11/4, , 12, 3, 11, 10,Guanajuato,nativitas-air-quality.csv
2023/11/13, , 13, 6, 19, 12,Guanajuato,nativitas-air-quality.csv
2023/11/16, , 43, 4, 26, 11,Guanajuato,nativitas-air-quality.csv
2023/12/15, , 5, 7, 13, 15,Guanajuato,nativitas-air-quality.csv
2023/12/21, , 21, 8, 50, 16,Guanajuato,nativitas-air-quality.csv
2023/7/10, , 40, 4, 13, 8,Guanajuato,nativitas-air-quality.csv
2023/8/7, , 38, 5, 19, 11,Guanajuato,nativitas-air-quality.csv
2023/8/12, , 60, 9, 32, 14,Guanajuato,nativitas-air-quality.csv
2023/8/19, , 32, 4, 13, 12,Guanajuato,nativitas-air-quality.csv
2023/8/22, , 30, 6, 14, 12,Guanajuato,nativitas-air-quality.csv
2023/9/1, , 41, 7, 13, 15,Guanajuato,nativitas-air-quality.csv
2023/9/7, , 44, 4, 16, 8,Guanajuato,nativitas-air-quality.csv
2023/9/20, , 39, 5, 16, 9,Guanajuato,nativitas-air-quality.csv
2023/5/3, , 50, 8, 20, 20,Guanajuato,nativitas-air-quality.csv
2023/5/7, , 36, 7, 19, 20,Guanajuato,nativitas-air-quality.csv
2023/6/7, , 47, 4, 10, 22,Guanajuato,nativitas-air-quality.csv
2023/1/8, , 43, 10, 17, ,Guanajuato,nativitas-air-quality.csv
2023/2/5, , 40, 5, 13, 4,Guanajuato,nativitas-air-quality.csv
2023/3/2, , 34, 6, 7, 8,Guanajuato,nativitas-air-quality.csv
2023/3/9, , 53, 12, 8, 11,Guanajuato,nativitas-air-quality.csv
2022/10/3, , 52, 2, 12, 8,Guanajuato,nativitas-air-quality.csv
2022/11/7, , 37, 7, 12, ,Guanajuato,nativitas-air-quality.csv
2022/12/14, , 39, 5, 6, ,Guanajuato,nativitas-air-quality.csv
2022/8/8, , 33, 5, 12, 6,Guanajuato,nativitas-air-quality.csv
2022/4/13, , 31, 8, 2, 12,Guanajuato,nativitas-air-quality.csv
2022/4/28, , 22, 23, 5, 15,Guanajuato,nativitas-air-quality.csv
2022/5/1, , 29, 10, 4, 15,Guanajuato,nativitas-air-quality.csv
2022/5/23, , 60, 6, 3, 14,Guanajuato,nativitas-air-quality.csv
2022/6/15, , 25, 7, 3, 13,Guanajuato,nativitas-air-quality.csv
2022/6/27, , 33, 8, 3, 14,Guanajuato,nativitas-air-quality.csv
2022/2/1, , 31, 11, 3, 15,Guanajuato,nativitas-air-quality.csv
2022/3/10, , 34, 8, 4, 8,Guanajuato,nativitas-air-quality.csv
2021/10/2, , 53, , 7, 9,Guanajuato,nativitas-air-quality.csv
2021/10/26, , 28, 12, 8, 10,Guanajuato,nativitas-air-quality.csv
2021/11/1, , 41, 10, 6, 9,Guanajuato,nativitas-air-quality.csv
2021/11/9, , 24, 12, 12, 11,Guanajuato,nativitas-air-quality.csv
2021/12/7, , 28, 30, 7, 21,Guanajuato,nativitas-air-quality.csv
2021/7/15, , 22, , 2, 6,Guanajuato,nativitas-air-quality.csv
2021/8/1, , 40, , 6, 7,Guanajuato,nativitas-air-quality.csv
2021/8/8, , 14, , 4, 8,Guanajuato,nativitas-air-quality.csv
2021/8/11, , 39, , 4, 7,Guanajuato,nativitas-air-quality.csv
2021/8/15, , 37, , 3, 7,Guanajuato,nativitas-air-quality.csv
2021/9/2, , 13, , 5, 9,Guanajuato,nativitas-air-quality.csv
2021/9/19, , 27, , 3, 8,Guanajuato,nativitas-air-quality.csv
2021/9/27, , 26, , 3, 9,Guanajuato,nativitas-air-quality.csv
2021/5/11, , 23, , 11, 16,Guanajuato,nativitas-air-quality.csv
2021/5/25, , 41, , 8, 13,Guanajuato,nativitas-air-quality.csv
2021/6/6, , 72, , , ,Guanajuato,nativitas-air-quality.csv
2020/10/5, , 41, , 6, 31,Guanajuato,nativitas-air-quality.csv
2020/10/11, , 38, , 7, 35,Guanajuato,nativitas-air-quality.csv
2020/10/18, , 30, , 16, 33,Guanajuato,nativitas-air-quality.csv
2020/10/25, , 34, , 8, 35,Guanajuato,nativitas-air-quality.csv
2020/11/2, , 25, , 4, 33,Guanajuato,nativitas-air-quality.csv
2020/11/12, , 48, , 15, 46,Guanajuato,nativitas-air-quality.csv
2020/7/12, , 33, 8, 3, 24,Guanajuato,nativitas-air-quality.csv
2020/8/3, , 28, 11, 7, 27,Guanajuato,nativitas-air-quality.csv
2020/8/9, , 22, 8, 6, 27,Guanajuato,nativitas-air-quality.csv
2020/8/16, , 35, , 5, 28,Guanajuato,nativitas-air-quality.csv
2020/8/23, , 34, , 16, 29,Guanajuato,nativitas-air-quality.csv
2020/8/30, , 23, , 4, 29,Guanajuato,nativitas-air-quality.csv
2020/9/6, , 24, , 40, 30,Guanajuato,nativitas-air-quality.csv
2020/9/14, , 28, , 4, 30,Guanajuato,nativitas-air-quality.csv
2020/9/20, , 28, , 27, 31,Guanajuato,nativitas-air-quality.csv
2020/9/28, , 37, , 25, 31,Guanajuato,nativitas-air-quality.csv
2020/4/13, , 35, , 3, 12,Guanajuato,nativitas-air-quality.csv
2020/4/16, , 38, , 5, 13,Guanajuato,nativitas-air-quality.csv
2020/4/19, , 39, , 5, 15,Guanajuato,nativitas-air-quality.csv
2020/6/29, , 51, 11, 8, 24,Guanajuato,nativitas-air-quality.csv
2020/1/9, , 38, , 10, 34,Guanajuato,nativitas-air-quality.csv
2020/1/14, , 31, , 16, 28,Guanajuato,nativitas-air-quality.csv
2020/1/19, , 21, , 11, 24,Guanajuato,nativitas-air-quality.csv
2020/1/26, , 22, , 11, 26,Guanajuato,nativitas-air-quality.csv
2020/2/5, , 13, , 9, 26,Guanajuato,nativitas-air-quality.csv
2020/2/9, , 23, , 21, 29,Guanajuato,nativitas-air-quality.csv
2020/2/16, , 41, , 32, 31,Guanajuato,nativitas-air-quality.csv
2020/3/16, , 18, , 4, 9,Guanajuato,nativitas-air-quality.csv
2020/3/19, , 25, , 4, ,Guanajuato,nativitas-air-quality.csv
2019/10/13, , 32, , 6, 8,Guanajuato,nativitas-air-quality.csv
2019/10/20, , 12, , 6, 8,Guanajuato,nativitas-air-quality.csv
2019/11/3, , 26, , 10, 11,Guanajuato,nativitas-air-quality.csv
2019/11/12, , 29, , 10, 13,Guanajuato,nativitas-air-quality.csv
2019/11/18, , 26, , 9, 15,Guanajuato,nativitas-air-quality.csv
2019/11/25, , 31, , 9, 17,Guanajuato,nativitas-air-quality.csv
2019/12/1, , 29, , 9, 16,Guanajuato,nativitas-air-quality.csv
2019/12/8, , 33, , 14, 26,Guanajuato,nativitas-air-quality.csv
2019/12/15, , 34, , 7, 24,Guanajuato,nativitas-air-quality.csv
2019/8/5, , 19, , 9, 13,Guanajuato,nativitas-air-quality.csv
2019/8/8, , 28, , 8, 14,Guanajuato,nativitas-air-quality.csv
2019/8/19, , 25, , 18, 11,Guanajuato,nativitas-air-quality.csv
2019/8/29, , 15, , 15, ,Guanajuato,nativitas-air-quality.csv
2019/9/4, , 7, , 10, ,Guanajuato,nativitas-air-quality.csv
2019/9/7, , 9, , 11, ,Guanajuato,nativitas-air-quality.csv
2019/9/14, , 17, , 9, 23,Guanajuato,nativitas-air-quality.csv
2019/9/17, , 21, , 8, 6,Guanajuato,nativitas-air-quality.csv
2019/9/23, , 16, , 17, 7,Guanajuato,nativitas-air-quality.csv
2019/9/27, , 2, , 14, 19,Guanajuato,nativitas-air-quality.csv
2019/4/1, , 43, , 6, 14,Guanajuato,nativitas-air-quality.csv
2019/4/28, , 58, , 7, 22,Guanajuato,nativitas-air-quality.csv
2019/5/5, , 40, , 9, 22,Guanajuato,nativitas-air-quality.csv
2019/6/24, , 36, , 19, 11,Guanajuato,nativitas-air-quality.csv
2019/1/1, , 35, , 16, 29,Guanajuato,nativitas-air-quality.csv
2019/3/3, , 42, , 9, 8,Guanajuato,nativitas-air-quality.csv
2018/11/7, , 17, , 17, ,Guanajuato,nativitas-air-quality.csv
2018/11/19, , 21, , 16, ,Guanajuato,nativitas-air-quality.csv
2018/7/1, , 23, 3, 4, ,Guanajuato,nativitas-air-quality.csv
2018/7/30, , 24, 9, 8, ,Guanajuato,nativitas-air-quality.csv
2018/9/10, , 8, 3, , ,Guanajuato,nativitas-air-quality.csv
2018/9/16, , 10, 11, 32, ,Guanajuato,nativitas-air-quality.csv
2018/9/18, , 25, 6, 14, ,Guanajuato,nativitas-air-quality.csv
2018/6/3, , 18, 3, 32, ,Guanajuato,nativitas-air-quality.csv
2018/6/24, , 16, 3, 3, ,Guanajuato,nativitas-air-quality.csv
2018/1/4, , 7, , 29, ,Guanajuato,nativitas-air-quality.csv
2018/1/14, , 11, 9, 12, ,Guanajuato,nativitas-air-quality.csv
2017/10/24, , 16, 5, 12, ,Guanajuato,nativitas-air-quality.csv
2017/11/22, , 21, 11, 25, ,Guanajuato,nativitas-air-quality.csv
2017/7/5, , 26, 11, 16, 10,Guanajuato,nativitas-air-quality.csv
2017/7/6, , 23, 8, 21, 8,Guanajuato,nativitas-air-quality.csv
2017/7/12, , 22, 4, 5, 9,Guanajuato,nativitas-air-quality.csv
2017/9/10, , 11, 6, 15, 16,Guanajuato,nativitas-air-quality.csv
2017/9/28, , 11, 6, 12, 18,Guanajuato,nativitas-air-quality.csv
2016/7/27, , 27, 6, 8, ,Guanajuato,nativitas-air-quality.csv
2015/5/5, , 41, 18, 41, 23,Guanajuato,nativitas-air-quality.csv
2015/1/1, , 48, 17, 24, 20,Guanajuato,nativitas-air-quality.csv
2014/9/22, , 31, 9, 21, 11,Guanajuato,nativitas-air-quality.csv
2025/7/22, , , 8, , ,Guanajuato,nativitas-air-quality.csv
2019/6/16, , , , 11, 12,Guanajuato,nativitas-air-quality.csv
2025/8/2, 16, 28, , 12, 16,Guanajuato,secundaria-air-quality.csv
2025/8/3, 16, 45, , 15, 17,Guanajuato,secundaria-air-quality.csv
2025/8/4, 21, 39, , 19, 19,Guanajuato,secundaria-air-quality.csv
2025/8/5, 26, 23, , 5, 17,Guanajuato,secundaria-air-quality.csv
2025/8/6, 17, 22, , 9, 17,Guanajuato,secundaria-air-quality.csv
2025/8/7, 30, 28, , 8, 18,Guanajuato,secundaria-air-quality.csv
2025/8/8, 16, 55, , 8, 19,Guanajuato,secundaria-air-quality.csv
2025/8/9, 19, , , , ,Guanajuato,secundaria-air-quality.csv
2025/8/14, 44, 39, , 25, 20,Guanajuato,secundaria-air-quality.csv
2025/8/15, 29, 42, , 20, 21,Guanajuato,secundaria-air-quality.csv
2025/8/16, 21, , , , ,Guanajuato,secundaria-air-quality.csv
2025/8/18, 23, 26, , 23, 21,Guanajuato,secundaria-air-quality.csv
2025/8/19, 21, 25, , 24, 20,Guanajuato,secundaria-air-quality.csv
2025/8/20, 16, 37, , , 22,Guanajuato,secundaria-air-quality.csv
2025/8/21, 25, 36, , , 21,Guanajuato,secundaria-air-quality.csv
2025/8/22, 23, 41, , , 23,Guanajuato,secundaria-air-quality.csv
2025/8/23, 20, 36, , , 23,Guanajuato,secundaria-air-quality.csv
2025/8/24, 16, 38, , , 23,Guanajuato,secundaria-air-quality.csv
2025/8/25, 11, 36, , , 23,Guanajuato,secundaria-air-quality.csv
2025/8/26, 21, 28, , , 23,Guanajuato,secundaria-air-quality.csv
2025/8/27, 18, 28, , , 23,Guanajuato,secundaria-air-quality.csv
2025/8/28, 24, 38, , , 23,Guanajuato,secundaria-air-quality.csv
2025/8/29, 20, 21, , , 23,Guanajuato,secundaria-air-quality.csv
2025/8/30, 12, , , , ,Guanajuato,secundaria-air-quality.csv
2025/7/2, 14, 18, , 27, 27,Guanajuato,secundaria-air-quality.csv
2025/7/3, 19, 32, , 23, 27,Guanajuato,secundaria-air-quality.csv
2025/7/4, 24, 43, , 20, 35,Guanajuato,secundaria-air-quality.csv
2025/7/5, 29, 89, , 25, 42,Guanajuato,secundaria-air-quality.csv
2025/7/6, 18, 24, , 2, 43,Guanajuato,secundaria-air-quality.csv
2025/7/7, 26, 45, , 4, 43,Guanajuato,secundaria-air-quality.csv
2025/7/8, 24, 34, , 6, 43,Guanajuato,secundaria-air-quality.csv
2025/7/9, 21, , , , ,Guanajuato,secundaria-air-quality.csv
2025/7/11, 40, 29, , 14, 16,Guanajuato,secundaria-air-quality.csv
2025/7/12, 17, 33, , 18, 17,Guanajuato,secundaria-air-quality.csv
2025/7/13, 17, 33, , 19, 17,Guanajuato,secundaria-air-quality.csv
2025/7/14, 23, 36, , 14, 16,Guanajuato,secundaria-air-quality.csv
2025/7/15, 32, 37, , 17, 16,Guanajuato,secundaria-air-quality.csv
2025/7/16, 18, 44, , 22, 15,Guanajuato,secundaria-air-quality.csv
2025/7/17, 20, 26, , 26, 16,Guanajuato,secundaria-air-quality.csv
2025/7/18, 25, 31, , 24, 16,Guanajuato,secundaria-air-quality.csv
2025/7/19, 14, 34, , 22, 16,Guanajuato,secundaria-air-quality.csv
2025/7/20, 8, 25, , 22, 16,Guanajuato,secundaria-air-quality.csv
2025/7/21, 7, 54, , 22, 19,Guanajuato,secundaria-air-quality.csv
2025/7/22, 30, 37, , 15, 18,Guanajuato,secundaria-air-quality.csv
2025/7/23, 38, 34, , 26, 16,Guanajuato,secundaria-air-quality.csv
2025/7/24, 21, 39, , 20, 16,Guanajuato,secundaria-air-quality.csv
2025/7/25, 13, 39, , 11, 16,Guanajuato,secundaria-air-quality.csv
2025/7/26, 15, 32, , 13, 16,Guanajuato,secundaria-air-quality.csv
2025/7/27, 20, 23, , 14, 16,Guanajuato,secundaria-air-quality.csv
2025/7/28, 13, 23, , 14, 16,Guanajuato,secundaria-air-quality.csv
2025/7/29, 16, 23, , 14, 16,Guanajuato,secundaria-air-quality.csv
2025/7/30, 19, 29, , 13, 16,Guanajuato,secundaria-air-quality.csv
2025/7/31, 19, 33, , 12, 16,Guanajuato,secundaria-air-quality.csv
2025/8/1, 21, 26, , 15, 17,Guanajuato,secundaria-air-quality.csv
2025/4/2, 51, 22, , 12, 19,Guanajuato,secundaria-air-quality.csv
2025/4/3, 48, 19, , 11, 19,Guanajuato,secundaria-air-quality.csv
2025/4/4, 33, 17, , 14, 20,Guanajuato,secundaria-air-quality.csv
2025/4/5, 40, 14, , 6, 20,Guanajuato,secundaria-air-quality.csv
2025/4/6, 45, 8, , 15, 22,Guanajuato,secundaria-air-quality.csv
2025/4/7, 30, 19, , 17, 21,Guanajuato,secundaria-air-quality.csv
2025/4/8, 33, 18, , 15, 22,Guanajuato,secundaria-air-quality.csv
2025/4/9, 31, 26, , 16, 23,Guanajuato,secundaria-air-quality.csv
2025/4/10, 41, 19, , 15, 22,Guanajuato,secundaria-air-quality.csv
2025/4/11, 35, 27, , 17, 23,Guanajuato,secundaria-air-quality.csv
2025/4/12, 42, 21, , 15, 23,Guanajuato,secundaria-air-quality.csv
2025/4/13, 26, 23, , 16, 24,Guanajuato,secundaria-air-quality.csv
2025/4/14, 30, 21, , 24, 26,Guanajuato,secundaria-air-quality.csv
2025/4/15, 31, 22, , 18, 25,Guanajuato,secundaria-air-quality.csv
2025/4/16, 44, 28, , 15, 26,Guanajuato,secundaria-air-quality.csv
2025/4/17, 40, 23, , 16, 26,Guanajuato,secundaria-air-quality.csv
2025/4/18, 42, 7, , 15, 28,Guanajuato,secundaria-air-quality.csv
2025/4/19, 54, 23, , 12, 25,Guanajuato,secundaria-air-quality.csv
2025/4/20, 46, 21, , 13, 26,Guanajuato,secundaria-air-quality.csv
2025/4/21, 43, 29, , 12, 19,Guanajuato,secundaria-air-quality.csv
2025/4/22, 42, 34, , 13, 16,Guanajuato,secundaria-air-quality.csv
2025/4/23, 45, 30, , 12, 16,Guanajuato,secundaria-air-quality.csv
2025/4/24, 37, 20, , 10, 17,Guanajuato,secundaria-air-quality.csv
2025/4/25, 42, 23, , 7, 21,Guanajuato,secundaria-air-quality.csv
2025/4/26, 49, 28, , 12, 19,Guanajuato,secundaria-air-quality.csv
2025/4/27, 49, 26, , 18, 19,Guanajuato,secundaria-air-quality.csv
2025/4/28, 38, 26, , 16, 19,Guanajuato,secundaria-air-quality.csv
2025/4/29, 33, 23, , 16, 19,Guanajuato,secundaria-air-quality.csv
2025/4/30, 45, 21, , 13, 20,Guanajuato,secundaria-air-quality.csv
2025/5/1, 48, 22, , 13, 20,Guanajuato,secundaria-air-quality.csv
2025/5/2, 53, 19, , 13, 20,Guanajuato,secundaria-air-quality.csv
2025/5/3, 42, 22, , 13, 20,Guanajuato,secundaria-air-quality.csv
2025/5/4, 42, 23, , 13, 21,Guanajuato,secundaria-air-quality.csv
2025/5/5, 43, 18, , 13, 21,Guanajuato,secundaria-air-quality.csv
2025/5/6, 45, 18, , 13, 21,Guanajuato,secundaria-air-quality.csv
2025/5/7, 44, 31, , 14, 21,Guanajuato,secundaria-air-quality.csv
2025/5/8, 39, 34, , 13, 22,Guanajuato,secundaria-air-quality.csv
2025/5/9, 47, , , 12, 22,Guanajuato,secundaria-air-quality.csv
2025/5/10, 45, , , 14, 22,Guanajuato,secundaria-air-quality.csv
2025/5/11, 24, , , 15, 22,Guanajuato,secundaria-air-quality.csv
2025/5/12, 18, 32, , 18, 24,Guanajuato,secundaria-air-quality.csv
2025/5/13, 40, 36, , 14, 23,Guanajuato,secundaria-air-quality.csv
2025/5/14, 46, 43, , 13, 24,Guanajuato,secundaria-air-quality.csv
2025/5/15, 54, 42, , 14, 24,Guanajuato,secundaria-air-quality.csv
2025/5/16, 52, , , , ,Guanajuato,secundaria-air-quality.csv
2025/6/10, 28, 46, , 13, 19,Guanajuato,secundaria-air-quality.csv
2025/6/11, 29, , , , ,Guanajuato,secundaria-air-quality.csv
2025/6/15, 19, 21, , 12, 24,Guanajuato,secundaria-air-quality.csv
2025/6/16, 6, 21, , 5, 24,Guanajuato,secundaria-air-quality.csv
2025/6/17, 16, 23, , 11, 22,Guanajuato,secundaria-air-quality.csv
2025/6/18, 11, 15, , 21, 22,Guanajuato,secundaria-air-quality.csv
2025/6/19, 15, 13, , 17, 23,Guanajuato,secundaria-air-quality.csv
2025/6/20, 9, 8, , 14, 25,Guanajuato,secundaria-air-quality.csv
2025/6/21, 6, 13, , 22, 26,Guanajuato,secundaria-air-quality.csv
2025/6/22, 12, 14, , 14, 27,Guanajuato,secundaria-air-quality.csv
2025/6/23, 8, 18, , 6, 26,Guanajuato,secundaria-air-quality.csv
2025/6/24, 11, 13, , 3, 26,Guanajuato,secundaria-air-quality.csv
2025/6/25, 18, 17, , 5, 26,Guanajuato,secundaria-air-quality.csv
2025/6/26, 13, 11, , 2, 25,Guanajuato,secundaria-air-quality.csv
2025/6/27, 15, , , , ,Guanajuato,secundaria-air-quality.csv
2025/6/29, 15, 18, , 18, 24,Guanajuato,secundaria-air-quality.csv
2025/6/30, 12, 17, , 12, 25,Guanajuato,secundaria-air-quality.csv
2025/7/1, 27, 14, , 21, 26,Guanajuato,secundaria-air-quality.csv
2025/1/2, 75, 33, , 12, 13,Guanajuato,secundaria-air-quality.csv
2025/1/3, 35, 33, , 12, 12,Guanajuato,secundaria-air-quality.csv
2025/1/4, 30, 33, , 12, 13,Guanajuato,secundaria-air-quality.csv
2025/1/5, 29, 44, , 12, 14,Guanajuato,secundaria-air-quality.csv
2025/1/6, 42, 34, , 12, 17,Guanajuato,secundaria-air-quality.csv
2025/1/7, 48, 24, , 12, 14,Guanajuato,secundaria-air-quality.csv
2025/1/8, 48, 28, , 12, 12,Guanajuato,secundaria-air-quality.csv
2025/1/9, 25, 20, , 12, 12,Guanajuato,secundaria-air-quality.csv
2025/1/10, 36, 16, , 12, 12,Guanajuato,secundaria-air-quality.csv
2025/1/11, 19, 17, , 12, 11,Guanajuato,secundaria-air-quality.csv
2025/1/12, 12, 7, , 12, 11,Guanajuato,secundaria-air-quality.csv
2025/1/13, 8, , , , ,Guanajuato,secundaria-air-quality.csv
2025/1/17, 52, 31, , 11, 12,Guanajuato,secundaria-air-quality.csv
2025/1/18, 42, 25, , 12, 11,Guanajuato,secundaria-air-quality.csv
2025/1/19, 34, 26, , 12, 12,Guanajuato,secundaria-air-quality.csv
2025/1/20, 27, 29, , 12, 15,Guanajuato,secundaria-air-quality.csv
2025/1/21, 42, , , , ,Guanajuato,secundaria-air-quality.csv
2025/1/24, 30, 26, , , 13,Guanajuato,secundaria-air-quality.csv
2025/1/25, 39, 32, , , 18,Guanajuato,secundaria-air-quality.csv
2025/1/26, 34, 38, , , 16,Guanajuato,secundaria-air-quality.csv
2025/1/27, 59, , , , ,Guanajuato,secundaria-air-quality.csv
2025/1/29, 52, 32, , , 17,Guanajuato,secundaria-air-quality.csv
2025/1/30, 53, 25, , , 15,Guanajuato,secundaria-air-quality.csv
2025/1/31, 37, 32, , , 16,Guanajuato,secundaria-air-quality.csv
2025/2/1, 43, 30, , , 15,Guanajuato,secundaria-air-quality.csv
2025/2/2, 29, 33, , , 16,Guanajuato,secundaria-air-quality.csv
2025/2/3, 36, 36, , , 18,Guanajuato,secundaria-air-quality.csv
2025/2/4, 34, 16, , , 17,Guanajuato,secundaria-air-quality.csv
2025/2/5, 32, 35, , 4, 22,Guanajuato,secundaria-air-quality.csv
2025/2/6, 45, 42, , 5, 20,Guanajuato,secundaria-air-quality.csv
2025/2/7, 61, 35, , 4, 18,Guanajuato,secundaria-air-quality.csv
2025/2/8, 41, 37, , 4, 18,Guanajuato,secundaria-air-quality.csv
2025/2/9, 37, 36, , 6, 19,Guanajuato,secundaria-air-quality.csv
2025/2/10, 42, 37, , 10, 22,Guanajuato,secundaria-air-quality.csv
2025/2/11, 56, 35, , 3, 18,Guanajuato,secundaria-air-quality.csv
2025/2/12, 50, 26, , 5, 16,Guanajuato,secundaria-air-quality.csv
2025/2/13, 39, 28, , 8, 20,Guanajuato,secundaria-air-quality.csv
2025/2/14, 51, 28, , 8, 17,Guanajuato,secundaria-air-quality.csv
2025/2/15, 35, 27, , 7, 19,Guanajuato,secundaria-air-quality.csv
2025/2/16, 45, 33, , 8, 18,Guanajuato,secundaria-air-quality.csv
2025/2/17, 39, 20, , 9, 19,Guanajuato,secundaria-air-quality.csv
2025/2/18, 37, 26, , 7, 20,Guanajuato,secundaria-air-quality.csv
2025/2/19, 43, 24, , 10, 20,Guanajuato,secundaria-air-quality.csv
2025/2/20, 29, 30, , 9, 20,Guanajuato,secundaria-air-quality.csv
2025/2/21, 31, 26, , 11, 22,Guanajuato,secundaria-air-quality.csv
2025/2/22, 28, 37, , 10, 24,Guanajuato,secundaria-air-quality.csv
2025/2/23, 27, 26, , 7, 22,Guanajuato,secundaria-air-quality.csv
2025/2/24, 32, 30, , 6, 22,Guanajuato,secundaria-air-quality.csv
2025/2/25, 28, 35, , 7, 30,Guanajuato,secundaria-air-quality.csv
2025/2/26, 46, 33, , 3, 25,Guanajuato,secundaria-air-quality.csv
2025/2/27, 44, 33, , 10, 23,Guanajuato,secundaria-air-quality.csv
2025/2/28, 42, 39, , 14, 13,Guanajuato,secundaria-air-quality.csv
2025/3/1, 47, 31, , 17, 13,Guanajuato,secundaria-air-quality.csv
2025/3/2, 44, 30, , 9, 12,Guanajuato,secundaria-air-quality.csv
2025/3/3, 40, 30, , 11, 14,Guanajuato,secundaria-air-quality.csv
2025/3/4, 45, 27, , 17, 14,Guanajuato,secundaria-air-quality.csv
2025/3/5, 45, 36, , 23, 18,Guanajuato,secundaria-air-quality.csv
2025/3/6, 53, 24, , 19, 14,Guanajuato,secundaria-air-quality.csv
2025/3/7, 52, 19, , 15, ,Guanajuato,secundaria-air-quality.csv
2025/3/8, 31, 13, , 14, 9,Guanajuato,secundaria-air-quality.csv
2025/3/9, 35, , , , ,Guanajuato,secundaria-air-quality.csv
2025/3/11, 43, 21, , 15, 15,Guanajuato,secundaria-air-quality.csv
2025/3/12, 39, 15, , , 16,Guanajuato,secundaria-air-quality.csv
2025/3/13, 45, 18, , , 16,Guanajuato,secundaria-air-quality.csv
2025/3/14, 42, 13, , , 16,Guanajuato,secundaria-air-quality.csv
2025/3/15, 41, 16, , , 18,Guanajuato,secundaria-air-quality.csv
2025/3/16, 34, 20, , , 21,Guanajuato,secundaria-air-quality.csv
2025/3/17, 47, 18, , , 20,Guanajuato,secundaria-air-quality.csv
2025/3/18, 55, 22, , , 22,Guanajuato,secundaria-air-quality.csv
2025/3/19, 54, 20, , , 23,Guanajuato,secundaria-air-quality.csv
2025/3/20, 42, 19, , , 22,Guanajuato,secundaria-air-quality.csv
2025/3/21, 100, 31, , , 19,Guanajuato,secundaria-air-quality.csv
2025/3/22, 55, 34, , , 13,Guanajuato,secundaria-air-quality.csv
2025/3/23, 50, 34, , , 12,Guanajuato,secundaria-air-quality.csv
2025/3/24, 43, 32, , , 13,Guanajuato,secundaria-air-quality.csv
2025/3/25, 48, 21, , 15, 13,Guanajuato,secundaria-air-quality.csv
2025/3/26, 45, 18, , 15, 12,Guanajuato,secundaria-air-quality.csv
2025/3/27, 43, 17, , 17, 13,Guanajuato,secundaria-air-quality.csv
2025/3/28, 51, 18, , 16, 15,Guanajuato,secundaria-air-quality.csv
2025/3/29, 33, 20, , 17, 18,Guanajuato,secundaria-air-quality.csv
2025/3/30, 47, 24, , 17, 21,Guanajuato,secundaria-air-quality.csv
2025/3/31, 53, 23, , 16, 21,Guanajuato,secundaria-air-quality.csv
2025/4/1, 54, 24, , 16, 19,Guanajuato,secundaria-air-quality.csv
2024/10/23, 13, 25, , , 3,Guanajuato,secundaria-air-quality.csv
2024/10/24, 24, 29, , , 6,Guanajuato,secundaria-air-quality.csv
2024/10/25, 19, 31, , , 8,Guanajuato,secundaria-air-quality.csv
2024/10/26, 30, 28, , , 7,Guanajuato,secundaria-air-quality.csv
2024/10/27, 18, 24, , , 7,Guanajuato,secundaria-air-quality.csv
2024/10/28, 14, 29, , , 8,Guanajuato,secundaria-air-quality.csv
2024/10/29, 30, 39, , , 9,Guanajuato,secundaria-air-quality.csv
2024/10/30, 41, 33, , , 10,Guanajuato,secundaria-air-quality.csv
2024/10/31, 40, 32, , , 10,Guanajuato,secundaria-air-quality.csv
2024/11/1, 43, 30, , , 10,Guanajuato,secundaria-air-quality.csv
2024/11/2, 45, 32, , , 9,Guanajuato,secundaria-air-quality.csv
2024/11/3, 39, 31, , , 10,Guanajuato,secundaria-air-quality.csv
2024/11/4, 37, 29, , , 11,Guanajuato,secundaria-air-quality.csv
2024/11/5, 41, 29, , , 12,Guanajuato,secundaria-air-quality.csv
2024/11/6, 42, 34, , , 13,Guanajuato,secundaria-air-quality.csv
2024/11/7, 50, 40, , , 12,Guanajuato,secundaria-air-quality.csv
2024/11/8, 49, 42, , , 12,Guanajuato,secundaria-air-quality.csv
2024/11/9, 52, 41, , , 13,Guanajuato,secundaria-air-quality.csv
2024/11/10, 52, 36, , , 10,Guanajuato,secundaria-air-quality.csv
2024/11/11, 37, 28, , , 10,Guanajuato,secundaria-air-quality.csv
2024/11/12, 34, 33, , , 14,Guanajuato,secundaria-air-quality.csv
2024/11/13, 32, 31, , , 11,Guanajuato,secundaria-air-quality.csv
2024/11/14, 33, 26, , , 9,Guanajuato,secundaria-air-quality.csv
2024/11/15, 33, 37, , , 12,Guanajuato,secundaria-air-quality.csv
2024/11/16, 33, , , , ,Guanajuato,secundaria-air-quality.csv
2024/11/18, 54, 23, , , 11,Guanajuato,secundaria-air-quality.csv
2024/11/19, 37, 25, , , 12,Guanajuato,secundaria-air-quality.csv
2024/11/20, 31, 27, , , 11,Guanajuato,secundaria-air-quality.csv
2024/11/21, 44, 31, , , 9,Guanajuato,secundaria-air-quality.csv
2024/11/22, 23, 30, , , 12,Guanajuato,secundaria-air-quality.csv
2024/11/23, 29, 40, , , 17,Guanajuato,secundaria-air-quality.csv
2024/11/24, 53, 43, , , 18,Guanajuato,secundaria-air-quality.csv
2024/11/25, 56, 47, , , 17,Guanajuato,secundaria-air-quality.csv
2024/11/26, 59, 29, , , 14,Guanajuato,secundaria-air-quality.csv
2024/11/27, 40, 43, , , 17,Guanajuato,secundaria-air-quality.csv
2024/11/28, 52, 43, , , 15,Guanajuato,secundaria-air-quality.csv
2024/11/29, 60, 24, , , 16,Guanajuato,secundaria-air-quality.csv
2024/11/30, 58, 38, , , 20,Guanajuato,secundaria-air-quality.csv
2024/12/1, 63, 27, , , 16,Guanajuato,secundaria-air-quality.csv
2024/12/2, 42, 24, , , 13,Guanajuato,secundaria-air-quality.csv
2024/12/3, 39, 22, , , 12,Guanajuato,secundaria-air-quality.csv
2024/12/4, 30, 32, , , 14,Guanajuato,secundaria-air-quality.csv
2024/12/5, 40, 37, , 10, 16,Guanajuato,secundaria-air-quality.csv
2024/12/6, 62, 30, , 10, 11,Guanajuato,secundaria-air-quality.csv
2024/12/7, 35, 31, , 10, 11,Guanajuato,secundaria-air-quality.csv
2024/12/8, 28, 34, , 11, 11,Guanajuato,secundaria-air-quality.csv
2024/12/9, 28, 33, , 10, 13,Guanajuato,secundaria-air-quality.csv
2024/12/10, 48, 34, , 11, 16,Guanajuato,secundaria-air-quality.csv
2024/12/11, 60, 28, , 10, 10,Guanajuato,secundaria-air-quality.csv
2024/12/12, 41, 39, , 11, 13,Guanajuato,secundaria-air-quality.csv
2024/12/13, 42, 47, , 12, 18,Guanajuato,secundaria-air-quality.csv
2024/12/14, 71, 7, , 12, 14,Guanajuato,secundaria-air-quality.csv
2024/12/15, 66, , , , ,Guanajuato,secundaria-air-quality.csv
2024/12/18, 29, 30, , 12, 10,Guanajuato,secundaria-air-quality.csv
2024/12/19, 33, 17, , 9, 6,Guanajuato,secundaria-air-quality.csv
2024/12/20, 15, 12, , 11, 4,Guanajuato,secundaria-air-quality.csv
2024/12/21, 25, 19, , 10, 3,Guanajuato,secundaria-air-quality.csv
2024/12/22, 21, 22, , 11, 2,Guanajuato,secundaria-air-quality.csv
2024/12/23, 24, 26, , 11, 6,Guanajuato,secundaria-air-quality.csv
2024/12/24, 31, 29, , 11, 7,Guanajuato,secundaria-air-quality.csv
2024/12/25, 45, 3, , 11, 18,Guanajuato,secundaria-air-quality.csv
2024/12/26, 97, , , , ,Guanajuato,secundaria-air-quality.csv
2024/9/1, 34, 32, , 6, 7,Guanajuato,secundaria-air-quality.csv
2024/9/2, 20, 12, , 4, 6,Guanajuato,secundaria-air-quality.csv
2024/9/3, 31, 41, , 9, 6,Guanajuato,secundaria-air-quality.csv
2024/9/4, 32, , , , ,Guanajuato,secundaria-air-quality.csv
2024/9/10, 20, 19, , 3, 8,Guanajuato,secundaria-air-quality.csv
2024/9/11, 16, , , , ,Guanajuato,secundaria-air-quality.csv
2024/9/13, 18, , , , ,Guanajuato,secundaria-air-quality.csv
2024/6/20, 7, 66, , 15, 26,Guanajuato,secundaria-air-quality.csv
2024/6/21, 10, 49, , 13, 24,Guanajuato,secundaria-air-quality.csv
2024/6/22, 10, , , , ,Guanajuato,secundaria-air-quality.csv
2024/6/27, 20, 56, , 18, 12,Guanajuato,secundaria-air-quality.csv
2024/6/28, 18, , , , ,Guanajuato,secundaria-air-quality.csv
2024/1/2, 68, 24, , 9, 17,Guanajuato,secundaria-air-quality.csv
2024/1/3, 40, 23, , 7, 18,Guanajuato,secundaria-air-quality.csv
2024/1/4, 44, 17, , 11, 15,Guanajuato,secundaria-air-quality.csv
2024/1/5, 31, 16, , 9, 15,Guanajuato,secundaria-air-quality.csv
2024/1/6, 40, 17, , 9, 16,Guanajuato,secundaria-air-quality.csv
2024/1/7, 36, 9, , 11, 18,Guanajuato,secundaria-air-quality.csv
2024/1/8, 40, 12, , 6, 17,Guanajuato,secundaria-air-quality.csv
2024/1/9, 43, 21, , 13, 15,Guanajuato,secundaria-air-quality.csv
2024/1/10, 27, 20, , 2, 16,Guanajuato,secundaria-air-quality.csv
2024/1/11, 41, 21, , 1, 16,Guanajuato,secundaria-air-quality.csv
2024/1/12, 31, 27, , 1, 18,Guanajuato,secundaria-air-quality.csv
2024/1/13, 38, , , , ,Guanajuato,secundaria-air-quality.csv
2024/1/31, 80, 24, , , 11,Guanajuato,secundaria-air-quality.csv
2024/2/1, 48, 30, , , 11,Guanajuato,secundaria-air-quality.csv
2024/2/2, 48, 27, , , 8,Guanajuato,secundaria-air-quality.csv
2024/2/3, 37, 24, , , 7,Guanajuato,secundaria-air-quality.csv
2024/2/4, 33, 27, , , 9,Guanajuato,secundaria-air-quality.csv
2024/2/5, 27, 28, , , 12,Guanajuato,secundaria-air-quality.csv
2024/2/6, 44, 37, , , 15,Guanajuato,secundaria-air-quality.csv
2024/2/7, 54, 35, , , 13,Guanajuato,secundaria-air-quality.csv
2024/2/8, 51, 33, , , 13,Guanajuato,secundaria-air-quality.csv
2024/2/9, 57, 32, , , 13,Guanajuato,secundaria-air-quality.csv
2024/2/10, 51, 25, , , 11,Guanajuato,secundaria-air-quality.csv
2024/2/11, 40, 24, , , 9,Guanajuato,secundaria-air-quality.csv
2024/2/12, 27, 23, , , 10,Guanajuato,secundaria-air-quality.csv
2024/2/13, 33, 27, , , 10,Guanajuato,secundaria-air-quality.csv
2024/2/14, 30, 23, , , 10,Guanajuato,secundaria-air-quality.csv
2024/2/15, 25, 25, , , 11,Guanajuato,secundaria-air-quality.csv
2024/2/16, 40, 19, , , 8,Guanajuato,secundaria-air-quality.csv
2024/2/17, 15, 22, , , 8,Guanajuato,secundaria-air-quality.csv
2024/2/18, 7, 16, , , 8,Guanajuato,secundaria-air-quality.csv
2024/2/19, 19, 10, , , 19,Guanajuato,secundaria-air-quality.csv
2024/2/20, 48, 9, , , 10,Guanajuato,secundaria-air-quality.csv
2024/2/21, 44, , , , ,Guanajuato,secundaria-air-quality.csv
2024/3/14, 40, , , , ,Guanajuato,secundaria-air-quality.csv
2023/10/2, 17, 32, , 17, 13,Guanajuato,secundaria-air-quality.csv
2023/10/3, 26, 46, , 9, 13,Guanajuato,secundaria-air-quality.csv
2023/10/4, 24, 62, , 13, 13,Guanajuato,secundaria-air-quality.csv
2023/10/5, 18, 47, , 14, 12,Guanajuato,secundaria-air-quality.csv
2023/10/6, 28, , , 10, 12,Guanajuato,secundaria-air-quality.csv
2023/10/7, 17, , , 12, 11,Guanajuato,secundaria-air-quality.csv
2023/10/8, 11, , , 9, 10,Guanajuato,secundaria-air-quality.csv
2023/10/9, 7, , , 16, 6,Guanajuato,secundaria-air-quality.csv
2023/10/10, 9, , , 18, 6,Guanajuato,secundaria-air-quality.csv
2023/10/11, 2, , , 16, 11,Guanajuato,secundaria-air-quality.csv
2023/10/13, 14, , , 17, 14,Guanajuato,secundaria-air-quality.csv
2023/10/14, 33, , , 13, 11,Guanajuato,secundaria-air-quality.csv
2023/10/15, 24, , , 10, 10,Guanajuato,secundaria-air-quality.csv
2023/10/16, 12, , , 5, 11,Guanajuato,secundaria-air-quality.csv
2023/10/17, 16, 22, , 15, 11,Guanajuato,secundaria-air-quality.csv
2023/10/18, 20, 33, , 12, 15,Guanajuato,secundaria-air-quality.csv
2023/10/19, 39, 22, , 10, 15,Guanajuato,secundaria-air-quality.csv
2023/10/20, 41, 31, , 10, 13,Guanajuato,secundaria-air-quality.csv
2023/10/21, 26, 37, , 12, 13,Guanajuato,secundaria-air-quality.csv
2023/10/22, 29, 41, , 8, 12,Guanajuato,secundaria-air-quality.csv
2023/10/23, 15, 23, , 7, 12,Guanajuato,secundaria-air-quality.csv
2023/10/24, 21, 11, , 6, 12,Guanajuato,secundaria-air-quality.csv
2023/10/25, 26, 60, , 15, 18,Guanajuato,secundaria-air-quality.csv
2023/10/26, 33, 87, , 15, 15,Guanajuato,secundaria-air-quality.csv
2023/10/27, 23, 88, , 13, 12,Guanajuato,secundaria-air-quality.csv
2023/10/28, 18, 30, , 14, 13,Guanajuato,secundaria-air-quality.csv
2023/10/29, 18, 13, , 16, 15,Guanajuato,secundaria-air-quality.csv
2023/10/30, 38, 28, , 14, 13,Guanajuato,secundaria-air-quality.csv
2023/10/31, 18, 40, , 12, 13,Guanajuato,secundaria-air-quality.csv
2023/11/1, 24, 25, , 6, 12,Guanajuato,secundaria-air-quality.csv
2023/11/2, 14, 29, , 13, 13,Guanajuato,secundaria-air-quality.csv
2023/11/3, 18, 27, , 11, 13,Guanajuato,secundaria-air-quality.csv
2023/11/4, 22, 21, , 15, 13,Guanajuato,secundaria-air-quality.csv
2023/11/5, 22, 26, , 8, 14,Guanajuato,secundaria-air-quality.csv
2023/11/6, 20, 31, , 9, 17,Guanajuato,secundaria-air-quality.csv
2023/11/7, 40, 43, , 13, 19,Guanajuato,secundaria-air-quality.csv
2023/11/8, 53, , , , ,Guanajuato,secundaria-air-quality.csv
2023/11/15, 14, 31, , 13, 13,Guanajuato,secundaria-air-quality.csv
2023/11/16, 21, 27, , 14, 17,Guanajuato,secundaria-air-quality.csv
2023/11/17, 38, 35, , 7, 18,Guanajuato,secundaria-air-quality.csv
2023/11/18, 52, 21, , 5, 15,Guanajuato,secundaria-air-quality.csv
2023/11/19, 35, 40, , 16, 18,Guanajuato,secundaria-air-quality.csv
2023/11/20, 47, 36, , 8, 16,Guanajuato,secundaria-air-quality.csv
2023/11/21, 47, , , , ,Guanajuato,secundaria-air-quality.csv
2023/11/23, 18, 22, , 10, 17,Guanajuato,secundaria-air-quality.csv
2023/11/24, 32, 24, , 4, 19,Guanajuato,secundaria-air-quality.csv
2023/11/25, 33, 26, , 7, 18,Guanajuato,secundaria-air-quality.csv
2023/11/26, 39, 27, , 3, 19,Guanajuato,secundaria-air-quality.csv
2023/11/27, 42, 29, , 8, 18,Guanajuato,secundaria-air-quality.csv
2023/11/28, 43, 25, , 5, 14,Guanajuato,secundaria-air-quality.csv
2023/11/29, 26, 28, , 14, 14,Guanajuato,secundaria-air-quality.csv
2023/11/30, 20, 23, , 12, 16,Guanajuato,secundaria-air-quality.csv
2023/12/1, 18, 21, , 7, 16,Guanajuato,secundaria-air-quality.csv
2023/12/2, 28, 19, , 12, 17,Guanajuato,secundaria-air-quality.csv
2023/12/3, 31, 21, , 14, 16,Guanajuato,secundaria-air-quality.csv
2023/12/4, 26, 16, , 9, 14,Guanajuato,secundaria-air-quality.csv
2023/12/5, 13, 19, , 10, 14,Guanajuato,secundaria-air-quality.csv
2023/12/6, 15, 19, , 10, 13,Guanajuato,secundaria-air-quality.csv
2023/12/7, 11, 15, , 16, 15,Guanajuato,secundaria-air-quality.csv
2023/12/8, 8, 17, , 12, 25,Guanajuato,secundaria-air-quality.csv
2023/12/9, 35, 28, , 16, 21,Guanajuato,secundaria-air-quality.csv
2023/12/10, 44, 22, , 11, 17,Guanajuato,secundaria-air-quality.csv
2023/12/11, 35, 15, , 15, 15,Guanajuato,secundaria-air-quality.csv
2023/12/12, 14, 24, , 12, 17,Guanajuato,secundaria-air-quality.csv
2023/12/13, 23, 21, , 12, 16,Guanajuato,secundaria-air-quality.csv
2023/12/14, 33, 17, , 19, 14,Guanajuato,secundaria-air-quality.csv
2023/12/15, 21, 24, , 17, 16,Guanajuato,secundaria-air-quality.csv
2023/12/16, 28, 21, , 12, 14,Guanajuato,secundaria-air-quality.csv
2023/12/17, 21, 29, , 14, 14,Guanajuato,secundaria-air-quality.csv
2023/12/18, 19, 42, , 16, 15,Guanajuato,secundaria-air-quality.csv
2023/12/19, 32, 31, , 22, 21,Guanajuato,secundaria-air-quality.csv
2023/12/20, 53, 41, , 17, 21,Guanajuato,secundaria-air-quality.csv
2023/12/21, 61, 28, , 15, 17,Guanajuato,secundaria-air-quality.csv
2023/12/22, 38, 22, , 21, 17,Guanajuato,secundaria-air-quality.csv
2023/12/23, 40, 31, , 17, 17,Guanajuato,secundaria-air-quality.csv
2023/12/24, 40, 24, , 16, 15,Guanajuato,secundaria-air-quality.csv
2023/12/25, 18, 21, , 10, 18,Guanajuato,secundaria-air-quality.csv
2023/12/26, 45, 20, , 13, 16,Guanajuato,secundaria-air-quality.csv
2023/12/27, 13, 23, , 5, 15,Guanajuato,secundaria-air-quality.csv
2023/12/28, 20, 25, , 11, 19,Guanajuato,secundaria-air-quality.csv
2023/12/29, 33, 25, , 9, 18,Guanajuato,secundaria-air-quality.csv
2023/12/30, 39, 29, , 5, 17,Guanajuato,secundaria-air-quality.csv
2023/12/31, 29, 29, , 6, 19,Guanajuato,secundaria-air-quality.csv
2024/1/1, 45, 30, , 11, 23,Guanajuato,secundaria-air-quality.csv
2023/7/2, 12, 33, , 22, 8,Guanajuato,secundaria-air-quality.csv
2023/7/3, 18, 38, , 25, 9,Guanajuato,secundaria-air-quality.csv
2023/7/4, 27, 47, , 25, 10,Guanajuato,secundaria-air-quality.csv
2023/7/5, 25, 38, , 29, 10,Guanajuato,secundaria-air-quality.csv
2023/7/6, 26, 39, , 12, 9,Guanajuato,secundaria-air-quality.csv
2023/7/7, 31, 31, , 16, 9,Guanajuato,secundaria-air-quality.csv
2023/7/8, 29, 27, , 17, 9,Guanajuato,secundaria-air-quality.csv
2023/7/9, 26, 32, , 18, 9,Guanajuato,secundaria-air-quality.csv
2023/7/10, 22, 35, , 21, 9,Guanajuato,secundaria-air-quality.csv
2023/7/11, 19, 32, , 14, 9,Guanajuato,secundaria-air-quality.csv
2023/7/12, 14, 44, , 20, 10,Guanajuato,secundaria-air-quality.csv
2023/7/13, 21, 47, , 20, 10,Guanajuato,secundaria-air-quality.csv
2023/7/14, 31, 41, , 21, 9,Guanajuato,secundaria-air-quality.csv
2023/7/15, 33, 32, , 16, 9,Guanajuato,secundaria-air-quality.csv
2023/7/16, 25, 31, , 13, 8,Guanajuato,secundaria-air-quality.csv
2023/7/17, 28, 27, , 11, 8,Guanajuato,secundaria-air-quality.csv
2023/7/18, 25, 37, , 19, 9,Guanajuato,secundaria-air-quality.csv
2023/7/19, 31, 27, , 16, 9,Guanajuato,secundaria-air-quality.csv
2023/7/20, 32, 26, , 15, 8,Guanajuato,secundaria-air-quality.csv
2023/7/21, 35, 34, , 18, 9,Guanajuato,secundaria-air-quality.csv
2023/7/22, 26, 31, , 19, 8,Guanajuato,secundaria-air-quality.csv
2023/7/23, 18, 23, , 19, 7,Guanajuato,secundaria-air-quality.csv
2023/7/24, 33, 22, , 16, 7,Guanajuato,secundaria-air-quality.csv
2023/7/25, 35, 29, , 9, 8,Guanajuato,secundaria-air-quality.csv
2023/7/26, 16, 31, , 9, 8,Guanajuato,secundaria-air-quality.csv
2023/7/27, 23, 32, , 6, 8,Guanajuato,secundaria-air-quality.csv
2023/7/28, 26, 39, , 10, 8,Guanajuato,secundaria-air-quality.csv
2023/7/29, 27, 35, , 18, 5,Guanajuato,secundaria-air-quality.csv
2023/7/30, 16, 16, , 12, 1,Guanajuato,secundaria-air-quality.csv
2023/7/31, 18, 8, , 3, ,Guanajuato,secundaria-air-quality.csv
2023/8/1, 11, , , , ,Guanajuato,secundaria-air-quality.csv
2023/8/4, 24, 39, , 18, 7,Guanajuato,secundaria-air-quality.csv
2023/8/5, 26, , , , ,Guanajuato,secundaria-air-quality.csv
2023/8/10, 29, 53, , 18, 8,Guanajuato,secundaria-air-quality.csv
2023/8/11, 24, 60, , 17, 9,Guanajuato,secundaria-air-quality.csv
2023/8/12, 19, 70, , 17, 10,Guanajuato,secundaria-air-quality.csv
2023/8/13, 23, 45, , 18, 9,Guanajuato,secundaria-air-quality.csv
2023/8/14, 21, 39, , 18, 10,Guanajuato,secundaria-air-quality.csv
2023/8/15, 18, 26, , 18, 10,Guanajuato,secundaria-air-quality.csv
2023/8/16, 26, 25, , 18, 9,Guanajuato,secundaria-air-quality.csv
2023/8/17, 19, 33, , 18, 10,Guanajuato,secundaria-air-quality.csv
2023/8/18, 19, 45, , 19, 10,Guanajuato,secundaria-air-quality.csv
2023/8/19, 18, 46, , 19, 10,Guanajuato,secundaria-air-quality.csv
2023/8/20, 14, 34, , 18, 10,Guanajuato,secundaria-air-quality.csv
2023/8/21, 19, 25, , 19, 15,Guanajuato,secundaria-air-quality.csv
2023/8/22, 16, 35, , 19, 11,Guanajuato,secundaria-air-quality.csv
2023/8/23, 18, 32, , 18, 11,Guanajuato,secundaria-air-quality.csv
2023/8/24, 20, 28, , 18, 11,Guanajuato,secundaria-air-quality.csv
2023/8/25, 16, 29, , 19, 12,Guanajuato,secundaria-air-quality.csv
2023/8/26, 27, 31, , 18, 11,Guanajuato,secundaria-air-quality.csv
2023/8/27, 16, 29, , 18, 11,Guanajuato,secundaria-air-quality.csv
2023/8/28, 12, 33, , 18, 12,Guanajuato,secundaria-air-quality.csv
2023/8/29, 21, 37, , 18, 13,Guanajuato,secundaria-air-quality.csv
2023/8/30, 29, 43, , 22, 13,Guanajuato,secundaria-air-quality.csv
2023/8/31, 27, 47, , 22, 15,Guanajuato,secundaria-air-quality.csv
2023/9/1, 24, 44, , 20, 14,Guanajuato,secundaria-air-quality.csv
2023/9/2, 20, 39, , 19, 12,Guanajuato,secundaria-air-quality.csv
2023/9/3, 24, 38, , 18, 12,Guanajuato,secundaria-air-quality.csv
2023/9/4, 23, , , , ,Guanajuato,secundaria-air-quality.csv
2023/9/9, 25, 28, , 17, 12,Guanajuato,secundaria-air-quality.csv
2023/9/10, 23, 28, , 17, 12,Guanajuato,secundaria-air-quality.csv
2023/9/11, 12, 32, , 18, 13,Guanajuato,secundaria-air-quality.csv
2023/9/12, 24, 35, , 17, 13,Guanajuato,secundaria-air-quality.csv
2023/9/13, 23, 37, , 19, 14,Guanajuato,secundaria-air-quality.csv
2023/9/14, 29, 38, , 21, 15,Guanajuato,secundaria-air-quality.csv
2023/9/15, 39, 30, , 21, 13,Guanajuato,secundaria-air-quality.csv
2023/9/16, 28, 30, , 18, 12,Guanajuato,secundaria-air-quality.csv
2023/9/17, 25, 44, , 18, 12,Guanajuato,secundaria-air-quality.csv
2023/9/18, 22, 31, , 16, 13,Guanajuato,secundaria-air-quality.csv
2023/9/19, 20, 38, , 19, 13,Guanajuato,secundaria-air-quality.csv
2023/9/20, 24, 38, , 22, 13,Guanajuato,secundaria-air-quality.csv
2023/9/21, 27, 34, , 21, 14,Guanajuato,secundaria-air-quality.csv
2023/9/22, 34, 33, , 20, 14,Guanajuato,secundaria-air-quality.csv
2023/9/23, 29, 40, , 21, 13,Guanajuato,secundaria-air-quality.csv
2023/9/24, 34, 35, , 21, 13,Guanajuato,secundaria-air-quality.csv
2023/9/25, 26, 26, , 21, 13,Guanajuato,secundaria-air-quality.csv
2023/9/26, 31, 30, , 19, 12,Guanajuato,secundaria-air-quality.csv
2023/9/27, 23, 31, , 19, 13,Guanajuato,secundaria-air-quality.csv
2023/9/28, 24, 33, , 19, 13,Guanajuato,secundaria-air-quality.csv
2023/9/29, 28, 32, , 19, 14,Guanajuato,secundaria-air-quality.csv
2023/9/30, 30, 32, , 18, 12,Guanajuato,secundaria-air-quality.csv
2023/10/1, 29, 29, , 18, 12,Guanajuato,secundaria-air-quality.csv
2023/4/2, 67, 33, 7, 4, 2,Guanajuato,secundaria-air-quality.csv
2023/4/3, 51, 34, 9, 4, 4,Guanajuato,secundaria-air-quality.csv
2023/4/4, 62, 27, 6, 5, 1,Guanajuato,secundaria-air-quality.csv
2023/4/5, 53, 28, 8, 5, 2,Guanajuato,secundaria-air-quality.csv
2023/4/6, 54, 30, 7, 11, 2,Guanajuato,secundaria-air-quality.csv
2023/4/7, 52, 24, 4, 9, 1,Guanajuato,secundaria-air-quality.csv
2023/4/8, 42, 31, 6, 13, 1,Guanajuato,secundaria-air-quality.csv
2023/4/9, 38, 28, 8, 15, 2,Guanajuato,secundaria-air-quality.csv
2023/4/10, 43, 28, 6, 18, 1,Guanajuato,secundaria-air-quality.csv
2023/4/11, 35, 24, 4, 11, ,Guanajuato,secundaria-air-quality.csv
2023/4/12, 27, 30, 7, 22, ,Guanajuato,secundaria-air-quality.csv
2023/4/13, 34, 23, 8, 24, ,Guanajuato,secundaria-air-quality.csv
2023/4/14, 39, 29, 7, 20, ,Guanajuato,secundaria-air-quality.csv
2023/4/15, 37, 19, 4, 18, ,Guanajuato,secundaria-air-quality.csv
2023/4/16, 34, 27, 6, 18, ,Guanajuato,secundaria-air-quality.csv
2023/4/17, 46, 31, 4, 17, ,Guanajuato,secundaria-air-quality.csv
2023/4/18, 44, 24, 3, 16, ,Guanajuato,secundaria-air-quality.csv
2023/4/19, 40, 29, 4, 16, ,Guanajuato,secundaria-air-quality.csv
2023/4/20, 50, 25, 3, 13, ,Guanajuato,secundaria-air-quality.csv
2023/4/21, 42, 25, 3, 9, ,Guanajuato,secundaria-air-quality.csv
2023/4/22, 44, 28, 3, 12, ,Guanajuato,secundaria-air-quality.csv
2023/4/23, 48, 29, 4, 12, ,Guanajuato,secundaria-air-quality.csv
2023/4/24, 54, 27, 3, 13, ,Guanajuato,secundaria-air-quality.csv
2023/4/25, 47, 34, 4, 8, ,Guanajuato,secundaria-air-quality.csv
2023/4/26, 52, 30, 5, 15, ,Guanajuato,secundaria-air-quality.csv
2023/4/27, 46, 28, 4, 12, ,Guanajuato,secundaria-air-quality.csv
2023/4/28, 49, 29, 4, 16, ,Guanajuato,secundaria-air-quality.csv
2023/4/29, 46, 34, 6, 17, ,Guanajuato,secundaria-air-quality.csv
2023/4/30, 51, 35, 5, 18, ,Guanajuato,secundaria-air-quality.csv
2023/5/1, 39, 27, 5, 17, ,Guanajuato,secundaria-air-quality.csv
2023/5/2, 48, , , , ,Guanajuato,secundaria-air-quality.csv
2023/5/6, 56, 40, 6, 20, 15,Guanajuato,secundaria-air-quality.csv
2023/5/7, 57, 35, 7, 21, 15,Guanajuato,secundaria-air-quality.csv
2023/5/8, 42, 31, 6, 18, 14,Guanajuato,secundaria-air-quality.csv
2023/5/9, 36, 32, 4, 17, 13,Guanajuato,secundaria-air-quality.csv
2023/5/10, 37, 22, 4, 13, 13,Guanajuato,secundaria-air-quality.csv
2023/5/11, 36, 31, 6, 14, 14,Guanajuato,secundaria-air-quality.csv
2023/5/12, 43, 35, 6, 17, 15,Guanajuato,secundaria-air-quality.csv
2023/5/13, 54, 30, 5, 16, 15,Guanajuato,secundaria-air-quality.csv
2023/5/14, 56, 27, 3, 18, 14,Guanajuato,secundaria-air-quality.csv
2023/5/15, 35, 26, 4, 15, 13,Guanajuato,secundaria-air-quality.csv
2023/5/16, 27, 25, 5, 20, 13,Guanajuato,secundaria-air-quality.csv
2023/5/17, 33, 26, 5, 16, 14,Guanajuato,secundaria-air-quality.csv
2023/5/18, 38, 29, 5, 15, 14,Guanajuato,secundaria-air-quality.csv
2023/5/19, 48, 30, 4, 16, 13,Guanajuato,secundaria-air-quality.csv
2023/5/20, 47, 33, 5, 13, 12,Guanajuato,secundaria-air-quality.csv
2023/5/21, 23, 26, 3, 15, 11,Guanajuato,secundaria-air-quality.csv
2023/5/22, 25, 39, 3, 16, 12,Guanajuato,secundaria-air-quality.csv
2023/5/23, 30, 30, 4, 20, 12,Guanajuato,secundaria-air-quality.csv
2023/5/24, 34, 30, 5, 14, 12,Guanajuato,secundaria-air-quality.csv
2023/5/25, 36, 32, 5, 15, 12,Guanajuato,secundaria-air-quality.csv
2023/5/26, 44, 37, 3, 13, 11,Guanajuato,secundaria-air-quality.csv
2023/5/27, 43, 41, 4, 15, 11,Guanajuato,secundaria-air-quality.csv
2023/5/28, 33, 35, 5, 17, 11,Guanajuato,secundaria-air-quality.csv
2023/5/29, 30, 27, 3, 13, 11,Guanajuato,secundaria-air-quality.csv
2023/5/30, 36, 33, 3, 16, 11,Guanajuato,secundaria-air-quality.csv
2023/5/31, 42, 35, 6, 14, 12,Guanajuato,secundaria-air-quality.csv
2023/6/1, 47, 32, 6, 17, 11,Guanajuato,secundaria-air-quality.csv
2023/6/2, 46, 36, 3, 15, 11,Guanajuato,secundaria-air-quality.csv
2023/6/3, 43, 28, 6, 11, 10,Guanajuato,secundaria-air-quality.csv
2023/6/4, 41, 25, 1, 16, 10,Guanajuato,secundaria-air-quality.csv
2023/6/5, 37, 39, 7, 16, 11,Guanajuato,secundaria-air-quality.csv
2023/6/6, 34, 39, 10, 10, 11,Guanajuato,secundaria-air-quality.csv
2023/6/7, 34, 35, 5, 13, 12,Guanajuato,secundaria-air-quality.csv
2023/6/8, 42, 26, 2, 14, 11,Guanajuato,secundaria-air-quality.csv
2023/6/9, 52, 33, 6, 17, 14,Guanajuato,secundaria-air-quality.csv
2023/6/10, 53, 30, 11, 23, 14,Guanajuato,secundaria-air-quality.csv
2023/6/11, 58, 14, 4, 16, 14,Guanajuato,secundaria-air-quality.csv
2023/6/12, 55, 33, 5, 16, 12,Guanajuato,secundaria-air-quality.csv
2023/6/13, 46, 30, 8, 14, 11,Guanajuato,secundaria-air-quality.csv
2023/6/14, 49, 43, 4, 12, 12,Guanajuato,secundaria-air-quality.csv
2023/6/15, 35, 36, , 13, 13,Guanajuato,secundaria-air-quality.csv
2023/6/16, 50, 37, , 16, 13,Guanajuato,secundaria-air-quality.csv
2023/6/17, 59, 42, , 16, 12,Guanajuato,secundaria-air-quality.csv
2023/6/18, 54, 35, , 16, 13,Guanajuato,secundaria-air-quality.csv
2023/6/19, 48, 43, , 14, 12,Guanajuato,secundaria-air-quality.csv
2023/6/20, 49, 40, , 11, 12,Guanajuato,secundaria-air-quality.csv
2023/6/21, 38, 41, , 15, 12,Guanajuato,secundaria-air-quality.csv
2023/6/22, 42, 35, , 12, 12,Guanajuato,secundaria-air-quality.csv
2023/6/23, 54, 29, , 10, 12,Guanajuato,secundaria-air-quality.csv
2023/6/24, 45, 27, , 8, 12,Guanajuato,secundaria-air-quality.csv
2023/6/25, 48, 27, , 9, 11,Guanajuato,secundaria-air-quality.csv
2023/6/26, 40, 22, , 2, 11,Guanajuato,secundaria-air-quality.csv
2023/6/27, 18, 30, , 19, 9,Guanajuato,secundaria-air-quality.csv
2023/6/28, 34, 30, , 21, 9,Guanajuato,secundaria-air-quality.csv
2023/6/29, 40, 33, , 17, 8,Guanajuato,secundaria-air-quality.csv
2023/6/30, 40, 30, , 18, 10,Guanajuato,secundaria-air-quality.csv
2023/7/1, 26, 27, , 14, 9,Guanajuato,secundaria-air-quality.csv
2023/1/3, 27, 19, 15, 12, 10,Guanajuato,secundaria-air-quality.csv
2023/1/4, 28, 18, 17, 14, 12,Guanajuato,secundaria-air-quality.csv
2023/1/5, 47, , , , ,Guanajuato,secundaria-air-quality.csv
2023/1/7, 44, 29, 21, 23, 17,Guanajuato,secundaria-air-quality.csv
2023/1/8, 60, 21, 21, 16, 15,Guanajuato,secundaria-air-quality.csv
2023/1/9, 57, 26, 17, 17, 14,Guanajuato,secundaria-air-quality.csv
2023/1/10, 49, 26, 21, 17, 16,Guanajuato,secundaria-air-quality.csv
2023/1/11, 65, 30, 18, 20, 15,Guanajuato,secundaria-air-quality.csv
2023/1/12, 55, 31, 18, 16, 14,Guanajuato,secundaria-air-quality.csv
2023/1/13, 52, 25, 11, 13, 12,Guanajuato,secundaria-air-quality.csv
2023/1/14, 40, 30, 21, 20, 18,Guanajuato,secundaria-air-quality.csv
2023/1/15, 51, 31, 20, 17, 16,Guanajuato,secundaria-air-quality.csv
2023/1/16, 57, 22, 18, 14, 15,Guanajuato,secundaria-air-quality.csv
2023/1/17, 48, 29, 21, 20, 19,Guanajuato,secundaria-air-quality.csv
2023/1/18, 63, 24, 21, 14, 19,Guanajuato,secundaria-air-quality.csv
2023/1/19, 62, 29, 24, 26, 21,Guanajuato,secundaria-air-quality.csv
2023/1/20, 79, 22, 19, 18, 17,Guanajuato,secundaria-air-quality.csv
2023/1/21, 51, 22, 15, 14, 18,Guanajuato,secundaria-air-quality.csv
2023/1/22, 58, 22, 14, 14, 17,Guanajuato,secundaria-air-quality.csv
2023/1/23, 44, 21, 13, 15, 17,Guanajuato,secundaria-air-quality.csv
2023/1/24, 49, 18, 12, 13, 17,Guanajuato,secundaria-air-quality.csv
2023/1/25, 42, 21, 15, 14, 19,Guanajuato,secundaria-air-quality.csv
2023/1/26, 47, 26, 16, 16, 19,Guanajuato,secundaria-air-quality.csv
2023/1/27, 61, 25, 15, 17, 18,Guanajuato,secundaria-air-quality.csv
2023/1/28, 41, 19, 14, 13, 18,Guanajuato,secundaria-air-quality.csv
2023/1/29, 41, 24, 15, 15, 19,Guanajuato,secundaria-air-quality.csv
2023/1/30, 43, 25, 19, 15, 24,Guanajuato,secundaria-air-quality.csv
2023/1/31, 70, 29, 19, 18, 22,Guanajuato,secundaria-air-quality.csv
2023/2/1, 65, 27, 17, 21, 19,Guanajuato,secundaria-air-quality.csv
2023/2/2, 55, 24, 17, 15, 20,Guanajuato,secundaria-air-quality.csv
2023/2/3, 54, 15, 12, 14, 17,Guanajuato,secundaria-air-quality.csv
2023/2/4, 47, , , , ,Guanajuato,secundaria-air-quality.csv
2023/2/8, 95, 26, 20, 10, 19,Guanajuato,secundaria-air-quality.csv
2023/2/9, 66, 27, 16, 14, 17,Guanajuato,secundaria-air-quality.csv
2023/2/10, 54, 19, 16, 14, 16,Guanajuato,secundaria-air-quality.csv
2023/2/11, 60, 26, 11, 12, 14,Guanajuato,secundaria-air-quality.csv
2023/2/12, 33, 28, 15, 16, 16,Guanajuato,secundaria-air-quality.csv
2023/2/13, 44, 23, 17, 14, 17,Guanajuato,secundaria-air-quality.csv
2023/2/14, 59, 20, 15, 9, 16,Guanajuato,secundaria-air-quality.csv
2023/2/15, 50, 20, 14, , 16,Guanajuato,secundaria-air-quality.csv
2023/2/16, 43, 37, 10, 4, 9,Guanajuato,secundaria-air-quality.csv
2023/2/17, 52, 50, 12, 7, 5,Guanajuato,secundaria-air-quality.csv
2023/2/18, 63, 73, 12, 9, 5,Guanajuato,secundaria-air-quality.csv
2023/2/19, 47, 59, 13, 12, 5,Guanajuato,secundaria-air-quality.csv
2023/2/20, 51, 69, 17, 15, 7,Guanajuato,secundaria-air-quality.csv
2023/2/21, 62, 44, 14, 16, 5,Guanajuato,secundaria-air-quality.csv
2023/2/22, 64, 39, 9, 18, 4,Guanajuato,secundaria-air-quality.csv
2023/2/23, 47, 52, 14, 18, 6,Guanajuato,secundaria-air-quality.csv
2023/2/24, 52, 81, 12, 25, 4,Guanajuato,secundaria-air-quality.csv
2023/2/25, 62, 67, 14, 22, 6,Guanajuato,secundaria-air-quality.csv
2023/2/26, 64, 46, 13, 21, 4,Guanajuato,secundaria-air-quality.csv
2023/2/27, 54, 62, 17, 19, 6,Guanajuato,secundaria-air-quality.csv
2023/2/28, 75, 63, 15, 21, 6,Guanajuato,secundaria-air-quality.csv
2023/3/1, 83, 45, 12, 20, 4,Guanajuato,secundaria-air-quality.csv
2023/3/2, 66, 41, 12, 11, 3,Guanajuato,secundaria-air-quality.csv
2023/3/3, 67, 45, 12, 14, 3,Guanajuato,secundaria-air-quality.csv
2023/3/4, 66, 19, 14, 8, 2,Guanajuato,secundaria-air-quality.csv
2023/3/5, 49, 47, 10, 12, 1,Guanajuato,secundaria-air-quality.csv
2023/3/6, 30, , , , ,Guanajuato,secundaria-air-quality.csv
2023/3/8, 74, 76, 18, 14, 4,Guanajuato,secundaria-air-quality.csv
2023/3/9, 79, 63, 17, 13, 3,Guanajuato,secundaria-air-quality.csv
2023/3/10, 77, 20, 21, 15, 4,Guanajuato,secundaria-air-quality.csv
2023/3/11, 80, , , , ,Guanajuato,secundaria-air-quality.csv
2023/3/14, 60, 22, 7, 8, 4,Guanajuato,secundaria-air-quality.csv
2023/3/15, 61, 20, 4, 13, 3,Guanajuato,secundaria-air-quality.csv
2023/3/16, 80, 20, 6, 14, 3,Guanajuato,secundaria-air-quality.csv
2023/3/17, 43, 21, 7, 13, 3,Guanajuato,secundaria-air-quality.csv
2023/3/18, 50, 12, 5, 14, 3,Guanajuato,secundaria-air-quality.csv
2023/3/19, 44, , , , ,Guanajuato,secundaria-air-quality.csv
2023/3/23, 75, 24, 8, 7, 5,Guanajuato,secundaria-air-quality.csv
2023/3/24, 61, 24, 6, 7, 3,Guanajuato,secundaria-air-quality.csv
2023/3/25, 53, 29, 8, 8, 5,Guanajuato,secundaria-air-quality.csv
2023/3/26, 53, 28, 8, 9, 3,Guanajuato,secundaria-air-quality.csv
2023/3/27, 44, 30, 9, 8, 5,Guanajuato,secundaria-air-quality.csv
2023/3/28, 57, 40, 9, 6, 5,Guanajuato,secundaria-air-quality.csv
2023/3/29, 73, 34, 5, 6, 3,Guanajuato,secundaria-air-quality.csv
2023/3/30, 58, 26, 4, 4, 2,Guanajuato,secundaria-air-quality.csv
2023/3/31, 38, 30, 8, 2, 3,Guanajuato,secundaria-air-quality.csv
2023/4/1, 56, 38, 9, 4, 4,Guanajuato,secundaria-air-quality.csv
2022/10/2, 26, , , 19, 14,Guanajuato,secundaria-air-quality.csv
2022/10/3, 30, , , 13, 14,Guanajuato,secundaria-air-quality.csv
2022/10/4, 28, , , 12, 15,Guanajuato,secundaria-air-quality.csv
2022/10/5, 30, , , , ,Guanajuato,secundaria-air-quality.csv
2022/10/13, 25, 21, , 12, 9,Guanajuato,secundaria-air-quality.csv
2022/10/14, 23, 19, , 9, 8,Guanajuato,secundaria-air-quality.csv
2022/10/15, 21, 24, , 9, 9,Guanajuato,secundaria-air-quality.csv
2022/10/16, 28, 34, , 9, 10,Guanajuato,secundaria-air-quality.csv
2022/10/17, 33, 34, , 19, 10,Guanajuato,secundaria-air-quality.csv
2022/10/18, 42, 15, , 13, 8,Guanajuato,secundaria-air-quality.csv
2022/10/19, 25, 20, , 7, 7,Guanajuato,secundaria-air-quality.csv
2022/10/20, 14, 15, , 5, 6,Guanajuato,secundaria-air-quality.csv
2022/10/21, 11, , , , ,Guanajuato,secundaria-air-quality.csv
2022/10/26, 33, 4, , 13, 13,Guanajuato,secundaria-air-quality.csv
2022/10/27, 50, 11, 13, 13, 10,Guanajuato,secundaria-air-quality.csv
2022/10/28, 36, 25, 13, 13, 9,Guanajuato,secundaria-air-quality.csv
2022/10/29, 43, 32, 10, 13, 7,Guanajuato,secundaria-air-quality.csv
2022/10/30, 32, 23, 13, 12, 8,Guanajuato,secundaria-air-quality.csv
2022/10/31, 35, 23, 14, 11, 9,Guanajuato,secundaria-air-quality.csv
2022/11/1, 46, 25, 14, 11, 8,Guanajuato,secundaria-air-quality.csv
2022/11/2, 39, 25, 10, 11, 6,Guanajuato,secundaria-air-quality.csv
2022/11/3, 25, 31, 14, 13, 8,Guanajuato,secundaria-air-quality.csv
2022/11/4, 37, 27, 15, 13, 8,Guanajuato,secundaria-air-quality.csv
2022/11/5, 48, 28, 15, 12, 8,Guanajuato,secundaria-air-quality.csv
2022/11/6, 39, 35, 17, 15, 10,Guanajuato,secundaria-air-quality.csv
2022/11/7, 51, 22, 10, 12, 6,Guanajuato,secundaria-air-quality.csv
2022/11/8, 36, 11, 8, 12, 6,Guanajuato,secundaria-air-quality.csv
2022/11/9, 21, 16, 15, 12, 9,Guanajuato,secundaria-air-quality.csv
2022/11/10, 37, 20, 16, 15, 9,Guanajuato,secundaria-air-quality.csv
2022/11/11, 41, 22, 17, 13, 9,Guanajuato,secundaria-air-quality.csv
2022/11/12, 50, 32, 21, 18, 11,Guanajuato,secundaria-air-quality.csv
2022/11/13, 62, 20, 12, 17, 7,Guanajuato,secundaria-air-quality.csv
2022/11/14, 37, 14, 14, 12, 8,Guanajuato,secundaria-air-quality.csv
2022/11/15, 42, 29, 20, 19, 10,Guanajuato,secundaria-air-quality.csv
2022/11/16, 60, 27, 13, 19, 8,Guanajuato,secundaria-air-quality.csv
2022/11/17, 43, 22, 18, 15, 11,Guanajuato,secundaria-air-quality.csv
2022/11/18, 59, 22, 17, 14, 10,Guanajuato,secundaria-air-quality.csv
2022/11/19, 42, 18, 15, 17, 8,Guanajuato,secundaria-air-quality.csv
2022/11/20, 44, 12, 8, 13, 6,Guanajuato,secundaria-air-quality.csv
2022/11/21, 14, 13, 8, 12, 6,Guanajuato,secundaria-air-quality.csv
2022/11/22, 11, , , , ,Guanajuato,secundaria-air-quality.csv
2022/11/24, 39, 17, 14, 13, 7,Guanajuato,secundaria-air-quality.csv
2022/11/25, 34, 17, 13, 13, 7,Guanajuato,secundaria-air-quality.csv
2022/11/26, 35, 14, 12, 16, 6,Guanajuato,secundaria-air-quality.csv
2022/11/27, 26, 14, 11, 12, 6,Guanajuato,secundaria-air-quality.csv
2022/11/28, 29, 20, 16, 12, 10,Guanajuato,secundaria-air-quality.csv
2022/11/29, 45, 16, 15, 13, 8,Guanajuato,secundaria-air-quality.csv
2022/11/30, 43, 19, 13, 17, 7,Guanajuato,secundaria-air-quality.csv
2022/12/1, 44, 12, 6, 12, 3,Guanajuato,secundaria-air-quality.csv
2022/12/2, 15, 34, 11, 13, 5,Guanajuato,secundaria-air-quality.csv
2022/12/3, 26, 18, 8, 13, 4,Guanajuato,secundaria-air-quality.csv
2022/12/4, 26, 23, 7, 13, 3,Guanajuato,secundaria-air-quality.csv
2022/12/5, 13, 27, 14, 15, 9,Guanajuato,secundaria-air-quality.csv
2022/12/6, 40, 33, 21, 18, 14,Guanajuato,secundaria-air-quality.csv
2022/12/7, 66, 41, 19, 24, 10,Guanajuato,secundaria-air-quality.csv
2022/12/8, 64, 24, 19, 18, 11,Guanajuato,secundaria-air-quality.csv
2022/12/9, 63, 19, 14, 14, 7,Guanajuato,secundaria-air-quality.csv
2022/12/10, 46, , , , ,Guanajuato,secundaria-air-quality.csv
2022/12/13, 48, 28, 14, 14, 9,Guanajuato,secundaria-air-quality.csv
2022/12/14, 50, 26, 14, 14, 9,Guanajuato,secundaria-air-quality.csv
2022/12/15, 48, 28, 21, 14, 16,Guanajuato,secundaria-air-quality.csv
2022/12/16, 68, 30, 22, 14, 17,Guanajuato,secundaria-air-quality.csv
2022/12/17, 74, 29, 24, 15, 19,Guanajuato,secundaria-air-quality.csv
2022/12/18, 81, 27, 18, 15, 15,Guanajuato,secundaria-air-quality.csv
2022/12/19, 56, 26, 18, 18, 17,Guanajuato,secundaria-air-quality.csv
2022/12/20, 62, 27, 16, 22, 16,Guanajuato,secundaria-air-quality.csv
2022/12/21, 67, 27, 16, 18, 14,Guanajuato,secundaria-air-quality.csv
2022/12/22, 46, 26, 21, 15, 17,Guanajuato,secundaria-air-quality.csv
2022/12/23, 66, 32, 21, 16, 16,Guanajuato,secundaria-air-quality.csv
2022/12/24, 70, 12, 19, 31, 14,Guanajuato,secundaria-air-quality.csv
2022/12/25, 52, 28, 12, 34, 12,Guanajuato,secundaria-air-quality.csv
2022/12/26, 46, , , , ,Guanajuato,secundaria-air-quality.csv
2022/12/28, 34, 26, 17, 19, 12,Guanajuato,secundaria-air-quality.csv
2022/12/29, 45, 24, 15, 13, 10,Guanajuato,secundaria-air-quality.csv
2022/12/30, 33, 23, 17, 14, 13,Guanajuato,secundaria-air-quality.csv
2022/12/31, 46, 22, 17, 15, 13,Guanajuato,secundaria-air-quality.csv
2023/1/1, 43, 20, 15, 16, 14,Guanajuato,secundaria-air-quality.csv
2023/1/2, 53, 16, 14, 13, 11,Guanajuato,secundaria-air-quality.csv
2022/7/2, 25, , , 31, 3,Guanajuato,secundaria-air-quality.csv
2022/7/3, 27, , , 30, 2,Guanajuato,secundaria-air-quality.csv
2022/7/4, 15, , , 28, 2,Guanajuato,secundaria-air-quality.csv
2022/7/5, 22, , , 30, 2,Guanajuato,secundaria-air-quality.csv
2022/7/6, 24, , , 30, 3,Guanajuato,secundaria-air-quality.csv
2022/7/7, 24, , , 30, 2,Guanajuato,secundaria-air-quality.csv
2022/7/8, 21, , , 28, 3,Guanajuato,secundaria-air-quality.csv
2022/7/9, 23, , , 27, 2,Guanajuato,secundaria-air-quality.csv
2022/7/10, 19, , , 29, 2,Guanajuato,secundaria-air-quality.csv
2022/7/11, 17, , , 30, 3,Guanajuato,secundaria-air-quality.csv
2022/7/12, 21, , , 28, 3,Guanajuato,secundaria-air-quality.csv
2022/7/13, 23, , , 31, 4,Guanajuato,secundaria-air-quality.csv
2022/7/14, 23, , , 30, 2,Guanajuato,secundaria-air-quality.csv
2022/7/15, 29, , , 31, 3,Guanajuato,secundaria-air-quality.csv
2022/7/16, 44, , , 31, 3,Guanajuato,secundaria-air-quality.csv
2022/7/17, 15, , , 31, 3,Guanajuato,secundaria-air-quality.csv
2022/7/18, 7, , , 26, 2,Guanajuato,secundaria-air-quality.csv
2022/7/19, 16, , , 25, 2,Guanajuato,secundaria-air-quality.csv
2022/7/20, 21, , , 25, ,Guanajuato,secundaria-air-quality.csv
2022/7/21, 31, , , 30, ,Guanajuato,secundaria-air-quality.csv
2022/7/22, 29, , , 30, ,Guanajuato,secundaria-air-quality.csv
2022/7/23, 33, , , 32, ,Guanajuato,secundaria-air-quality.csv
2022/7/24, 28, , , , ,Guanajuato,secundaria-air-quality.csv
2022/7/26, 19, , , 31, ,Guanajuato,secundaria-air-quality.csv
2022/7/27, 21, , , 32, ,Guanajuato,secundaria-air-quality.csv
2022/7/28, 14, , , 31, ,Guanajuato,secundaria-air-quality.csv
2022/7/29, 20, , , 31, ,Guanajuato,secundaria-air-quality.csv
2022/7/30, 25, , , 32, ,Guanajuato,secundaria-air-quality.csv
2022/7/31, 19, , , , ,Guanajuato,secundaria-air-quality.csv
2022/8/2, 14, , , 31, ,Guanajuato,secundaria-air-quality.csv
2022/8/3, 19, , , 32, ,Guanajuato,secundaria-air-quality.csv
2022/8/4, 23, , , 32, ,Guanajuato,secundaria-air-quality.csv
2022/8/5, 33, , , 1, ,Guanajuato,secundaria-air-quality.csv
2022/8/6, 23, , , 1, ,Guanajuato,secundaria-air-quality.csv
2022/8/7, 27, , , 1, ,Guanajuato,secundaria-air-quality.csv
2022/8/8, 19, , , , ,Guanajuato,secundaria-air-quality.csv
2022/8/9, 14, , , 2, ,Guanajuato,secundaria-air-quality.csv
2022/8/10, 16, 58, , 2, 1,Guanajuato,secundaria-air-quality.csv
2022/8/11, 14, 46, , 2, 6,Guanajuato,secundaria-air-quality.csv
2022/8/12, 20, 36, , , 7,Guanajuato,secundaria-air-quality.csv
2022/8/13, 21, 54, , , 7,Guanajuato,secundaria-air-quality.csv
2022/8/14, 25, 55, , , 8,Guanajuato,secundaria-air-quality.csv
2022/8/15, 16, 54, , , 8,Guanajuato,secundaria-air-quality.csv
2022/8/16, 23, 41, , , 7,Guanajuato,secundaria-air-quality.csv
2022/8/17, 8, 45, , , 7,Guanajuato,secundaria-air-quality.csv
2022/8/18, 22, 56, , , 7,Guanajuato,secundaria-air-quality.csv
2022/8/19, 20, 62, , , 6,Guanajuato,secundaria-air-quality.csv
2022/8/20, 30, 46, , , 6,Guanajuato,secundaria-air-quality.csv
2022/8/21, 20, 40, , , 4,Guanajuato,secundaria-air-quality.csv
2022/8/22, 14, 49, , , 5,Guanajuato,secundaria-air-quality.csv
2022/8/23, 22, 43, , , 4,Guanajuato,secundaria-air-quality.csv
2022/8/24, 26, 49, , , 5,Guanajuato,secundaria-air-quality.csv
2022/8/25, 24, 37, , , 3,Guanajuato,secundaria-air-quality.csv
2022/8/26, 21, 29, , 7, 3,Guanajuato,secundaria-air-quality.csv
2022/8/27, 20, , , , ,Guanajuato,secundaria-air-quality.csv
2022/8/31, 12, 50, , 9, 3,Guanajuato,secundaria-air-quality.csv
2022/9/1, 19, 41, , 6, 2,Guanajuato,secundaria-air-quality.csv
2022/9/2, 17, 34, , 4, 2,Guanajuato,secundaria-air-quality.csv
2022/9/3, 27, 31, , 4, 1,Guanajuato,secundaria-air-quality.csv
2022/9/4, 27, 30, , 6, 1,Guanajuato,secundaria-air-quality.csv
2022/9/5, 11, 27, , 10, 1,Guanajuato,secundaria-air-quality.csv
2022/9/6, 14, , , 11, 2,Guanajuato,secundaria-air-quality.csv
2022/9/7, 15, , , 7, 2,Guanajuato,secundaria-air-quality.csv
2022/9/8, 14, , , 8, 3,Guanajuato,secundaria-air-quality.csv
2022/9/9, 12, , , 9, 4,Guanajuato,secundaria-air-quality.csv
2022/9/10, 30, , , 13, 4,Guanajuato,secundaria-air-quality.csv
2022/9/11, 21, , , , ,Guanajuato,secundaria-air-quality.csv
2022/9/13, 13, , , 11, 6,Guanajuato,secundaria-air-quality.csv
2022/9/14, 27, 30, , 12, ,Guanajuato,secundaria-air-quality.csv
2022/9/15, 47, 32, , 13, 13,Guanajuato,secundaria-air-quality.csv
2022/9/16, 22, 29, , 13, 13,Guanajuato,secundaria-air-quality.csv
2022/9/17, 14, 29, , 13, 13,Guanajuato,secundaria-air-quality.csv
2022/9/18, 13, 37, , 16, 13,Guanajuato,secundaria-air-quality.csv
2022/9/19, 12, 30, , 16, 14,Guanajuato,secundaria-air-quality.csv
2022/9/20, 12, , , 13, 13,Guanajuato,secundaria-air-quality.csv
2022/9/21, 16, , , 12, 13,Guanajuato,secundaria-air-quality.csv
2022/9/22, 14, , , 12, 14,Guanajuato,secundaria-air-quality.csv
2022/9/23, 22, , , 13, 13,Guanajuato,secundaria-air-quality.csv
2022/9/24, 13, , , 13, 14,Guanajuato,secundaria-air-quality.csv
2022/9/25, 19, , , 14, 13,Guanajuato,secundaria-air-quality.csv
2022/9/26, 15, , , 13, 13,Guanajuato,secundaria-air-quality.csv
2022/9/27, 20, , , 13, 12,Guanajuato,secundaria-air-quality.csv
2022/9/28, 14, , , 13, 12,Guanajuato,secundaria-air-quality.csv
2022/9/29, 17, , , 14, 13,Guanajuato,secundaria-air-quality.csv
2022/9/30, 18, , , 14, 13,Guanajuato,secundaria-air-quality.csv
2022/10/1, 23, , , 14, 12,Guanajuato,secundaria-air-quality.csv
2022/4/2, 82, 31, , 27, 5,Guanajuato,secundaria-air-quality.csv
2022/4/3, 41, 30, , 27, 5,Guanajuato,secundaria-air-quality.csv
2022/4/4, 47, 34, , 17, 4,Guanajuato,secundaria-air-quality.csv
2022/4/5, 66, 32, , 9, 5,Guanajuato,secundaria-air-quality.csv
2022/4/6, 47, 31, , 9, 8,Guanajuato,secundaria-air-quality.csv
2022/4/7, 51, 36, , 11, 5,Guanajuato,secundaria-air-quality.csv
2022/4/8, 64, 31, , 10, 5,Guanajuato,secundaria-air-quality.csv
2022/4/9, 50, 30, , 12, 5,Guanajuato,secundaria-air-quality.csv
2022/4/10, 44, 25, , 10, 4,Guanajuato,secundaria-air-quality.csv
2022/4/11, 39, 27, , 12, 4,Guanajuato,secundaria-air-quality.csv
2022/4/12, 30, 26, , 10, 3,Guanajuato,secundaria-air-quality.csv
2022/4/13, 35, 25, , 8, 2,Guanajuato,secundaria-air-quality.csv
2022/4/14, 17, 32, , 9, 6,Guanajuato,secundaria-air-quality.csv
2022/4/15, 44, 29, , 9, 4,Guanajuato,secundaria-air-quality.csv
2022/4/16, 42, 31, , 8, 4,Guanajuato,secundaria-air-quality.csv
2022/4/17, 37, 29, , 8, 4,Guanajuato,secundaria-air-quality.csv
2022/4/18, 38, 38, , 12, 4,Guanajuato,secundaria-air-quality.csv
2022/4/19, 51, 33, , , 3,Guanajuato,secundaria-air-quality.csv
2022/4/20, 37, 33, , , 4,Guanajuato,secundaria-air-quality.csv
2022/4/21, 41, 33, , , 3,Guanajuato,secundaria-air-quality.csv
2022/4/22, 45, 34, , , 2,Guanajuato,secundaria-air-quality.csv
2022/4/23, 35, 33, , , 3,Guanajuato,secundaria-air-quality.csv
2022/4/24, 37, 30, , , 2,Guanajuato,secundaria-air-quality.csv
2022/4/25, 39, 33, , , 3,Guanajuato,secundaria-air-quality.csv
2022/4/26, 48, 24, , , 1,Guanajuato,secundaria-air-quality.csv
2022/4/27, 40, 24, , , 1,Guanajuato,secundaria-air-quality.csv
2022/4/28, 26, 35, , , 2,Guanajuato,secundaria-air-quality.csv
2022/4/29, 33, 37, , 5, 3,Guanajuato,secundaria-air-quality.csv
2022/4/30, 36, 42, , 6, 2,Guanajuato,secundaria-air-quality.csv
2022/5/1, 44, 41, , 8, 3,Guanajuato,secundaria-air-quality.csv
2022/5/2, 55, , , , ,Guanajuato,secundaria-air-quality.csv
2022/5/4, 46, 39, , 6, 4,Guanajuato,secundaria-air-quality.csv
2022/5/5, 57, 35, , 5, 5,Guanajuato,secundaria-air-quality.csv
2022/5/6, 61, 33, , 5, 4,Guanajuato,secundaria-air-quality.csv
2022/5/7, 46, 34, , , 3,Guanajuato,secundaria-air-quality.csv
2022/5/8, 50, 36, , , 3,Guanajuato,secundaria-air-quality.csv
2022/5/9, 52, 35, , , 3,Guanajuato,secundaria-air-quality.csv
2022/5/10, 50, 37, , , 2,Guanajuato,secundaria-air-quality.csv
2022/5/11, 52, 25, , , 1,Guanajuato,secundaria-air-quality.csv
2022/5/12, 29, 35, , , 1,Guanajuato,secundaria-air-quality.csv
2022/5/13, 28, 40, , , 2,Guanajuato,secundaria-air-quality.csv
2022/5/14, 40, 38, , , 3,Guanajuato,secundaria-air-quality.csv
2022/5/15, 49, 38, , , 1,Guanajuato,secundaria-air-quality.csv
2022/5/16, 33, 40, , 10, 3,Guanajuato,secundaria-air-quality.csv
2022/5/17, 38, 36, , 12, 3,Guanajuato,secundaria-air-quality.csv
2022/5/18, 50, 33, , 9, 2,Guanajuato,secundaria-air-quality.csv
2022/5/19, 40, 39, , 12, 3,Guanajuato,secundaria-air-quality.csv
2022/5/20, 28, 40, , 13, 3,Guanajuato,secundaria-air-quality.csv
2022/5/21, 51, 43, , 13, 3,Guanajuato,secundaria-air-quality.csv
2022/5/22, 49, 44, , 16, 2,Guanajuato,secundaria-air-quality.csv
2022/5/23, 50, 37, , 19, 2,Guanajuato,secundaria-air-quality.csv
2022/5/24, 51, 37, , 18, 2,Guanajuato,secundaria-air-quality.csv
2022/5/25, 47, 38, , 17, 5,Guanajuato,secundaria-air-quality.csv
2022/5/26, 51, 44, , 12, 1,Guanajuato,secundaria-air-quality.csv
2022/5/27, 46, 48, , 14, 1,Guanajuato,secundaria-air-quality.csv
2022/5/28, 39, , , 17, 1,Guanajuato,secundaria-air-quality.csv
2022/5/29, 31, , , 20, 1,Guanajuato,secundaria-air-quality.csv
2022/5/30, 36, , , 16, 3,Guanajuato,secundaria-air-quality.csv
2022/5/31, 28, , , 17, 3,Guanajuato,secundaria-air-quality.csv
2022/6/1, 34, , , 18, 2,Guanajuato,secundaria-air-quality.csv
2022/6/2, 34, , , 19, 1,Guanajuato,secundaria-air-quality.csv
2022/6/3, 20, , , 20, 2,Guanajuato,secundaria-air-quality.csv
2022/6/4, 25, , , 24, 2,Guanajuato,secundaria-air-quality.csv
2022/6/5, 35, , , , ,Guanajuato,secundaria-air-quality.csv
2022/6/8, 30, , , 19, 2,Guanajuato,secundaria-air-quality.csv
2022/6/9, 35, , , 18, 2,Guanajuato,secundaria-air-quality.csv
2022/6/10, 31, , , 21, 1,Guanajuato,secundaria-air-quality.csv
2022/6/11, 22, , , 19, 1,Guanajuato,secundaria-air-quality.csv
2022/6/12, 26, , , 26, 1,Guanajuato,secundaria-air-quality.csv
2022/6/13, 23, , , 26, 2,Guanajuato,secundaria-air-quality.csv
2022/6/14, 36, , , 25, 3,Guanajuato,secundaria-air-quality.csv
2022/6/15, 33, , , 22, 1,Guanajuato,secundaria-air-quality.csv
2022/6/16, 18, , , 24, 1,Guanajuato,secundaria-air-quality.csv
2022/6/17, 34, , , 28, 1,Guanajuato,secundaria-air-quality.csv
2022/6/18, 26, , , 30, 1,Guanajuato,secundaria-air-quality.csv
2022/6/19, 23, , , 30, 1,Guanajuato,secundaria-air-quality.csv
2022/6/20, 13, , , 26, 1,Guanajuato,secundaria-air-quality.csv
2022/6/21, 23, , , 28, 2,Guanajuato,secundaria-air-quality.csv
2022/6/22, 38, , , 26, 1,Guanajuato,secundaria-air-quality.csv
2022/6/23, 17, , , 26, 2,Guanajuato,secundaria-air-quality.csv
2022/6/24, 29, , , 32, 2,Guanajuato,secundaria-air-quality.csv
2022/6/25, 42, , , 30, 3,Guanajuato,secundaria-air-quality.csv
2022/6/26, 22, , , 28, 2,Guanajuato,secundaria-air-quality.csv
2022/6/27, 21, , , 30, 2,Guanajuato,secundaria-air-quality.csv
2022/6/28, 20, , , 30, 2,Guanajuato,secundaria-air-quality.csv
2022/6/29, 31, , , 31, 2,Guanajuato,secundaria-air-quality.csv
2022/6/30, 20, , , 28, 2,Guanajuato,secundaria-air-quality.csv
2022/7/1, 26, , , 31, 3,Guanajuato,secundaria-air-quality.csv
2022/1/4, 68, 37, 34, 12, 17,Guanajuato,secundaria-air-quality.csv
2022/1/5, 68, 36, 29, 12, 13,Guanajuato,secundaria-air-quality.csv
2022/1/6, 59, 37, 29, 11, 14,Guanajuato,secundaria-air-quality.csv
2022/1/7, 55, 36, 27, 11, 13,Guanajuato,secundaria-air-quality.csv
2022/1/8, 53, 30, 27, 7, 13,Guanajuato,secundaria-air-quality.csv
2022/1/9, 53, 26, 27, 9, 14,Guanajuato,secundaria-air-quality.csv
2022/1/10, 66, 15, 11, 12, 9,Guanajuato,secundaria-air-quality.csv
2022/1/11, 24, 21, 12, 6, 8,Guanajuato,secundaria-air-quality.csv
2022/1/12, 18, 32, 22, 5, 11,Guanajuato,secundaria-air-quality.csv
2022/1/13, 32, 34, 25, 9, 13,Guanajuato,secundaria-air-quality.csv
2022/1/14, 47, 35, 27, 7, 15,Guanajuato,secundaria-air-quality.csv
2022/1/15, 53, 34, 28, 4, 14,Guanajuato,secundaria-air-quality.csv
2022/1/16, 60, , , , ,Guanajuato,secundaria-air-quality.csv
2022/1/18, 42, 33, 25, 11, 12,Guanajuato,secundaria-air-quality.csv
2022/1/19, 48, 27, 26, 6, 15,Guanajuato,secundaria-air-quality.csv
2022/1/20, 39, 31, 24, 8, 13,Guanajuato,secundaria-air-quality.csv
2022/1/21, 45, 15, 29, 9, 15,Guanajuato,secundaria-air-quality.csv
2022/1/22, 58, 30, 25, 10, 13,Guanajuato,secundaria-air-quality.csv
2022/1/23, 42, 29, 19, 14, 11,Guanajuato,secundaria-air-quality.csv
2022/1/24, 30, 23, 19, 9, 10,Guanajuato,secundaria-air-quality.csv
2022/1/25, 35, 22, 20, 9, 10,Guanajuato,secundaria-air-quality.csv
2022/1/26, 23, 27, 24, 11, 13,Guanajuato,secundaria-air-quality.csv
2022/1/27, 39, 24, 23, 13, 12,Guanajuato,secundaria-air-quality.csv
2022/1/28, 41, 28, 23, 12, 12,Guanajuato,secundaria-air-quality.csv
2022/1/29, 42, , , , ,Guanajuato,secundaria-air-quality.csv
2022/2/1, 38, 24, 19, 10, 11,Guanajuato,secundaria-air-quality.csv
2022/2/2, 33, 25, , 13, 11,Guanajuato,secundaria-air-quality.csv
2022/2/3, 37, 27, , 11, 12,Guanajuato,secundaria-air-quality.csv
2022/2/4, 35, , , , ,Guanajuato,secundaria-air-quality.csv
2022/2/10, 28, 25, , 9, 13,Guanajuato,secundaria-air-quality.csv
2022/2/11, 41, 27, , 8, 13,Guanajuato,secundaria-air-quality.csv
2022/2/12, 35, 22, , 10, 13,Guanajuato,secundaria-air-quality.csv
2022/2/13, 31, 23, , 14, 12,Guanajuato,secundaria-air-quality.csv
2022/2/14, 26, 26, , 12, 12,Guanajuato,secundaria-air-quality.csv
2022/2/15, 18, 32, , 20, 17,Guanajuato,secundaria-air-quality.csv
2022/2/16, 30, 26, , 17, 15,Guanajuato,secundaria-air-quality.csv
2022/2/17, 36, 22, , 15, 14,Guanajuato,secundaria-air-quality.csv
2022/2/18, 36, 35, , 15, 16,Guanajuato,secundaria-air-quality.csv
2022/2/19, 47, 37, , 15, 14,Guanajuato,secundaria-air-quality.csv
2022/2/20, 41, 32, , 17, 15,Guanajuato,secundaria-air-quality.csv
2022/2/21, 32, 30, , 9, 14,Guanajuato,secundaria-air-quality.csv
2022/2/22, 44, 28, , 8, 13,Guanajuato,secundaria-air-quality.csv
2022/2/23, 34, 42, , 8, 14,Guanajuato,secundaria-air-quality.csv
2022/2/24, 51, 41, , 15, 14,Guanajuato,secundaria-air-quality.csv
2022/2/25, 46, 37, , 8, 13,Guanajuato,secundaria-air-quality.csv
2022/2/26, 44, 32, , 3, 12,Guanajuato,secundaria-air-quality.csv
2022/2/27, 20, , , , ,Guanajuato,secundaria-air-quality.csv
2022/3/11, 46, 27, , 11, 15,Guanajuato,secundaria-air-quality.csv
2022/3/12, 34, 32, , 31, 15,Guanajuato,secundaria-air-quality.csv
2022/3/13, 46, 16, , 30, 14,Guanajuato,secundaria-air-quality.csv
2022/3/14, 29, , , , ,Guanajuato,secundaria-air-quality.csv
2022/3/17, 36, 24, , , 15,Guanajuato,secundaria-air-quality.csv
2022/3/18, 45, 32, , 14, 17,Guanajuato,secundaria-air-quality.csv
2022/3/19, 35, 32, , 15, 18,Guanajuato,secundaria-air-quality.csv
2022/3/20, 45, 29, , 17, 16,Guanajuato,secundaria-air-quality.csv
2022/3/21, 35, 27, , 12, 17,Guanajuato,secundaria-air-quality.csv
2022/3/22, 40, 28, , 11, 18,Guanajuato,secundaria-air-quality.csv
2022/3/23, 40, 32, , 13, 20,Guanajuato,secundaria-air-quality.csv
2022/3/24, 48, 40, , 5, 19,Guanajuato,secundaria-air-quality.csv
2022/3/25, 42, 36, , 3, 18,Guanajuato,secundaria-air-quality.csv
2022/3/26, 42, 39, , , 19,Guanajuato,secundaria-air-quality.csv
2022/3/27, 45, 39, , , 21,Guanajuato,secundaria-air-quality.csv
2022/3/28, 45, 30, , 12, 13,Guanajuato,secundaria-air-quality.csv
2022/3/29, 58, 38, , 20, 5,Guanajuato,secundaria-air-quality.csv
2022/3/30, 58, 30, , 27, 4,Guanajuato,secundaria-air-quality.csv
2022/3/31, 46, 34, , 27, 6,Guanajuato,secundaria-air-quality.csv
2022/4/1, 49, 22, , 28, 10,Guanajuato,secundaria-air-quality.csv
2021/10/13, 34, 27, 8, 2, 17,Guanajuato,secundaria-air-quality.csv
2021/10/14, 29, 30, 13, 2, 9,Guanajuato,secundaria-air-quality.csv
2021/10/15, 26, , , , ,Guanajuato,secundaria-air-quality.csv
2021/11/2, 30, , , , ,Guanajuato,secundaria-air-quality.csv
2021/11/4, 42, 42, 20, 8, 15,Guanajuato,secundaria-air-quality.csv
2021/11/5, 35, , , , ,Guanajuato,secundaria-air-quality.csv
2021/11/9, 28, 40, 26, 12, 16,Guanajuato,secundaria-air-quality.csv
2021/11/10, 43, , , , ,Guanajuato,secundaria-air-quality.csv
2021/11/16, 16, 55, 16, 17, 14,Guanajuato,secundaria-air-quality.csv
2021/11/17, 34, 44, 32, 14, 18,Guanajuato,secundaria-air-quality.csv
2021/11/18, 55, 48, 25, 13, 14,Guanajuato,secundaria-air-quality.csv
2021/11/19, 50, 26, 14, 11, 12,Guanajuato,secundaria-air-quality.csv
2021/11/20, 23, 34, 19, 12, 14,Guanajuato,secundaria-air-quality.csv
2021/11/21, 25, 37, 22, 11, 15,Guanajuato,secundaria-air-quality.csv
2021/11/22, 29, , , , ,Guanajuato,secundaria-air-quality.csv
2021/12/4, 56, 41, 26, 9, 4,Guanajuato,secundaria-air-quality.csv
2021/12/5, 41, 36, 25, 6, 3,Guanajuato,secundaria-air-quality.csv
2021/12/6, 40, 43, 29, 3, 3,Guanajuato,secundaria-air-quality.csv
2021/12/7, 61, 47, 31, 9, ,Guanajuato,secundaria-air-quality.csv
2021/12/8, 59, 40, 30, 9, ,Guanajuato,secundaria-air-quality.csv
2021/12/9, 58, 37, 29, 14, ,Guanajuato,secundaria-air-quality.csv
2021/12/10, 57, 32, 29, 8, ,Guanajuato,secundaria-air-quality.csv
2021/12/11, 54, 40, 27, 10, ,Guanajuato,secundaria-air-quality.csv
2021/12/12, 65, 45, 22, 13, ,Guanajuato,secundaria-air-quality.csv
2021/12/13, 47, 45, 27, 11, ,Guanajuato,secundaria-air-quality.csv
2021/12/14, 51, 32, 28, 12, 11,Guanajuato,secundaria-air-quality.csv
2021/12/15, 46, 5, 22, 5, 6,Guanajuato,secundaria-air-quality.csv
2021/12/16, 30, , , , ,Guanajuato,secundaria-air-quality.csv
2021/12/18, 56, 37, 29, 8, 8,Guanajuato,secundaria-air-quality.csv
2021/12/19, 47, 12, 26, 11, 8,Guanajuato,secundaria-air-quality.csv
2021/12/20, 22, 26, 24, 8, 9,Guanajuato,secundaria-air-quality.csv
2021/12/21, 26, 20, 33, 10, 15,Guanajuato,secundaria-air-quality.csv
2021/12/22, 51, 44, 32, 12, 14,Guanajuato,secundaria-air-quality.csv
2021/12/23, 63, 59, 38, 12, 19,Guanajuato,secundaria-air-quality.csv
2021/12/24, 79, 44, 30, 12, 19,Guanajuato,secundaria-air-quality.csv
2021/12/25, 69, 55, 26, 13, 21,Guanajuato,secundaria-air-quality.csv
2021/12/26, 96, 39, 22, 12, 13,Guanajuato,secundaria-air-quality.csv
2021/12/27, 45, 35, 25, 15, 14,Guanajuato,secundaria-air-quality.csv
2021/12/28, 60, , , , ,Guanajuato,secundaria-air-quality.csv
2021/7/2, 10, 26, 7, 10, ,Guanajuato,secundaria-air-quality.csv
2021/7/3, 12, 23, 9, 10, ,Guanajuato,secundaria-air-quality.csv
2021/7/4, 28, 40, 7, 12, ,Guanajuato,secundaria-air-quality.csv
2021/7/5, 29, 30, 5, 9, ,Guanajuato,secundaria-air-quality.csv
2021/7/6, 13, 28, 8, 10, ,Guanajuato,secundaria-air-quality.csv
2021/7/7, 22, , , , ,Guanajuato,secundaria-air-quality.csv
2021/7/10, 20, , , , ,Guanajuato,secundaria-air-quality.csv
2021/7/15, 17, 21, 8, 9, ,Guanajuato,secundaria-air-quality.csv
2021/7/16, 21, , , , ,Guanajuato,secundaria-air-quality.csv
2021/7/20, 18, 46, 9, 11, ,Guanajuato,secundaria-air-quality.csv
2021/7/21, 25, 43, 7, 12, ,Guanajuato,secundaria-air-quality.csv
2021/7/22, 23, 34, 9, 9, ,Guanajuato,secundaria-air-quality.csv
2021/7/23, 17, , , , ,Guanajuato,secundaria-air-quality.csv
2021/8/1, 22, , , , ,Guanajuato,secundaria-air-quality.csv
2021/8/3, 21, 51, 7, 12, ,Guanajuato,secundaria-air-quality.csv
2021/8/4, 18, 21, 8, 11, ,Guanajuato,secundaria-air-quality.csv
2021/8/5, 24, 39, 6, 6, ,Guanajuato,secundaria-air-quality.csv
2021/8/6, 18, 47, 7, 11, ,Guanajuato,secundaria-air-quality.csv
2021/8/7, 10, 38, 4, 10, ,Guanajuato,secundaria-air-quality.csv
2021/8/8, 17, 31, 7, 7, ,Guanajuato,secundaria-air-quality.csv
2021/8/9, 14, 39, 8, 9, ,Guanajuato,secundaria-air-quality.csv
2021/8/10, 13, 33, 6, 7, 1,Guanajuato,secundaria-air-quality.csv
2021/8/11, 13, 35, 6, 9, 1,Guanajuato,secundaria-air-quality.csv
2021/8/12, 15, 46, 10, 10, 3,Guanajuato,secundaria-air-quality.csv
2021/8/13, 18, 43, 6, 11, 2,Guanajuato,secundaria-air-quality.csv
2021/8/14, 14, , , , ,Guanajuato,secundaria-air-quality.csv
2021/8/16, 14, 33, 6, 9, 1,Guanajuato,secundaria-air-quality.csv
2021/8/17, 13, 36, 7, 11, ,Guanajuato,secundaria-air-quality.csv
2021/8/18, 22, 44, 8, 13, ,Guanajuato,secundaria-air-quality.csv
2021/8/19, 19, 41, 6, 9, ,Guanajuato,secundaria-air-quality.csv
2021/8/20, 16, , , , ,Guanajuato,secundaria-air-quality.csv
2021/8/22, 10, 30, 3, 4, ,Guanajuato,secundaria-air-quality.csv
2021/8/23, 9, 35, 4, 2, ,Guanajuato,secundaria-air-quality.csv
2021/8/24, 21, 28, 4, 3, ,Guanajuato,secundaria-air-quality.csv
2021/8/25, 20, 25, 4, 10, ,Guanajuato,secundaria-air-quality.csv
2021/8/26, 19, 27, 4, 11, ,Guanajuato,secundaria-air-quality.csv
2021/8/27, 25, 28, 10, 9, ,Guanajuato,secundaria-air-quality.csv
2021/8/28, 44, 7, 11, 10, ,Guanajuato,secundaria-air-quality.csv
2021/8/29, 31, , , , ,Guanajuato,secundaria-air-quality.csv
2021/9/1, 10, 22, 5, 2, ,Guanajuato,secundaria-air-quality.csv
2021/9/2, 12, 24, 12, 8, 6,Guanajuato,secundaria-air-quality.csv
2021/9/3, 22, 24, 8, 7, 5,Guanajuato,secundaria-air-quality.csv
2021/9/4, 12, 30, 7, 8, 5,Guanajuato,secundaria-air-quality.csv
2021/9/5, 11, 37, 7, 9, 6,Guanajuato,secundaria-air-quality.csv
2021/9/6, 15, 32, 7, 8, 6,Guanajuato,secundaria-air-quality.csv
2021/9/7, 11, 31, 9, 7, 6,Guanajuato,secundaria-air-quality.csv
2021/9/8, 11, 36, 9, 9, 7,Guanajuato,secundaria-air-quality.csv
2021/9/9, 19, 34, 8, 7, 6,Guanajuato,secundaria-air-quality.csv
2021/9/10, 16, 40, 7, 7, 6,Guanajuato,secundaria-air-quality.csv
2021/9/11, 26, 33, 6, 6, 5,Guanajuato,secundaria-air-quality.csv
2021/9/12, 16, 27, 4, 4, 5,Guanajuato,secundaria-air-quality.csv
2021/9/13, 7, 31, 6, 1, 6,Guanajuato,secundaria-air-quality.csv
2021/9/14, 15, 23, 6, , 6,Guanajuato,secundaria-air-quality.csv
2021/9/15, 14, , , , ,Guanajuato,secundaria-air-quality.csv
2021/9/20, 11, 26, 3, 8, 5,Guanajuato,secundaria-air-quality.csv
2021/9/21, 11, 44, 6, 16, 5,Guanajuato,secundaria-air-quality.csv
2021/9/22, 23, 28, , 15, 4,Guanajuato,secundaria-air-quality.csv
2021/9/23, 18, , , , ,Guanajuato,secundaria-air-quality.csv
2021/9/28, 26, , , , ,Guanajuato,secundaria-air-quality.csv
2021/4/2, 44, 31, 3, 27, 5,Guanajuato,secundaria-air-quality.csv
2021/4/3, 20, 43, 5, 27, 5,Guanajuato,secundaria-air-quality.csv
2021/4/4, 22, 48, 6, 28, 5,Guanajuato,secundaria-air-quality.csv
2021/4/5, 20, 44, 8, 26, 6,Guanajuato,secundaria-air-quality.csv
2021/4/6, 37, 43, 11, 25, 6,Guanajuato,secundaria-air-quality.csv
2021/4/7, 44, 48, 11, 25, 6,Guanajuato,secundaria-air-quality.csv
2021/4/8, 35, 51, 13, 24, 6,Guanajuato,secundaria-air-quality.csv
2021/4/9, 41, 48, 12, 24, 6,Guanajuato,secundaria-air-quality.csv
2021/4/10, 46, 44, 9, 19, 6,Guanajuato,secundaria-air-quality.csv
2021/4/11, 39, 41, 7, 20, 5,Guanajuato,secundaria-air-quality.csv
2021/4/12, 42, 45, 13, 25, 7,Guanajuato,secundaria-air-quality.csv
2021/4/13, 47, 45, 11, 22, 7,Guanajuato,secundaria-air-quality.csv
2021/4/14, 45, 46, 7, 22, 4,Guanajuato,secundaria-air-quality.csv
2021/4/15, 61, 40, 7, 21, 5,Guanajuato,secundaria-air-quality.csv
2021/4/16, 44, 43, 7, 20, 5,Guanajuato,secundaria-air-quality.csv
2021/4/17, 47, 40, 8, 20, 5,Guanajuato,secundaria-air-quality.csv
2021/4/18, 52, 35, 9, 19, 5,Guanajuato,secundaria-air-quality.csv
2021/4/19, 37, 36, 12, 21, 6,Guanajuato,secundaria-air-quality.csv
2021/4/20, 49, 36, 11, 25, 5,Guanajuato,secundaria-air-quality.csv
2021/4/21, 67, 43, 15, 22, 7,Guanajuato,secundaria-air-quality.csv
2021/4/22, 52, 36, 11, 23, 6,Guanajuato,secundaria-air-quality.csv
2021/4/23, 52, 36, 6, 21, 6,Guanajuato,secundaria-air-quality.csv
2021/4/24, 55, 32, 8, 16, 6,Guanajuato,secundaria-air-quality.csv
2021/4/25, 39, 48, 5, 18, 5,Guanajuato,secundaria-air-quality.csv
2021/4/26, 44, 44, 9, 22, 6,Guanajuato,secundaria-air-quality.csv
2021/4/27, 51, 44, 11, 22, 6,Guanajuato,secundaria-air-quality.csv
2021/4/28, 51, 40, 8, 19, 5,Guanajuato,secundaria-air-quality.csv
2021/4/29, 49, 38, 6, 19, 5,Guanajuato,secundaria-air-quality.csv
2021/4/30, 43, 37, 7, 18, 5,Guanajuato,secundaria-air-quality.csv
2021/5/1, 44, 37, 5, 19, 4,Guanajuato,secundaria-air-quality.csv
2021/5/2, 45, 19, 5, 20, 4,Guanajuato,secundaria-air-quality.csv
2021/5/3, 39, , , , ,Guanajuato,secundaria-air-quality.csv
2021/5/12, 28, 49, 13, 28, 6,Guanajuato,secundaria-air-quality.csv
2021/5/13, 23, 33, 5, 27, 4,Guanajuato,secundaria-air-quality.csv
2021/5/14, 7, 41, 6, 23, 3,Guanajuato,secundaria-air-quality.csv
2021/5/15, 11, 44, 11, 27, 4,Guanajuato,secundaria-air-quality.csv
2021/5/16, 18, 57, 10, 26, 4,Guanajuato,secundaria-air-quality.csv
2021/5/17, 16, 54, 10, 27, 4,Guanajuato,secundaria-air-quality.csv
2021/5/18, 34, 50, 9, 27, 4,Guanajuato,secundaria-air-quality.csv
2021/5/19, 31, 41, 6, 27, 4,Guanajuato,secundaria-air-quality.csv
2021/5/20, 25, 66, 15, 25, 4,Guanajuato,secundaria-air-quality.csv
2021/5/21, 33, 73, 13, 28, 4,Guanajuato,secundaria-air-quality.csv
2021/5/22, 38, 70, 11, 29, 4,Guanajuato,secundaria-air-quality.csv
2021/5/23, 36, 55, 6, 27, 3,Guanajuato,secundaria-air-quality.csv
2021/5/24, 33, 52, 10, 27, 4,Guanajuato,secundaria-air-quality.csv
2021/5/25, 25, 64, 8, 22, 3,Guanajuato,secundaria-air-quality.csv
2021/5/26, 30, , , , ,Guanajuato,secundaria-air-quality.csv
2021/5/31, 54, 26, 8, 26, 3,Guanajuato,secundaria-air-quality.csv
2021/6/1, 27, , , , ,Guanajuato,secundaria-air-quality.csv
2021/6/7, 13, 100, 21, 10, 4,Guanajuato,secundaria-air-quality.csv
2021/6/8, 34, 60, 7, 11, 1,Guanajuato,secundaria-air-quality.csv
2021/6/9, 43, 56, 4, 9, 1,Guanajuato,secundaria-air-quality.csv
2021/6/10, 27, 51, 5, 7, 1,Guanajuato,secundaria-air-quality.csv
2021/6/11, 18, , 4, 8, 1,Guanajuato,secundaria-air-quality.csv
2021/6/12, 13, , 5, 6, 1,Guanajuato,secundaria-air-quality.csv
2021/6/13, 13, , 4, 8, 1,Guanajuato,secundaria-air-quality.csv
2021/6/14, 8, , 6, 9, 1,Guanajuato,secundaria-air-quality.csv
2021/6/15, 8, , 5, 9, 1,Guanajuato,secundaria-air-quality.csv
2021/6/16, 18, , 5, 9, 1,Guanajuato,secundaria-air-quality.csv
2021/6/17, 21, , 5, 9, 1,Guanajuato,secundaria-air-quality.csv
2021/6/18, 9, , 4, 9, 1,Guanajuato,secundaria-air-quality.csv
2021/6/19, 7, , 11, 11, 2,Guanajuato,secundaria-air-quality.csv
2021/6/20, 9, , 7, 10, 2,Guanajuato,secundaria-air-quality.csv
2021/6/21, 9, , 6, 9, 8,Guanajuato,secundaria-air-quality.csv
2021/6/22, 80, 35, 12, 8, ,Guanajuato,secundaria-air-quality.csv
2021/6/23, 16, 37, 9, 9, ,Guanajuato,secundaria-air-quality.csv
2021/6/24, 11, 41, 8, 10, ,Guanajuato,secundaria-air-quality.csv
2021/6/25, 16, 39, 8, 10, ,Guanajuato,secundaria-air-quality.csv
2021/6/26, 15, 22, 6, 10, ,Guanajuato,secundaria-air-quality.csv
2021/6/27, 12, 17, 6, 15, ,Guanajuato,secundaria-air-quality.csv
2021/6/28, 15, 16, 9, 11, ,Guanajuato,secundaria-air-quality.csv
2021/6/29, 10, 27, 7, 10, ,Guanajuato,secundaria-air-quality.csv
2021/6/30, 12, 36, 10, 11, ,Guanajuato,secundaria-air-quality.csv
2021/7/1, 14, 14, 7, 10, ,Guanajuato,secundaria-air-quality.csv
2021/1/5, 52, 45, 18, 16, ,Guanajuato,secundaria-air-quality.csv
2021/1/6, 60, 27, 14, 14, ,Guanajuato,secundaria-air-quality.csv
2021/1/7, 50, 31, 15, 13, ,Guanajuato,secundaria-air-quality.csv
2021/1/8, 56, 38, 14, 15, ,Guanajuato,secundaria-air-quality.csv
2021/1/9, 59, 27, 14, 13, ,Guanajuato,secundaria-air-quality.csv
2021/1/10, 46, 21, 9, 10, ,Guanajuato,secundaria-air-quality.csv
2021/1/11, 18, 30, 11, 12, ,Guanajuato,secundaria-air-quality.csv
2021/1/12, 30, 27, 10, 10, ,Guanajuato,secundaria-air-quality.csv
2021/1/13, 27, 34, 11, 13, ,Guanajuato,secundaria-air-quality.csv
2021/1/14, 39, 28, 16, 15, ,Guanajuato,secundaria-air-quality.csv
2021/1/15, 52, 41, 14, 13, ,Guanajuato,secundaria-air-quality.csv
2021/1/16, 50, 37, 13, 14, ,Guanajuato,secundaria-air-quality.csv
2021/1/17, 48, 24, 7, 11, ,Guanajuato,secundaria-air-quality.csv
2021/1/18, 31, 42, 9, 18, ,Guanajuato,secundaria-air-quality.csv
2021/1/19, 46, 31, 10, 13, ,Guanajuato,secundaria-air-quality.csv
2021/1/20, 36, 40, 11, 12, ,Guanajuato,secundaria-air-quality.csv
2021/1/21, 34, 35, 9, 12, ,Guanajuato,secundaria-air-quality.csv
2021/1/22, 26, 34, 12, 10, ,Guanajuato,secundaria-air-quality.csv
2021/1/23, 34, 41, 17, 11, ,Guanajuato,secundaria-air-quality.csv
2021/1/24, 47, 34, 11, 10, ,Guanajuato,secundaria-air-quality.csv
2021/1/25, 42, 30, 9, 10, ,Guanajuato,secundaria-air-quality.csv
2021/1/26, 35, 33, 10, 10, ,Guanajuato,secundaria-air-quality.csv
2021/1/27, 36, 65, 11, 17, ,Guanajuato,secundaria-air-quality.csv
2021/1/28, 55, 33, 4, 10, ,Guanajuato,secundaria-air-quality.csv
2021/1/29, 26, 42, 11, 12, ,Guanajuato,secundaria-air-quality.csv
2021/1/30, 38, 49, 15, 11, ,Guanajuato,secundaria-air-quality.csv
2021/1/31, 57, 39, 9, 16, ,Guanajuato,secundaria-air-quality.csv
2021/2/1, 55, 27, 3, 10, ,Guanajuato,secundaria-air-quality.csv
2021/2/2, 26, 42, 10, 12, ,Guanajuato,secundaria-air-quality.csv
2021/2/3, 38, 51, 12, 12, ,Guanajuato,secundaria-air-quality.csv
2021/2/4, 47, 52, 11, 12, ,Guanajuato,secundaria-air-quality.csv
2021/2/5, 59, 46, 8, 11, ,Guanajuato,secundaria-air-quality.csv
2021/2/6, 54, 38, 6, 11, ,Guanajuato,secundaria-air-quality.csv
2021/2/7, 47, 42, 4, 14, ,Guanajuato,secundaria-air-quality.csv
2021/2/8, 42, 44, 4, 11, ,Guanajuato,secundaria-air-quality.csv
2021/2/9, 42, 45, 6, 12, ,Guanajuato,secundaria-air-quality.csv
2021/2/10, 51, 36, 6, 11, ,Guanajuato,secundaria-air-quality.csv
2021/2/11, 53, 27, 6, 10, ,Guanajuato,secundaria-air-quality.csv
2021/2/12, 43, 32, 9, 14, 10,Guanajuato,secundaria-air-quality.csv
2021/2/13, 39, 41, 10, 21, 10,Guanajuato,secundaria-air-quality.csv
2021/2/14, 35, 42, 8, 19, 9,Guanajuato,secundaria-air-quality.csv
2021/2/15, 32, 36, 9, 21, 10,Guanajuato,secundaria-air-quality.csv
2021/2/16, 31, 37, 12, 20, 10,Guanajuato,secundaria-air-quality.csv
2021/2/17, 40, 36, 9, 22, 9,Guanajuato,secundaria-air-quality.csv
2021/2/18, 29, 36, 13, 25, 10,Guanajuato,secundaria-air-quality.csv
2021/2/19, 36, 47, 15, 17, 10,Guanajuato,secundaria-air-quality.csv
2021/2/20, 39, 48, 21, 31, 15,Guanajuato,secundaria-air-quality.csv
2021/2/21, 43, 39, 9, 25, 10,Guanajuato,secundaria-air-quality.csv
2021/2/22, 44, 49, 13, 25, 10,Guanajuato,secundaria-air-quality.csv
2021/2/23, 45, 56, 11, 28, 9,Guanajuato,secundaria-air-quality.csv
2021/2/24, 38, 68, 16, 22, 8,Guanajuato,secundaria-air-quality.csv
2021/2/25, 42, 49, 20, 18, 6,Guanajuato,secundaria-air-quality.csv
2021/2/26, 37, 63, 24, 22, 8,Guanajuato,secundaria-air-quality.csv
2021/2/27, 58, 50, 19, 21, 11,Guanajuato,secundaria-air-quality.csv
2021/2/28, 54, 38, 22, 21, 12,Guanajuato,secundaria-air-quality.csv
2021/3/1, 54, 59, 14, 22, 10,Guanajuato,secundaria-air-quality.csv
2021/3/2, 56, 52, 8, 22, 8,Guanajuato,secundaria-air-quality.csv
2021/3/3, 47, 49, 16, 33, 9,Guanajuato,secundaria-air-quality.csv
2021/3/4, 45, 47, 20, 27, 10,Guanajuato,secundaria-air-quality.csv
2021/3/5, 54, 44, 16, 27, 9,Guanajuato,secundaria-air-quality.csv
2021/3/6, 51, 47, 9, 28, 8,Guanajuato,secundaria-air-quality.csv
2021/3/7, 45, 48, 9, 30, 8,Guanajuato,secundaria-air-quality.csv
2021/3/8, 37, 50, 12, 27, 8,Guanajuato,secundaria-air-quality.csv
2021/3/9, 37, 49, 12, 18, 8,Guanajuato,secundaria-air-quality.csv
2021/3/10, 32, 44, 18, 36, 10,Guanajuato,secundaria-air-quality.csv
2021/3/11, 36, 29, 22, 30, 10,Guanajuato,secundaria-air-quality.csv
2021/3/12, 43, 47, 19, 28, 10,Guanajuato,secundaria-air-quality.csv
2021/3/13, 46, 52, 14, 31, 9,Guanajuato,secundaria-air-quality.csv
2021/3/14, 47, 42, 12, 15, 9,Guanajuato,secundaria-air-quality.csv
2021/3/15, 50, 39, 7, 26, 8,Guanajuato,secundaria-air-quality.csv
2021/3/16, 45, 38, 11, 24, 8,Guanajuato,secundaria-air-quality.csv
2021/3/17, 48, 39, 13, 21, 9,Guanajuato,secundaria-air-quality.csv
2021/3/18, 38, 46, 12, 27, 8,Guanajuato,secundaria-air-quality.csv
2021/3/19, 58, 55, 10, 31, 7,Guanajuato,secundaria-air-quality.csv
2021/3/20, 48, 49, 14, 31, 10,Guanajuato,secundaria-air-quality.csv
2021/3/21, 50, 41, 10, 32, 8,Guanajuato,secundaria-air-quality.csv
2021/3/22, 43, 40, 13, 20, 8,Guanajuato,secundaria-air-quality.csv
2021/3/23, 54, 32, 7, 20, 7,Guanajuato,secundaria-air-quality.csv
2021/3/24, 44, 31, 9, 21, 7,Guanajuato,secundaria-air-quality.csv
2021/3/25, 45, 37, 10, 22, 7,Guanajuato,secundaria-air-quality.csv
2021/3/26, 30, 37, 14, 23, 8,Guanajuato,secundaria-air-quality.csv
2021/3/27, 43, 48, 20, 25, 11,Guanajuato,secundaria-air-quality.csv
2021/3/28, 54, 56, 14, 25, 9,Guanajuato,secundaria-air-quality.csv
2021/3/29, 71, 43, 10, 28, 8,Guanajuato,secundaria-air-quality.csv
2021/3/30, 49, 46, 14, 27, 8,Guanajuato,secundaria-air-quality.csv
2021/3/31, 54, 69, 16, 24, 8,Guanajuato,secundaria-air-quality.csv
2021/4/1, 57, 27, 4, 26, 6,Guanajuato,secundaria-air-quality.csv
2020/10/3, 29, 31, , 10, ,Guanajuato,secundaria-air-quality.csv
2020/10/4, 18, 22, , 9, ,Guanajuato,secundaria-air-quality.csv
2020/10/5, 16, 30, , 10, ,Guanajuato,secundaria-air-quality.csv
2020/10/6, 27, 29, , 11, ,Guanajuato,secundaria-air-quality.csv
2020/10/7, 31, 28, , 15, ,Guanajuato,secundaria-air-quality.csv
2020/10/8, 39, 34, , 11, ,Guanajuato,secundaria-air-quality.csv
2020/10/9, 32, 44, , 12, ,Guanajuato,secundaria-air-quality.csv
2020/10/10, 42, 58, , 12, ,Guanajuato,secundaria-air-quality.csv
2020/10/11, 47, 38, , 16, ,Guanajuato,secundaria-air-quality.csv
2020/10/12, 31, 38, , 13, ,Guanajuato,secundaria-air-quality.csv
2020/10/13, 41, 29, , 10, ,Guanajuato,secundaria-air-quality.csv
2020/10/14, 23, 31, , 9, ,Guanajuato,secundaria-air-quality.csv
2020/10/15, 22, 28, , 11, ,Guanajuato,secundaria-air-quality.csv
2020/10/16, 28, 23, , 9, ,Guanajuato,secundaria-air-quality.csv
2020/10/17, 25, 28, , 9, ,Guanajuato,secundaria-air-quality.csv
2020/10/18, 18, 25, , 10, ,Guanajuato,secundaria-air-quality.csv
2020/10/19, 17, 25, , 10, ,Guanajuato,secundaria-air-quality.csv
2020/10/20, 24, 32, , 10, ,Guanajuato,secundaria-air-quality.csv
2020/10/21, 18, 35, , 9, ,Guanajuato,secundaria-air-quality.csv
2020/10/22, 20, 44, , 11, ,Guanajuato,secundaria-air-quality.csv
2020/10/23, 31, 56, , 14, ,Guanajuato,secundaria-air-quality.csv
2020/10/24, 40, 32, , 14, ,Guanajuato,secundaria-air-quality.csv
2020/10/25, 32, 30, , 20, ,Guanajuato,secundaria-air-quality.csv
2020/10/26, 32, 52, , 20, ,Guanajuato,secundaria-air-quality.csv
2020/10/27, 46, 39, , 13, ,Guanajuato,secundaria-air-quality.csv
2020/10/28, 49, 34, , 10, ,Guanajuato,secundaria-air-quality.csv
2020/10/29, 44, 44, , 10, ,Guanajuato,secundaria-air-quality.csv
2020/10/30, 39, 35, , 10, ,Guanajuato,secundaria-air-quality.csv
2020/10/31, 25, 45, , 12, ,Guanajuato,secundaria-air-quality.csv
2020/11/1, 31, 23, , 10, ,Guanajuato,secundaria-air-quality.csv
2020/11/2, 39, 22, , 10, ,Guanajuato,secundaria-air-quality.csv
2020/11/3, 23, 27, , 10, ,Guanajuato,secundaria-air-quality.csv
2020/11/4, 20, 24, , 10, ,Guanajuato,secundaria-air-quality.csv
2020/11/5, 22, 24, , 10, ,Guanajuato,secundaria-air-quality.csv
2020/11/6, 22, 48, , 10, ,Guanajuato,secundaria-air-quality.csv
2020/11/7, 18, 32, , 12, ,Guanajuato,secundaria-air-quality.csv
2020/11/8, 52, 36, , 13, ,Guanajuato,secundaria-air-quality.csv
2020/11/9, 52, 41, , 15, ,Guanajuato,secundaria-air-quality.csv
2020/11/10, 52, 57, , 12, ,Guanajuato,secundaria-air-quality.csv
2020/11/11, 47, 76, , 12, ,Guanajuato,secundaria-air-quality.csv
2020/11/12, 35, 62, , 12, ,Guanajuato,secundaria-air-quality.csv
2020/11/13, 62, 77, , 17, ,Guanajuato,secundaria-air-quality.csv
2020/11/14, 65, 61, , 12, ,Guanajuato,secundaria-air-quality.csv
2020/11/15, 58, 56, , 15, ,Guanajuato,secundaria-air-quality.csv
2020/11/16, 60, 28, , 9, ,Guanajuato,secundaria-air-quality.csv
2020/11/17, 22, 26, , 9, ,Guanajuato,secundaria-air-quality.csv
2020/11/18, 17, 34, , 9, ,Guanajuato,secundaria-air-quality.csv
2020/11/19, 18, 34, , 9, ,Guanajuato,secundaria-air-quality.csv
2020/11/20, 18, 33, , 10, ,Guanajuato,secundaria-air-quality.csv
2020/11/21, 24, 29, , 9, ,Guanajuato,secundaria-air-quality.csv
2020/11/22, 14, 35, , 10, ,Guanajuato,secundaria-air-quality.csv
2020/11/23, 17, 36, , 10, ,Guanajuato,secundaria-air-quality.csv
2020/11/24, 24, 56, , 14, ,Guanajuato,secundaria-air-quality.csv
2020/11/25, 48, 60, , 12, ,Guanajuato,secundaria-air-quality.csv
2020/11/26, 59, 64, , 15, ,Guanajuato,secundaria-air-quality.csv
2020/11/27, 58, 60, , 13, ,Guanajuato,secundaria-air-quality.csv
2020/11/28, 60, 63, , 13, ,Guanajuato,secundaria-air-quality.csv
2020/11/29, 66, 49, , 11, ,Guanajuato,secundaria-air-quality.csv
2020/11/30, 54, 51, , 10, ,Guanajuato,secundaria-air-quality.csv
2020/12/1, 42, 37, , 11, ,Guanajuato,secundaria-air-quality.csv
2020/12/2, 33, 45, , 10, ,Guanajuato,secundaria-air-quality.csv
2020/12/3, 38, 35, 13, 12, ,Guanajuato,secundaria-air-quality.csv
2020/12/4, 42, 25, 17, 11, ,Guanajuato,secundaria-air-quality.csv
2020/12/5, 40, 24, 13, 10, ,Guanajuato,secundaria-air-quality.csv
2020/12/6, 33, 19, 13, 10, ,Guanajuato,secundaria-air-quality.csv
2020/12/7, 26, 26, 12, 10, ,Guanajuato,secundaria-air-quality.csv
2020/12/8, 24, 35, 15, 16, ,Guanajuato,secundaria-air-quality.csv
2020/12/9, 27, 39, 15, 10, ,Guanajuato,secundaria-air-quality.csv
2020/12/10, 26, 40, 16, 11, ,Guanajuato,secundaria-air-quality.csv
2020/12/11, 35, 36, 18, 10, ,Guanajuato,secundaria-air-quality.csv
2020/12/12, 39, 46, 18, 10, ,Guanajuato,secundaria-air-quality.csv
2020/12/13, 47, 32, 12, 10, ,Guanajuato,secundaria-air-quality.csv
2020/12/14, 33, 39, 13, 10, ,Guanajuato,secundaria-air-quality.csv
2020/12/15, 36, 29, 13, 10, ,Guanajuato,secundaria-air-quality.csv
2020/12/16, 31, 35, 18, 10, ,Guanajuato,secundaria-air-quality.csv
2020/12/17, 36, 32, 19, 13, ,Guanajuato,secundaria-air-quality.csv
2020/12/18, 46, 36, 19, 14, ,Guanajuato,secundaria-air-quality.csv
2020/12/19, 42, 29, 21, 11, ,Guanajuato,secundaria-air-quality.csv
2020/12/20, 50, 35, 20, 11, ,Guanajuato,secundaria-air-quality.csv
2020/12/21, 47, 33, 18, 10, ,Guanajuato,secundaria-air-quality.csv
2020/12/22, 41, 47, 26, 12, ,Guanajuato,secundaria-air-quality.csv
2020/12/23, 65, 34, 18, 10, ,Guanajuato,secundaria-air-quality.csv
2020/12/24, 51, 33, 19, 16, ,Guanajuato,secundaria-air-quality.csv
2020/12/25, 54, 18, 8, 11, ,Guanajuato,secundaria-air-quality.csv
2020/12/26, 47, 31, 11, 14, ,Guanajuato,secundaria-air-quality.csv
2020/12/27, 40, 33, 15, 16, ,Guanajuato,secundaria-air-quality.csv
2020/12/28, 45, 29, 21, 18, ,Guanajuato,secundaria-air-quality.csv
2020/12/29, 59, 40, 12, 16, ,Guanajuato,secundaria-air-quality.csv
2020/12/30, 46, 31, 14, 11, ,Guanajuato,secundaria-air-quality.csv
2020/12/31, 54, 25, 7, 10, ,Guanajuato,secundaria-air-quality.csv
2021/1/1, 31, 4, 20, 14, ,Guanajuato,secundaria-air-quality.csv
2021/1/2, 81, , , , ,Guanajuato,secundaria-air-quality.csv
2020/7/2, 15, , 13, 9, ,Guanajuato,secundaria-air-quality.csv
2020/7/3, 23, , 12, 10, ,Guanajuato,secundaria-air-quality.csv
2020/7/4, 33, , 10, 10, ,Guanajuato,secundaria-air-quality.csv
2020/7/5, 24, , 12, 11, ,Guanajuato,secundaria-air-quality.csv
2020/7/6, 19, , 17, 10, ,Guanajuato,secundaria-air-quality.csv
2020/7/7, 27, 51, 11, 12, ,Guanajuato,secundaria-air-quality.csv
2020/7/8, 19, 27, 11, 10, ,Guanajuato,secundaria-air-quality.csv
2020/7/9, 17, 26, 12, 13, ,Guanajuato,secundaria-air-quality.csv
2020/7/10, 14, 55, 10, 9, ,Guanajuato,secundaria-air-quality.csv
2020/7/11, 32, 33, 8, 9, ,Guanajuato,secundaria-air-quality.csv
2020/7/12, 25, 34, 7, 9, ,Guanajuato,secundaria-air-quality.csv
2020/7/13, 13, 62, 17, 9, ,Guanajuato,secundaria-air-quality.csv
2020/7/14, 24, 76, 14, 13, ,Guanajuato,secundaria-air-quality.csv
2020/7/15, 34, 59, 9, 10, ,Guanajuato,secundaria-air-quality.csv
2020/7/16, 32, 53, 9, 9, ,Guanajuato,secundaria-air-quality.csv
2020/7/17, 32, 60, 9, 11, ,Guanajuato,secundaria-air-quality.csv
2020/7/18, 45, 63, 14, 13, ,Guanajuato,secundaria-air-quality.csv
2020/7/19, 37, 57, 7, 10, ,Guanajuato,secundaria-air-quality.csv
2020/7/20, 28, , , , ,Guanajuato,secundaria-air-quality.csv
2020/7/22, 9, 49, 15, 11, ,Guanajuato,secundaria-air-quality.csv
2020/7/23, 23, 50, 11, 9, ,Guanajuato,secundaria-air-quality.csv
2020/7/24, 18, 54, 13, 10, ,Guanajuato,secundaria-air-quality.csv
2020/7/25, 22, 61, 11, 10, ,Guanajuato,secundaria-air-quality.csv
2020/7/26, 22, 48, 9, 9, ,Guanajuato,secundaria-air-quality.csv
2020/7/27, 15, 37, 9, 9, ,Guanajuato,secundaria-air-quality.csv
2020/7/28, 19, 53, 13, 12, ,Guanajuato,secundaria-air-quality.csv
2020/7/29, 21, 36, 7, 10, ,Guanajuato,secundaria-air-quality.csv
2020/7/30, 27, 40, 7, 9, ,Guanajuato,secundaria-air-quality.csv
2020/7/31, 12, 34, 7, 9, ,Guanajuato,secundaria-air-quality.csv
2020/8/1, 18, 42, 7, 9, ,Guanajuato,secundaria-air-quality.csv
2020/8/2, 17, 46, 7, 10, ,Guanajuato,secundaria-air-quality.csv
2020/8/3, 20, 44, 8, 9, ,Guanajuato,secundaria-air-quality.csv
2020/8/4, 18, 51, 7, 11, ,Guanajuato,secundaria-air-quality.csv
2020/8/5, 25, 34, 6, 10, ,Guanajuato,secundaria-air-quality.csv
2020/8/6, 22, 33, 5, 9, ,Guanajuato,secundaria-air-quality.csv
2020/8/7, 18, 32, 4, 9, ,Guanajuato,secundaria-air-quality.csv
2020/8/8, 17, 28, 4, 9, ,Guanajuato,secundaria-air-quality.csv
2020/8/9, 14, 27, 4, 10, ,Guanajuato,secundaria-air-quality.csv
2020/8/10, 9, 26, 4, 9, ,Guanajuato,secundaria-air-quality.csv
2020/8/11, 12, 31, 4, 9, ,Guanajuato,secundaria-air-quality.csv
2020/8/12, 15, 52, 4, 11, ,Guanajuato,secundaria-air-quality.csv
2020/8/13, 12, 39, 4, 11, ,Guanajuato,secundaria-air-quality.csv
2020/8/14, 19, 36, 4, 9, ,Guanajuato,secundaria-air-quality.csv
2020/8/15, 15, 27, 5, 10, ,Guanajuato,secundaria-air-quality.csv
2020/8/16, 19, 31, 3, 10, ,Guanajuato,secundaria-air-quality.csv
2020/8/17, 8, 27, 3, 9, ,Guanajuato,secundaria-air-quality.csv
2020/8/18, 16, 35, 4, 11, ,Guanajuato,secundaria-air-quality.csv
2020/8/19, 20, 35, , 11, ,Guanajuato,secundaria-air-quality.csv
2020/8/20, 16, 44, , 13, ,Guanajuato,secundaria-air-quality.csv
2020/8/21, 24, 48, , 15, ,Guanajuato,secundaria-air-quality.csv
2020/8/22, 28, 43, , 11, ,Guanajuato,secundaria-air-quality.csv
2020/8/23, 28, 29, , 9, ,Guanajuato,secundaria-air-quality.csv
2020/8/24, 20, 31, , 9, ,Guanajuato,secundaria-air-quality.csv
2020/8/25, 19, 25, , 9, ,Guanajuato,secundaria-air-quality.csv
2020/8/26, 15, 25, , 9, ,Guanajuato,secundaria-air-quality.csv
2020/8/27, 20, 27, , 10, ,Guanajuato,secundaria-air-quality.csv
2020/8/28, 16, 45, , 9, ,Guanajuato,secundaria-air-quality.csv
2020/8/29, 9, 41, , 9, ,Guanajuato,secundaria-air-quality.csv
2020/8/30, 17, 33, , 9, ,Guanajuato,secundaria-air-quality.csv
2020/8/31, 13, 31, , 9, ,Guanajuato,secundaria-air-quality.csv
2020/9/1, 14, 35, , 9, ,Guanajuato,secundaria-air-quality.csv
2020/9/2, 15, 46, , 9, ,Guanajuato,secundaria-air-quality.csv
2020/9/3, 13, 28, , 9, ,Guanajuato,secundaria-air-quality.csv
2020/9/4, 25, 24, , 9, ,Guanajuato,secundaria-air-quality.csv
2020/9/5, 23, 25, , 9, ,Guanajuato,secundaria-air-quality.csv
2020/9/6, 11, 28, , 9, ,Guanajuato,secundaria-air-quality.csv
2020/9/7, 6, 41, , 10, ,Guanajuato,secundaria-air-quality.csv
2020/9/8, 14, 40, , 9, ,Guanajuato,secundaria-air-quality.csv
2020/9/9, 13, 43, , 10, ,Guanajuato,secundaria-air-quality.csv
2020/9/10, 15, 35, , 9, ,Guanajuato,secundaria-air-quality.csv
2020/9/11, 9, , , , ,Guanajuato,secundaria-air-quality.csv
2020/9/15, 15, 33, , 9, ,Guanajuato,secundaria-air-quality.csv
2020/9/16, 16, 32, , 10, ,Guanajuato,secundaria-air-quality.csv
2020/9/17, 11, 32, , 12, ,Guanajuato,secundaria-air-quality.csv
2020/9/18, 13, 28, , 9, ,Guanajuato,secundaria-air-quality.csv
2020/9/19, 13, 23, , 9, ,Guanajuato,secundaria-air-quality.csv
2020/9/20, 7, 28, , 9, ,Guanajuato,secundaria-air-quality.csv
2020/9/21, 12, 44, , 9, ,Guanajuato,secundaria-air-quality.csv
2020/9/22, 27, 40, , 10, ,Guanajuato,secundaria-air-quality.csv
2020/9/23, 15, 39, , 12, ,Guanajuato,secundaria-air-quality.csv
2020/9/24, 22, 34, , 10, ,Guanajuato,secundaria-air-quality.csv
2020/9/25, 31, 44, , 16, ,Guanajuato,secundaria-air-quality.csv
2020/9/26, 36, 37, , 10, ,Guanajuato,secundaria-air-quality.csv
2020/9/27, 22, 16, , 13, ,Guanajuato,secundaria-air-quality.csv
2020/9/28, 27, 31, , 10, ,Guanajuato,secundaria-air-quality.csv
2020/9/29, 24, 25, , 9, ,Guanajuato,secundaria-air-quality.csv
2020/9/30, 23, 29, , 9, ,Guanajuato,secundaria-air-quality.csv
2020/10/1, 20, , , , ,Guanajuato,secundaria-air-quality.csv
2020/4/2, 38, 64, 6, 9, ,Guanajuato,secundaria-air-quality.csv
2020/4/3, 37, 46, 6, 9, ,Guanajuato,secundaria-air-quality.csv
2020/4/4, 38, 48, 5, 9, ,Guanajuato,secundaria-air-quality.csv
2020/4/5, 36, 49, 5, 10, ,Guanajuato,secundaria-air-quality.csv
2020/4/6, 30, 36, 7, 11, ,Guanajuato,secundaria-air-quality.csv
2020/4/7, 51, 38, 4, 9, ,Guanajuato,secundaria-air-quality.csv
2020/4/8, 30, 43, 7, 9, ,Guanajuato,secundaria-air-quality.csv
2020/4/9, 36, 60, 5, 10, ,Guanajuato,secundaria-air-quality.csv
2020/4/10, 47, 39, 5, 10, ,Guanajuato,secundaria-air-quality.csv
2020/4/11, 37, 38, 5, 11, ,Guanajuato,secundaria-air-quality.csv
2020/4/12, 43, , , , ,Guanajuato,secundaria-air-quality.csv
2020/4/14, 21, 53, 7, 9, ,Guanajuato,secundaria-air-quality.csv
2020/4/15, 39, 41, 5, 12, ,Guanajuato,secundaria-air-quality.csv
2020/4/16, 38, 44, 6, 10, ,Guanajuato,secundaria-air-quality.csv
2020/4/17, 40, 45, 5, 10, ,Guanajuato,secundaria-air-quality.csv
2020/4/18, 42, 38, 5, 10, ,Guanajuato,secundaria-air-quality.csv
2020/4/19, 52, 41, 4, 9, ,Guanajuato,secundaria-air-quality.csv
2020/4/20, 23, 39, 5, 9, ,Guanajuato,secundaria-air-quality.csv
2020/4/21, 38, 46, 6, 9, ,Guanajuato,secundaria-air-quality.csv
2020/4/22, 46, 49, 4, 9, ,Guanajuato,secundaria-air-quality.csv
2020/4/23, 40, 51, 5, 10, ,Guanajuato,secundaria-air-quality.csv
2020/4/24, 41, 54, 6, 9, ,Guanajuato,secundaria-air-quality.csv
2020/4/25, 39, 56, 6, 10, ,Guanajuato,secundaria-air-quality.csv
2020/4/26, 52, 46, 4, 9, ,Guanajuato,secundaria-air-quality.csv
2020/4/27, 38, 49, 5, 9, ,Guanajuato,secundaria-air-quality.csv
2020/4/28, 28, 49, 5, 9, ,Guanajuato,secundaria-air-quality.csv
2020/4/29, 29, 54, 5, 9, ,Guanajuato,secundaria-air-quality.csv
2020/4/30, 37, 46, 4, 9, ,Guanajuato,secundaria-air-quality.csv
2020/5/1, 28, 55, 5, 12, ,Guanajuato,secundaria-air-quality.csv
2020/5/2, 17, 57, 6, 13, ,Guanajuato,secundaria-air-quality.csv
2020/5/3, 31, 61, 5, 16, ,Guanajuato,secundaria-air-quality.csv
2020/5/4, 28, 55, 5, 16, ,Guanajuato,secundaria-air-quality.csv
2020/5/5, 37, 46, 4, 10, ,Guanajuato,secundaria-air-quality.csv
2020/5/6, 23, 46, 5, 10, ,Guanajuato,secundaria-air-quality.csv
2020/5/7, 19, 49, 5, 10, ,Guanajuato,secundaria-air-quality.csv
2020/5/8, 16, 33, 5, 9, ,Guanajuato,secundaria-air-quality.csv
2020/5/9, 13, 54, 6, 18, ,Guanajuato,secundaria-air-quality.csv
2020/5/10, 15, 59, 4, 9, ,Guanajuato,secundaria-air-quality.csv
2020/5/11, 12, 55, 5, 11, ,Guanajuato,secundaria-air-quality.csv
2020/5/12, 14, 53, 10, 9, ,Guanajuato,secundaria-air-quality.csv
2020/5/13, 21, 63, 16, 10, ,Guanajuato,secundaria-air-quality.csv
2020/5/14, 42, 52, 17, 9, ,Guanajuato,secundaria-air-quality.csv
2020/5/15, 40, 43, 15, 9, ,Guanajuato,secundaria-air-quality.csv
2020/5/16, 37, 38, 14, 9, ,Guanajuato,secundaria-air-quality.csv
2020/5/17, 39, 58, 17, 10, ,Guanajuato,secundaria-air-quality.csv
2020/5/18, 37, 67, 15, 12, ,Guanajuato,secundaria-air-quality.csv
2020/5/19, 43, 63, 12, 10, ,Guanajuato,secundaria-air-quality.csv
2020/5/20, 52, 45, 10, 9, ,Guanajuato,secundaria-air-quality.csv
2020/5/21, 65, 38, 9, 9, ,Guanajuato,secundaria-air-quality.csv
2020/5/22, 34, 43, 9, 9, ,Guanajuato,secundaria-air-quality.csv
2020/5/23, 29, 40, 8, 10, ,Guanajuato,secundaria-air-quality.csv
2020/5/24, 34, 51, 7, 9, ,Guanajuato,secundaria-air-quality.csv
2020/5/25, 24, 61, 10, 9, ,Guanajuato,secundaria-air-quality.csv
2020/5/26, 34, 57, 12, 10, ,Guanajuato,secundaria-air-quality.csv
2020/5/27, 39, 66, 15, 11, ,Guanajuato,secundaria-air-quality.csv
2020/5/28, 45, 70, 11, 16, ,Guanajuato,secundaria-air-quality.csv
2020/5/29, 42, 40, 11, 10, ,Guanajuato,secundaria-air-quality.csv
2020/5/30, 30, 37, 9, 9, ,Guanajuato,secundaria-air-quality.csv
2020/5/31, 22, 64, 8, 9, ,Guanajuato,secundaria-air-quality.csv
2020/6/1, 11, 43, 8, 9, ,Guanajuato,secundaria-air-quality.csv
2020/6/2, 19, 40, 9, 9, ,Guanajuato,secundaria-air-quality.csv
2020/6/3, 17, 35, 8, 9, ,Guanajuato,secundaria-air-quality.csv
2020/6/4, 17, 36, 8, 9, ,Guanajuato,secundaria-air-quality.csv
2020/6/5, 16, 38, 9, 9, ,Guanajuato,secundaria-air-quality.csv
2020/6/6, 21, 46, 9, 10, ,Guanajuato,secundaria-air-quality.csv
2020/6/7, 25, 47, 9, 9, ,Guanajuato,secundaria-air-quality.csv
2020/6/8, 18, , , , ,Guanajuato,secundaria-air-quality.csv
2020/6/10, 26, 110, 12, 9, ,Guanajuato,secundaria-air-quality.csv
2020/6/11, 16, , 8, 9, ,Guanajuato,secundaria-air-quality.csv
2020/6/12, 14, , 7, 9, ,Guanajuato,secundaria-air-quality.csv
2020/6/13, 11, , 8, 9, ,Guanajuato,secundaria-air-quality.csv
2020/6/14, 16, , 8, 10, ,Guanajuato,secundaria-air-quality.csv
2020/6/15, 21, , 8, 9, ,Guanajuato,secundaria-air-quality.csv
2020/6/16, 18, , 8, 9, ,Guanajuato,secundaria-air-quality.csv
2020/6/17, 31, , 12, 9, ,Guanajuato,secundaria-air-quality.csv
2020/6/18, 21, , 12, 10, ,Guanajuato,secundaria-air-quality.csv
2020/6/19, 24, , 9, 9, ,Guanajuato,secundaria-air-quality.csv
2020/6/20, 19, , 8, 9, ,Guanajuato,secundaria-air-quality.csv
2020/6/21, 21, , 9, 10, ,Guanajuato,secundaria-air-quality.csv
2020/6/22, 33, , 10, 13, ,Guanajuato,secundaria-air-quality.csv
2020/6/23, 34, , 11, 9, ,Guanajuato,secundaria-air-quality.csv
2020/6/24, 13, , 17, 10, ,Guanajuato,secundaria-air-quality.csv
2020/6/25, 18, , 11, 10, ,Guanajuato,secundaria-air-quality.csv
2020/6/26, 12, , 12, 11, ,Guanajuato,secundaria-air-quality.csv
2020/6/27, 40, , 12, 10, ,Guanajuato,secundaria-air-quality.csv
2020/6/28, 22, , 8, 12, ,Guanajuato,secundaria-air-quality.csv
2020/6/29, 54, , 8, 9, ,Guanajuato,secundaria-air-quality.csv
2020/6/30, 18, , 10, 10, ,Guanajuato,secundaria-air-quality.csv
2020/7/1, 23, , 11, 10, ,Guanajuato,secundaria-air-quality.csv
2020/1/3, 42, 38, 14, 9, ,Guanajuato,secundaria-air-quality.csv
2020/1/4, 27, 51, 11, 9, ,Guanajuato,secundaria-air-quality.csv
2020/1/5, 30, , , , ,Guanajuato,secundaria-air-quality.csv
2020/1/7, 38, 35, 24, 10, ,Guanajuato,secundaria-air-quality.csv
2020/1/8, 44, 60, 37, 15, ,Guanajuato,secundaria-air-quality.csv
2020/1/9, 55, 66, 42, 17, ,Guanajuato,secundaria-air-quality.csv
2020/1/10, 77, 38, 28, 10, ,Guanajuato,secundaria-air-quality.csv
2020/1/11, 52, 56, 25, 18, ,Guanajuato,secundaria-air-quality.csv
2020/1/12, 52, 46, 18, 12, ,Guanajuato,secundaria-air-quality.csv
2020/1/13, 39, 59, 25, 13, ,Guanajuato,secundaria-air-quality.csv
2020/1/14, 58, 49, 22, 16, ,Guanajuato,secundaria-air-quality.csv
2020/1/15, 47, 58, 21, 15, ,Guanajuato,secundaria-air-quality.csv
2020/1/16, 45, 35, 13, 9, ,Guanajuato,secundaria-air-quality.csv
2020/1/17, 30, 42, 17, 11, ,Guanajuato,secundaria-air-quality.csv
2020/1/18, 32, 41, 16, 11, ,Guanajuato,secundaria-air-quality.csv
2020/1/19, 37, 24, 13, 9, ,Guanajuato,secundaria-air-quality.csv
2020/1/20, 20, 26, 13, 9, ,Guanajuato,secundaria-air-quality.csv
2020/1/21, 14, 29, 14, 13, ,Guanajuato,secundaria-air-quality.csv
2020/1/22, 27, 31, 15, 19, ,Guanajuato,secundaria-air-quality.csv
2020/1/23, 41, 20, 15, 11, ,Guanajuato,secundaria-air-quality.csv
2020/1/24, 34, 37, 14, 12, ,Guanajuato,secundaria-air-quality.csv
2020/1/25, 37, 32, 11, 16, ,Guanajuato,secundaria-air-quality.csv
2020/1/26, 31, 25, 11, 9, ,Guanajuato,secundaria-air-quality.csv
2020/1/27, 22, 34, 11, 9, ,Guanajuato,secundaria-air-quality.csv
2020/1/28, 20, 37, 13, 10, ,Guanajuato,secundaria-air-quality.csv
2020/1/29, 39, 41, 11, 12, ,Guanajuato,secundaria-air-quality.csv
2020/1/30, 40, 31, 9, 10, ,Guanajuato,secundaria-air-quality.csv
2020/1/31, 37, 31, , 9, ,Guanajuato,secundaria-air-quality.csv
2020/2/1, 22, 22, , 10, ,Guanajuato,secundaria-air-quality.csv
2020/2/2, 38, 19, , 23, ,Guanajuato,secundaria-air-quality.csv
2020/2/3, 40, 20, , 10, ,Guanajuato,secundaria-air-quality.csv
2020/2/4, 47, 18, , 9, ,Guanajuato,secundaria-air-quality.csv
2020/2/5, 11, 16, , 9, ,Guanajuato,secundaria-air-quality.csv
2020/2/6, 9, 34, , 9, ,Guanajuato,secundaria-air-quality.csv
2020/2/7, 19, 39, , 17, ,Guanajuato,secundaria-air-quality.csv
2020/2/8, 41, 44, , 10, ,Guanajuato,secundaria-air-quality.csv
2020/2/9, 40, 31, , 10, ,Guanajuato,secundaria-air-quality.csv
2020/2/10, 29, 30, , 10, ,Guanajuato,secundaria-air-quality.csv
2020/2/11, 29, 41, , 10, ,Guanajuato,secundaria-air-quality.csv
2020/2/12, 42, 28, , 9, ,Guanajuato,secundaria-air-quality.csv
2020/2/13, 26, 46, , 12, ,Guanajuato,secundaria-air-quality.csv
2020/2/14, 30, 47, , 12, ,Guanajuato,secundaria-air-quality.csv
2020/2/15, 34, , , 13, ,Guanajuato,secundaria-air-quality.csv
2020/2/16, 45, , , 11, ,Guanajuato,secundaria-air-quality.csv
2020/2/17, 47, , , 13, ,Guanajuato,secundaria-air-quality.csv
2020/2/18, 44, , , 16, ,Guanajuato,secundaria-air-quality.csv
2020/2/19, 54, , , 11, ,Guanajuato,secundaria-air-quality.csv
2020/2/20, 49, , , 14, ,Guanajuato,secundaria-air-quality.csv
2020/2/21, 46, , , 9, ,Guanajuato,secundaria-air-quality.csv
2020/2/22, 26, , , 12, ,Guanajuato,secundaria-air-quality.csv
2020/2/23, 33, , , 10, ,Guanajuato,secundaria-air-quality.csv
2020/2/24, 46, , , 9, ,Guanajuato,secundaria-air-quality.csv
2020/2/25, 35, , , 9, ,Guanajuato,secundaria-air-quality.csv
2020/2/26, 34, , , 11, ,Guanajuato,secundaria-air-quality.csv
2020/2/27, 43, , , 11, ,Guanajuato,secundaria-air-quality.csv
2020/2/28, 29, , , 21, ,Guanajuato,secundaria-air-quality.csv
2020/2/29, 48, , , 11, ,Guanajuato,secundaria-air-quality.csv
2020/3/1, 39, , , 9, ,Guanajuato,secundaria-air-quality.csv
2020/3/2, 30, , , 9, ,Guanajuato,secundaria-air-quality.csv
2020/3/3, 34, , , 9, ,Guanajuato,secundaria-air-quality.csv
2020/3/4, 55, , , 9, ,Guanajuato,secundaria-air-quality.csv
2020/3/5, 31, 65, , 15, ,Guanajuato,secundaria-air-quality.csv
2020/3/6, 45, 63, , 9, ,Guanajuato,secundaria-air-quality.csv
2020/3/7, 29, 64, , 10, ,Guanajuato,secundaria-air-quality.csv
2020/3/8, 33, 42, , 17, ,Guanajuato,secundaria-air-quality.csv
2020/3/9, 36, 49, , 12, ,Guanajuato,secundaria-air-quality.csv
2020/3/10, 35, , , 10, ,Guanajuato,secundaria-air-quality.csv
2020/3/11, 34, 53, , 12, ,Guanajuato,secundaria-air-quality.csv
2020/3/12, 40, 48, , 15, ,Guanajuato,secundaria-air-quality.csv
2020/3/13, 50, 49, , 10, ,Guanajuato,secundaria-air-quality.csv
2020/3/14, 52, 56, , 16, ,Guanajuato,secundaria-air-quality.csv
2020/3/15, 46, 56, , 12, ,Guanajuato,secundaria-air-quality.csv
2020/3/16, 26, 89, , 11, ,Guanajuato,secundaria-air-quality.csv
2020/3/17, 24, 44, 9, 13, ,Guanajuato,secundaria-air-quality.csv
2020/3/18, 30, , , , ,Guanajuato,secundaria-air-quality.csv
2020/3/21, 37, 85, 7, 10, ,Guanajuato,secundaria-air-quality.csv
2020/3/22, 38, , 7, 10, ,Guanajuato,secundaria-air-quality.csv
2020/3/23, 31, , 10, 14, ,Guanajuato,secundaria-air-quality.csv
2020/3/24, 36, 46, 13, 11, ,Guanajuato,secundaria-air-quality.csv
2020/3/25, 40, 64, 12, 19, ,Guanajuato,secundaria-air-quality.csv
2020/3/26, 39, 62, 14, 17, ,Guanajuato,secundaria-air-quality.csv
2020/3/27, 50, 53, 7, 9, ,Guanajuato,secundaria-air-quality.csv
2020/3/28, 41, 41, 7, 9, ,Guanajuato,secundaria-air-quality.csv
2020/3/29, 33, 17, 12, 10, ,Guanajuato,secundaria-air-quality.csv
2020/3/30, 36, , , , ,Guanajuato,secundaria-air-quality.csv
2019/10/2, 14, 34, 14, 10, ,Guanajuato,secundaria-air-quality.csv
2019/10/3, 16, 27, 13, 9, ,Guanajuato,secundaria-air-quality.csv
2019/10/4, 21, 35, 12, 9, ,Guanajuato,secundaria-air-quality.csv
2019/10/5, 20, 41, 12, 9, ,Guanajuato,secundaria-air-quality.csv
2019/10/6, 20, 38, 10, 9, ,Guanajuato,secundaria-air-quality.csv
2019/10/7, 13, 31, 11, 9, ,Guanajuato,secundaria-air-quality.csv
2019/10/8, 22, 31, 13, 9, ,Guanajuato,secundaria-air-quality.csv
2019/10/9, 17, 34, 14, 9, ,Guanajuato,secundaria-air-quality.csv
2019/10/10, 22, 33, 15, 9, ,Guanajuato,secundaria-air-quality.csv
2019/10/11, 29, 38, 13, 10, ,Guanajuato,secundaria-air-quality.csv
2019/10/12, 26, 32, 11, 9, ,Guanajuato,secundaria-air-quality.csv
2019/10/13, 19, 44, 10, 10, ,Guanajuato,secundaria-air-quality.csv
2019/10/14, 17, 28, 12, 9, ,Guanajuato,secundaria-air-quality.csv
2019/10/15, 16, 35, 16, 9, ,Guanajuato,secundaria-air-quality.csv
2019/10/16, 25, 24, 11, 9, ,Guanajuato,secundaria-air-quality.csv
2019/10/17, 24, 28, 11, 9, ,Guanajuato,secundaria-air-quality.csv
2019/10/18, 11, 27, 12, 9, ,Guanajuato,secundaria-air-quality.csv
2019/10/19, 12, 34, 12, 9, ,Guanajuato,secundaria-air-quality.csv
2019/10/20, 15, 20, 10, 9, ,Guanajuato,secundaria-air-quality.csv
2019/10/21, 8, 29, 14, 9, ,Guanajuato,secundaria-air-quality.csv
2019/10/22, 18, 29, 13, 9, ,Guanajuato,secundaria-air-quality.csv
2019/10/23, 17, 36, 14, 9, ,Guanajuato,secundaria-air-quality.csv
2019/10/24, 18, 35, 12, 10, ,Guanajuato,secundaria-air-quality.csv
2019/10/25, 22, 45, 15, 10, ,Guanajuato,secundaria-air-quality.csv
2019/10/26, 21, 37, 15, 10, ,Guanajuato,secundaria-air-quality.csv
2019/10/27, 20, 31, 13, 9, ,Guanajuato,secundaria-air-quality.csv
2019/10/28, 18, 37, 16, 9, ,Guanajuato,secundaria-air-quality.csv
2019/10/29, 28, 34, 12, 9, ,Guanajuato,secundaria-air-quality.csv
2019/10/30, 32, 28, 11, 9, ,Guanajuato,secundaria-air-quality.csv
2019/10/31, 22, 28, 11, 9, ,Guanajuato,secundaria-air-quality.csv
2019/11/1, 20, 39, 13, 9, ,Guanajuato,secundaria-air-quality.csv
2019/11/2, 20, 29, 14, 11, ,Guanajuato,secundaria-air-quality.csv
2019/11/3, 24, 33, 9, 9, ,Guanajuato,secundaria-air-quality.csv
2019/11/4, 10, 31, 12, 9, ,Guanajuato,secundaria-air-quality.csv
2019/11/5, 16, 28, 16, 10, ,Guanajuato,secundaria-air-quality.csv
2019/11/6, 28, 27, 9, 9, ,Guanajuato,secundaria-air-quality.csv
2019/11/7, 13, 37, 14, 9, ,Guanajuato,secundaria-air-quality.csv
2019/11/8, 22, 26, 10, 9, ,Guanajuato,secundaria-air-quality.csv
2019/11/9, 16, 28, 9, 9, ,Guanajuato,secundaria-air-quality.csv
2019/11/10, 14, 37, 14, 10, ,Guanajuato,secundaria-air-quality.csv
2019/11/11, 23, 35, 17, 12, ,Guanajuato,secundaria-air-quality.csv
2019/11/12, 41, 22, 13, 10, ,Guanajuato,secundaria-air-quality.csv
2019/11/13, 31, , , , ,Guanajuato,secundaria-air-quality.csv
2019/11/15, 8, 27, 24, 9, ,Guanajuato,secundaria-air-quality.csv
2019/11/16, 15, 14, 27, 9, ,Guanajuato,secundaria-air-quality.csv
2019/11/17, 14, 29, 35, 12, ,Guanajuato,secundaria-air-quality.csv
2019/11/18, 33, 29, 32, 14, ,Guanajuato,secundaria-air-quality.csv
2019/11/19, 27, 29, 34, 9, ,Guanajuato,secundaria-air-quality.csv
2019/11/20, 26, 33, 41, 10, ,Guanajuato,secundaria-air-quality.csv
2019/11/21, 34, 6, , 9, ,Guanajuato,secundaria-air-quality.csv
2019/11/22, 39, 22, , 10, ,Guanajuato,secundaria-air-quality.csv
2019/11/23, 47, 25, , 11, ,Guanajuato,secundaria-air-quality.csv
2019/11/24, 44, 22, , 10, ,Guanajuato,secundaria-air-quality.csv
2019/11/25, 27, 38, , 10, ,Guanajuato,secundaria-air-quality.csv
2019/11/26, 32, 26, , 10, ,Guanajuato,secundaria-air-quality.csv
2019/11/27, 38, 7, , 13, ,Guanajuato,secundaria-air-quality.csv
2019/11/28, 60, 40, , 10, ,Guanajuato,secundaria-air-quality.csv
2019/11/29, 38, 39, , 11, ,Guanajuato,secundaria-air-quality.csv
2019/11/30, 48, 27, , 10, ,Guanajuato,secundaria-air-quality.csv
2019/12/1, 48, 32, , 11, ,Guanajuato,secundaria-air-quality.csv
2019/12/2, 31, 24, , 10, ,Guanajuato,secundaria-air-quality.csv
2019/12/3, 29, 33, , 15, ,Guanajuato,secundaria-air-quality.csv
2019/12/4, 46, 36, , 11, ,Guanajuato,secundaria-air-quality.csv
2019/12/5, 56, 48, , 14, ,Guanajuato,secundaria-air-quality.csv
2019/12/6, 68, 31, , 17, ,Guanajuato,secundaria-air-quality.csv
2019/12/7, 60, 28, , 10, ,Guanajuato,secundaria-air-quality.csv
2019/12/8, 31, 35, , 14, ,Guanajuato,secundaria-air-quality.csv
2019/12/9, 44, 45, , 15, ,Guanajuato,secundaria-air-quality.csv
2019/12/10, 59, 39, , 10, ,Guanajuato,secundaria-air-quality.csv
2019/12/11, 53, 27, , 10, ,Guanajuato,secundaria-air-quality.csv
2019/12/12, 43, 32, , 16, ,Guanajuato,secundaria-air-quality.csv
2019/12/13, 43, 23, , 10, ,Guanajuato,secundaria-air-quality.csv
2019/12/14, 44, 37, , 15, ,Guanajuato,secundaria-air-quality.csv
2019/12/15, 69, 47, , 11, ,Guanajuato,secundaria-air-quality.csv
2019/12/16, 50, 29, 28, 10, ,Guanajuato,secundaria-air-quality.csv
2019/12/17, 56, 45, 44, 15, ,Guanajuato,secundaria-air-quality.csv
2019/12/18, 76, 30, 18, 9, ,Guanajuato,secundaria-air-quality.csv
2019/12/19, 30, 32, 27, 12, ,Guanajuato,secundaria-air-quality.csv
2019/12/20, 39, 14, 37, 27, ,Guanajuato,secundaria-air-quality.csv
2019/12/21, 60, , , , ,Guanajuato,secundaria-air-quality.csv
2019/12/26, 31, 30, 21, 13, ,Guanajuato,secundaria-air-quality.csv
2019/12/27, 28, 30, 24, 17, ,Guanajuato,secundaria-air-quality.csv
2019/12/28, 41, 4, 23, 10, ,Guanajuato,secundaria-air-quality.csv
2019/12/29, 42, , , , ,Guanajuato,secundaria-air-quality.csv
2019/7/2, 17, , 10, 7, ,Guanajuato,secundaria-air-quality.csv
2019/7/3, 25, , , , ,Guanajuato,secundaria-air-quality.csv
2019/7/7, 27, , 4, 7, ,Guanajuato,secundaria-air-quality.csv
2019/7/8, 23, , 6, 9, ,Guanajuato,secundaria-air-quality.csv
2019/7/9, 25, 48, 5, 10, ,Guanajuato,secundaria-air-quality.csv
2019/7/10, 25, 34, 4, 8, ,Guanajuato,secundaria-air-quality.csv
2019/7/11, 26, 35, 5, 8, ,Guanajuato,secundaria-air-quality.csv
2019/7/12, 26, 38, 9, 9, ,Guanajuato,secundaria-air-quality.csv
2019/7/13, 23, 42, 14, 7, ,Guanajuato,secundaria-air-quality.csv
2019/7/14, 21, 43, 13, 6, ,Guanajuato,secundaria-air-quality.csv
2019/7/15, 24, 39, 19, 7, ,Guanajuato,secundaria-air-quality.csv
2019/7/16, 21, 37, 17, 7, ,Guanajuato,secundaria-air-quality.csv
2019/7/17, 18, 31, 16, , ,Guanajuato,secundaria-air-quality.csv
2019/7/18, 24, 35, 16, 7, ,Guanajuato,secundaria-air-quality.csv
2019/7/19, 23, 35, 21, 10, ,Guanajuato,secundaria-air-quality.csv
2019/7/20, 29, 46, 14, 6, ,Guanajuato,secundaria-air-quality.csv
2019/7/21, 20, 41, 12, 7, ,Guanajuato,secundaria-air-quality.csv
2019/7/22, 15, 49, 18, 12, ,Guanajuato,secundaria-air-quality.csv
2019/7/23, 25, 37, 15, 6, ,Guanajuato,secundaria-air-quality.csv
2019/7/24, 18, 36, 16, 6, ,Guanajuato,secundaria-air-quality.csv
2019/7/25, 16, 33, 20, 6, ,Guanajuato,secundaria-air-quality.csv
2019/7/26, 24, 33, 16, 6, ,Guanajuato,secundaria-air-quality.csv
2019/7/27, 15, 30, 14, 6, ,Guanajuato,secundaria-air-quality.csv
2019/7/28, 16, 34, 11, 6, ,Guanajuato,secundaria-air-quality.csv
2019/7/29, 19, 36, 22, 8, ,Guanajuato,secundaria-air-quality.csv
2019/7/30, 26, 35, 17, 7, ,Guanajuato,secundaria-air-quality.csv
2019/7/31, 25, 32, 15, 6, ,Guanajuato,secundaria-air-quality.csv
2019/8/1, 39, 35, 15, 7, ,Guanajuato,secundaria-air-quality.csv
2019/8/2, 30, 32, 18, 6, ,Guanajuato,secundaria-air-quality.csv
2019/8/3, 27, 37, 18, 7, ,Guanajuato,secundaria-air-quality.csv
2019/8/4, 36, 37, 15, 6, ,Guanajuato,secundaria-air-quality.csv
2019/8/5, 20, 40, 17, 6, ,Guanajuato,secundaria-air-quality.csv
2019/8/6, 23, 42, 15, 7, ,Guanajuato,secundaria-air-quality.csv
2019/8/7, 20, 41, 20, 6, ,Guanajuato,secundaria-air-quality.csv
2019/8/8, 22, 39, 17, 6, ,Guanajuato,secundaria-air-quality.csv
2019/8/9, 16, 13, 15, 6, ,Guanajuato,secundaria-air-quality.csv
2019/8/10, 12, , , , ,Guanajuato,secundaria-air-quality.csv
2019/8/12, 16, 38, 13, 6, ,Guanajuato,secundaria-air-quality.csv
2019/8/13, 20, 37, 18, 7, ,Guanajuato,secundaria-air-quality.csv
2019/8/14, 24, 44, 15, 7, ,Guanajuato,secundaria-air-quality.csv
2019/8/15, 22, 43, 17, 8, ,Guanajuato,secundaria-air-quality.csv
2019/8/16, 25, 45, 20, 7, ,Guanajuato,secundaria-air-quality.csv
2019/8/17, 29, 42, 20, 7, ,Guanajuato,secundaria-air-quality.csv
2019/8/18, 30, 43, 13, 8, ,Guanajuato,secundaria-air-quality.csv
2019/8/19, 20, 24, 16, 6, ,Guanajuato,secundaria-air-quality.csv
2019/8/20, 26, 29, 11, 7, ,Guanajuato,secundaria-air-quality.csv
2019/8/21, 23, 37, 13, 7, ,Guanajuato,secundaria-air-quality.csv
2019/8/22, 20, 29, 15, 6, ,Guanajuato,secundaria-air-quality.csv
2019/8/23, 19, 32, 11, 6, ,Guanajuato,secundaria-air-quality.csv
2019/8/24, 13, 30, 10, 6, ,Guanajuato,secundaria-air-quality.csv
2019/8/25, 12, 24, 16, 6, ,Guanajuato,secundaria-air-quality.csv
2019/8/26, 20, 20, 14, 6, ,Guanajuato,secundaria-air-quality.csv
2019/8/27, 17, 22, 20, 8, ,Guanajuato,secundaria-air-quality.csv
2019/8/28, 23, 41, 13, 9, ,Guanajuato,secundaria-air-quality.csv
2019/8/29, 27, 41, 13, 9, ,Guanajuato,secundaria-air-quality.csv
2019/8/30, 25, 52, 18, 10, ,Guanajuato,secundaria-air-quality.csv
2019/8/31, 35, 39, 15, 9, ,Guanajuato,secundaria-air-quality.csv
2019/9/1, 28, 36, 11, 9, ,Guanajuato,secundaria-air-quality.csv
2019/9/2, 23, 40, 14, 9, ,Guanajuato,secundaria-air-quality.csv
2019/9/3, 24, 39, 16, 9, ,Guanajuato,secundaria-air-quality.csv
2019/9/4, 19, 49, 19, 13, ,Guanajuato,secundaria-air-quality.csv
2019/9/5, 28, 51, 20, 11, ,Guanajuato,secundaria-air-quality.csv
2019/9/6, 26, 43, 14, 9, ,Guanajuato,secundaria-air-quality.csv
2019/9/7, 20, 46, 13, 9, ,Guanajuato,secundaria-air-quality.csv
2019/9/8, 20, 48, 12, 10, ,Guanajuato,secundaria-air-quality.csv
2019/9/9, 16, 60, 17, 10, ,Guanajuato,secundaria-air-quality.csv
2019/9/10, 26, 43, 15, 9, ,Guanajuato,secundaria-air-quality.csv
2019/9/11, 18, 30, 15, 9, ,Guanajuato,secundaria-air-quality.csv
2019/9/12, 16, 29, 14, 9, ,Guanajuato,secundaria-air-quality.csv
2019/9/13, 17, 27, 13, 8, ,Guanajuato,secundaria-air-quality.csv
2019/9/14, 14, 27, 9, 8, ,Guanajuato,secundaria-air-quality.csv
2019/9/15, 10, 36, 9, 9, ,Guanajuato,secundaria-air-quality.csv
2019/9/16, 10, 41, 10, 9, ,Guanajuato,secundaria-air-quality.csv
2019/9/17, 13, 41, 15, 9, ,Guanajuato,secundaria-air-quality.csv
2019/9/18, 22, 31, 16, 11, ,Guanajuato,secundaria-air-quality.csv
2019/9/19, 25, 25, 12, 12, ,Guanajuato,secundaria-air-quality.csv
2019/9/20, 17, 41, 15, 10, ,Guanajuato,secundaria-air-quality.csv
2019/9/21, 16, 39, 13, 9, ,Guanajuato,secundaria-air-quality.csv
2019/9/22, 20, 37, 9, 8, ,Guanajuato,secundaria-air-quality.csv
2019/9/23, 13, 38, 13, 9, ,Guanajuato,secundaria-air-quality.csv
2019/9/24, 17, 45, 16, 9, ,Guanajuato,secundaria-air-quality.csv
2019/9/25, 27, 46, 17, 9, ,Guanajuato,secundaria-air-quality.csv
2019/9/26, 36, 51, 13, 9, ,Guanajuato,secundaria-air-quality.csv
2019/9/27, 24, 40, 14, 9, ,Guanajuato,secundaria-air-quality.csv
2019/9/28, 24, 31, 10, 9, ,Guanajuato,secundaria-air-quality.csv
2019/9/29, 18, 22, 10, 9, ,Guanajuato,secundaria-air-quality.csv
2019/9/30, 12, 18, 16, 10, ,Guanajuato,secundaria-air-quality.csv
2019/10/1, 10, 22, 15, 12, ,Guanajuato,secundaria-air-quality.csv
2019/4/5, 48, 32, 8, 7, 19,Guanajuato,secundaria-air-quality.csv
2019/4/6, 52, 30, 6, 7, 21,Guanajuato,secundaria-air-quality.csv
2019/4/7, 47, 32, 6, 7, 20,Guanajuato,secundaria-air-quality.csv
2019/4/8, 44, 31, 7, 9, 18,Guanajuato,secundaria-air-quality.csv
2019/4/9, 47, 31, 7, 7, 22,Guanajuato,secundaria-air-quality.csv
2019/4/10, 42, 32, 8, 12, 19,Guanajuato,secundaria-air-quality.csv
2019/4/11, 48, 30, 6, 7, 20,Guanajuato,secundaria-air-quality.csv
2019/4/12, 51, 25, 10, 7, 21,Guanajuato,secundaria-air-quality.csv
2019/4/13, 55, 28, 13, 7, 20,Guanajuato,secundaria-air-quality.csv
2019/4/14, 41, 35, 17, 11, 21,Guanajuato,secundaria-air-quality.csv
2019/4/15, 47, 38, 14, 14, 21,Guanajuato,secundaria-air-quality.csv
2019/4/16, 51, 31, 14, 7, 22,Guanajuato,secundaria-air-quality.csv
2019/4/17, 57, 23, 12, 7, 12,Guanajuato,secundaria-air-quality.csv
2019/4/18, 44, 24, 10, 7, 20,Guanajuato,secundaria-air-quality.csv
2019/4/19, 36, 25, 5, 6, 20,Guanajuato,secundaria-air-quality.csv
2019/4/20, 48, 28, 9, 7, 20,Guanajuato,secundaria-air-quality.csv
2019/4/21, 37, 26, 9, 7, 20,Guanajuato,secundaria-air-quality.csv
2019/4/22, 45, 25, 8, 7, 19,Guanajuato,secundaria-air-quality.csv
2019/4/23, 40, 26, 7, 7, 21,Guanajuato,secundaria-air-quality.csv
2019/4/24, 46, 25, 8, 7, 23,Guanajuato,secundaria-air-quality.csv
2019/4/25, 49, 26, 13, 7, 26,Guanajuato,secundaria-air-quality.csv
2019/4/26, 55, 26, 9, 8, 21,Guanajuato,secundaria-air-quality.csv
2019/4/27, 54, 30, 7, 9, 24,Guanajuato,secundaria-air-quality.csv
2019/4/28, 59, 27, 8, 7, 22,Guanajuato,secundaria-air-quality.csv
2019/4/29, 57, 44, 6, 7, 21,Guanajuato,secundaria-air-quality.csv
2019/4/30, 55, 42, 11, 8, 22,Guanajuato,secundaria-air-quality.csv
2019/5/1, 63, 30, 15, 11, 20,Guanajuato,secundaria-air-quality.csv
2019/5/2, 56, 25, 19, 10, 21,Guanajuato,secundaria-air-quality.csv
2019/5/3, 47, 23, 16, 7, 25,Guanajuato,secundaria-air-quality.csv
2019/5/4, 52, 22, 16, 7, 40,Guanajuato,secundaria-air-quality.csv
2019/5/5, 45, 22, 11, 7, 22,Guanajuato,secundaria-air-quality.csv
2019/5/6, 43, 25, 12, 7, 24,Guanajuato,secundaria-air-quality.csv
2019/5/7, 47, 11, 14, 7, 20,Guanajuato,secundaria-air-quality.csv
2019/5/8, 54, 2, 14, 7, 23,Guanajuato,secundaria-air-quality.csv
2019/5/9, 67, 67, 15, 7, 27,Guanajuato,secundaria-air-quality.csv
2019/5/10, 64, 50, 14, 7, 31,Guanajuato,secundaria-air-quality.csv
2019/5/11, 57, 18, 18, 7, 28,Guanajuato,secundaria-air-quality.csv
2019/5/12, 52, , , , ,Guanajuato,secundaria-air-quality.csv
2019/6/1, 4, 50, 45, 6, 26,Guanajuato,secundaria-air-quality.csv
2019/6/2, 25, 46, 43, 6, 12,Guanajuato,secundaria-air-quality.csv
2019/6/3, 26, 29, 44, 6, 13,Guanajuato,secundaria-air-quality.csv
2019/6/4, 27, 51, 15, 7, 11,Guanajuato,secundaria-air-quality.csv
2019/6/5, 31, 45, 22, 8, 24,Guanajuato,secundaria-air-quality.csv
2019/6/6, 14, , , , ,Guanajuato,secundaria-air-quality.csv
2019/6/10, 31, 68, 19, 8, 19,Guanajuato,secundaria-air-quality.csv
2019/6/11, 36, 70, 17, 7, ,Guanajuato,secundaria-air-quality.csv
2019/6/12, 27, 89, 14, 8, ,Guanajuato,secundaria-air-quality.csv
2019/6/13, 38, 51, 12, 7, ,Guanajuato,secundaria-air-quality.csv
2019/6/14, 29, 34, 19, 7, ,Guanajuato,secundaria-air-quality.csv
2019/6/15, 18, , , , ,Guanajuato,secundaria-air-quality.csv
2019/6/17, 31, 90, 17, 7, ,Guanajuato,secundaria-air-quality.csv
2019/6/18, 37, 99, 21, 8, ,Guanajuato,secundaria-air-quality.csv
2019/6/19, 28, 76, 14, 8, ,Guanajuato,secundaria-air-quality.csv
2019/6/20, 20, 83, 20, 8, ,Guanajuato,secundaria-air-quality.csv
2019/6/21, 38, 89, 15, 8, ,Guanajuato,secundaria-air-quality.csv
2019/6/22, 42, 95, 26, 11, ,Guanajuato,secundaria-air-quality.csv
2019/6/23, 32, 87, 39, 14, ,Guanajuato,secundaria-air-quality.csv
2019/6/24, 24, 84, 39, 10, ,Guanajuato,secundaria-air-quality.csv
2019/6/25, 45, 41, 29, 13, ,Guanajuato,secundaria-air-quality.csv
2019/6/26, 45, 54, 33, 11, ,Guanajuato,secundaria-air-quality.csv
2019/6/27, 58, 42, 15, 7, ,Guanajuato,secundaria-air-quality.csv
2019/6/29, 28, 59, 7, 6, ,Guanajuato,secundaria-air-quality.csv
2019/6/30, 15, 63, 7, 6, ,Guanajuato,secundaria-air-quality.csv
2019/7/1, 13, 96, 9, 8, ,Guanajuato,secundaria-air-quality.csv
2018/4/3, 37, 16, 14, 16, ,Guanajuato,secundaria-air-quality.csv
2018/4/4, 60, 28, 11, 16, ,Guanajuato,secundaria-air-quality.csv
2018/2/9, 34, 14, 7, 15, ,Guanajuato,secundaria-air-quality.csv
2018/2/10, 31, 7, 9, 17, ,Guanajuato,secundaria-air-quality.csv
2018/2/11, 28, 13, 9, 16, ,Guanajuato,secundaria-air-quality.csv
2018/2/12, 51, 13, 11, 15, ,Guanajuato,secundaria-air-quality.csv
2018/2/13, 47, 18, 12, 18, ,Guanajuato,secundaria-air-quality.csv
2018/2/14, 37, 18, 9, 15, ,Guanajuato,secundaria-air-quality.csv
2018/2/16, 40, 21, 10, 18, ,Guanajuato,secundaria-air-quality.csv
2018/2/17, 60, 20, 15, 25, ,Guanajuato,secundaria-air-quality.csv
2018/2/18, 56, 24, 11, 24, ,Guanajuato,secundaria-air-quality.csv
2018/2/19, 40, 20, 9, 18, ,Guanajuato,secundaria-air-quality.csv
2018/2/20, 48, 17, 8, 15, ,Guanajuato,secundaria-air-quality.csv
2018/2/21, 49, 16, 8, 16, ,Guanajuato,secundaria-air-quality.csv
2018/2/22, 48, 17, 9, 16, ,Guanajuato,secundaria-air-quality.csv
2018/2/23, 48, 21, 9, 18, ,Guanajuato,secundaria-air-quality.csv
2018/2/24, 53, 22, 7, 17, ,Guanajuato,secundaria-air-quality.csv
2018/2/25, 45, 17, 6, 15, ,Guanajuato,secundaria-air-quality.csv
2018/2/26, 43, 17, 6, 15, ,Guanajuato,secundaria-air-quality.csv
2018/2/27, 41, 16, 8, 16, ,Guanajuato,secundaria-air-quality.csv
2018/2/28, 58, 21, 9, 17, ,Guanajuato,secundaria-air-quality.csv
2018/3/1, 55, 19, 9, 19, ,Guanajuato,secundaria-air-quality.csv
2018/3/2, 64, 21, 9, 17, ,Guanajuato,secundaria-air-quality.csv
2018/3/13, 47, 20, 9, 17, ,Guanajuato,secundaria-air-quality.csv
2018/3/14, 47, 17, 8, 18, ,Guanajuato,secundaria-air-quality.csv
2018/3/15, 101, 15, 11, 24, ,Guanajuato,secundaria-air-quality.csv
2017/7/3, 42, 24, 11, 11, 5,Guanajuato,secundaria-air-quality.csv
2017/7/4, 35, 28, 14, 12, 5,Guanajuato,secundaria-air-quality.csv
2017/7/5, 30, 27, 15, 13, 5,Guanajuato,secundaria-air-quality.csv
2017/7/6, 30, 17, 10, 10, 3,Guanajuato,secundaria-air-quality.csv
2017/7/7, 27, 15, 10, 10, 4,Guanajuato,secundaria-air-quality.csv
2017/7/8, 32, 14, 10, 12, 3,Guanajuato,secundaria-air-quality.csv
2017/7/9, 20, 16, 9, 10, 4,Guanajuato,secundaria-air-quality.csv
2017/7/10, 15, 19, 12, 11, 5,Guanajuato,secundaria-air-quality.csv
2017/7/11, 37, 14, 14, 9, 6,Guanajuato,secundaria-air-quality.csv
2017/7/12, 22, , , , ,Guanajuato,secundaria-air-quality.csv
2017/7/18, 65, 29, 11, , 5,Guanajuato,secundaria-air-quality.csv
2017/7/19, 51, 24, 10, , 4,Guanajuato,secundaria-air-quality.csv
2017/7/20, 33, 27, 10, , 5,Guanajuato,secundaria-air-quality.csv
2017/7/21, 39, 25, 10, , 5,Guanajuato,secundaria-air-quality.csv
2017/7/22, 26, 21, 11, , 5,Guanajuato,secundaria-air-quality.csv
2017/7/23, 34, 28, 12, , 6,Guanajuato,secundaria-air-quality.csv
2017/7/24, 45, 21, 12, , 6,Guanajuato,secundaria-air-quality.csv
2017/7/25, 47, 14, 10, , 6,Guanajuato,secundaria-air-quality.csv
2017/7/26, 41, , , , ,Guanajuato,secundaria-air-quality.csv
2017/7/31, 18, 11, 9, , 4,Guanajuato,secundaria-air-quality.csv
2017/8/1, 21, , , , ,Guanajuato,secundaria-air-quality.csv
2017/8/3, 27, 22, 8, 7, 3,Guanajuato,secundaria-air-quality.csv
2017/8/4, 28, 24, 8, 7, 5,Guanajuato,secundaria-air-quality.csv
2017/8/5, 13, 25, 8, 7, 5,Guanajuato,secundaria-air-quality.csv
2017/8/6, 18, 33, 8, 19, 8,Guanajuato,secundaria-air-quality.csv
2017/8/7, 23, 25, 8, 5, 7,Guanajuato,secundaria-air-quality.csv
2017/8/8, 2, 17, 12, 4, 4,Guanajuato,secundaria-air-quality.csv
2017/8/9, 29, 12, 8, 4, 2,Guanajuato,secundaria-air-quality.csv
2017/8/10, 32, 9, 10, 5, 4,Guanajuato,secundaria-air-quality.csv
2017/8/11, 25, 10, 2, 5, 2,Guanajuato,secundaria-air-quality.csv
2017/8/12, 19, , , , ,Guanajuato,secundaria-air-quality.csv
2017/8/16, 36, 24, , 10, 7,Guanajuato,secundaria-air-quality.csv
2017/8/17, 45, 21, , 13, 6,Guanajuato,secundaria-air-quality.csv
2017/8/18, 34, 23, , 11, 7,Guanajuato,secundaria-air-quality.csv
2017/8/19, 25, , , , ,Guanajuato,secundaria-air-quality.csv
2017/8/21, 25, 13, , 4, ,Guanajuato,secundaria-air-quality.csv
2017/8/22, 24, 16, , 4, ,Guanajuato,secundaria-air-quality.csv
2017/8/23, 19, 20, , 4, ,Guanajuato,secundaria-air-quality.csv
2017/8/24, 27, 19, , 5, ,Guanajuato,secundaria-air-quality.csv
2017/8/25, 24, 16, , 9, ,Guanajuato,secundaria-air-quality.csv
2017/8/26, 32, , , , ,Guanajuato,secundaria-air-quality.csv
2017/8/28, 10, 15, , 5, 5,Guanajuato,secundaria-air-quality.csv
2017/8/29, 26, 16, , 5, 6,Guanajuato,secundaria-air-quality.csv
2017/8/30, 48, 17, , 7, 8,Guanajuato,secundaria-air-quality.csv
2017/8/31, 29, 15, , 5, 8,Guanajuato,secundaria-air-quality.csv
2017/9/1, 18, 13, , 6, 8,Guanajuato,secundaria-air-quality.csv
2017/9/2, 20, 12, , 4, 5,Guanajuato,secundaria-air-quality.csv
2017/9/3, 13, 15, , 4, 1,Guanajuato,secundaria-air-quality.csv
2017/9/4, 10, 15, , 5, 6,Guanajuato,secundaria-air-quality.csv
2017/9/5, 20, 17, , , 7,Guanajuato,secundaria-air-quality.csv
2017/9/6, 18, , , , ,Guanajuato,secundaria-air-quality.csv
2017/9/12, 27, 23, , , 9,Guanajuato,secundaria-air-quality.csv
2017/9/13, 44, 34, , , 9,Guanajuato,secundaria-air-quality.csv
2017/9/14, 49, 35, , , 8,Guanajuato,secundaria-air-quality.csv
2017/9/15, 52, 25, , , 10,Guanajuato,secundaria-air-quality.csv
2017/9/16, 43, 29, , , 8,Guanajuato,secundaria-air-quality.csv
2017/9/17, 45, 20, , , 7,Guanajuato,secundaria-air-quality.csv
2017/9/18, 31, 17, , , 3,Guanajuato,secundaria-air-quality.csv
2017/9/19, 27, 18, , , 6,Guanajuato,secundaria-air-quality.csv
2017/9/20, 24, 19, , , 6,Guanajuato,secundaria-air-quality.csv
2017/9/21, 38, 14, , , 5,Guanajuato,secundaria-air-quality.csv
2017/9/22, 27, 20, , , 6,Guanajuato,secundaria-air-quality.csv
2017/9/23, 27, 14, , , 6,Guanajuato,secundaria-air-quality.csv
2017/9/24, 21, 15, , , 4,Guanajuato,secundaria-air-quality.csv
2017/9/25, 20, 7, , , 4,Guanajuato,secundaria-air-quality.csv
2017/9/26, 17, , , , ,Guanajuato,secundaria-air-quality.csv
2017/4/2, 44, 21, 11, 12, ,Guanajuato,secundaria-air-quality.csv
2017/4/3, 42, 21, 20, 12, ,Guanajuato,secundaria-air-quality.csv
2017/4/4, 52, 22, 19, 13, ,Guanajuato,secundaria-air-quality.csv
2017/4/5, 54, 29, 23, 15, ,Guanajuato,secundaria-air-quality.csv
2017/4/6, 62, 34, 13, 13, ,Guanajuato,secundaria-air-quality.csv
2017/4/7, 58, 38, 17, 17, ,Guanajuato,secundaria-air-quality.csv
2017/4/8, 58, 33, 18, 19, ,Guanajuato,secundaria-air-quality.csv
2017/4/9, 57, 26, 16, 12, ,Guanajuato,secundaria-air-quality.csv
2017/4/10, 55, 25, 19, 13, ,Guanajuato,secundaria-air-quality.csv
2017/4/11, 49, 33, 17, 15, ,Guanajuato,secundaria-air-quality.csv
2017/4/12, 69, 34, 11, 13, ,Guanajuato,secundaria-air-quality.csv
2017/4/13, 54, 34, 10, 12, ,Guanajuato,secundaria-air-quality.csv
2017/4/14, 47, 34, 10, 13, ,Guanajuato,secundaria-air-quality.csv
2017/4/15, 32, 36, 11, 13, ,Guanajuato,secundaria-air-quality.csv
2017/4/16, 37, 34, 13, 13, ,Guanajuato,secundaria-air-quality.csv
2017/4/17, 35, 33, 14, 16, ,Guanajuato,secundaria-air-quality.csv
2017/4/18, 41, 30, 17, 13, ,Guanajuato,secundaria-air-quality.csv
2017/4/19, 53, 32, 14, 16, ,Guanajuato,secundaria-air-quality.csv
2017/4/20, 35, 34, 17, 16, ,Guanajuato,secundaria-air-quality.csv
2017/4/21, 32, 37, 14, 17, ,Guanajuato,secundaria-air-quality.csv
2017/4/22, 42, 27, 21, 17, ,Guanajuato,secundaria-air-quality.csv
2017/4/23, 54, 29, 8, 11, ,Guanajuato,secundaria-air-quality.csv
2017/4/24, 31, 39, 16, 17, ,Guanajuato,secundaria-air-quality.csv
2017/4/25, 48, 49, 11, 13, ,Guanajuato,secundaria-air-quality.csv
2017/4/26, 56, 51, 12, 12, ,Guanajuato,secundaria-air-quality.csv
2017/4/27, 43, 53, 19, 13, ,Guanajuato,secundaria-air-quality.csv
2017/4/28, 42, 40, 15, 12, ,Guanajuato,secundaria-air-quality.csv
2017/4/29, 61, 52, 18, 12, ,Guanajuato,secundaria-air-quality.csv
2017/4/30, 61, 42, 13, 12, ,Guanajuato,secundaria-air-quality.csv
2017/5/1, 52, 55, 15, 16, ,Guanajuato,secundaria-air-quality.csv
2017/5/2, 57, 45, 14, 13, ,Guanajuato,secundaria-air-quality.csv
2017/5/3, 76, 43, 13, 15, ,Guanajuato,secundaria-air-quality.csv
2017/5/4, 63, 40, 12, 11, ,Guanajuato,secundaria-air-quality.csv
2017/5/5, 58, 40, 11, 13, ,Guanajuato,secundaria-air-quality.csv
2017/5/6, 45, 36, 18, , ,Guanajuato,secundaria-air-quality.csv
2017/5/7, 49, 43, 18, , ,Guanajuato,secundaria-air-quality.csv
2017/5/8, 55, 42, 16, , ,Guanajuato,secundaria-air-quality.csv
2017/5/9, 59, 41, 16, , ,Guanajuato,secundaria-air-quality.csv
2017/5/10, 54, 50, 15, , ,Guanajuato,secundaria-air-quality.csv
2017/5/11, 64, 48, 16, , ,Guanajuato,secundaria-air-quality.csv
2017/5/12, 52, 50, 20, , ,Guanajuato,secundaria-air-quality.csv
2017/5/13, 59, 51, 16, , ,Guanajuato,secundaria-air-quality.csv
2017/5/14, 47, 28, 18, , ,Guanajuato,secundaria-air-quality.csv
2017/5/15, 42, 21, 19, , ,Guanajuato,secundaria-air-quality.csv
2017/5/16, 59, , 12, , ,Guanajuato,secundaria-air-quality.csv
2017/5/17, 53, , 13, , ,Guanajuato,secundaria-air-quality.csv
2017/5/18, 57, , 13, , ,Guanajuato,secundaria-air-quality.csv
2017/5/19, 57, , 15, , ,Guanajuato,secundaria-air-quality.csv
2017/5/20, 68, , 17, , ,Guanajuato,secundaria-air-quality.csv
2017/5/21, 65, , 14, , ,Guanajuato,secundaria-air-quality.csv
2017/5/22, 67, 46, 15, , ,Guanajuato,secundaria-air-quality.csv
2017/5/23, 59, 49, 12, , ,Guanajuato,secundaria-air-quality.csv
2017/5/24, 62, 68, 12, , ,Guanajuato,secundaria-air-quality.csv
2017/5/25, 66, 49, 13, , ,Guanajuato,secundaria-air-quality.csv
2017/5/26, 63, 59, 12, , ,Guanajuato,secundaria-air-quality.csv
2017/5/27, 57, 62, 14, , ,Guanajuato,secundaria-air-quality.csv
2017/5/28, 43, 48, 13, , ,Guanajuato,secundaria-air-quality.csv
2017/5/29, 50, 56, 14, , ,Guanajuato,secundaria-air-quality.csv
2017/5/30, 51, 39, 12, , ,Guanajuato,secundaria-air-quality.csv
2017/5/31, 28, 36, 11, , ,Guanajuato,secundaria-air-quality.csv
2017/6/1, 30, 33, 9, , ,Guanajuato,secundaria-air-quality.csv
2017/6/2, 27, 35, 13, , ,Guanajuato,secundaria-air-quality.csv
2017/6/3, 39, 54, 20, , ,Guanajuato,secundaria-air-quality.csv
2017/6/4, 38, 54, 17, , ,Guanajuato,secundaria-air-quality.csv
2017/6/5, 34, 28, 17, , ,Guanajuato,secundaria-air-quality.csv
2017/6/6, 56, , , , ,Guanajuato,secundaria-air-quality.csv
2017/6/15, 26, 47, 9, 11, 4,Guanajuato,secundaria-air-quality.csv
2017/6/16, 25, 80, 11, 10, 5,Guanajuato,secundaria-air-quality.csv
2017/6/17, 29, 31, 15, 13, 4,Guanajuato,secundaria-air-quality.csv
2017/6/18, 44, 20, 13, 13, 5,Guanajuato,secundaria-air-quality.csv
2017/6/19, 50, 22, 9, 10, 3,Guanajuato,secundaria-air-quality.csv
2017/6/20, 42, 21, 10, 10, 5,Guanajuato,secundaria-air-quality.csv
2017/6/21, 32, 29, 12, 12, 5,Guanajuato,secundaria-air-quality.csv
2017/6/22, 44, 33, 16, 11, 6,Guanajuato,secundaria-air-quality.csv
2017/6/23, 44, 30, 11, 10, 6,Guanajuato,secundaria-air-quality.csv
2017/6/24, 44, 25, 11, 12, 4,Guanajuato,secundaria-air-quality.csv
2017/6/25, 37, 20, 9, 10, 3,Guanajuato,secundaria-air-quality.csv
2017/6/26, 29, 21, 13, 11, 5,Guanajuato,secundaria-air-quality.csv
2017/6/27, 22, 21, 12, 10, 4,Guanajuato,secundaria-air-quality.csv
2017/6/28, 19, 17, 11, 10, 6,Guanajuato,secundaria-air-quality.csv
2017/6/29, 14, , , , ,Guanajuato,secundaria-air-quality.csv
2017/1/3, 51, 30, 35, 26, ,Guanajuato,secundaria-air-quality.csv
2017/1/4, 69, 32, 39, 23, ,Guanajuato,secundaria-air-quality.csv
2017/1/5, 73, 28, 38, 17, ,Guanajuato,secundaria-air-quality.csv
2017/1/6, 79, 20, 30, 15, ,Guanajuato,secundaria-air-quality.csv
2017/1/7, 60, 18, 28, 18, ,Guanajuato,secundaria-air-quality.csv
2017/1/8, 56, 20, 20, 12, ,Guanajuato,secundaria-air-quality.csv
2017/1/9, 26, 20, 24, 15, ,Guanajuato,secundaria-air-quality.csv
2017/1/10, 40, 20, 27, 26, ,Guanajuato,secundaria-air-quality.csv
2017/1/11, 63, 22, 30, 21, ,Guanajuato,secundaria-air-quality.csv
2017/1/12, 83, 32, 35, 22, ,Guanajuato,secundaria-air-quality.csv
2017/1/13, 88, 24, 26, 18, ,Guanajuato,secundaria-air-quality.csv
2017/1/14, 67, 22, 19, 15, ,Guanajuato,secundaria-air-quality.csv
2017/1/15, 47, 22, 21, 20, ,Guanajuato,secundaria-air-quality.csv
2017/1/16, 44, 22, 23, 14, ,Guanajuato,secundaria-air-quality.csv
2017/1/17, 57, 20, 23, 14, ,Guanajuato,secundaria-air-quality.csv
2017/1/18, 60, 20, 19, 13, ,Guanajuato,secundaria-air-quality.csv
2017/1/19, 47, 19, 18, 13, ,Guanajuato,secundaria-air-quality.csv
2017/1/20, 49, 17, 18, 12, ,Guanajuato,secundaria-air-quality.csv
2017/1/21, 50, 22, 17, 12, ,Guanajuato,secundaria-air-quality.csv
2017/1/22, 44, 23, 18, 12, ,Guanajuato,secundaria-air-quality.csv
2017/1/23, 40, 22, 26, 21, ,Guanajuato,secundaria-air-quality.csv
2017/1/24, 76, 24, 25, 19, ,Guanajuato,secundaria-air-quality.csv
2017/1/25, 68, 23, 18, 12, ,Guanajuato,secundaria-air-quality.csv
2017/1/26, 49, 29, 23, 13, ,Guanajuato,secundaria-air-quality.csv
2017/1/27, 68, 26, 26, 17, ,Guanajuato,secundaria-air-quality.csv
2017/1/28, 67, 26, 21, 14, ,Guanajuato,secundaria-air-quality.csv
2017/1/29, 55, 21, 14, 12, ,Guanajuato,secundaria-air-quality.csv
2017/1/30, 32, 25, 20, 18, ,Guanajuato,secundaria-air-quality.csv
2017/1/31, 48, 23, 25, 20, ,Guanajuato,secundaria-air-quality.csv
2017/2/1, 68, 22, 17, 13, ,Guanajuato,secundaria-air-quality.csv
2017/2/2, 41, 24, 17, 15, ,Guanajuato,secundaria-air-quality.csv
2017/2/3, 42, 26, 16, 14, ,Guanajuato,secundaria-air-quality.csv
2017/2/4, 41, 30, 14, 13, ,Guanajuato,secundaria-air-quality.csv
2017/2/5, 43, 30, 15, 17, ,Guanajuato,secundaria-air-quality.csv
2017/2/6, 43, 30, 19, 16, ,Guanajuato,secundaria-air-quality.csv
2017/2/7, 50, 32, 24, 13, ,Guanajuato,secundaria-air-quality.csv
2017/2/8, 66, 33, 28, 22, ,Guanajuato,secundaria-air-quality.csv
2017/2/9, 80, 23, 21, 14, ,Guanajuato,secundaria-air-quality.csv
2017/2/10, 60, 32, 19, 15, ,Guanajuato,secundaria-air-quality.csv
2017/2/11, 51, 24, 22, 23, ,Guanajuato,secundaria-air-quality.csv
2017/2/12, 53, 30, 23, 21, ,Guanajuato,secundaria-air-quality.csv
2017/2/13, 63, 29, 22, 20, ,Guanajuato,secundaria-air-quality.csv
2017/2/14, 70, 25, 17, 13, ,Guanajuato,secundaria-air-quality.csv
2017/2/15, 54, 23, 18, 14, ,Guanajuato,secundaria-air-quality.csv
2017/2/16, 48, 13, 15, 12, ,Guanajuato,secundaria-air-quality.csv
2017/2/17, 55, 20, 16, 12, ,Guanajuato,secundaria-air-quality.csv
2017/2/18, 41, 19, 16, 12, ,Guanajuato,secundaria-air-quality.csv
2017/2/19, 32, 18, 13, 12, ,Guanajuato,secundaria-air-quality.csv
2017/2/20, 28, 21, 15, 12, ,Guanajuato,secundaria-air-quality.csv
2017/2/21, 27, 25, 20, 13, ,Guanajuato,secundaria-air-quality.csv
2017/2/22, 46, 29, 22, 17, ,Guanajuato,secundaria-air-quality.csv
2017/2/23, 42, 23, 23, 14, ,Guanajuato,secundaria-air-quality.csv
2017/2/24, 52, 25, 22, 14, ,Guanajuato,secundaria-air-quality.csv
2017/2/25, 47, 32, 26, 20, ,Guanajuato,secundaria-air-quality.csv
2017/2/26, 63, 23, 17, 13, ,Guanajuato,secundaria-air-quality.csv
2017/2/27, 46, 28, 22, 13, ,Guanajuato,secundaria-air-quality.csv
2017/2/28, 56, 29, 20, 14, ,Guanajuato,secundaria-air-quality.csv
2017/3/1, 58, 36, 20, 14, ,Guanajuato,secundaria-air-quality.csv
2017/3/2, 65, 29, 10, 12, ,Guanajuato,secundaria-air-quality.csv
2017/3/3, 56, 24, 9, 11, ,Guanajuato,secundaria-air-quality.csv
2017/3/4, 35, 27, 12, 12, ,Guanajuato,secundaria-air-quality.csv
2017/3/5, 37, 29, 14, 12, ,Guanajuato,secundaria-air-quality.csv
2017/3/6, 37, 24, 21, 14, ,Guanajuato,secundaria-air-quality.csv
2017/3/7, 45, 33, 21, 14, ,Guanajuato,secundaria-air-quality.csv
2017/3/8, 61, 28, 10, 13, ,Guanajuato,secundaria-air-quality.csv
2017/3/9, 39, 28, 13, 13, ,Guanajuato,secundaria-air-quality.csv
2017/3/10, 34, 34, 19, 14, ,Guanajuato,secundaria-air-quality.csv
2017/3/11, 33, 27, 15, 13, ,Guanajuato,secundaria-air-quality.csv
2017/3/12, 34, 25, 17, 14, ,Guanajuato,secundaria-air-quality.csv
2017/3/13, 30, 26, 20, 16, ,Guanajuato,secundaria-air-quality.csv
2017/3/14, 32, 25, 11, 12, ,Guanajuato,secundaria-air-quality.csv
2017/3/15, 29, 28, 16, 15, ,Guanajuato,secundaria-air-quality.csv
2017/3/16, 27, 29, 14, 15, ,Guanajuato,secundaria-air-quality.csv
2017/3/17, 28, 31, 17, 18, ,Guanajuato,secundaria-air-quality.csv
2017/3/18, 33, 30, 16, 15, ,Guanajuato,secundaria-air-quality.csv
2017/3/19, 40, 30, 9, 12, ,Guanajuato,secundaria-air-quality.csv
2017/3/20, 30, 31, 14, 18, ,Guanajuato,secundaria-air-quality.csv
2017/3/21, 37, 30, 22, 14, ,Guanajuato,secundaria-air-quality.csv
2017/3/22, 44, 32, 18, 15, ,Guanajuato,secundaria-air-quality.csv
2017/3/23, 48, 32, 20, 14, ,Guanajuato,secundaria-air-quality.csv
2017/3/24, 46, 30, 19, 13, ,Guanajuato,secundaria-air-quality.csv
2017/3/25, 55, 34, 19, 17, ,Guanajuato,secundaria-air-quality.csv
2017/3/26, 59, 30, 13, 14, ,Guanajuato,secundaria-air-quality.csv
2017/3/27, 36, 34, 21, 17, ,Guanajuato,secundaria-air-quality.csv
2017/3/28, 43, 27, 18, 12, ,Guanajuato,secundaria-air-quality.csv
2017/3/29, 45, 26, 16, 12, ,Guanajuato,secundaria-air-quality.csv
2017/3/30, 50, 30, 16, 12, ,Guanajuato,secundaria-air-quality.csv
2017/3/31, 47, 31, 19, 13, ,Guanajuato,secundaria-air-quality.csv
2017/4/1, 59, 22, 14, 12, ,Guanajuato,secundaria-air-quality.csv
2016/10/2, 28, 30, , , ,Guanajuato,secundaria-air-quality.csv
2016/10/3, 23, 32, , , ,Guanajuato,secundaria-air-quality.csv
2016/10/4, 32, 24, , , ,Guanajuato,secundaria-air-quality.csv
2016/10/5, 32, 27, , , ,Guanajuato,secundaria-air-quality.csv
2016/10/6, 29, 38, , , ,Guanajuato,secundaria-air-quality.csv
2016/10/7, 35, 20, , , ,Guanajuato,secundaria-air-quality.csv
2016/10/8, 30, 18, , , ,Guanajuato,secundaria-air-quality.csv
2016/10/9, 24, 24, , , ,Guanajuato,secundaria-air-quality.csv
2016/10/10, 23, 22, , , ,Guanajuato,secundaria-air-quality.csv
2016/10/11, 20, 24, , , ,Guanajuato,secundaria-air-quality.csv
2016/10/12, 25, 23, , 11, ,Guanajuato,secundaria-air-quality.csv
2016/10/13, 24, 21, , 10, ,Guanajuato,secundaria-air-quality.csv
2016/10/14, 26, 23, , 10, ,Guanajuato,secundaria-air-quality.csv
2016/10/15, 26, 24, , 12, ,Guanajuato,secundaria-air-quality.csv
2016/10/16, 29, 24, , 11, ,Guanajuato,secundaria-air-quality.csv
2016/10/17, 30, 28, , 11, ,Guanajuato,secundaria-air-quality.csv
2016/10/18, 24, 29, 16, 12, ,Guanajuato,secundaria-air-quality.csv
2016/10/19, 45, 25, 21, 17, ,Guanajuato,secundaria-air-quality.csv
2016/10/20, 38, 19, 14, 11, ,Guanajuato,secundaria-air-quality.csv
2016/10/21, 25, 17, 12, 11, ,Guanajuato,secundaria-air-quality.csv
2016/10/22, 25, 20, 13, 11, ,Guanajuato,secundaria-air-quality.csv
2016/10/23, 23, 20, 13, 11, ,Guanajuato,secundaria-air-quality.csv
2016/10/24, 18, 18, 16, 11, ,Guanajuato,secundaria-air-quality.csv
2016/10/25, 25, 17, 15, 12, ,Guanajuato,secundaria-air-quality.csv
2016/10/26, 28, 17, 16, 11, ,Guanajuato,secundaria-air-quality.csv
2016/10/27, 32, 16, 14, 11, ,Guanajuato,secundaria-air-quality.csv
2016/10/28, 35, 18, 14, 11, ,Guanajuato,secundaria-air-quality.csv
2016/10/29, 34, 18, 14, 11, ,Guanajuato,secundaria-air-quality.csv
2016/10/30, 29, 15, 15, 11, ,Guanajuato,secundaria-air-quality.csv
2016/10/31, 25, 21, 16, 12, ,Guanajuato,secundaria-air-quality.csv
2016/11/1, 37, 24, 22, 16, ,Guanajuato,secundaria-air-quality.csv
2016/11/2, 39, 22, 16, 13, ,Guanajuato,secundaria-air-quality.csv
2016/11/3, 32, 17, 12, 11, ,Guanajuato,secundaria-air-quality.csv
2016/11/4, 38, 15, 11, 11, ,Guanajuato,secundaria-air-quality.csv
2016/11/5, 28, 17, 13, 10, ,Guanajuato,secundaria-air-quality.csv
2016/11/6, 23, 23, 16, 12, ,Guanajuato,secundaria-air-quality.csv
2016/11/7, 29, 20, 25, 14, ,Guanajuato,secundaria-air-quality.csv
2016/11/8, 43, 15, 15, 11, ,Guanajuato,secundaria-air-quality.csv
2016/11/9, 23, 13, 18, 11, ,Guanajuato,secundaria-air-quality.csv
2016/11/10, 15, 13, 17, 11, ,Guanajuato,secundaria-air-quality.csv
2016/11/11, 20, 13, 20, 11, ,Guanajuato,secundaria-air-quality.csv
2016/11/12, 29, 15, 16, 11, ,Guanajuato,secundaria-air-quality.csv
2016/11/13, 11, 15, 16, 11, ,Guanajuato,secundaria-air-quality.csv
2016/11/14, 15, 15, 22, 12, ,Guanajuato,secundaria-air-quality.csv
2016/11/15, 33, 17, 16, 12, ,Guanajuato,secundaria-air-quality.csv
2016/11/16, 32, 23, 16, 14, ,Guanajuato,secundaria-air-quality.csv
2016/11/17, 27, 22, 23, 18, ,Guanajuato,secundaria-air-quality.csv
2016/11/18, 36, 30, 22, 13, ,Guanajuato,secundaria-air-quality.csv
2016/11/19, 50, 21, 10, 11, ,Guanajuato,secundaria-air-quality.csv
2016/11/20, 22, 22, 11, 11, ,Guanajuato,secundaria-air-quality.csv
2016/11/21, 14, 29, 17, 13, ,Guanajuato,secundaria-air-quality.csv
2016/11/22, 28, 29, 29, 17, ,Guanajuato,secundaria-air-quality.csv
2016/11/23, 52, 21, 24, 20, ,Guanajuato,secundaria-air-quality.csv
2016/11/24, 46, 26, 20, 13, ,Guanajuato,secundaria-air-quality.csv
2016/11/25, 38, 26, 19, 14, ,Guanajuato,secundaria-air-quality.csv
2016/11/26, 35, 15, 12, 11, ,Guanajuato,secundaria-air-quality.csv
2016/11/27, 23, 28, 19, 15, ,Guanajuato,secundaria-air-quality.csv
2016/11/28, 32, 27, 26, 12, ,Guanajuato,secundaria-air-quality.csv
2016/11/29, 50, 20, 23, 12, ,Guanajuato,secundaria-air-quality.csv
2016/11/30, 52, 21, 18, 12, ,Guanajuato,secundaria-air-quality.csv
2016/12/1, 43, 21, 19, 13, ,Guanajuato,secundaria-air-quality.csv
2016/12/2, 48, 18, 19, 12, ,Guanajuato,secundaria-air-quality.csv
2016/12/3, 52, 16, 16, 12, ,Guanajuato,secundaria-air-quality.csv
2016/12/4, 44, 12, 13, 11, ,Guanajuato,secundaria-air-quality.csv
2016/12/5, 30, 19, 15, 12, ,Guanajuato,secundaria-air-quality.csv
2016/12/6, 27, 24, 26, 18, ,Guanajuato,secundaria-air-quality.csv
2016/12/7, 43, 22, 30, 19, ,Guanajuato,secundaria-air-quality.csv
2016/12/8, 59, 25, 29, 18, ,Guanajuato,secundaria-air-quality.csv
2016/12/9, 64, 17, 13, 12, ,Guanajuato,secundaria-air-quality.csv
2016/12/10, 37, 20, 14, 11, ,Guanajuato,secundaria-air-quality.csv
2016/12/11, 25, 23, 18, 12, ,Guanajuato,secundaria-air-quality.csv
2016/12/12, 37, 26, 26, 18, ,Guanajuato,secundaria-air-quality.csv
2016/12/13, 58, 30, 30, 17, ,Guanajuato,secundaria-air-quality.csv
2016/12/14, 70, 30, 27, 20, ,Guanajuato,secundaria-air-quality.csv
2016/12/15, 62, 18, 25, 14, ,Guanajuato,secundaria-air-quality.csv
2016/12/16, 58, 24, 20, 14, ,Guanajuato,secundaria-air-quality.csv
2016/12/17, 51, 25, 20, 12, ,Guanajuato,secundaria-air-quality.csv
2016/12/18, 50, 24, 22, 12, ,Guanajuato,secundaria-air-quality.csv
2016/12/19, 52, 20, 18, 12, ,Guanajuato,secundaria-air-quality.csv
2016/12/20, 46, 16, 14, 11, ,Guanajuato,secundaria-air-quality.csv
2016/12/21, 30, 18, 18, 12, ,Guanajuato,secundaria-air-quality.csv
2016/12/22, 35, 18, 19, 13, ,Guanajuato,secundaria-air-quality.csv
2016/12/23, 40, 26, 19, 16, ,Guanajuato,secundaria-air-quality.csv
2016/12/24, 43, 31, 28, 20, ,Guanajuato,secundaria-air-quality.csv
2016/12/25, 79, 19, 30, 16, ,Guanajuato,secundaria-air-quality.csv
2016/12/26, 113, 30, 27, 16, ,Guanajuato,secundaria-air-quality.csv
2016/12/27, 67, 24, 19, 13, ,Guanajuato,secundaria-air-quality.csv
2016/12/28, 47, 23, 18, 13, ,Guanajuato,secundaria-air-quality.csv
2016/12/29, 41, 17, 18, 12, ,Guanajuato,secundaria-air-quality.csv
2016/12/30, 40, 15, 17, 12, ,Guanajuato,secundaria-air-quality.csv
2016/12/31, 34, 19, 25, 16, ,Guanajuato,secundaria-air-quality.csv
2017/1/1, 50, 20, 24, 20, ,Guanajuato,secundaria-air-quality.csv
2017/1/2, 72, 23, 27, 14, ,Guanajuato,secundaria-air-quality.csv
2016/7/28, 53, 49, , 17, ,Guanajuato,secundaria-air-quality.csv
2016/7/29, 36, 37, , 13, ,Guanajuato,secundaria-air-quality.csv
2016/7/30, 29, 29, , 12, ,Guanajuato,secundaria-air-quality.csv
2016/7/31, 24, 28, , 11, ,Guanajuato,secundaria-air-quality.csv
2016/8/1, 26, 37, , 11, ,Guanajuato,secundaria-air-quality.csv
2016/8/2, 24, 37, , 11, ,Guanajuato,secundaria-air-quality.csv
2016/8/3, 34, 33, , 14, ,Guanajuato,secundaria-air-quality.csv
2016/8/4, 25, 30, , 12, ,Guanajuato,secundaria-air-quality.csv
2016/8/5, 20, 22, , 11, ,Guanajuato,secundaria-air-quality.csv
2016/8/6, 29, 19, , 10, ,Guanajuato,secundaria-air-quality.csv
2016/8/7, 20, 22, , 13, ,Guanajuato,secundaria-air-quality.csv
2016/8/8, 19, 23, , 11, ,Guanajuato,secundaria-air-quality.csv
2016/8/9, 18, 29, , 17, ,Guanajuato,secundaria-air-quality.csv
2016/8/10, 25, 32, , 11, ,Guanajuato,secundaria-air-quality.csv
2016/8/11, 25, 36, , 15, ,Guanajuato,secundaria-air-quality.csv
2016/8/12, 30, 37, , 12, ,Guanajuato,secundaria-air-quality.csv
2016/8/13, 30, 49, , 14, ,Guanajuato,secundaria-air-quality.csv
2016/8/14, 34, 43, , 15, ,Guanajuato,secundaria-air-quality.csv
2016/8/15, 28, 30, , 12, ,Guanajuato,secundaria-air-quality.csv
2016/8/16, 20, 27, , 11, ,Guanajuato,secundaria-air-quality.csv
2016/8/17, 48, 28, , 13, ,Guanajuato,secundaria-air-quality.csv
2016/8/18, 26, 24, , 13, ,Guanajuato,secundaria-air-quality.csv
2016/8/19, 22, 28, , 14, ,Guanajuato,secundaria-air-quality.csv
2016/8/20, 28, 24, , 11, ,Guanajuato,secundaria-air-quality.csv
2016/8/21, 20, 72, , 18, ,Guanajuato,secundaria-air-quality.csv
2016/8/22, 24, 31, , 13, ,Guanajuato,secundaria-air-quality.csv
2016/8/23, 22, 28, , 11, ,Guanajuato,secundaria-air-quality.csv
2016/8/24, 26, 30, , 14, ,Guanajuato,secundaria-air-quality.csv
2016/8/25, 24, 35, , 12, ,Guanajuato,secundaria-air-quality.csv
2016/8/26, 26, 46, , 18, ,Guanajuato,secundaria-air-quality.csv
2016/8/27, 35, 21, , 15, ,Guanajuato,secundaria-air-quality.csv
2016/8/28, 17, 28, , 13, ,Guanajuato,secundaria-air-quality.csv
2016/8/29, 30, 29, , 11, ,Guanajuato,secundaria-air-quality.csv
2016/8/30, 24, 34, , 11, ,Guanajuato,secundaria-air-quality.csv
2016/8/31, 29, 32, , 12, ,Guanajuato,secundaria-air-quality.csv
2016/9/1, 33, 22, , 11, ,Guanajuato,secundaria-air-quality.csv
2016/9/2, 29, 29, , 11, ,Guanajuato,secundaria-air-quality.csv
2016/9/3, 28, 29, , 10, ,Guanajuato,secundaria-air-quality.csv
2016/9/4, 22, 26, , 11, ,Guanajuato,secundaria-air-quality.csv
2016/9/5, 17, 19, , 14, ,Guanajuato,secundaria-air-quality.csv
2016/9/6, 25, 36, , 16, ,Guanajuato,secundaria-air-quality.csv
2016/9/7, 37, 34, , 12, ,Guanajuato,secundaria-air-quality.csv
2016/9/8, 29, 35, , 12, ,Guanajuato,secundaria-air-quality.csv
2016/9/9, 38, 40, , 16, ,Guanajuato,secundaria-air-quality.csv
2016/9/10, 40, 41, , 24, ,Guanajuato,secundaria-air-quality.csv
2016/9/11, 44, 29, , 11, ,Guanajuato,secundaria-air-quality.csv
2016/9/12, 35, 35, , 13, ,Guanajuato,secundaria-air-quality.csv
2016/9/13, 41, 43, , 21, ,Guanajuato,secundaria-air-quality.csv
2016/9/14, 46, 28, , 11, ,Guanajuato,secundaria-air-quality.csv
2016/9/15, 36, 27, , 11, ,Guanajuato,secundaria-air-quality.csv
2016/9/16, 33, 22, , 11, ,Guanajuato,secundaria-air-quality.csv
2016/9/17, 24, 27, , 13, ,Guanajuato,secundaria-air-quality.csv
2016/9/18, 26, 30, , 12, ,Guanajuato,secundaria-air-quality.csv
2016/9/19, 23, 23, , 11, ,Guanajuato,secundaria-air-quality.csv
2016/9/20, 29, 19, , 10, ,Guanajuato,secundaria-air-quality.csv
2016/9/21, 26, 20, , 11, ,Guanajuato,secundaria-air-quality.csv
2016/9/22, 28, 29, , 12, ,Guanajuato,secundaria-air-quality.csv
2016/9/23, 29, 30, , 16, ,Guanajuato,secundaria-air-quality.csv
2016/9/24, 40, 36, , 16, ,Guanajuato,secundaria-air-quality.csv
2016/9/25, 36, 36, , 16, ,Guanajuato,secundaria-air-quality.csv
2016/9/26, 36, 27, , 11, ,Guanajuato,secundaria-air-quality.csv
2016/9/27, 27, 19, , 10, ,Guanajuato,secundaria-air-quality.csv
2016/9/28, 39, 21, , 10, ,Guanajuato,secundaria-air-quality.csv
2016/9/29, 26, 19, , , ,Guanajuato,secundaria-air-quality.csv
2016/9/30, 23, 21, , , ,Guanajuato,secundaria-air-quality.csv
2016/10/1, 28, 28, , , ,Guanajuato,secundaria-air-quality.csv
2015/4/2, 34, 56, 5, 12, ,Guanajuato,secundaria-air-quality.csv
2015/4/3, 42, 59, 5, 13, ,Guanajuato,secundaria-air-quality.csv
2015/4/4, 47, 50, 4, 11, ,Guanajuato,secundaria-air-quality.csv
2015/4/5, 38, 65, 4, 14, ,Guanajuato,secundaria-air-quality.csv
2015/4/6, 33, 54, 5, 18, ,Guanajuato,secundaria-air-quality.csv
2015/4/7, 42, 89, 5, 21, ,Guanajuato,secundaria-air-quality.csv
2015/4/8, 39, 73, 5, 13, ,Guanajuato,secundaria-air-quality.csv
2015/4/9, 37, 52, 5, 15, ,Guanajuato,secundaria-air-quality.csv
2015/4/10, 52, 52, 5, 16, ,Guanajuato,secundaria-air-quality.csv
2015/4/11, 45, 73, 4, 14, ,Guanajuato,secundaria-air-quality.csv
2015/4/12, 48, 48, 4, 21, ,Guanajuato,secundaria-air-quality.csv
2015/4/13, 39, 40, 4, 12, ,Guanajuato,secundaria-air-quality.csv
2015/4/14, 41, 44, 5, 20, ,Guanajuato,secundaria-air-quality.csv
2015/4/15, 50, 52, 5, 17, ,Guanajuato,secundaria-air-quality.csv
2015/4/16, 54, 47, 5, 19, ,Guanajuato,secundaria-air-quality.csv
2015/4/17, 47, 50, 5, 13, ,Guanajuato,secundaria-air-quality.csv
2015/4/18, 48, 44, 4, 12, ,Guanajuato,secundaria-air-quality.csv
2015/4/19, 47, 38, 4, 12, ,Guanajuato,secundaria-air-quality.csv
2015/4/20, 51, 45, 5, 12, ,Guanajuato,secundaria-air-quality.csv
2015/4/21, 43, 54, 5, 17, ,Guanajuato,secundaria-air-quality.csv
2015/4/22, 47, 47, 4, 12, ,Guanajuato,secundaria-air-quality.csv
2015/4/23, 43, 51, 5, 14, ,Guanajuato,secundaria-air-quality.csv
2015/4/24, 52, 45, 5, 17, ,Guanajuato,secundaria-air-quality.csv
2015/4/25, 49, 56, 5, 12, ,Guanajuato,secundaria-air-quality.csv
2015/4/26, 50, 46, 4, 11, ,Guanajuato,secundaria-air-quality.csv
2015/4/27, 42, 39, 4, 12, ,Guanajuato,secundaria-air-quality.csv
2015/4/28, 45, 40, , 12, ,Guanajuato,secundaria-air-quality.csv
2015/4/29, 35, 37, , 14, ,Guanajuato,secundaria-air-quality.csv
2015/4/30, 42, 15, , 21, ,Guanajuato,secundaria-air-quality.csv
2015/5/1, 45, , , , ,Guanajuato,secundaria-air-quality.csv
2015/5/5, 41, 24, , 13, ,Guanajuato,secundaria-air-quality.csv
2015/5/6, 45, 15, , 14, ,Guanajuato,secundaria-air-quality.csv
2015/5/7, 45, 18, , 14, ,Guanajuato,secundaria-air-quality.csv
2015/5/8, 41, 20, , 22, ,Guanajuato,secundaria-air-quality.csv
2015/5/9, 50, 24, , 21, ,Guanajuato,secundaria-air-quality.csv
2015/5/10, 38, 18, , 13, ,Guanajuato,secundaria-air-quality.csv
2015/5/11, 48, 17, , 13, ,Guanajuato,secundaria-air-quality.csv
2015/5/12, 51, 15, , 16, ,Guanajuato,secundaria-air-quality.csv
2015/5/13, 40, 12, , 15, ,Guanajuato,secundaria-air-quality.csv
2015/5/14, 32, 14, , 20, ,Guanajuato,secundaria-air-quality.csv
2015/5/15, 35, 16, , 19, ,Guanajuato,secundaria-air-quality.csv
2015/5/16, 44, 18, , 29, ,Guanajuato,secundaria-air-quality.csv
2015/5/17, 57, 15, , 23, ,Guanajuato,secundaria-air-quality.csv
2015/5/18, 37, 18, , 16, ,Guanajuato,secundaria-air-quality.csv
2015/5/19, 46, 13, , 15, ,Guanajuato,secundaria-air-quality.csv
2015/5/20, 52, 14, , 17, ,Guanajuato,secundaria-air-quality.csv
2015/5/21, 28, 14, , 16, ,Guanajuato,secundaria-air-quality.csv
2015/5/22, 37, 12, , 15, ,Guanajuato,secundaria-air-quality.csv
2015/5/23, 23, 14, , 15, ,Guanajuato,secundaria-air-quality.csv
2015/5/24, 37, 7, , 11, ,Guanajuato,secundaria-air-quality.csv
2015/5/25, 34, 8, , 16, ,Guanajuato,secundaria-air-quality.csv
2015/5/26, 31, 10, , 13, ,Guanajuato,secundaria-air-quality.csv
2015/5/27, 43, 9, , 15, ,Guanajuato,secundaria-air-quality.csv
2015/5/28, 50, 8, , 12, ,Guanajuato,secundaria-air-quality.csv
2015/5/29, 31, , , , ,Guanajuato,secundaria-air-quality.csv
2015/1/2, 63, 42, 10, 14, 37,Guanajuato,secundaria-air-quality.csv
2015/1/3, 44, 38, 9, 12, 40,Guanajuato,secundaria-air-quality.csv
2015/1/4, 40, 39, 8, 14, 32,Guanajuato,secundaria-air-quality.csv
2015/1/5, 41, 43, 6, 11, 32,Guanajuato,secundaria-air-quality.csv
2015/1/6, 26, 40, 6, 11, 32,Guanajuato,secundaria-air-quality.csv
2015/1/7, 24, 39, 6, 11, 31,Guanajuato,secundaria-air-quality.csv
2015/1/8, 25, 44, 7, 11, 39,Guanajuato,secundaria-air-quality.csv
2015/1/9, 28, 54, 11, 22, 39,Guanajuato,secundaria-air-quality.csv
2015/1/10, 49, 57, 9, 16, 38,Guanajuato,secundaria-air-quality.csv
2015/1/11, 38, 59, 10, 18, 49,Guanajuato,secundaria-air-quality.csv
2015/1/12, 49, 62, 13, 19, 50,Guanajuato,secundaria-air-quality.csv
2015/1/13, 63, 45, 15, 27, 49,Guanajuato,secundaria-air-quality.csv
2015/1/14, 78, 48, 13, 18, 44,Guanajuato,secundaria-air-quality.csv
2015/1/15, 68, 56, 13, 16, 43,Guanajuato,secundaria-air-quality.csv
2015/1/16, 65, 47, 9, 17, 41,Guanajuato,secundaria-air-quality.csv
2015/1/17, 46, 41, 10, 13, 46,Guanajuato,secundaria-air-quality.csv
2015/1/18, 55, 43, 7, 12, 39,Guanajuato,secundaria-air-quality.csv
2015/1/19, 40, 43, 11, 24, 50,Guanajuato,secundaria-air-quality.csv
2015/1/20, 57, 52, 14, 22, 45,Guanajuato,secundaria-air-quality.csv
2015/1/21, 75, 47, 10, 17, 39,Guanajuato,secundaria-air-quality.csv
2015/1/22, 59, 34, 8, 13, 43,Guanajuato,secundaria-air-quality.csv
2015/1/23, 44, 34, 8, 13, 38,Guanajuato,secundaria-air-quality.csv
2015/1/24, 42, 47, 8, 17, 39,Guanajuato,secundaria-air-quality.csv
2015/1/25, 38, 35, 8, 17, 39,Guanajuato,secundaria-air-quality.csv
2015/1/26, 32, 40, 9, 13, 47,Guanajuato,secundaria-air-quality.csv
2015/1/27, 41, 54, 10, 28, 34,Guanajuato,secundaria-air-quality.csv
2015/1/28, 47, 46, 8, 18, 41,Guanajuato,secundaria-air-quality.csv
2015/1/29, 39, 42, 9, 20, 37,Guanajuato,secundaria-air-quality.csv
2015/1/30, 42, 40, 5, 12, 41,Guanajuato,secundaria-air-quality.csv
2015/1/31, 27, 40, 6, 17, 45,Guanajuato,secundaria-air-quality.csv
2015/2/1, 37, 34, 5, 12, 36,Guanajuato,secundaria-air-quality.csv
2015/2/2, 28, 37, 7, 13, 37,Guanajuato,secundaria-air-quality.csv
2015/2/3, 38, 29, 6, 12, 39,Guanajuato,secundaria-air-quality.csv
2015/2/4, 25, 40, 8, 12, 45,Guanajuato,secundaria-air-quality.csv
2015/2/5, 45, 42, 7, 12, 38,Guanajuato,secundaria-air-quality.csv
2015/2/6, 40, 44, 6, 13, 46,Guanajuato,secundaria-air-quality.csv
2015/2/7, 38, 60, 10, 22, 45,Guanajuato,secundaria-air-quality.csv
2015/2/8, 55, 61, 8, 19, 40,Guanajuato,secundaria-air-quality.csv
2015/2/9, 62, 45, 8, 18, 45,Guanajuato,secundaria-air-quality.csv
2015/2/10, 58, 57, 7, 16, 48,Guanajuato,secundaria-air-quality.csv
2015/2/11, 51, 57, 7, 17, 44,Guanajuato,secundaria-air-quality.csv
2015/2/12, 59, 46, 6, 16, 41,Guanajuato,secundaria-air-quality.csv
2015/2/13, 42, 36, 5, 12, 34,Guanajuato,secundaria-air-quality.csv
2015/2/14, 23, 36, 5, 12, 34,Guanajuato,secundaria-air-quality.csv
2015/2/15, 23, 39, 5, 16, 55,Guanajuato,secundaria-air-quality.csv
2015/2/16, 29, 30, 6, 11, 44,Guanajuato,secundaria-air-quality.csv
2015/2/17, 18, 39, 7, 12, 54,Guanajuato,secundaria-air-quality.csv
2015/2/18, 33, 55, 7, 17, 42,Guanajuato,secundaria-air-quality.csv
2015/2/19, 46, 69, 6, 27, 39,Guanajuato,secundaria-air-quality.csv
2015/2/20, 47, 45, 7, 20, 40,Guanajuato,secundaria-air-quality.csv
2015/2/21, 51, 49, 6, 13, 42,Guanajuato,secundaria-air-quality.csv
2015/2/22, 46, 58, 6, 12, 53,Guanajuato,secundaria-air-quality.csv
2015/2/23, 48, 44, 6, 18, 35,Guanajuato,secundaria-air-quality.csv
2015/2/24, 52, 36, 6, 11, 5,Guanajuato,secundaria-air-quality.csv
2015/2/25, 51, 51, 6, 12, 38,Guanajuato,secundaria-air-quality.csv
2015/2/26, 46, 41, 5, 12, 39,Guanajuato,secundaria-air-quality.csv
2015/2/27, 45, 45, 5, 18, 34,Guanajuato,secundaria-air-quality.csv
2015/2/28, 42, 47, 5, 19, 37,Guanajuato,secundaria-air-quality.csv
2015/3/1, 40, 65, 5, 13, 42,Guanajuato,secundaria-air-quality.csv
2015/3/2, 48, 83, 5, 20, 43,Guanajuato,secundaria-air-quality.csv
2015/3/3, 55, 55, 5, 23, 36,Guanajuato,secundaria-air-quality.csv
2015/3/4, 43, 44, 5, 12, 39,Guanajuato,secundaria-air-quality.csv
2015/3/5, 43, 49, 4, 16, 36,Guanajuato,secundaria-air-quality.csv
2015/3/6, 37, 53, 4, 11, 35,Guanajuato,secundaria-air-quality.csv
2015/3/7, 36, 67, 4, 15, 39,Guanajuato,secundaria-air-quality.csv
2015/3/8, 39, 54, 4, 16, 38,Guanajuato,secundaria-air-quality.csv
2015/3/9, 32, 38, 4, 11, 39,Guanajuato,secundaria-air-quality.csv
2015/3/10, 36, 39, 5, 14, 37,Guanajuato,secundaria-air-quality.csv
2015/3/11, 21, 41, 5, 14, 92,Guanajuato,secundaria-air-quality.csv
2015/3/12, 18, 46, 6, 14, 216,Guanajuato,secundaria-air-quality.csv
2015/3/13, 31, 36, 5, 12, 61,Guanajuato,secundaria-air-quality.csv
2015/3/14, 37, 24, 5, 15, 45,Guanajuato,secundaria-air-quality.csv
2015/3/15, 20, 32, 4, 11, 38,Guanajuato,secundaria-air-quality.csv
2015/3/16, 9, 34, 5, 16, 49,Guanajuato,secundaria-air-quality.csv
2015/3/17, 28, 40, 5, 15, 63,Guanajuato,secundaria-air-quality.csv
2015/3/18, 26, 39, 5, 11, 31,Guanajuato,secundaria-air-quality.csv
2015/3/19, 25, 41, 5, 12, 51,Guanajuato,secundaria-air-quality.csv
2015/3/20, 29, 37, 5, 11, 43,Guanajuato,secundaria-air-quality.csv
2015/3/21, 31, 35, 5, 11, 52,Guanajuato,secundaria-air-quality.csv
2015/3/22, 25, 37, 5, 11, 272,Guanajuato,secundaria-air-quality.csv
2015/3/23, 24, 54, 6, 13, 122,Guanajuato,secundaria-air-quality.csv
2015/3/24, 40, 47, 6, 14, ,Guanajuato,secundaria-air-quality.csv
2015/3/25, 32, 38, 6, 15, ,Guanajuato,secundaria-air-quality.csv
2015/3/26, 37, 41, 5, 12, ,Guanajuato,secundaria-air-quality.csv
2015/3/27, 37, 45, 5, 12, ,Guanajuato,secundaria-air-quality.csv
2015/3/28, 41, 40, 5, 22, ,Guanajuato,secundaria-air-quality.csv
2015/3/29, 30, 51, 4, 13, ,Guanajuato,secundaria-air-quality.csv
2015/3/30, 22, 67, 5, 20, ,Guanajuato,secundaria-air-quality.csv
2015/3/31, 32, 58, 5, 21, ,Guanajuato,secundaria-air-quality.csv
2015/4/1, 40, 49, 4, 12, ,Guanajuato,secundaria-air-quality.csv
2014/10/2, 32, 39, 9, 19, ,Guanajuato,secundaria-air-quality.csv
2014/10/3, 28, 53, 9, 18, ,Guanajuato,secundaria-air-quality.csv
2014/10/4, 28, 33, 7, 11, ,Guanajuato,secundaria-air-quality.csv
2014/10/5, 18, 32, 7, 12, ,Guanajuato,secundaria-air-quality.csv
2014/10/6, 23, 32, 6, 11, ,Guanajuato,secundaria-air-quality.csv
2014/10/7, 19, 40, 8, 12, ,Guanajuato,secundaria-air-quality.csv
2014/10/8, 25, 46, 9, 12, ,Guanajuato,secundaria-air-quality.csv
2014/10/9, 30, 42, 8, 11, ,Guanajuato,secundaria-air-quality.csv
2014/10/10, 31, 50, 9, 14, ,Guanajuato,secundaria-air-quality.csv
2014/10/11, 36, 45, 9, 13, ,Guanajuato,secundaria-air-quality.csv
2014/10/12, 36, 62, 7, 17, ,Guanajuato,secundaria-air-quality.csv
2014/10/13, 32, 59, 10, 12, ,Guanajuato,secundaria-air-quality.csv
2014/10/14, 35, 39, 7, 11, ,Guanajuato,secundaria-air-quality.csv
2014/10/15, 32, 38, 7, 14, ,Guanajuato,secundaria-air-quality.csv
2014/10/16, 30, 52, 10, 18, ,Guanajuato,secundaria-air-quality.csv
2014/10/17, 40, 51, 10, 16, ,Guanajuato,secundaria-air-quality.csv
2014/10/18, 44, 31, 8, 18, ,Guanajuato,secundaria-air-quality.csv
2014/10/19, 33, 26, 6, 11, ,Guanajuato,secundaria-air-quality.csv
2014/10/20, 17, 27, 7, 11, ,Guanajuato,secundaria-air-quality.csv
2014/10/21, 21, 28, 6, 11, ,Guanajuato,secundaria-air-quality.csv
2014/10/22, 20, 31, 6, 11, ,Guanajuato,secundaria-air-quality.csv
2014/10/23, 22, 31, 6, 11, ,Guanajuato,secundaria-air-quality.csv
2014/10/24, 22, 32, 7, 11, ,Guanajuato,secundaria-air-quality.csv
2014/10/25, 25, 38, 7, 11, ,Guanajuato,secundaria-air-quality.csv
2014/10/26, 23, 43, 7, 11, ,Guanajuato,secundaria-air-quality.csv
2014/10/27, 22, 54, 13, 21, ,Guanajuato,secundaria-air-quality.csv
2014/10/28, 56, 90, 14, 18, ,Guanajuato,secundaria-air-quality.csv
2014/10/29, 63, 49, 12, 21, ,Guanajuato,secundaria-air-quality.csv
2014/10/30, 48, 41, 9, 12, ,Guanajuato,secundaria-air-quality.csv
2014/10/31, 36, 32, 7, 11, ,Guanajuato,secundaria-air-quality.csv
2014/11/1, 32, , , , ,Guanajuato,secundaria-air-quality.csv
2014/11/6, 39, 54, 9, 19, ,Guanajuato,secundaria-air-quality.csv
2014/11/7, 45, 46, 7, 14, ,Guanajuato,secundaria-air-quality.csv
2014/11/8, 39, 29, 7, 12, ,Guanajuato,secundaria-air-quality.csv
2014/11/9, 28, 36, 6, 11, ,Guanajuato,secundaria-air-quality.csv
2014/11/10, 37, 43, 8, 16, ,Guanajuato,secundaria-air-quality.csv
2014/11/11, 49, 24, 7, 11, ,Guanajuato,secundaria-air-quality.csv
2014/11/12, 35, 28, 7, 12, ,Guanajuato,secundaria-air-quality.csv
2014/11/13, 30, 47, 10, 19, ,Guanajuato,secundaria-air-quality.csv
2014/11/14, 41, 48, 10, 16, ,Guanajuato,secundaria-air-quality.csv
2014/11/15, 38, 40, 9, 14, ,Guanajuato,secundaria-air-quality.csv
2014/11/16, 39, 30, 7, 12, ,Guanajuato,secundaria-air-quality.csv
2014/11/17, 32, 40, 7, 13, ,Guanajuato,secundaria-air-quality.csv
2014/11/18, 30, 38, 9, 25, ,Guanajuato,secundaria-air-quality.csv
2014/11/19, 42, 43, 10, 22, ,Guanajuato,secundaria-air-quality.csv
2014/11/20, 48, 61, 10, 23, ,Guanajuato,secundaria-air-quality.csv
2014/11/21, 49, 48, 10, 17, ,Guanajuato,secundaria-air-quality.csv
2014/11/22, 41, 29, 9, 14, ,Guanajuato,secundaria-air-quality.csv
2014/11/23, 26, 36, 8, 12, ,Guanajuato,secundaria-air-quality.csv
2014/11/24, 27, 34, 11, 13, ,Guanajuato,secundaria-air-quality.csv
2014/11/25, 51, 43, 10, 12, ,Guanajuato,secundaria-air-quality.csv
2014/11/26, 47, 43, 8, 12, ,Guanajuato,secundaria-air-quality.csv
2014/11/27, 37, 40, 7, 12, ,Guanajuato,secundaria-air-quality.csv
2014/11/28, 38, 50, 10, 18, 10,Guanajuato,secundaria-air-quality.csv
2014/11/29, 46, 51, 13, 20, 28,Guanajuato,secundaria-air-quality.csv
2014/11/30, 63, 79, 12, 24, 16,Guanajuato,secundaria-air-quality.csv
2014/12/1, 69, 52, 10, 18, 8,Guanajuato,secundaria-air-quality.csv
2014/12/2, 60, 47, 7, 12, 12,Guanajuato,secundaria-air-quality.csv
2014/12/3, 36, 58, 9, 15, 13,Guanajuato,secundaria-air-quality.csv
2014/12/4, 45, 69, 11, 22, 11,Guanajuato,secundaria-air-quality.csv
2014/12/5, 59, 75, 13, 29, 15,Guanajuato,secundaria-air-quality.csv
2014/12/6, 71, 55, 8, 17, 13,Guanajuato,secundaria-air-quality.csv
2014/12/7, 44, 38, 5, 11, 7,Guanajuato,secundaria-air-quality.csv
2014/12/8, 19, 37, 6, 11, 3,Guanajuato,secundaria-air-quality.csv
2014/12/9, 29, 40, 7, 12, 7,Guanajuato,secundaria-air-quality.csv
2014/12/10, 30, 41, 8, 17, 8,Guanajuato,secundaria-air-quality.csv
2014/12/11, 47, 36, 11, 33, 19,Guanajuato,secundaria-air-quality.csv
2014/12/12, 68, 41, 8, 13, 4,Guanajuato,secundaria-air-quality.csv
2014/12/13, 37, 47, 7, 16, 3,Guanajuato,secundaria-air-quality.csv
2014/12/14, 41, 37, 6, 12, 4,Guanajuato,secundaria-air-quality.csv
2014/12/15, 21, 49, 11, 13, 15,Guanajuato,secundaria-air-quality.csv
2014/12/16, 45, 43, 9, 15, 6,Guanajuato,secundaria-air-quality.csv
2014/12/17, 45, 48, 8, 16, 9,Guanajuato,secundaria-air-quality.csv
2014/12/18, 42, 49, 12, 23, ,Guanajuato,secundaria-air-quality.csv
2014/12/19, 55, 45, 15, 14, ,Guanajuato,secundaria-air-quality.csv
2014/12/20, 54, 48, 14, 17, ,Guanajuato,secundaria-air-quality.csv
2014/12/21, 55, 41, 10, 14, ,Guanajuato,secundaria-air-quality.csv
2014/12/22, 40, 41, 11, 13, ,Guanajuato,secundaria-air-quality.csv
2014/12/23, 43, 37, 14, 13, ,Guanajuato,secundaria-air-quality.csv
2014/12/24, 56, 40, 13, 13, ,Guanajuato,secundaria-air-quality.csv
2014/12/25, 55, 40, 10, 14, ,Guanajuato,secundaria-air-quality.csv
2014/12/26, 48, 34, 10, 12, ,Guanajuato,secundaria-air-quality.csv
2014/12/27, 35, 41, 11, 16, ,Guanajuato,secundaria-air-quality.csv
2014/12/28, 36, 47, 11, 17, ,Guanajuato,secundaria-air-quality.csv
2014/12/29, 48, , , , ,Guanajuato,secundaria-air-quality.csv
2014/9/23, 17, 24, 6, 11, ,Guanajuato,secundaria-air-quality.csv
2014/9/24, 20, 33, 7, 11, ,Guanajuato,secundaria-air-quality.csv
2014/9/25, 18, 36, 7, 11, ,Guanajuato,secundaria-air-quality.csv
2014/9/26, 24, 35, 8, 11, ,Guanajuato,secundaria-air-quality.csv
2014/9/27, 23, 34, 8, 12, ,Guanajuato,secundaria-air-quality.csv
2014/9/28, 23, 31, 6, 11, ,Guanajuato,secundaria-air-quality.csv
2014/9/29, 17, 30, 7, 11, ,Guanajuato,secundaria-air-quality.csv
2014/9/30, 22, 45, 7, 12, ,Guanajuato,secundaria-air-quality.csv
2014/10/1, 27, 63, 8, 18, ,Guanajuato,secundaria-air-quality.csv
2025/8/13, , 37, , 25, 21,Guanajuato,secundaria-air-quality.csv
2025/8/17, , 25, , 23, 19,Guanajuato,secundaria-air-quality.csv
2025/7/10, , 30, , 18, 17,Guanajuato,secundaria-air-quality.csv
2025/5/18, , 35, , 12, 24,Guanajuato,secundaria-air-quality.csv
2025/5/19, , 38, , 17, 25,Guanajuato,secundaria-air-quality.csv
2025/5/20, , 38, , 12, 25,Guanajuato,secundaria-air-quality.csv
2025/5/21, , 50, , 18, 25,Guanajuato,secundaria-air-quality.csv
2025/5/22, , 38, , 17, 26,Guanajuato,secundaria-air-quality.csv
2025/5/23, , 21, , 18, 25,Guanajuato,secundaria-air-quality.csv
2025/5/24, , 48, , 19, 24,Guanajuato,secundaria-air-quality.csv
2025/5/25, , 46, , 16, 25,Guanajuato,secundaria-air-quality.csv
2025/5/26, , 67, , 14, 26,Guanajuato,secundaria-air-quality.csv
2025/5/28, , 32, , 16, 28,Guanajuato,secundaria-air-quality.csv
2025/6/1, , 24, , 18, 24,Guanajuato,secundaria-air-quality.csv
2025/6/2, , 35, , 11, 24,Guanajuato,secundaria-air-quality.csv
2025/6/4, , 46, , 26, 27,Guanajuato,secundaria-air-quality.csv
2025/6/9, , 31, , 13, 18,Guanajuato,secundaria-air-quality.csv
2025/6/14, , 20, , 14, 22,Guanajuato,secundaria-air-quality.csv
2025/6/28, , 22, , 12, 26,Guanajuato,secundaria-air-quality.csv
2025/1/1, , 57, , 12, 20,Guanajuato,secundaria-air-quality.csv
2025/1/16, , 34, , 12, 20,Guanajuato,secundaria-air-quality.csv
2025/1/23, , 30, , , 13,Guanajuato,secundaria-air-quality.csv
2025/1/28, , 43, , , 21,Guanajuato,secundaria-air-quality.csv
2025/3/10, , 20, , 14, 14,Guanajuato,secundaria-air-quality.csv
2024/10/22, , 22, , 24, 2,Guanajuato,secundaria-air-quality.csv
2024/11/17, , 9, , , 13,Guanajuato,secundaria-air-quality.csv
2024/12/17, , 25, , 12, 10,Guanajuato,secundaria-air-quality.csv
2024/8/31, , 39, , 8, 8,Guanajuato,secundaria-air-quality.csv
2024/9/9, , 22, , 2, 8,Guanajuato,secundaria-air-quality.csv
2024/9/12, , 8, , 4, 9,Guanajuato,secundaria-air-quality.csv
2024/6/19, , 48, , 12, 20,Guanajuato,secundaria-air-quality.csv
2024/6/26, , 51, , 12, 13,Guanajuato,secundaria-air-quality.csv
2024/1/30, , 1, , , 19,Guanajuato,secundaria-air-quality.csv
2024/3/13, , 23, , , 6,Guanajuato,secundaria-air-quality.csv
2023/11/14, , 21, , 5, 12,Guanajuato,secundaria-air-quality.csv
2023/11/22, , 16, , 3, 14,Guanajuato,secundaria-air-quality.csv
2023/8/3, , 40, , 18, 7,Guanajuato,secundaria-air-quality.csv
2023/8/9, , 56, , 20, 8,Guanajuato,secundaria-air-quality.csv
2023/9/8, , 35, , 19, 13,Guanajuato,secundaria-air-quality.csv
2023/5/5, , 34, 5, 18, 16,Guanajuato,secundaria-air-quality.csv
2023/1/6, , 25, 19, 19, 12,Guanajuato,secundaria-air-quality.csv
2023/2/7, , 9, 31, 13, 27,Guanajuato,secundaria-air-quality.csv
2023/3/7, , 63, 14, 17, 3,Guanajuato,secundaria-air-quality.csv
2023/3/13, , 25, 9, 5, 5,Guanajuato,secundaria-air-quality.csv
2023/3/22, , 33, 10, 5, 9,Guanajuato,secundaria-air-quality.csv
2022/10/12, , 23, , 12, 8,Guanajuato,secundaria-air-quality.csv
2022/10/25, , 21, , 12, 11,Guanajuato,secundaria-air-quality.csv
2022/11/23, , 12, 16, 14, 10,Guanajuato,secundaria-air-quality.csv
2022/12/12, , 30, 15, 14, 8,Guanajuato,secundaria-air-quality.csv
2022/12/27, , 23, 19, 14, 13,Guanajuato,secundaria-air-quality.csv
2022/8/30, , 28, , 12, 3,Guanajuato,secundaria-air-quality.csv
2022/5/3, , 38, , 5, 3,Guanajuato,secundaria-air-quality.csv
2022/1/3, , 25, 35, 11, 18,Guanajuato,secundaria-air-quality.csv
2022/1/17, , 25, 27, 7, 14,Guanajuato,secundaria-air-quality.csv
2022/1/31, , 22, 15, 7, 10,Guanajuato,secundaria-air-quality.csv
2022/2/9, , 27, , 8, 13,Guanajuato,secundaria-air-quality.csv
2022/3/10, , 22, , 9, 14,Guanajuato,secundaria-air-quality.csv
2022/3/16, , 29, , , 15,Guanajuato,secundaria-air-quality.csv
2021/10/12, , 11, 11, 3, 18,Guanajuato,secundaria-air-quality.csv
2021/11/1, , 38, 20, 18, 14,Guanajuato,secundaria-air-quality.csv
2021/11/3, , 25, 29, 5, 19,Guanajuato,secundaria-air-quality.csv
2021/11/8, , 39, 20, 5, 12,Guanajuato,secundaria-air-quality.csv
2021/11/15, , 39, 13, 12, 11,Guanajuato,secundaria-air-quality.csv
2021/12/3, , 9, 31, 10, 9,Guanajuato,secundaria-air-quality.csv
2021/12/17, , 43, 26, 10, 8,Guanajuato,secundaria-air-quality.csv
2021/7/9, , 31, 7, 10, ,Guanajuato,secundaria-air-quality.csv
2021/7/14, , 33, 4, 8, ,Guanajuato,secundaria-air-quality.csv
2021/7/19, , 38, 5, 10, ,Guanajuato,secundaria-air-quality.csv
2021/7/31, , 48, 6, 11, ,Guanajuato,secundaria-air-quality.csv
2021/8/2, , 56, 5, 11, ,Guanajuato,secundaria-air-quality.csv
2021/8/15, , 32, 4, 8, 2,Guanajuato,secundaria-air-quality.csv
2021/8/21, , 23, 5, 5, ,Guanajuato,secundaria-air-quality.csv
2021/8/31, , 26, 6, 4, ,Guanajuato,secundaria-air-quality.csv
2021/9/19, , 28, 1, , 5,Guanajuato,secundaria-air-quality.csv
2021/9/27, , 30, , 14, 6,Guanajuato,secundaria-air-quality.csv
2021/5/11, , 15, 31, 28, 9,Guanajuato,secundaria-air-quality.csv
2021/5/30, , 52, 6, 30, 3,Guanajuato,secundaria-air-quality.csv
2021/6/6, , 71, 9, 9, 2,Guanajuato,secundaria-air-quality.csv
2021/1/4, , 40, 16, 16, ,Guanajuato,secundaria-air-quality.csv
2020/10/2, , 26, , 10, ,Guanajuato,secundaria-air-quality.csv
2020/7/21, , 55, 10, 10, ,Guanajuato,secundaria-air-quality.csv
2020/9/14, , 27, , 9, ,Guanajuato,secundaria-air-quality.csv
2020/4/1, , 83, 6, 10, ,Guanajuato,secundaria-air-quality.csv
2020/4/13, , 45, 4, 9, ,Guanajuato,secundaria-air-quality.csv
2020/6/9, , 69, 15, 9, ,Guanajuato,secundaria-air-quality.csv
2020/1/2, , 21, 12, 9, ,Guanajuato,secundaria-air-quality.csv
2020/1/6, , 52, 42, 21, ,Guanajuato,secundaria-air-quality.csv
2020/3/20, , 50, 9, 10, ,Guanajuato,secundaria-air-quality.csv
2019/11/14, , 21, 27, 9, ,Guanajuato,secundaria-air-quality.csv
2019/12/25, , 14, 24, 12, ,Guanajuato,secundaria-air-quality.csv
2019/8/11, , 40, 13, 9, ,Guanajuato,secundaria-air-quality.csv
2019/4/4, , 29, 7, 6, 20,Guanajuato,secundaria-air-quality.csv
2019/5/31, , 58, 100, 6, ,Guanajuato,secundaria-air-quality.csv
2019/6/9, , 83, 10, 7, 12,Guanajuato,secundaria-air-quality.csv
2019/6/16, , 82, 14, 8, ,Guanajuato,secundaria-air-quality.csv
2019/6/28, , 45, 8, 6, ,Guanajuato,secundaria-air-quality.csv
2018/4/2, , 21, 16, 23, ,Guanajuato,secundaria-air-quality.csv
2018/4/5, , 33, 17, 18, ,Guanajuato,secundaria-air-quality.csv
2018/4/6, , 26, 14, 17, ,Guanajuato,secundaria-air-quality.csv
2018/1/5, , 5, 18, 18, ,Guanajuato,secundaria-air-quality.csv
2018/1/6, , 21, 13, 20, ,Guanajuato,secundaria-air-quality.csv
2018/1/7, , 21, 10, 21, ,Guanajuato,secundaria-air-quality.csv
2018/1/8, , 12, 9, 23, ,Guanajuato,secundaria-air-quality.csv
2018/1/9, , 23, 7, 20, ,Guanajuato,secundaria-air-quality.csv
2018/1/10, , 11, 7, 17, ,Guanajuato,secundaria-air-quality.csv
2018/1/19, , 9, 7, 15, ,Guanajuato,secundaria-air-quality.csv
2018/1/20, , 12, 11, 27, ,Guanajuato,secundaria-air-quality.csv
2018/1/21, , 18, 7, 16, ,Guanajuato,secundaria-air-quality.csv
2018/1/22, , 17, 6, 15, ,Guanajuato,secundaria-air-quality.csv
2018/1/23, , 15, 7, 17, ,Guanajuato,secundaria-air-quality.csv
2018/1/24, , 14, 12, 21, ,Guanajuato,secundaria-air-quality.csv
2018/1/25, , 15, 8, 18, ,Guanajuato,secundaria-air-quality.csv
2018/1/26, , 12, 7, 17, ,Guanajuato,secundaria-air-quality.csv
2018/1/27, , 19, 9, 20, ,Guanajuato,secundaria-air-quality.csv
2018/1/30, , 13, 7, 15, ,Guanajuato,secundaria-air-quality.csv
2018/1/31, , 17, 7, 15, ,Guanajuato,secundaria-air-quality.csv
2018/2/1, , 15, 14, 21, ,Guanajuato,secundaria-air-quality.csv
2018/2/2, , 15, 12, 23, ,Guanajuato,secundaria-air-quality.csv
2018/2/3, , 16, 8, 17, ,Guanajuato,secundaria-air-quality.csv
2018/2/4, , 20, 10, 21, ,Guanajuato,secundaria-air-quality.csv
2018/2/5, , 20, 11, 22, ,Guanajuato,secundaria-air-quality.csv
2018/2/6, , 15, 9, 23, ,Guanajuato,secundaria-air-quality.csv
2018/2/8, , 19, 11, 19, ,Guanajuato,secundaria-air-quality.csv
2018/3/3, , 24, 9, 17, ,Guanajuato,secundaria-air-quality.csv
2018/3/4, , 24, 16, 20, ,Guanajuato,secundaria-air-quality.csv
2018/3/5, , 6, 22, 27, ,Guanajuato,secundaria-air-quality.csv
2018/3/6, , 19, 15, 18, ,Guanajuato,secundaria-air-quality.csv
2018/3/7, , 21, 14, 16, ,Guanajuato,secundaria-air-quality.csv
2018/3/8, , 20, 12, 21, ,Guanajuato,secundaria-air-quality.csv
2018/3/9, , 17, 10, 24, ,Guanajuato,secundaria-air-quality.csv
2018/3/10, , 17, 10, 17, ,Guanajuato,secundaria-air-quality.csv
2018/3/11, , 16, 9, 16, ,Guanajuato,secundaria-air-quality.csv
2018/3/12, , 18, 9, 16, ,Guanajuato,secundaria-air-quality.csv
2018/3/16, , 15, 11, 19, ,Guanajuato,secundaria-air-quality.csv
2018/3/17, , 17, 9, 20, ,Guanajuato,secundaria-air-quality.csv
2018/3/20, , 11, 10, 16, ,Guanajuato,secundaria-air-quality.csv
2018/3/21, , 18, 12, 18, ,Guanajuato,secundaria-air-quality.csv
2018/3/22, , 27, 12, 19, ,Guanajuato,secundaria-air-quality.csv
2018/3/23, , 32, 13, 26, ,Guanajuato,secundaria-air-quality.csv
2018/3/24, , 25, 11, 20, ,Guanajuato,secundaria-air-quality.csv
2018/3/26, , 29, 10, 17, ,Guanajuato,secundaria-air-quality.csv
2018/3/27, , 28, 11, 22, ,Guanajuato,secundaria-air-quality.csv
2018/3/28, , 28, 15, 17, ,Guanajuato,secundaria-air-quality.csv
2018/3/29, , 17, 16, 16, ,Guanajuato,secundaria-air-quality.csv
2018/3/30, , 19, 16, 16, ,Guanajuato,secundaria-air-quality.csv
2018/3/31, , 17, 15, 17, ,Guanajuato,secundaria-air-quality.csv
2018/4/1, , 19, 16, 17, ,Guanajuato,secundaria-air-quality.csv
2017/11/9, , 23, , , ,Guanajuato,secundaria-air-quality.csv
2017/11/13, , 18, 3, 14, ,Guanajuato,secundaria-air-quality.csv
2017/11/14, , 11, , 14, ,Guanajuato,secundaria-air-quality.csv
2017/11/15, , 14, , 19, ,Guanajuato,secundaria-air-quality.csv
2017/11/16, , 3, , 23, ,Guanajuato,secundaria-air-quality.csv
2017/11/17, , 9, , 20, ,Guanajuato,secundaria-air-quality.csv
2017/11/18, , 13, , 27, ,Guanajuato,secundaria-air-quality.csv
2017/11/19, , 35, , , ,Guanajuato,secundaria-air-quality.csv
2017/11/23, , 24, , 16, ,Guanajuato,secundaria-air-quality.csv
2017/11/24, , 27, , 19, ,Guanajuato,secundaria-air-quality.csv
2017/11/25, , 22, , , ,Guanajuato,secundaria-air-quality.csv
2017/11/27, , 13, 25, 16, ,Guanajuato,secundaria-air-quality.csv
2017/11/28, , 18, 30, 20, ,Guanajuato,secundaria-air-quality.csv
2017/11/29, , 23, 21, 24, ,Guanajuato,secundaria-air-quality.csv
2017/11/30, , 16, 16, 16, ,Guanajuato,secundaria-air-quality.csv
2017/12/1, , 20, 19, 19, ,Guanajuato,secundaria-air-quality.csv
2017/12/2, , 21, 31, 17, ,Guanajuato,secundaria-air-quality.csv
2017/12/3, , , , , ,Guanajuato,secundaria-air-quality.csv
2017/12/6, , 10, , , ,Guanajuato,secundaria-air-quality.csv
2017/12/8, , 14, 12, 15, ,Guanajuato,secundaria-air-quality.csv
2017/12/9, , 14, 13, 16, ,Guanajuato,secundaria-air-quality.csv
2017/12/10, , 13, 11, 16, ,Guanajuato,secundaria-air-quality.csv
2017/12/11, , 15, 14, 15, ,Guanajuato,secundaria-air-quality.csv
2017/12/12, , 8, 16, 26, ,Guanajuato,secundaria-air-quality.csv
2017/12/13, , 13, 16, 23, ,Guanajuato,secundaria-air-quality.csv
2017/12/14, , 7, 34, 18, ,Guanajuato,secundaria-air-quality.csv
2017/12/15, , 18, 22, 18, ,Guanajuato,secundaria-air-quality.csv
2017/12/16, , 18, 17, 23, ,Guanajuato,secundaria-air-quality.csv
2017/12/17, , 11, 15, 19, ,Guanajuato,secundaria-air-quality.csv
2017/12/18, , 16, 21, 18, ,Guanajuato,secundaria-air-quality.csv
2017/12/19, , 17, 22, 25, ,Guanajuato,secundaria-air-quality.csv
2017/12/20, , 19, 18, 27, ,Guanajuato,secundaria-air-quality.csv
2017/12/21, , 23, , , ,Guanajuato,secundaria-air-quality.csv
2017/7/2, , 16, 12, 11, 4,Guanajuato,secundaria-air-quality.csv
2017/7/17, , 25, 10, , 4,Guanajuato,secundaria-air-quality.csv
2017/7/30, , 23, 7, , 3,Guanajuato,secundaria-air-quality.csv
2017/8/2, , 24, 7, 5, 2,Guanajuato,secundaria-air-quality.csv
2017/8/15, , 26, , 4, 3,Guanajuato,secundaria-air-quality.csv
2017/8/20, , 7, , 4, 1,Guanajuato,secundaria-air-quality.csv
2017/8/27, , 19, , 4, ,Guanajuato,secundaria-air-quality.csv
2017/9/11, , 19, , , 3,Guanajuato,secundaria-air-quality.csv
2017/6/14, , 28, 8, 10, 4,Guanajuato,secundaria-air-quality.csv
2016/7/27, , 37, , 12, ,Guanajuato,secundaria-air-quality.csv
2015/5/4, , 51, , 12, ,Guanajuato,secundaria-air-quality.csv
2015/1/1, , 57, 10, 25, 44,Guanajuato,secundaria-air-quality.csv
2014/11/5, , 24, 9, 18, ,Guanajuato,secundaria-air-quality.csv
2014/9/22, , 28, 7, 11, ,Guanajuato,secundaria-air-quality.csv
2019/7/6, , , 5, 7, ,Guanajuato,secundaria-air-quality.csv
2017/12/5, , , 28, 27, ,Guanajuato,secundaria-air-quality.csv
2017/12/7, , , 12, 16, ,Guanajuato,secundaria-air-quality.csv
2023/10/12, , , , 14, 11,Guanajuato,secundaria-air-quality.csv
2022/7/25, , , , 30, ,Guanajuato,secundaria-air-quality.csv
2022/8/1, , , , 29, ,Guanajuato,secundaria-air-quality.csv
2022/9/12, , , , 12, 1,Guanajuato,secundaria-air-quality.csv
2022/6/7, , , , 19, 2,Guanajuato,secundaria-air-quality.csv
2017/11/8, , , , 15, ,Guanajuato,secundaria-air-quality.csv
2017/11/12, , , , 14, ,Guanajuato,secundaria-air-quality.csv
2017/11/22, , , , 20, ,Guanajuato,secundaria-air-quality.csv
2017/11/26, , , , 19, ,Guanajuato,secundaria-air-quality.csv
2025/8/10, 1, , 9, , 5,San Luis Potosí,"biblioteca,-san luis potosí-air-quality.csv"
2025/8/11, 1, , 6, , 330,San Luis Potosí,"biblioteca,-san luis potosí-air-quality.csv"
2025/8/12, 9, , 7, , 70,San Luis Potosí,"biblioteca,-san luis potosí-air-quality.csv"
2025/8/13, 30, , 7, , 45,San Luis Potosí,"biblioteca,-san luis potosí-air-quality.csv"
2025/8/14, 33, , 6, , 77,San Luis Potosí,"biblioteca,-san luis potosí-air-quality.csv"
2025/8/15, 37, , 8, , ,San Luis Potosí,"biblioteca,-san luis potosí-air-quality.csv"
2025/8/16, 37, , 10, , ,San Luis Potosí,"biblioteca,-san luis potosí-air-quality.csv"
2025/8/17, 37, , 7, , ,San Luis Potosí,"biblioteca,-san luis potosí-air-quality.csv"
2025/8/18, 42, , 6, , ,San Luis Potosí,"biblioteca,-san luis potosí-air-quality.csv"
2025/8/19, 26, , 5, , ,San Luis Potosí,"biblioteca,-san luis potosí-air-quality.csv"
2025/8/20, 28, , 7, , ,San Luis Potosí,"biblioteca,-san luis potosí-air-quality.csv"
2025/8/21, 36, , 8, , ,San Luis Potosí,"biblioteca,-san luis potosí-air-quality.csv"
2025/8/22, 32, , 8, , ,San Luis Potosí,"biblioteca,-san luis potosí-air-quality.csv"
2025/8/23, 26, , 6, , ,San Luis Potosí,"biblioteca,-san luis potosí-air-quality.csv"
2025/8/24, 26, , 7, , ,San Luis Potosí,"biblioteca,-san luis potosí-air-quality.csv"
2025/8/25, 15, , 8, , ,San Luis Potosí,"biblioteca,-san luis potosí-air-quality.csv"
2025/8/26, 16, , 9, , ,San Luis Potosí,"biblioteca,-san luis potosí-air-quality.csv"
2025/8/27, 29, , 7, , ,San Luis Potosí,"biblioteca,-san luis potosí-air-quality.csv"
2025/8/28, 31, , 8, , ,San Luis Potosí,"biblioteca,-san luis potosí-air-quality.csv"
2025/8/29, 26, , 5, , ,San Luis Potosí,"biblioteca,-san luis potosí-air-quality.csv"
2025/8/30, 33, , 9, , ,San Luis Potosí,"biblioteca,-san luis potosí-air-quality.csv"
2025/7/2, 22, 26, 9, 2, 7,San Luis Potosí,"biblioteca,-san luis potosí-air-quality.csv"
2025/7/3, 22, 34, 10, 2, 5,San Luis Potosí,"biblioteca,-san luis potosí-air-quality.csv"
2025/7/4, 30, 38, 7, , 5,San Luis Potosí,"biblioteca,-san luis potosí-air-quality.csv"
2025/7/5, 30, 39, 5, , 11,San Luis Potosí,"biblioteca,-san luis potosí-air-quality.csv"
2025/7/6, 36, 42, 7, , 6,San Luis Potosí,"biblioteca,-san luis potosí-air-quality.csv"
2025/7/7, 45, 40, 12, , 6,San Luis Potosí,"biblioteca,-san luis potosí-air-quality.csv"
2025/7/8, 35, 33, 9, , 5,San Luis Potosí,"biblioteca,-san luis potosí-air-quality.csv"
2025/7/9, 30, , , , ,San Luis Potosí,"biblioteca,-san luis potosí-air-quality.csv"
2025/7/13, 33, 82, 13, 2, 5,San Luis Potosí,"biblioteca,-san luis potosí-air-quality.csv"
2025/7/14, 32, , 12, 2, 5,San Luis Potosí,"biblioteca,-san luis potosí-air-quality.csv"
2025/7/15, 66, 31, 12, , 15,San Luis Potosí,"biblioteca,-san luis potosí-air-quality.csv"
2025/7/16, 251, 33, 16, , 9,San Luis Potosí,"biblioteca,-san luis potosí-air-quality.csv"
2025/4/2, 58, 53, 5, , ,San Luis Potosí,"biblioteca,-san luis potosí-air-quality.csv"
2025/4/3, 48, 45, 5, , ,San Luis Potosí,"biblioteca,-san luis potosí-air-quality.csv"
2025/4/4, 41, 46, 6, , ,San Luis Potosí,"biblioteca,-san luis potosí-air-quality.csv"
2025/4/5, 45, 42, 6, , ,San Luis Potosí,"biblioteca,-san luis potosí-air-quality.csv"
2025/4/6, 69, 28, 5, , ,San Luis Potosí,"biblioteca,-san luis potosí-air-quality.csv"
2025/4/7, 32, 39, 7, , ,San Luis Potosí,"biblioteca,-san luis potosí-air-quality.csv"
2025/4/8, 36, 45, 5, , 9,San Luis Potosí,"biblioteca,-san luis potosí-air-quality.csv"
2025/4/9, 38, , , , 4,San Luis Potosí,"biblioteca,-san luis potosí-air-quality.csv"
2025/4/10, 47, 1, 3, , 8,San Luis Potosí,"biblioteca,-san luis potosí-air-quality.csv"
2025/5/15, 327, 62, 12, 2, 4,San Luis Potosí,"biblioteca,-san luis potosí-air-quality.csv"
2025/5/16, 50, 54, 11, 2, 4,San Luis Potosí,"biblioteca,-san luis potosí-air-quality.csv"
2025/5/17, 52, 57, 7, 2, 2,San Luis Potosí,"biblioteca,-san luis potosí-air-quality.csv"
2025/5/18, 52, 52, 9, 2, 5,San Luis Potosí,"biblioteca,-san luis potosí-air-quality.csv"
2025/5/19, 51, 43, 14, 2, 4,San Luis Potosí,"biblioteca,-san luis potosí-air-quality.csv"
2025/5/20, 40, 54, 7, 2, 5,San Luis Potosí,"biblioteca,-san luis potosí-air-quality.csv"
2025/5/21, 58, 59, 8, 2, 9,San Luis Potosí,"biblioteca,-san luis potosí-air-quality.csv"
2025/5/22, 37, 60, 6, 2, 1,San Luis Potosí,"biblioteca,-san luis potosí-air-quality.csv"
2025/5/23, 44, 46, 8, 2, 5,San Luis Potosí,"biblioteca,-san luis potosí-air-quality.csv"
2025/5/24, 33, 54, 9, 2, 5,San Luis Potosí,"biblioteca,-san luis potosí-air-quality.csv"
2025/5/25, 42, 58, 8, , 2,San Luis Potosí,"biblioteca,-san luis potosí-air-quality.csv"
2025/5/26, 35, 50, 10, , 5,San Luis Potosí,"biblioteca,-san luis potosí-air-quality.csv"
2025/5/27, 205, 63, 11, 2, 4,San Luis Potosí,"biblioteca,-san luis potosí-air-quality.csv"
2025/6/5, 33, 43, 6, 2, 4,San Luis Potosí,"biblioteca,-san luis potosí-air-quality.csv"
2025/6/6, 40, 38, 5, 2, 3,San Luis Potosí,"biblioteca,-san luis potosí-air-quality.csv"
2025/6/7, 34, 37, 5, 2, 7,San Luis Potosí,"biblioteca,-san luis potosí-air-quality.csv"
2025/6/8, 28, 46, 6, 2, 4,San Luis Potosí,"biblioteca,-san luis potosí-air-quality.csv"
2025/6/9, 32, 45, 8, 2, 1,San Luis Potosí,"biblioteca,-san luis potosí-air-quality.csv"
2025/6/10, 37, 44, 8, 2, 6,San Luis Potosí,"biblioteca,-san luis potosí-air-quality.csv"
2025/6/11, 31, 23, 16, 2, 5,San Luis Potosí,"biblioteca,-san luis potosí-air-quality.csv"
2025/6/12, 33, 37, 11, 2, 10,San Luis Potosí,"biblioteca,-san luis potosí-air-quality.csv"
2025/6/13, 36, 31, 7, 2, 3,San Luis Potosí,"biblioteca,-san luis potosí-air-quality.csv"
2025/6/14, 34, 28, 5, 2, 7,San Luis Potosí,"biblioteca,-san luis potosí-air-quality.csv"
2025/6/15, 25, 23, 6, 2, 1,San Luis Potosí,"biblioteca,-san luis potosí-air-quality.csv"
2025/6/16, 14, 24, 8, 2, 5,San Luis Potosí,"biblioteca,-san luis potosí-air-quality.csv"
2025/6/17, 26, 27, 8, 2, 2,San Luis Potosí,"biblioteca,-san luis potosí-air-quality.csv"
2025/6/18, 27, 24, 4, 2, 3,San Luis Potosí,"biblioteca,-san luis potosí-air-quality.csv"
2025/6/19, 20, 17, 5, 2, 6,San Luis Potosí,"biblioteca,-san luis potosí-air-quality.csv"
2025/6/20, 6, 13, 5, 2, 3,San Luis Potosí,"biblioteca,-san luis potosí-air-quality.csv"
2025/6/21, 9, 18, 5, 2, 6,San Luis Potosí,"biblioteca,-san luis potosí-air-quality.csv"
2025/6/22, 10, 16, 3, 2, 5,San Luis Potosí,"biblioteca,-san luis potosí-air-quality.csv"
2025/6/23, 9, 21, 5, 2, 3,San Luis Potosí,"biblioteca,-san luis potosí-air-quality.csv"
2025/6/24, 14, 39, 4, 2, 3,San Luis Potosí,"biblioteca,-san luis potosí-air-quality.csv"
2025/6/25, 18, 21, 5, 2, 5,San Luis Potosí,"biblioteca,-san luis potosí-air-quality.csv"
2025/6/26, 17, 26, 6, 2, 2,San Luis Potosí,"biblioteca,-san luis potosí-air-quality.csv"
2025/6/27, 21, 26, 7, 2, 5,San Luis Potosí,"biblioteca,-san luis potosí-air-quality.csv"
2025/6/28, 26, 24, 4, 2, 4,San Luis Potosí,"biblioteca,-san luis potosí-air-quality.csv"
2025/6/29, 14, 25, 5, 2, 4,San Luis Potosí,"biblioteca,-san luis potosí-air-quality.csv"
2025/6/30, 22, 26, 8, 2, 3,San Luis Potosí,"biblioteca,-san luis potosí-air-quality.csv"
2025/7/1, 21, 18, 11, 2, 8,San Luis Potosí,"biblioteca,-san luis potosí-air-quality.csv"
2025/2/7, 249, 40, 9, , ,San Luis Potosí,"biblioteca,-san luis potosí-air-quality.csv"
2025/2/8, 35, 43, 11, , ,San Luis Potosí,"biblioteca,-san luis potosí-air-quality.csv"
2025/2/9, 42, 50, 12, , ,San Luis Potosí,"biblioteca,-san luis potosí-air-quality.csv"
2025/2/10, 50, 54, 11, , ,San Luis Potosí,"biblioteca,-san luis potosí-air-quality.csv"
2025/2/11, 47, 50, 10, , ,San Luis Potosí,"biblioteca,-san luis potosí-air-quality.csv"
2025/2/12, 45, 31, 7, , ,San Luis Potosí,"biblioteca,-san luis potosí-air-quality.csv"
2025/2/13, 34, 38, 7, , ,San Luis Potosí,"biblioteca,-san luis potosí-air-quality.csv"
2025/2/14, 39, 44, 6, , ,San Luis Potosí,"biblioteca,-san luis potosí-air-quality.csv"
2025/2/15, 27, 31, 10, , ,San Luis Potosí,"biblioteca,-san luis potosí-air-quality.csv"
2025/2/16, 39, 35, 7, , ,San Luis Potosí,"biblioteca,-san luis potosí-air-quality.csv"
2025/2/17, 45, 43, 10, , ,San Luis Potosí,"biblioteca,-san luis potosí-air-quality.csv"
2025/2/18, 51, 29, 10, , ,San Luis Potosí,"biblioteca,-san luis potosí-air-quality.csv"
2025/2/19, 49, 30, 6, , ,San Luis Potosí,"biblioteca,-san luis potosí-air-quality.csv"
2025/2/20, 30, 26, 8, , ,San Luis Potosí,"biblioteca,-san luis potosí-air-quality.csv"
2025/2/21, 36, 24, 9, , ,San Luis Potosí,"biblioteca,-san luis potosí-air-quality.csv"
2025/2/22, 30, 43, 9, , ,San Luis Potosí,"biblioteca,-san luis potosí-air-quality.csv"
2025/2/23, 35, 30, 10, , ,San Luis Potosí,"biblioteca,-san luis potosí-air-quality.csv"
2025/2/24, 42, 42, 10, , ,San Luis Potosí,"biblioteca,-san luis potosí-air-quality.csv"
2025/2/25, 42, 53, 14, , ,San Luis Potosí,"biblioteca,-san luis potosí-air-quality.csv"
2025/2/26, 43, 47, 13, , ,San Luis Potosí,"biblioteca,-san luis potosí-air-quality.csv"
2025/2/27, 57, 44, 5, , ,San Luis Potosí,"biblioteca,-san luis potosí-air-quality.csv"
2025/2/28, 49, 48, 6, , ,San Luis Potosí,"biblioteca,-san luis potosí-air-quality.csv"
2025/3/1, 37, 40, 9, , ,San Luis Potosí,"biblioteca,-san luis potosí-air-quality.csv"
2025/3/2, 57, 44, 7, , ,San Luis Potosí,"biblioteca,-san luis potosí-air-quality.csv"
2025/3/3, 28, 37, 10, , ,San Luis Potosí,"biblioteca,-san luis potosí-air-quality.csv"
2025/3/4, 50, 35, 6, , ,San Luis Potosí,"biblioteca,-san luis potosí-air-quality.csv"
2025/3/5, 44, 52, 6, , ,San Luis Potosí,"biblioteca,-san luis potosí-air-quality.csv"
2025/3/6, 69, 43, 10, , ,San Luis Potosí,"biblioteca,-san luis potosí-air-quality.csv"
2025/3/7, 72, 41, 6, , ,San Luis Potosí,"biblioteca,-san luis potosí-air-quality.csv"
2025/3/8, 29, 42, 6, , ,San Luis Potosí,"biblioteca,-san luis potosí-air-quality.csv"
2025/3/9, 38, 39, 7, , ,San Luis Potosí,"biblioteca,-san luis potosí-air-quality.csv"
2025/3/10, 190, 67, 8, , ,San Luis Potosí,"biblioteca,-san luis potosí-air-quality.csv"
2025/3/11, 868, 51, 11, , ,San Luis Potosí,"biblioteca,-san luis potosí-air-quality.csv"
2025/3/12, 45, 36, 9, , ,San Luis Potosí,"biblioteca,-san luis potosí-air-quality.csv"
2025/3/13, 36, 37, 9, , ,San Luis Potosí,"biblioteca,-san luis potosí-air-quality.csv"
2025/3/14, 34, 30, 6, , ,San Luis Potosí,"biblioteca,-san luis potosí-air-quality.csv"
2025/3/15, 36, 40, 6, , ,San Luis Potosí,"biblioteca,-san luis potosí-air-quality.csv"
2025/3/16, 24, 51, 5, , ,San Luis Potosí,"biblioteca,-san luis potosí-air-quality.csv"
2025/3/17, 45, 47, 6, , ,San Luis Potosí,"biblioteca,-san luis potosí-air-quality.csv"
2025/3/18, 68, 56, 12, , ,San Luis Potosí,"biblioteca,-san luis potosí-air-quality.csv"
2025/3/19, 66, 43, 6, , ,San Luis Potosí,"biblioteca,-san luis potosí-air-quality.csv"
2025/3/20, 58, 39, 4, , ,San Luis Potosí,"biblioteca,-san luis potosí-air-quality.csv"
2025/3/21, 152, 48, 10, , ,San Luis Potosí,"biblioteca,-san luis potosí-air-quality.csv"
2025/3/22, 60, 57, 9, , ,San Luis Potosí,"biblioteca,-san luis potosí-air-quality.csv"
2025/3/23, 57, 43, 9, , ,San Luis Potosí,"biblioteca,-san luis potosí-air-quality.csv"
2025/3/24, 43, 55, 7, , ,San Luis Potosí,"biblioteca,-san luis potosí-air-quality.csv"
2025/3/25, 53, 43, 5, , ,San Luis Potosí,"biblioteca,-san luis potosí-air-quality.csv"
2025/3/26, 46, 49, 5, , ,San Luis Potosí,"biblioteca,-san luis potosí-air-quality.csv"
2025/3/27, 50, 42, 7, , ,San Luis Potosí,"biblioteca,-san luis potosí-air-quality.csv"
2025/3/28, 55, 50, 7, , ,San Luis Potosí,"biblioteca,-san luis potosí-air-quality.csv"
2025/3/29, 30, 46, 8, , ,San Luis Potosí,"biblioteca,-san luis potosí-air-quality.csv"
2025/3/30, 43, 49, 6, , ,San Luis Potosí,"biblioteca,-san luis potosí-air-quality.csv"
2025/3/31, 20, 55, 8, , ,San Luis Potosí,"biblioteca,-san luis potosí-air-quality.csv"
2025/4/1, 34, 53, 9, , ,San Luis Potosí,"biblioteca,-san luis potosí-air-quality.csv"
2024/10/2, 868, 39, 4, , ,San Luis Potosí,"biblioteca,-san luis potosí-air-quality.csv"
2024/10/3, 840, 40, 4, , ,San Luis Potosí,"biblioteca,-san luis potosí-air-quality.csv"
2024/10/9, 122, 43, 4, , ,San Luis Potosí,"biblioteca,-san luis potosí-air-quality.csv"
2024/10/12, 262, 41, 5, , ,San Luis Potosí,"biblioteca,-san luis potosí-air-quality.csv"
2024/10/13, 39, 42, 3, , ,San Luis Potosí,"biblioteca,-san luis potosí-air-quality.csv"
2024/10/14, 25, 45, 6, , ,San Luis Potosí,"biblioteca,-san luis potosí-air-quality.csv"
2024/10/15, 39, 48, 7, , ,San Luis Potosí,"biblioteca,-san luis potosí-air-quality.csv"
2024/10/16, 48, 38, 5, , ,San Luis Potosí,"biblioteca,-san luis potosí-air-quality.csv"
2024/10/17, 50, 34, 3, , ,San Luis Potosí,"biblioteca,-san luis potosí-air-quality.csv"
2024/10/18, 21, 38, 5, , ,San Luis Potosí,"biblioteca,-san luis potosí-air-quality.csv"
2024/10/19, 27, 32, 3, , ,San Luis Potosí,"biblioteca,-san luis potosí-air-quality.csv"
2024/10/20, 20, 33, 2, , ,San Luis Potosí,"biblioteca,-san luis potosí-air-quality.csv"
2024/10/21, 10, 22, 3, , ,San Luis Potosí,"biblioteca,-san luis potosí-air-quality.csv"
2024/10/22, 13, 29, 3, , ,San Luis Potosí,"biblioteca,-san luis potosí-air-quality.csv"
2024/10/23, 15, 35, 5, , ,San Luis Potosí,"biblioteca,-san luis potosí-air-quality.csv"
2024/10/24, 34, 37, 7, , ,San Luis Potosí,"biblioteca,-san luis potosí-air-quality.csv"
2024/10/25, 35, 33, 6, , ,San Luis Potosí,"biblioteca,-san luis potosí-air-quality.csv"
2024/10/26, 37, 29, 4, , ,San Luis Potosí,"biblioteca,-san luis potosí-air-quality.csv"
2024/10/27, 26, 31, 3, , ,San Luis Potosí,"biblioteca,-san luis potosí-air-quality.csv"
2024/10/28, 9, 34, 6, , ,San Luis Potosí,"biblioteca,-san luis potosí-air-quality.csv"
2024/10/29, 27, 42, 8, , ,San Luis Potosí,"biblioteca,-san luis potosí-air-quality.csv"
2024/10/30, 46, 37, 8, , ,San Luis Potosí,"biblioteca,-san luis potosí-air-quality.csv"
2024/10/31, 42, 43, 6, , ,San Luis Potosí,"biblioteca,-san luis potosí-air-quality.csv"
2024/11/1, 37, 24, 5, , ,San Luis Potosí,"biblioteca,-san luis potosí-air-quality.csv"
2024/11/2, 40, 32, 6, , ,San Luis Potosí,"biblioteca,-san luis potosí-air-quality.csv"
2024/11/3, 44, 29, 4, , ,San Luis Potosí,"biblioteca,-san luis potosí-air-quality.csv"
2024/11/4, 22, 26, 3, , ,San Luis Potosí,"biblioteca,-san luis potosí-air-quality.csv"
2024/11/5, 20, 31, 5, , ,San Luis Potosí,"biblioteca,-san luis potosí-air-quality.csv"
2024/11/6, 26, 27, 8, , ,San Luis Potosí,"biblioteca,-san luis potosí-air-quality.csv"
2024/11/7, 43, 43, 8, , ,San Luis Potosí,"biblioteca,-san luis potosí-air-quality.csv"
2024/11/8, 55, 41, 8, , ,San Luis Potosí,"biblioteca,-san luis potosí-air-quality.csv"
2024/11/9, 49, 38, 5, , ,San Luis Potosí,"biblioteca,-san luis potosí-air-quality.csv"
2024/11/10, 45, 32, 4, , ,San Luis Potosí,"biblioteca,-san luis potosí-air-quality.csv"
2024/11/11, 30, 34, 6, , ,San Luis Potosí,"biblioteca,-san luis potosí-air-quality.csv"
2024/11/12, 40, 35, 6, , ,San Luis Potosí,"biblioteca,-san luis potosí-air-quality.csv"
2024/11/13, 209, 38, 9, , ,San Luis Potosí,"biblioteca,-san luis potosí-air-quality.csv"
2024/11/14, 56, 28, 4, , ,San Luis Potosí,"biblioteca,-san luis potosí-air-quality.csv"
2024/11/15, 29, 49, 6, , ,San Luis Potosí,"biblioteca,-san luis potosí-air-quality.csv"
2024/11/16, 36, 51, 9, , ,San Luis Potosí,"biblioteca,-san luis potosí-air-quality.csv"
2024/11/17, 53, 50, 8, , ,San Luis Potosí,"biblioteca,-san luis potosí-air-quality.csv"
2024/11/18, 54, 24, 2, , ,San Luis Potosí,"biblioteca,-san luis potosí-air-quality.csv"
2024/11/19, 22, 30, 4, , ,San Luis Potosí,"biblioteca,-san luis potosí-air-quality.csv"
2024/11/20, 16, 33, 5, , ,San Luis Potosí,"biblioteca,-san luis potosí-air-quality.csv"
2024/11/21, 35, 38, 6, , ,San Luis Potosí,"biblioteca,-san luis potosí-air-quality.csv"
2024/11/22, 40, 38, 8, , ,San Luis Potosí,"biblioteca,-san luis potosí-air-quality.csv"
2024/11/23, 67, 41, 12, , ,San Luis Potosí,"biblioteca,-san luis potosí-air-quality.csv"
2024/11/24, 51, 48, 12, , ,San Luis Potosí,"biblioteca,-san luis potosí-air-quality.csv"
2024/11/25, 55, 45, 12, , ,San Luis Potosí,"biblioteca,-san luis potosí-air-quality.csv"
2024/11/26, 57, 41, 10, , ,San Luis Potosí,"biblioteca,-san luis potosí-air-quality.csv"
2024/11/27, 46, 33, 15, , ,San Luis Potosí,"biblioteca,-san luis potosí-air-quality.csv"
2024/11/28, 58, 36, 14, , ,San Luis Potosí,"biblioteca,-san luis potosí-air-quality.csv"
2024/11/29, 72, 39, 8, , ,San Luis Potosí,"biblioteca,-san luis potosí-air-quality.csv"
2024/11/30, 57, 59, 7, , ,San Luis Potosí,"biblioteca,-san luis potosí-air-quality.csv"
2024/12/1, 52, 38, 5, , ,San Luis Potosí,"biblioteca,-san luis potosí-air-quality.csv"
2024/12/2, 79, 31, 6, , ,San Luis Potosí,"biblioteca,-san luis potosí-air-quality.csv"
2024/12/3, 38, 28, 6, , ,San Luis Potosí,"biblioteca,-san luis potosí-air-quality.csv"
2024/12/4, 32, 37, 8, , ,San Luis Potosí,"biblioteca,-san luis potosí-air-quality.csv"
2024/12/5, 43, 31, 7, , ,San Luis Potosí,"biblioteca,-san luis potosí-air-quality.csv"
2024/12/6, 51, 26, 5, , ,San Luis Potosí,"biblioteca,-san luis potosí-air-quality.csv"
2024/12/7, 33, 24, 4, , ,San Luis Potosí,"biblioteca,-san luis potosí-air-quality.csv"
2024/12/8, 28, 38, 5, , ,San Luis Potosí,"biblioteca,-san luis potosí-air-quality.csv"
2024/12/9, 36, 29, 7, , ,San Luis Potosí,"biblioteca,-san luis potosí-air-quality.csv"
2024/12/10, 30, 29, 7, , ,San Luis Potosí,"biblioteca,-san luis potosí-air-quality.csv"
2024/12/11, 30, 26, 4, , ,San Luis Potosí,"biblioteca,-san luis potosí-air-quality.csv"
2024/12/12, 34, 37, 11, , ,San Luis Potosí,"biblioteca,-san luis potosí-air-quality.csv"
2024/12/13, 59, 47, 13, , ,San Luis Potosí,"biblioteca,-san luis potosí-air-quality.csv"
2024/12/14, 69, 45, 10, , ,San Luis Potosí,"biblioteca,-san luis potosí-air-quality.csv"
2024/12/15, 56, 35, 6, , ,San Luis Potosí,"biblioteca,-san luis potosí-air-quality.csv"
2024/12/16, 35, 30, 6, , ,San Luis Potosí,"biblioteca,-san luis potosí-air-quality.csv"
2024/12/17, 37, 32, 5, , ,San Luis Potosí,"biblioteca,-san luis potosí-air-quality.csv"
2024/12/18, 28, 8, 7, , ,San Luis Potosí,"biblioteca,-san luis potosí-air-quality.csv"
2024/12/19, 27, 19, 4, , ,San Luis Potosí,"biblioteca,-san luis potosí-air-quality.csv"
2024/12/20, 16, 19, 6, , ,San Luis Potosí,"biblioteca,-san luis potosí-air-quality.csv"
2024/12/21, 21, 25, 6, , ,San Luis Potosí,"biblioteca,-san luis potosí-air-quality.csv"
2024/12/22, 21, 29, 6, , ,San Luis Potosí,"biblioteca,-san luis potosí-air-quality.csv"
2024/12/23, 17, 32, 9, , ,San Luis Potosí,"biblioteca,-san luis potosí-air-quality.csv"
2024/12/24, 39, 37, 9, , ,San Luis Potosí,"biblioteca,-san luis potosí-air-quality.csv"
2024/12/25, 46, 33, 6, , ,San Luis Potosí,"biblioteca,-san luis potosí-air-quality.csv"
2024/12/26, 36, 31, 5, , ,San Luis Potosí,"biblioteca,-san luis potosí-air-quality.csv"
2024/12/27, 17, 40, 12, , ,San Luis Potosí,"biblioteca,-san luis potosí-air-quality.csv"
2024/12/28, 118, 42, 7, , ,San Luis Potosí,"biblioteca,-san luis potosí-air-quality.csv"
2024/12/29, 44, , , , ,San Luis Potosí,"biblioteca,-san luis potosí-air-quality.csv"
2024/9/21, 636, 51, 4, , ,San Luis Potosí,"biblioteca,-san luis potosí-air-quality.csv"
2024/9/22, 868, 14, 3, , ,San Luis Potosí,"biblioteca,-san luis potosí-air-quality.csv"
2024/9/27, 868, 35, 3, , ,San Luis Potosí,"biblioteca,-san luis potosí-air-quality.csv"
2024/9/28, 868, 31, 4, , ,San Luis Potosí,"biblioteca,-san luis potosí-air-quality.csv"
2024/9/29, 868, 36, 3, , ,San Luis Potosí,"biblioteca,-san luis potosí-air-quality.csv"
2024/9/30, 868, 41, 5, , ,San Luis Potosí,"biblioteca,-san luis potosí-air-quality.csv"
2024/10/1, 868, 39, 3, , ,San Luis Potosí,"biblioteca,-san luis potosí-air-quality.csv"
2024/4/2, 57, 29, 6, , ,San Luis Potosí,"biblioteca,-san luis potosí-air-quality.csv"
2024/4/3, 34, 49, 7, , ,San Luis Potosí,"biblioteca,-san luis potosí-air-quality.csv"
2024/4/4, 46, 65, 11, , ,San Luis Potosí,"biblioteca,-san luis potosí-air-quality.csv"
2024/4/5, 48, 52, 15, , ,San Luis Potosí,"biblioteca,-san luis potosí-air-quality.csv"
2024/4/6, 43, 33, 10, , ,San Luis Potosí,"biblioteca,-san luis potosí-air-quality.csv"
2024/4/7, 39, 35, 6, , ,San Luis Potosí,"biblioteca,-san luis potosí-air-quality.csv"
2024/4/8, 12, 42, 9, , ,San Luis Potosí,"biblioteca,-san luis potosí-air-quality.csv"
2024/4/9, 39, 39, 6, , ,San Luis Potosí,"biblioteca,-san luis potosí-air-quality.csv"
2024/4/10, 45, 40, 7, , ,San Luis Potosí,"biblioteca,-san luis potosí-air-quality.csv"
2024/4/11, 31, 48, 6, , ,San Luis Potosí,"biblioteca,-san luis potosí-air-quality.csv"
2024/4/12, 63, 54, 10, , ,San Luis Potosí,"biblioteca,-san luis potosí-air-quality.csv"
2024/4/13, 50, 64, 9, , ,San Luis Potosí,"biblioteca,-san luis potosí-air-quality.csv"
2024/4/14, 49, 63, 9, , ,San Luis Potosí,"biblioteca,-san luis potosí-air-quality.csv"
2024/4/15, 45, 69, 16, , ,San Luis Potosí,"biblioteca,-san luis potosí-air-quality.csv"
2024/4/16, 47, 64, 13, , ,San Luis Potosí,"biblioteca,-san luis potosí-air-quality.csv"
2024/4/17, 46, 64, 11, , ,San Luis Potosí,"biblioteca,-san luis potosí-air-quality.csv"
2024/4/18, 49, 61, 9, , ,San Luis Potosí,"biblioteca,-san luis potosí-air-quality.csv"
2024/4/19, 51, 70, 9, , ,San Luis Potosí,"biblioteca,-san luis potosí-air-quality.csv"
2024/4/20, 54, 43, 10, , ,San Luis Potosí,"biblioteca,-san luis potosí-air-quality.csv"
2024/4/21, 664, 39, 9, , ,San Luis Potosí,"biblioteca,-san luis potosí-air-quality.csv"
2024/4/22, 868, 32, 7, , ,San Luis Potosí,"biblioteca,-san luis potosí-air-quality.csv"
2024/4/23, 868, 48, 9, , ,San Luis Potosí,"biblioteca,-san luis potosí-air-quality.csv"
2024/4/24, 822, 48, 7, , ,San Luis Potosí,"biblioteca,-san luis potosí-air-quality.csv"
2024/1/4, 29, 5, 16, , ,San Luis Potosí,"biblioteca,-san luis potosí-air-quality.csv"
2024/1/5, 38, 5, 13, , ,San Luis Potosí,"biblioteca,-san luis potosí-air-quality.csv"
2024/1/6, 26, 5, 13, , ,San Luis Potosí,"biblioteca,-san luis potosí-air-quality.csv"
2024/1/7, 21, 3, 15, , ,San Luis Potosí,"biblioteca,-san luis potosí-air-quality.csv"
2024/1/8, 33, 3, 10, , ,San Luis Potosí,"biblioteca,-san luis potosí-air-quality.csv"
2024/1/9, 44, 5, 13, , ,San Luis Potosí,"biblioteca,-san luis potosí-air-quality.csv"
2024/1/10, 19, 5, 13, , ,San Luis Potosí,"biblioteca,-san luis potosí-air-quality.csv"
2024/1/11, 22, 10, 12, , ,San Luis Potosí,"biblioteca,-san luis potosí-air-quality.csv"
2024/1/12, 20, 9, 17, , ,San Luis Potosí,"biblioteca,-san luis potosí-air-quality.csv"
2024/1/13, 29, 9, 20, , ,San Luis Potosí,"biblioteca,-san luis potosí-air-quality.csv"
2024/1/14, 72, 9, 20, , ,San Luis Potosí,"biblioteca,-san luis potosí-air-quality.csv"
2024/1/15, 50, 11, 12, , ,San Luis Potosí,"biblioteca,-san luis potosí-air-quality.csv"
2024/1/16, 28, , , , ,San Luis Potosí,"biblioteca,-san luis potosí-air-quality.csv"
2024/1/31, 41, 3, 18, , 19,San Luis Potosí,"biblioteca,-san luis potosí-air-quality.csv"
2024/2/1, 46, 3, 19, , 8,San Luis Potosí,"biblioteca,-san luis potosí-air-quality.csv"
2024/2/2, 50, 3, 21, , 23,San Luis Potosí,"biblioteca,-san luis potosí-air-quality.csv"
2024/2/3, 36, 3, 25, , 3,San Luis Potosí,"biblioteca,-san luis potosí-air-quality.csv"
2024/2/4, 28, 3, 23, , 72,San Luis Potosí,"biblioteca,-san luis potosí-air-quality.csv"
2024/2/5, 26, 4, 16, , 28,San Luis Potosí,"biblioteca,-san luis potosí-air-quality.csv"
2024/2/6, 29, 4, 18, , 7,San Luis Potosí,"biblioteca,-san luis potosí-air-quality.csv"
2024/2/7, 58, 7, 22, , 56,San Luis Potosí,"biblioteca,-san luis potosí-air-quality.csv"
2024/2/8, 65, 5, 20, , ,San Luis Potosí,"biblioteca,-san luis potosí-air-quality.csv"
2024/2/9, 42, 3, 22, , 11,San Luis Potosí,"biblioteca,-san luis potosí-air-quality.csv"
2024/2/10, 48, 3, 19, , 27,San Luis Potosí,"biblioteca,-san luis potosí-air-quality.csv"
2024/2/11, 35, 5, 17, , 25,San Luis Potosí,"biblioteca,-san luis potosí-air-quality.csv"
2024/2/12, 26, 4, 15, , 84,San Luis Potosí,"biblioteca,-san luis potosí-air-quality.csv"
2024/2/13, 38, 4, 19, , 44,San Luis Potosí,"biblioteca,-san luis potosí-air-quality.csv"
2024/2/14, 16, 3, 20, , 68,San Luis Potosí,"biblioteca,-san luis potosí-air-quality.csv"
2024/2/15, 17, 3, 17, , 51,San Luis Potosí,"biblioteca,-san luis potosí-air-quality.csv"
2024/2/16, 40, 3, 18, , 23,San Luis Potosí,"biblioteca,-san luis potosí-air-quality.csv"
2024/2/17, 19, 3, 20, , 43,San Luis Potosí,"biblioteca,-san luis potosí-air-quality.csv"
2024/2/18, 9, 4, 15, , 83,San Luis Potosí,"biblioteca,-san luis potosí-air-quality.csv"
2024/2/19, 21, 3, 20, , 70,San Luis Potosí,"biblioteca,-san luis potosí-air-quality.csv"
2024/2/20, 44, 4, 18, , 24,San Luis Potosí,"biblioteca,-san luis potosí-air-quality.csv"
2024/2/21, 35, 5, 24, , 26,San Luis Potosí,"biblioteca,-san luis potosí-air-quality.csv"
2024/2/22, 51, 5, 22, , 12,San Luis Potosí,"biblioteca,-san luis potosí-air-quality.csv"
2024/2/23, 46, 7, 21, , 34,San Luis Potosí,"biblioteca,-san luis potosí-air-quality.csv"
2024/2/24, 52, 6, 16, , 44,San Luis Potosí,"biblioteca,-san luis potosí-air-quality.csv"
2024/2/25, 49, 6, 18, , 223,San Luis Potosí,"biblioteca,-san luis potosí-air-quality.csv"
2024/2/26, 48, 6, 22, , 41,San Luis Potosí,"biblioteca,-san luis potosí-air-quality.csv"
2024/2/27, 57, 7, 21, , ,San Luis Potosí,"biblioteca,-san luis potosí-air-quality.csv"
2024/2/28, 52, 8, 17, , ,San Luis Potosí,"biblioteca,-san luis potosí-air-quality.csv"
2024/2/29, 51, 5, 14, , 48,San Luis Potosí,"biblioteca,-san luis potosí-air-quality.csv"
2024/3/1, 41, 3, 17, , ,San Luis Potosí,"biblioteca,-san luis potosí-air-quality.csv"
2024/3/2, 25, 4, 16, , 7,San Luis Potosí,"biblioteca,-san luis potosí-air-quality.csv"
2024/3/3, 38, 4, 12, , 111,San Luis Potosí,"biblioteca,-san luis potosí-air-quality.csv"
2024/3/4, 21, 5, 13, , 54,San Luis Potosí,"biblioteca,-san luis potosí-air-quality.csv"
2024/3/5, 19, 5, 14, , 15,San Luis Potosí,"biblioteca,-san luis potosí-air-quality.csv"
2024/3/6, 24, 6, 19, , 6,San Luis Potosí,"biblioteca,-san luis potosí-air-quality.csv"
2024/3/7, 44, 7, 15, , 8,San Luis Potosí,"biblioteca,-san luis potosí-air-quality.csv"
2024/3/8, 38, 5, 17, , ,San Luis Potosí,"biblioteca,-san luis potosí-air-quality.csv"
2024/3/9, 27, 6, 14, , ,San Luis Potosí,"biblioteca,-san luis potosí-air-quality.csv"
2024/3/10, 36, 5, 14, , ,San Luis Potosí,"biblioteca,-san luis potosí-air-quality.csv"
2024/3/11, 33, 6, 15, , ,San Luis Potosí,"biblioteca,-san luis potosí-air-quality.csv"
2024/3/12, 42, 3, 17, , ,San Luis Potosí,"biblioteca,-san luis potosí-air-quality.csv"
2024/3/13, 36, 3, 16, , ,San Luis Potosí,"biblioteca,-san luis potosí-air-quality.csv"
2024/3/14, 39, 4, 14, , ,San Luis Potosí,"biblioteca,-san luis potosí-air-quality.csv"
2024/3/15, 25, 27, 11, , ,San Luis Potosí,"biblioteca,-san luis potosí-air-quality.csv"
2024/3/16, 27, 34, 13, , ,San Luis Potosí,"biblioteca,-san luis potosí-air-quality.csv"
2024/3/17, 46, 28, 10, , ,San Luis Potosí,"biblioteca,-san luis potosí-air-quality.csv"
2024/3/18, 55, 38, 9, , ,San Luis Potosí,"biblioteca,-san luis potosí-air-quality.csv"
2024/3/19, 45, 36, 7, , ,San Luis Potosí,"biblioteca,-san luis potosí-air-quality.csv"
2024/3/20, 337, 32, 12, , ,San Luis Potosí,"biblioteca,-san luis potosí-air-quality.csv"
2024/3/21, 521, 31, 8, , ,San Luis Potosí,"biblioteca,-san luis potosí-air-quality.csv"
2024/3/22, 40, 47, 8, , ,San Luis Potosí,"biblioteca,-san luis potosí-air-quality.csv"
2024/3/23, 18, 45, 8, , ,San Luis Potosí,"biblioteca,-san luis potosí-air-quality.csv"
2024/3/24, 46, 48, 6, , ,San Luis Potosí,"biblioteca,-san luis potosí-air-quality.csv"
2024/3/25, 53, 46, 6, , ,San Luis Potosí,"biblioteca,-san luis potosí-air-quality.csv"
2024/3/26, 63, 49, 6, , ,San Luis Potosí,"biblioteca,-san luis potosí-air-quality.csv"
2024/3/27, 22, 49, 6, , ,San Luis Potosí,"biblioteca,-san luis potosí-air-quality.csv"
2024/3/28, 24, 41, 6, , ,San Luis Potosí,"biblioteca,-san luis potosí-air-quality.csv"
2024/3/29, 38, 54, 9, , ,San Luis Potosí,"biblioteca,-san luis potosí-air-quality.csv"
2024/3/30, 29, 43, 5, , ,San Luis Potosí,"biblioteca,-san luis potosí-air-quality.csv"
2024/3/31, 30, , , , ,San Luis Potosí,"biblioteca,-san luis potosí-air-quality.csv"
2023/10/2, 42, 11, 6, , 5,San Luis Potosí,"biblioteca,-san luis potosí-air-quality.csv"
2023/10/3, 32, 8, 7, , 7,San Luis Potosí,"biblioteca,-san luis potosí-air-quality.csv"
2023/10/4, 35, 10, 7, , 4,San Luis Potosí,"biblioteca,-san luis potosí-air-quality.csv"
2023/10/5, 25, 12, 7, , 5,San Luis Potosí,"biblioteca,-san luis potosí-air-quality.csv"
2023/10/6, 33, 10, 5, , 3,San Luis Potosí,"biblioteca,-san luis potosí-air-quality.csv"
2023/10/7, 23, 11, 4, , ,San Luis Potosí,"biblioteca,-san luis potosí-air-quality.csv"
2023/10/8, 234, 7, 5, , 2,San Luis Potosí,"biblioteca,-san luis potosí-air-quality.csv"
2023/10/9, 868, 10, 9, , 2,San Luis Potosí,"biblioteca,-san luis potosí-air-quality.csv"
2023/10/10, 591, 11, 10, , ,San Luis Potosí,"biblioteca,-san luis potosí-air-quality.csv"
2023/10/11, 21, 9, 10, , 1,San Luis Potosí,"biblioteca,-san luis potosí-air-quality.csv"
2023/10/12, 15, 9, 8, , 3,San Luis Potosí,"biblioteca,-san luis potosí-air-quality.csv"
2023/10/13, 16, 6, 9, , 1,San Luis Potosí,"biblioteca,-san luis potosí-air-quality.csv"
2023/10/14, 22, 6, 6, , ,San Luis Potosí,"biblioteca,-san luis potosí-air-quality.csv"
2023/10/15, 23, 12, 6, , ,San Luis Potosí,"biblioteca,-san luis potosí-air-quality.csv"
2023/10/16, 14, 9, 7, , ,San Luis Potosí,"biblioteca,-san luis potosí-air-quality.csv"
2023/10/17, 21, 6, 9, , ,San Luis Potosí,"biblioteca,-san luis potosí-air-quality.csv"
2023/10/18, 29, 7, 12, , 9,San Luis Potosí,"biblioteca,-san luis potosí-air-quality.csv"
2023/10/19, 35, 11, 12, , 2,San Luis Potosí,"biblioteca,-san luis potosí-air-quality.csv"
2023/10/20, 38, 12, 10, , 2,San Luis Potosí,"biblioteca,-san luis potosí-air-quality.csv"
2023/10/21, 32, 13, 13, , 12,San Luis Potosí,"biblioteca,-san luis potosí-air-quality.csv"
2023/10/22, 38, 8, 14, , 5,San Luis Potosí,"biblioteca,-san luis potosí-air-quality.csv"
2023/10/23, 46, 3, 11, , 5,San Luis Potosí,"biblioteca,-san luis potosí-air-quality.csv"
2023/10/24, 33, 12, 10, , 2,San Luis Potosí,"biblioteca,-san luis potosí-air-quality.csv"
2023/10/25, 42, 10, 9, , ,San Luis Potosí,"biblioteca,-san luis potosí-air-quality.csv"
2023/10/26, 42, 3, 8, , ,San Luis Potosí,"biblioteca,-san luis potosí-air-quality.csv"
2023/10/27, 14, 5, 6, , ,San Luis Potosí,"biblioteca,-san luis potosí-air-quality.csv"
2023/10/28, 14, 7, 9, , 1,San Luis Potosí,"biblioteca,-san luis potosí-air-quality.csv"
2023/10/29, 30, 7, 8, , ,San Luis Potosí,"biblioteca,-san luis potosí-air-quality.csv"
2023/10/30, 22, 8, 7, , 7,San Luis Potosí,"biblioteca,-san luis potosí-air-quality.csv"
2023/10/31, 23, 6, 8, , ,San Luis Potosí,"biblioteca,-san luis potosí-air-quality.csv"
2023/11/1, 27, 5, 5, , 5,San Luis Potosí,"biblioteca,-san luis potosí-air-quality.csv"
2023/11/2, 16, 8, 9, , 6,San Luis Potosí,"biblioteca,-san luis potosí-air-quality.csv"
2023/11/3, 30, 4, 9, , 6,San Luis Potosí,"biblioteca,-san luis potosí-air-quality.csv"
2023/11/4, 31, 5, 10, , 8,San Luis Potosí,"biblioteca,-san luis potosí-air-quality.csv"
2023/11/5, 30, 8, 8, , 2,San Luis Potosí,"biblioteca,-san luis potosí-air-quality.csv"
2023/11/6, 29, 8, 11, , 7,San Luis Potosí,"biblioteca,-san luis potosí-air-quality.csv"
2023/11/7, 38, 7, 14, , 10,San Luis Potosí,"biblioteca,-san luis potosí-air-quality.csv"
2023/11/8, 56, 7, 17, , 3,San Luis Potosí,"biblioteca,-san luis potosí-air-quality.csv"
2023/11/9, 57, 9, 15, , 5,San Luis Potosí,"biblioteca,-san luis potosí-air-quality.csv"
2023/11/10, 49, 5, 11, , 7,San Luis Potosí,"biblioteca,-san luis potosí-air-quality.csv"
2023/11/11, 27, 3, 9, , ,San Luis Potosí,"biblioteca,-san luis potosí-air-quality.csv"
2023/11/12, 18, 4, 8, , ,San Luis Potosí,"biblioteca,-san luis potosí-air-quality.csv"
2023/11/13, 12, 3, 8, , ,San Luis Potosí,"biblioteca,-san luis potosí-air-quality.csv"
2023/11/14, 24, 4, 9, , 6,San Luis Potosí,"biblioteca,-san luis potosí-air-quality.csv"
2023/11/15, 22, 5, 10, , ,San Luis Potosí,"biblioteca,-san luis potosí-air-quality.csv"
2023/11/16, 31, 5, 11, , 7,San Luis Potosí,"biblioteca,-san luis potosí-air-quality.csv"
2023/11/17, 39, 7, 12, , 4,San Luis Potosí,"biblioteca,-san luis potosí-air-quality.csv"
2023/11/18, 36, 6, 14, , 1,San Luis Potosí,"biblioteca,-san luis potosí-air-quality.csv"
2023/11/19, 39, 6, 15, , ,San Luis Potosí,"biblioteca,-san luis potosí-air-quality.csv"
2023/11/20, 44, 8, 9, , ,San Luis Potosí,"biblioteca,-san luis potosí-air-quality.csv"
2023/11/21, 25, 8, 10, , ,San Luis Potosí,"biblioteca,-san luis potosí-air-quality.csv"
2023/11/22, 41, 7, 8, , 11,San Luis Potosí,"biblioteca,-san luis potosí-air-quality.csv"
2023/11/23, 21, 6, 13, , ,San Luis Potosí,"biblioteca,-san luis potosí-air-quality.csv"
2023/11/24, 33, 7, 11, , 10,San Luis Potosí,"biblioteca,-san luis potosí-air-quality.csv"
2023/11/25, 23, 7, 16, , 3,San Luis Potosí,"biblioteca,-san luis potosí-air-quality.csv"
2023/11/26, 48, 9, 12, , ,San Luis Potosí,"biblioteca,-san luis potosí-air-quality.csv"
2023/11/27, 32, 7, 10, , 7,San Luis Potosí,"biblioteca,-san luis potosí-air-quality.csv"
2023/11/28, 24, 5, 11, , 2,San Luis Potosí,"biblioteca,-san luis potosí-air-quality.csv"
2023/11/29, 16, 5, 10, , ,San Luis Potosí,"biblioteca,-san luis potosí-air-quality.csv"
2023/11/30, 24, 5, 11, , 6,San Luis Potosí,"biblioteca,-san luis potosí-air-quality.csv"
2023/12/1, 16, 4, 9, , ,San Luis Potosí,"biblioteca,-san luis potosí-air-quality.csv"
2023/12/2, 11, 4, 10, , ,San Luis Potosí,"biblioteca,-san luis potosí-air-quality.csv"
2023/12/3, 34, 3, 12, , 6,San Luis Potosí,"biblioteca,-san luis potosí-air-quality.csv"
2023/12/4, 25, 3, 15, , 22,San Luis Potosí,"biblioteca,-san luis potosí-air-quality.csv"
2023/12/5, 22, 3, 13, , 12,San Luis Potosí,"biblioteca,-san luis potosí-air-quality.csv"
2023/12/6, 17, 3, 11, , ,San Luis Potosí,"biblioteca,-san luis potosí-air-quality.csv"
2023/12/7, 18, 3, 14, , 8,San Luis Potosí,"biblioteca,-san luis potosí-air-quality.csv"
2023/12/8, 18, 6, 13, , 4,San Luis Potosí,"biblioteca,-san luis potosí-air-quality.csv"
2023/12/9, 27, 4, 16, , ,San Luis Potosí,"biblioteca,-san luis potosí-air-quality.csv"
2023/12/10, 48, 4, 15, , ,San Luis Potosí,"biblioteca,-san luis potosí-air-quality.csv"
2023/12/11, 38, 3, 18, , ,San Luis Potosí,"biblioteca,-san luis potosí-air-quality.csv"
2023/12/12, 35, 4, 16, , ,San Luis Potosí,"biblioteca,-san luis potosí-air-quality.csv"
2023/12/13, 26, 4, 15, , ,San Luis Potosí,"biblioteca,-san luis potosí-air-quality.csv"
2023/12/14, 31, 4, 15, , ,San Luis Potosí,"biblioteca,-san luis potosí-air-quality.csv"
2023/12/15, 21, 4, 15, , ,San Luis Potosí,"biblioteca,-san luis potosí-air-quality.csv"
2023/12/16, 23, 4, 15, , ,San Luis Potosí,"biblioteca,-san luis potosí-air-quality.csv"
2023/12/17, 37, 6, 17, , ,San Luis Potosí,"biblioteca,-san luis potosí-air-quality.csv"
2023/12/18, 40, 5, 16, , ,San Luis Potosí,"biblioteca,-san luis potosí-air-quality.csv"
2023/12/19, 28, 5, 20, , ,San Luis Potosí,"biblioteca,-san luis potosí-air-quality.csv"
2023/12/20, 49, 6, 21, , ,San Luis Potosí,"biblioteca,-san luis potosí-air-quality.csv"
2023/12/21, 60, 6, 19, , ,San Luis Potosí,"biblioteca,-san luis potosí-air-quality.csv"
2023/12/22, 53, 3, 21, , ,San Luis Potosí,"biblioteca,-san luis potosí-air-quality.csv"
2023/12/23, 52, 5, 18, , ,San Luis Potosí,"biblioteca,-san luis potosí-air-quality.csv"
2023/12/24, 39, 6, 16, , ,San Luis Potosí,"biblioteca,-san luis potosí-air-quality.csv"
2023/12/25, 658, 4, 16, , ,San Luis Potosí,"biblioteca,-san luis potosí-air-quality.csv"
2023/12/26, 868, 8, 14, , ,San Luis Potosí,"biblioteca,-san luis potosí-air-quality.csv"
2023/12/27, 868, 8, 14, , ,San Luis Potosí,"biblioteca,-san luis potosí-air-quality.csv"
2023/12/28, 484, 6, 18, , ,San Luis Potosí,"biblioteca,-san luis potosí-air-quality.csv"
2023/12/29, 36, 4, 16, , ,San Luis Potosí,"biblioteca,-san luis potosí-air-quality.csv"
2023/12/30, 18, , , , ,San Luis Potosí,"biblioteca,-san luis potosí-air-quality.csv"
2023/7/2, 23, 2, 6, , ,San Luis Potosí,"biblioteca,-san luis potosí-air-quality.csv"
2023/7/3, 32, 2, 7, , ,San Luis Potosí,"biblioteca,-san luis potosí-air-quality.csv"
2023/7/4, 37, 2, 6, , ,San Luis Potosí,"biblioteca,-san luis potosí-air-quality.csv"
2023/7/5, 40, 5, 6, , ,San Luis Potosí,"biblioteca,-san luis potosí-air-quality.csv"
2023/7/6, 43, 6, 5, , ,San Luis Potosí,"biblioteca,-san luis potosí-air-quality.csv"
2023/7/7, 39, 7, 6, , 2,San Luis Potosí,"biblioteca,-san luis potosí-air-quality.csv"
2023/7/8, 20, 7, 9, , ,San Luis Potosí,"biblioteca,-san luis potosí-air-quality.csv"
2023/7/9, 19, 7, 8, , 1,San Luis Potosí,"biblioteca,-san luis potosí-air-quality.csv"
2023/7/10, 23, 7, 6, , 1,San Luis Potosí,"biblioteca,-san luis potosí-air-quality.csv"
2023/7/11, 24, 6, 7, , ,San Luis Potosí,"biblioteca,-san luis potosí-air-quality.csv"
2023/7/12, 29, 6, 7, , 3,San Luis Potosí,"biblioteca,-san luis potosí-air-quality.csv"
2023/7/13, 36, 4, 7, , ,San Luis Potosí,"biblioteca,-san luis potosí-air-quality.csv"
2023/7/14, 74, 5, 7, , ,San Luis Potosí,"biblioteca,-san luis potosí-air-quality.csv"
2023/7/15, 48, 6, 6, , ,San Luis Potosí,"biblioteca,-san luis potosí-air-quality.csv"
2023/7/16, 38, 5, 4, , 5,San Luis Potosí,"biblioteca,-san luis potosí-air-quality.csv"
2023/7/17, 39, 1, 4, , ,San Luis Potosí,"biblioteca,-san luis potosí-air-quality.csv"
2023/7/18, 31, 2, 4, , ,San Luis Potosí,"biblioteca,-san luis potosí-air-quality.csv"
2023/7/19, 41, 2, 4, , ,San Luis Potosí,"biblioteca,-san luis potosí-air-quality.csv"
2023/7/20, 42, 2, 5, , ,San Luis Potosí,"biblioteca,-san luis potosí-air-quality.csv"
2023/7/21, 833, 6, 6, , 2,San Luis Potosí,"biblioteca,-san luis potosí-air-quality.csv"
2023/7/22, 591, 5, 5, , ,San Luis Potosí,"biblioteca,-san luis potosí-air-quality.csv"
2023/7/23, 29, 8, 4, , 10,San Luis Potosí,"biblioteca,-san luis potosí-air-quality.csv"
2023/7/24, 30, 8, 5, , 2,San Luis Potosí,"biblioteca,-san luis potosí-air-quality.csv"
2023/7/25, 25, 7, 6, , 10,San Luis Potosí,"biblioteca,-san luis potosí-air-quality.csv"
2023/7/26, 22, 6, 7, , 2,San Luis Potosí,"biblioteca,-san luis potosí-air-quality.csv"
2023/7/27, 32, 9, 8, , ,San Luis Potosí,"biblioteca,-san luis potosí-air-quality.csv"
2023/7/28, 43, 7, 7, , 10,San Luis Potosí,"biblioteca,-san luis potosí-air-quality.csv"
2023/7/29, 31, 6, 6, , 7,San Luis Potosí,"biblioteca,-san luis potosí-air-quality.csv"
2023/7/30, 27, 6, 5, , 3,San Luis Potosí,"biblioteca,-san luis potosí-air-quality.csv"
2023/7/31, 25, 6, 5, , ,San Luis Potosí,"biblioteca,-san luis potosí-air-quality.csv"
2023/8/1, 21, 4, 6, , ,San Luis Potosí,"biblioteca,-san luis potosí-air-quality.csv"
2023/8/2, 22, 6, 5, , 7,San Luis Potosí,"biblioteca,-san luis potosí-air-quality.csv"
2023/8/3, 24, 6, 4, , 3,San Luis Potosí,"biblioteca,-san luis potosí-air-quality.csv"
2023/8/4, 25, 5, 4, , 8,San Luis Potosí,"biblioteca,-san luis potosí-air-quality.csv"
2023/8/5, 26, 5, 5, , 1,San Luis Potosí,"biblioteca,-san luis potosí-air-quality.csv"
2023/8/6, 32, 7, 5, , 5,San Luis Potosí,"biblioteca,-san luis potosí-air-quality.csv"
2023/8/7, 19, 7, 7, , 1,San Luis Potosí,"biblioteca,-san luis potosí-air-quality.csv"
2023/8/8, 37, 12, 6, , ,San Luis Potosí,"biblioteca,-san luis potosí-air-quality.csv"
2023/8/9, 38, 9, 9, , ,San Luis Potosí,"biblioteca,-san luis potosí-air-quality.csv"
2023/8/10, 37, 11, 11, , 8,San Luis Potosí,"biblioteca,-san luis potosí-air-quality.csv"
2023/8/11, 40, 8, 9, , 8,San Luis Potosí,"biblioteca,-san luis potosí-air-quality.csv"
2023/8/12, 34, 8, 7, , ,San Luis Potosí,"biblioteca,-san luis potosí-air-quality.csv"
2023/8/13, 40, 7, 5, , ,San Luis Potosí,"biblioteca,-san luis potosí-air-quality.csv"
2023/8/14, 32, 6, 4, , ,San Luis Potosí,"biblioteca,-san luis potosí-air-quality.csv"
2023/8/15, 29, 5, 3, , 9,San Luis Potosí,"biblioteca,-san luis potosí-air-quality.csv"
2023/8/16, 33, 5, 4, , 9,San Luis Potosí,"biblioteca,-san luis potosí-air-quality.csv"
2023/8/17, 37, 6, 5, , 6,San Luis Potosí,"biblioteca,-san luis potosí-air-quality.csv"
2023/8/18, 32, 6, 5, , 4,San Luis Potosí,"biblioteca,-san luis potosí-air-quality.csv"
2023/8/19, 30, 5, 5, , 6,San Luis Potosí,"biblioteca,-san luis potosí-air-quality.csv"
2023/8/20, 40, 7, 5, , 1,San Luis Potosí,"biblioteca,-san luis potosí-air-quality.csv"
2023/8/21, 72, 5, 7, , 1,San Luis Potosí,"biblioteca,-san luis potosí-air-quality.csv"
2023/8/22, 29, 7, 6, , 1,San Luis Potosí,"biblioteca,-san luis potosí-air-quality.csv"
2023/8/23, 31, 8, 5, , ,San Luis Potosí,"biblioteca,-san luis potosí-air-quality.csv"
2023/8/24, 26, 5, 4, , ,San Luis Potosí,"biblioteca,-san luis potosí-air-quality.csv"
2023/8/25, 16, 5, 6, , 6,San Luis Potosí,"biblioteca,-san luis potosí-air-quality.csv"
2023/8/26, 35, 5, 6, , 4,San Luis Potosí,"biblioteca,-san luis potosí-air-quality.csv"
2023/8/27, 26, 8, 5, , ,San Luis Potosí,"biblioteca,-san luis potosí-air-quality.csv"
2023/8/28, 16, 11, 5, , ,San Luis Potosí,"biblioteca,-san luis potosí-air-quality.csv"
2023/8/29, 18, 13, 8, , 1,San Luis Potosí,"biblioteca,-san luis potosí-air-quality.csv"
2023/8/30, 30, 15, 8, , 6,San Luis Potosí,"biblioteca,-san luis potosí-air-quality.csv"
2023/8/31, 44, 14, 9, , 3,San Luis Potosí,"biblioteca,-san luis potosí-air-quality.csv"
2023/9/1, 26, 11, 6, , ,San Luis Potosí,"biblioteca,-san luis potosí-air-quality.csv"
2023/9/2, 28, 16, 8, , 8,San Luis Potosí,"biblioteca,-san luis potosí-air-quality.csv"
2023/9/3, 40, 13, 7, , 5,San Luis Potosí,"biblioteca,-san luis potosí-air-quality.csv"
2023/9/4, 36, 12, 7, , ,San Luis Potosí,"biblioteca,-san luis potosí-air-quality.csv"
2023/9/5, 35, 6, 6, , ,San Luis Potosí,"biblioteca,-san luis potosí-air-quality.csv"
2023/9/6, 33, 10, 5, , ,San Luis Potosí,"biblioteca,-san luis potosí-air-quality.csv"
2023/9/7, 34, 11, 5, , ,San Luis Potosí,"biblioteca,-san luis potosí-air-quality.csv"
2023/9/8, 30, 13, 5, , 1,San Luis Potosí,"biblioteca,-san luis potosí-air-quality.csv"
2023/9/9, 35, 12, 5, , 2,San Luis Potosí,"biblioteca,-san luis potosí-air-quality.csv"
2023/9/10, 29, 12, 4, , ,San Luis Potosí,"biblioteca,-san luis potosí-air-quality.csv"
2023/9/11, 22, 8, 7, , ,San Luis Potosí,"biblioteca,-san luis potosí-air-quality.csv"
2023/9/12, 36, 14, 8, , ,San Luis Potosí,"biblioteca,-san luis potosí-air-quality.csv"
2023/9/13, 37, 13, 8, , 7,San Luis Potosí,"biblioteca,-san luis potosí-air-quality.csv"
2023/9/14, 38, 12, 9, , 1,San Luis Potosí,"biblioteca,-san luis potosí-air-quality.csv"
2023/9/15, 42, 10, 6, , ,San Luis Potosí,"biblioteca,-san luis potosí-air-quality.csv"
2023/9/16, 30, 6, 5, , ,San Luis Potosí,"biblioteca,-san luis potosí-air-quality.csv"
2023/9/17, 28, 7, 4, , ,San Luis Potosí,"biblioteca,-san luis potosí-air-quality.csv"
2023/9/18, 26, 10, 5, , ,San Luis Potosí,"biblioteca,-san luis potosí-air-quality.csv"
2023/9/19, 21, 10, 8, , 5,San Luis Potosí,"biblioteca,-san luis potosí-air-quality.csv"
2023/9/20, 33, 12, 8, , 4,San Luis Potosí,"biblioteca,-san luis potosí-air-quality.csv"
2023/9/21, 37, 11, 8, , 6,San Luis Potosí,"biblioteca,-san luis potosí-air-quality.csv"
2023/9/22, 36, 8, 8, , 6,San Luis Potosí,"biblioteca,-san luis potosí-air-quality.csv"
2023/9/23, 37, 11, 8, , 7,San Luis Potosí,"biblioteca,-san luis potosí-air-quality.csv"
2023/9/24, 39, 11, 7, , 1,San Luis Potosí,"biblioteca,-san luis potosí-air-quality.csv"
2023/9/25, 36, 10, 7, , 4,San Luis Potosí,"biblioteca,-san luis potosí-air-quality.csv"
2023/9/26, 37, 12, 6, , 7,San Luis Potosí,"biblioteca,-san luis potosí-air-quality.csv"
2023/9/27, 33, 10, 9, , 2,San Luis Potosí,"biblioteca,-san luis potosí-air-quality.csv"
2023/9/28, 44, 14, 8, , ,San Luis Potosí,"biblioteca,-san luis potosí-air-quality.csv"
2023/9/29, 44, 15, 6, , ,San Luis Potosí,"biblioteca,-san luis potosí-air-quality.csv"
2023/9/30, 30, 13, 6, , ,San Luis Potosí,"biblioteca,-san luis potosí-air-quality.csv"
2023/10/1, 32, 12, 5, , ,San Luis Potosí,"biblioteca,-san luis potosí-air-quality.csv"
2023/4/2, 52, 16, 8, , ,San Luis Potosí,"biblioteca,-san luis potosí-air-quality.csv"
2023/4/3, 49, , 12, , 1,San Luis Potosí,"biblioteca,-san luis potosí-air-quality.csv"
2023/4/4, 46, 42, 9, , 5,San Luis Potosí,"biblioteca,-san luis potosí-air-quality.csv"
2023/4/5, 51, 42, 8, , 9,San Luis Potosí,"biblioteca,-san luis potosí-air-quality.csv"
2023/4/6, 39, 50, 9, , 7,San Luis Potosí,"biblioteca,-san luis potosí-air-quality.csv"
2023/4/7, 50, 29, 10, , ,San Luis Potosí,"biblioteca,-san luis potosí-air-quality.csv"
2023/4/8, 23, 34, 8, , 8,San Luis Potosí,"biblioteca,-san luis potosí-air-quality.csv"
2023/4/9, 22, 23, 6, , 6,San Luis Potosí,"biblioteca,-san luis potosí-air-quality.csv"
2023/4/10, 22, 73, 8, , 1,San Luis Potosí,"biblioteca,-san luis potosí-air-quality.csv"
2023/4/11, 30, 60, 9, , 26,San Luis Potosí,"biblioteca,-san luis potosí-air-quality.csv"
2023/4/12, 17, 34, 13, , 18,San Luis Potosí,"biblioteca,-san luis potosí-air-quality.csv"
2023/4/13, 24, 26, 14, , 6,San Luis Potosí,"biblioteca,-san luis potosí-air-quality.csv"
2023/4/14, 32, , 9, , 16,San Luis Potosí,"biblioteca,-san luis potosí-air-quality.csv"
2023/4/15, 20, , 9, , 3,San Luis Potosí,"biblioteca,-san luis potosí-air-quality.csv"
2023/4/16, 25, 45, 11, , 3,San Luis Potosí,"biblioteca,-san luis potosí-air-quality.csv"
2023/4/17, 41, 53, 9, , 8,San Luis Potosí,"biblioteca,-san luis potosí-air-quality.csv"
2023/4/18, 26, 35, 12, , 159,San Luis Potosí,"biblioteca,-san luis potosí-air-quality.csv"
2023/4/19, 35, 67, 13, , 21,San Luis Potosí,"biblioteca,-san luis potosí-air-quality.csv"
2023/4/20, 36, 24, 16, , 2,San Luis Potosí,"biblioteca,-san luis potosí-air-quality.csv"
2023/4/21, 44, 61, 12, , 3,San Luis Potosí,"biblioteca,-san luis potosí-air-quality.csv"
2023/4/22, 41, 21, 12, , ,San Luis Potosí,"biblioteca,-san luis potosí-air-quality.csv"
2023/4/23, 47, , 11, , 6,San Luis Potosí,"biblioteca,-san luis potosí-air-quality.csv"
2023/4/24, 42, 15, 10, , 10,San Luis Potosí,"biblioteca,-san luis potosí-air-quality.csv"
2023/4/25, 31, 30, 10, , 7,San Luis Potosí,"biblioteca,-san luis potosí-air-quality.csv"
2023/4/26, 27, 49, 8, , 2,San Luis Potosí,"biblioteca,-san luis potosí-air-quality.csv"
2023/4/27, 32, 67, 6, , 2,San Luis Potosí,"biblioteca,-san luis potosí-air-quality.csv"
2023/4/28, 31, 48, 11, , 1,San Luis Potosí,"biblioteca,-san luis potosí-air-quality.csv"
2023/4/29, 44, 52, 7, , 4,San Luis Potosí,"biblioteca,-san luis potosí-air-quality.csv"
2023/4/30, 38, 76, 9, , 2,San Luis Potosí,"biblioteca,-san luis potosí-air-quality.csv"
2023/5/1, 84, , 15, , 3,San Luis Potosí,"biblioteca,-san luis potosí-air-quality.csv"
2023/5/2, 43, 26, 4, , ,San Luis Potosí,"biblioteca,-san luis potosí-air-quality.csv"
2023/5/3, 42, 20, 13, , 3,San Luis Potosí,"biblioteca,-san luis potosí-air-quality.csv"
2023/5/4, 65, , 11, , 5,San Luis Potosí,"biblioteca,-san luis potosí-air-quality.csv"
2023/5/5, 53, , 10, , ,San Luis Potosí,"biblioteca,-san luis potosí-air-quality.csv"
2023/5/6, 48, 29, 11, , ,San Luis Potosí,"biblioteca,-san luis potosí-air-quality.csv"
2023/5/7, 58, 37, 11, , 2,San Luis Potosí,"biblioteca,-san luis potosí-air-quality.csv"
2023/5/8, 52, 19, 16, , 5,San Luis Potosí,"biblioteca,-san luis potosí-air-quality.csv"
2023/5/9, 31, , 18, , ,San Luis Potosí,"biblioteca,-san luis potosí-air-quality.csv"
2023/5/10, 39, 20, 13, , 1,San Luis Potosí,"biblioteca,-san luis potosí-air-quality.csv"
2023/5/11, 34, 17, 14, , 9,San Luis Potosí,"biblioteca,-san luis potosí-air-quality.csv"
2023/5/12, 30, 117, 14, , 4,San Luis Potosí,"biblioteca,-san luis potosí-air-quality.csv"
2023/5/13, 41, 24, 10, , 2,San Luis Potosí,"biblioteca,-san luis potosí-air-quality.csv"
2023/5/14, 46, 52, 7, , ,San Luis Potosí,"biblioteca,-san luis potosí-air-quality.csv"
2023/5/15, 22, 24, 13, , ,San Luis Potosí,"biblioteca,-san luis potosí-air-quality.csv"
2023/5/16, 28, 19, 12, , ,San Luis Potosí,"biblioteca,-san luis potosí-air-quality.csv"
2023/5/17, 33, 56, 10, , ,San Luis Potosí,"biblioteca,-san luis potosí-air-quality.csv"
2023/5/18, 31, 21, 10, , ,San Luis Potosí,"biblioteca,-san luis potosí-air-quality.csv"
2023/5/19, 38, 60, 10, , 7,San Luis Potosí,"biblioteca,-san luis potosí-air-quality.csv"
2023/5/20, 42, 27, 14, , 5,San Luis Potosí,"biblioteca,-san luis potosí-air-quality.csv"
2023/5/21, 26, 68, 10, , 5,San Luis Potosí,"biblioteca,-san luis potosí-air-quality.csv"
2023/5/22, 19, 11, 14, , ,San Luis Potosí,"biblioteca,-san luis potosí-air-quality.csv"
2023/5/23, 29, 34, 13, , 6,San Luis Potosí,"biblioteca,-san luis potosí-air-quality.csv"
2023/5/24, 33, 24, 14, , 2,San Luis Potosí,"biblioteca,-san luis potosí-air-quality.csv"
2023/5/25, 45, 37, 14, , 4,San Luis Potosí,"biblioteca,-san luis potosí-air-quality.csv"
2023/5/26, 44, , , , ,San Luis Potosí,"biblioteca,-san luis potosí-air-quality.csv"
2023/5/29, 68, 22, 10, , 1,San Luis Potosí,"biblioteca,-san luis potosí-air-quality.csv"
2023/5/30, 45, 36, 9, , ,San Luis Potosí,"biblioteca,-san luis potosí-air-quality.csv"
2023/5/31, 49, 43, 9, , ,San Luis Potosí,"biblioteca,-san luis potosí-air-quality.csv"
2023/6/1, 48, , 8, , ,San Luis Potosí,"biblioteca,-san luis potosí-air-quality.csv"
2023/6/2, 38, 56, 11, , ,San Luis Potosí,"biblioteca,-san luis potosí-air-quality.csv"
2023/6/3, 51, 22, 12, , 2,San Luis Potosí,"biblioteca,-san luis potosí-air-quality.csv"
2023/6/4, 53, 95, 8, , ,San Luis Potosí,"biblioteca,-san luis potosí-air-quality.csv"
2023/6/5, 44, 44, 8, , 4,San Luis Potosí,"biblioteca,-san luis potosí-air-quality.csv"
2023/6/6, 40, 33, 10, , ,San Luis Potosí,"biblioteca,-san luis potosí-air-quality.csv"
2023/6/7, 37, 37, 12, , ,San Luis Potosí,"biblioteca,-san luis potosí-air-quality.csv"
2023/6/8, 39, 31, 14, , 7,San Luis Potosí,"biblioteca,-san luis potosí-air-quality.csv"
2023/6/9, 46, 74, 12, , 1,San Luis Potosí,"biblioteca,-san luis potosí-air-quality.csv"
2023/6/10, 50, 22, 10, , ,San Luis Potosí,"biblioteca,-san luis potosí-air-quality.csv"
2023/6/11, 46, 72, 8, , ,San Luis Potosí,"biblioteca,-san luis potosí-air-quality.csv"
2023/6/12, 50, , 11, , 1,San Luis Potosí,"biblioteca,-san luis potosí-air-quality.csv"
2023/6/13, 57, 26, 13, , 5,San Luis Potosí,"biblioteca,-san luis potosí-air-quality.csv"
2023/6/14, 51, 46, 13, , 4,San Luis Potosí,"biblioteca,-san luis potosí-air-quality.csv"
2023/6/15, 43, 42, 17, , 5,San Luis Potosí,"biblioteca,-san luis potosí-air-quality.csv"
2023/6/16, 91, , 13, , 3,San Luis Potosí,"biblioteca,-san luis potosí-air-quality.csv"
2023/6/17, 52, , 11, , 2,San Luis Potosí,"biblioteca,-san luis potosí-air-quality.csv"
2023/6/18, 56, , 8, , ,San Luis Potosí,"biblioteca,-san luis potosí-air-quality.csv"
2023/6/19, 54, , 10, , ,San Luis Potosí,"biblioteca,-san luis potosí-air-quality.csv"
2023/6/20, 61, , 10, , 4,San Luis Potosí,"biblioteca,-san luis potosí-air-quality.csv"
2023/6/21, 51, , 13, , 1,San Luis Potosí,"biblioteca,-san luis potosí-air-quality.csv"
2023/6/22, 62, 2, 9, , ,San Luis Potosí,"biblioteca,-san luis potosí-air-quality.csv"
2023/6/23, 50, 2, 9, , ,San Luis Potosí,"biblioteca,-san luis potosí-air-quality.csv"
2023/6/24, 50, 2, 6, , 2,San Luis Potosí,"biblioteca,-san luis potosí-air-quality.csv"
2023/6/25, 39, 2, 5, , 1,San Luis Potosí,"biblioteca,-san luis potosí-air-quality.csv"
2023/6/26, 35, 2, 5, , ,San Luis Potosí,"biblioteca,-san luis potosí-air-quality.csv"
2023/6/27, 28, 2, 5, , ,San Luis Potosí,"biblioteca,-san luis potosí-air-quality.csv"
2023/6/28, 35, 2, 5, , ,San Luis Potosí,"biblioteca,-san luis potosí-air-quality.csv"
2023/6/29, 37, 1, 4, , ,San Luis Potosí,"biblioteca,-san luis potosí-air-quality.csv"
2023/6/30, 32, 2, 5, , ,San Luis Potosí,"biblioteca,-san luis potosí-air-quality.csv"
2023/7/1, 26, 2, 6, , ,San Luis Potosí,"biblioteca,-san luis potosí-air-quality.csv"
2023/1/3, 20, , 9, , ,San Luis Potosí,"biblioteca,-san luis potosí-air-quality.csv"
2023/1/4, 830, 19, 15, , 8,San Luis Potosí,"biblioteca,-san luis potosí-air-quality.csv"
2023/1/5, 868, , 15, , 1,San Luis Potosí,"biblioteca,-san luis potosí-air-quality.csv"
2023/1/6, 868, 82, 18, , 3,San Luis Potosí,"biblioteca,-san luis potosí-air-quality.csv"
2023/1/7, 868, , 18, , 11,San Luis Potosí,"biblioteca,-san luis potosí-air-quality.csv"
2023/1/8, 868, , 16, , 7,San Luis Potosí,"biblioteca,-san luis potosí-air-quality.csv"
2023/1/9, 868, , 17, , ,San Luis Potosí,"biblioteca,-san luis potosí-air-quality.csv"
2023/1/10, 868, , 17, , 4,San Luis Potosí,"biblioteca,-san luis potosí-air-quality.csv"
2023/1/11, 868, , 24, , 11,San Luis Potosí,"biblioteca,-san luis potosí-air-quality.csv"
2023/1/12, 598, , 19, , 14,San Luis Potosí,"biblioteca,-san luis potosí-air-quality.csv"
2023/1/13, 77, 31, 14, , ,San Luis Potosí,"biblioteca,-san luis potosí-air-quality.csv"
2023/1/14, 50, 37, 19, , 6,San Luis Potosí,"biblioteca,-san luis potosí-air-quality.csv"
2023/1/15, 53, 20, 17, , 11,San Luis Potosí,"biblioteca,-san luis potosí-air-quality.csv"
2023/1/16, 68, 31, 8, , 10,San Luis Potosí,"biblioteca,-san luis potosí-air-quality.csv"
2023/1/17, 27, 58, 12, , ,San Luis Potosí,"biblioteca,-san luis potosí-air-quality.csv"
2023/1/18, 43, 69, 9, , 11,San Luis Potosí,"biblioteca,-san luis potosí-air-quality.csv"
2023/1/19, 36, , 19, , 4,San Luis Potosí,"biblioteca,-san luis potosí-air-quality.csv"
2023/1/20, 62, , 21, , 10,San Luis Potosí,"biblioteca,-san luis potosí-air-quality.csv"
2023/1/21, 70, , 16, , 5,San Luis Potosí,"biblioteca,-san luis potosí-air-quality.csv"
2023/1/22, 63, , 9, , 8,San Luis Potosí,"biblioteca,-san luis potosí-air-quality.csv"
2023/1/23, 31, , 15, , ,San Luis Potosí,"biblioteca,-san luis potosí-air-quality.csv"
2023/1/24, 44, 43, 11, , ,San Luis Potosí,"biblioteca,-san luis potosí-air-quality.csv"
2023/1/25, 57, 19, 11, , ,San Luis Potosí,"biblioteca,-san luis potosí-air-quality.csv"
2023/1/26, 34, 17, 14, , 13,San Luis Potosí,"biblioteca,-san luis potosí-air-quality.csv"
2023/1/27, 37, 27, 14, , 6,San Luis Potosí,"biblioteca,-san luis potosí-air-quality.csv"
2023/1/28, 35, 50, 15, , 12,San Luis Potosí,"biblioteca,-san luis potosí-air-quality.csv"
2023/1/29, 40, 28, 13, , ,San Luis Potosí,"biblioteca,-san luis potosí-air-quality.csv"
2023/1/30, 31, 35, 17, , 1,San Luis Potosí,"biblioteca,-san luis potosí-air-quality.csv"
2023/1/31, 45, 6, 16, , 6,San Luis Potosí,"biblioteca,-san luis potosí-air-quality.csv"
2023/2/1, 53, 33, 17, , 10,San Luis Potosí,"biblioteca,-san luis potosí-air-quality.csv"
2023/2/2, 46, 23, 18, , 12,San Luis Potosí,"biblioteca,-san luis potosí-air-quality.csv"
2023/2/3, 43, 21, 8, , 5,San Luis Potosí,"biblioteca,-san luis potosí-air-quality.csv"
2023/2/4, 32, , , , ,San Luis Potosí,"biblioteca,-san luis potosí-air-quality.csv"
2023/2/6, 44, , 25, , ,San Luis Potosí,"biblioteca,-san luis potosí-air-quality.csv"
2023/2/7, 53, 39, 30, , 7,San Luis Potosí,"biblioteca,-san luis potosí-air-quality.csv"
2023/2/8, 74, 41, 21, , 11,San Luis Potosí,"biblioteca,-san luis potosí-air-quality.csv"
2023/2/9, 51, 32, 19, , ,San Luis Potosí,"biblioteca,-san luis potosí-air-quality.csv"
2023/2/10, 48, 25, 15, , 20,San Luis Potosí,"biblioteca,-san luis potosí-air-quality.csv"
2023/2/11, 34, , 14, , 14,San Luis Potosí,"biblioteca,-san luis potosí-air-quality.csv"
2023/2/12, 37, 2, 20, , ,San Luis Potosí,"biblioteca,-san luis potosí-air-quality.csv"
2023/2/13, 799, 46, 24, , 8,San Luis Potosí,"biblioteca,-san luis potosí-air-quality.csv"
2023/2/14, 868, , 9, , ,San Luis Potosí,"biblioteca,-san luis potosí-air-quality.csv"
2023/2/15, 530, 52, 9, , ,San Luis Potosí,"biblioteca,-san luis potosí-air-quality.csv"
2023/2/16, 41, 37, 8, , ,San Luis Potosí,"biblioteca,-san luis potosí-air-quality.csv"
2023/2/17, 28, 109, 9, , 18,San Luis Potosí,"biblioteca,-san luis potosí-air-quality.csv"
2023/2/18, 66, 39, 12, , 10,San Luis Potosí,"biblioteca,-san luis potosí-air-quality.csv"
2023/2/19, 45, , 12, , ,San Luis Potosí,"biblioteca,-san luis potosí-air-quality.csv"
2023/2/20, 43, 11, 15, , 4,San Luis Potosí,"biblioteca,-san luis potosí-air-quality.csv"
2023/2/21, 38, 35, 20, , 6,San Luis Potosí,"biblioteca,-san luis potosí-air-quality.csv"
2023/2/22, 63, , 9, , 16,San Luis Potosí,"biblioteca,-san luis potosí-air-quality.csv"
2023/2/23, 61, 32, 12, , 21,San Luis Potosí,"biblioteca,-san luis potosí-air-quality.csv"
2023/2/24, 43, 22, 20, , 18,San Luis Potosí,"biblioteca,-san luis potosí-air-quality.csv"
2023/2/25, 67, 110, 16, , 6,San Luis Potosí,"biblioteca,-san luis potosí-air-quality.csv"
2023/2/26, 53, , 15, , ,San Luis Potosí,"biblioteca,-san luis potosí-air-quality.csv"
2023/2/27, 81, , 16, , 14,San Luis Potosí,"biblioteca,-san luis potosí-air-quality.csv"
2023/2/28, 42, , 23, , 19,San Luis Potosí,"biblioteca,-san luis potosí-air-quality.csv"
2023/3/1, 54, , 32, , 27,San Luis Potosí,"biblioteca,-san luis potosí-air-quality.csv"
2023/3/2, 143, 39, 8, , 3,San Luis Potosí,"biblioteca,-san luis potosí-air-quality.csv"
2023/3/3, 53, , 10, , 19,San Luis Potosí,"biblioteca,-san luis potosí-air-quality.csv"
2023/3/4, 32, 40, 16, , 15,San Luis Potosí,"biblioteca,-san luis potosí-air-quality.csv"
2023/3/5, 71, 21, 15, , 21,San Luis Potosí,"biblioteca,-san luis potosí-air-quality.csv"
2023/3/6, 56, 92, 20, , ,San Luis Potosí,"biblioteca,-san luis potosí-air-quality.csv"
2023/3/7, 54, 93, 17, , ,San Luis Potosí,"biblioteca,-san luis potosí-air-quality.csv"
2023/3/8, 58, 26, 18, , 18,San Luis Potosí,"biblioteca,-san luis potosí-air-quality.csv"
2023/3/9, 59, , 16, , ,San Luis Potosí,"biblioteca,-san luis potosí-air-quality.csv"
2023/3/10, 54, 256, 13, , 1,San Luis Potosí,"biblioteca,-san luis potosí-air-quality.csv"
2023/3/11, 60, 113, 17, , 4,San Luis Potosí,"biblioteca,-san luis potosí-air-quality.csv"
2023/3/12, 60, 99, 17, , 18,San Luis Potosí,"biblioteca,-san luis potosí-air-quality.csv"
2023/3/13, 58, 89, 14, , 3,San Luis Potosí,"biblioteca,-san luis potosí-air-quality.csv"
2023/3/14, 62, , 14, , 22,San Luis Potosí,"biblioteca,-san luis potosí-air-quality.csv"
2023/3/15, 46, , 11, , 20,San Luis Potosí,"biblioteca,-san luis potosí-air-quality.csv"
2023/3/16, 36, , 15, , 22,San Luis Potosí,"biblioteca,-san luis potosí-air-quality.csv"
2023/3/17, 43, , 8, , 21,San Luis Potosí,"biblioteca,-san luis potosí-air-quality.csv"
2023/3/18, 27, , 13, , ,San Luis Potosí,"biblioteca,-san luis potosí-air-quality.csv"
2023/3/19, 51, , 7, , 5,San Luis Potosí,"biblioteca,-san luis potosí-air-quality.csv"
2023/3/20, 43, , 10, , 12,San Luis Potosí,"biblioteca,-san luis potosí-air-quality.csv"
2023/3/21, 30, , 15, , ,San Luis Potosí,"biblioteca,-san luis potosí-air-quality.csv"
2023/3/22, 42, , 16, , 5,San Luis Potosí,"biblioteca,-san luis potosí-air-quality.csv"
2023/3/23, 47, , 15, , 24,San Luis Potosí,"biblioteca,-san luis potosí-air-quality.csv"
2023/3/24, 51, , 9, , 7,San Luis Potosí,"biblioteca,-san luis potosí-air-quality.csv"
2023/3/25, 39, 15, 13, , 29,San Luis Potosí,"biblioteca,-san luis potosí-air-quality.csv"
2023/3/26, 39, 27, 15, , 4,San Luis Potosí,"biblioteca,-san luis potosí-air-quality.csv"
2023/3/27, 46, 28, 15, , ,San Luis Potosí,"biblioteca,-san luis potosí-air-quality.csv"
2023/3/28, 45, , 12, , ,San Luis Potosí,"biblioteca,-san luis potosí-air-quality.csv"
2023/3/29, 59, , 10, , 13,San Luis Potosí,"biblioteca,-san luis potosí-air-quality.csv"
2023/3/30, 40, 14, 13, , 5,San Luis Potosí,"biblioteca,-san luis potosí-air-quality.csv"
2023/3/31, 38, , 12, , 87,San Luis Potosí,"biblioteca,-san luis potosí-air-quality.csv"
2023/4/1, 51, , 15, , 53,San Luis Potosí,"biblioteca,-san luis potosí-air-quality.csv"
2022/10/2, 30, , 14, , 29,San Luis Potosí,"biblioteca,-san luis potosí-air-quality.csv"
2022/10/3, 31, , 11, , 12,San Luis Potosí,"biblioteca,-san luis potosí-air-quality.csv"
2022/10/4, 36, , 10, , 8,San Luis Potosí,"biblioteca,-san luis potosí-air-quality.csv"
2022/10/5, 21, , 11, , 3,San Luis Potosí,"biblioteca,-san luis potosí-air-quality.csv"
2022/10/6, 27, , 11, , 11,San Luis Potosí,"biblioteca,-san luis potosí-air-quality.csv"
2022/10/7, 15, , 11, , 11,San Luis Potosí,"biblioteca,-san luis potosí-air-quality.csv"
2022/10/8, 11, , 9, , 2,San Luis Potosí,"biblioteca,-san luis potosí-air-quality.csv"
2022/10/9, 19, , 7, , 3,San Luis Potosí,"biblioteca,-san luis potosí-air-quality.csv"
2022/10/10, 10, , 9, , ,San Luis Potosí,"biblioteca,-san luis potosí-air-quality.csv"
2022/10/11, 18, , 10, , 11,San Luis Potosí,"biblioteca,-san luis potosí-air-quality.csv"
2022/10/12, 25, , 11, , 6,San Luis Potosí,"biblioteca,-san luis potosí-air-quality.csv"
2022/10/13, 35, , 13, , 14,San Luis Potosí,"biblioteca,-san luis potosí-air-quality.csv"
2022/10/14, 44, , 12, , 18,San Luis Potosí,"biblioteca,-san luis potosí-air-quality.csv"
2022/10/15, 38, , 13, , 18,San Luis Potosí,"biblioteca,-san luis potosí-air-quality.csv"
2022/10/16, 37, , 13, , 15,San Luis Potosí,"biblioteca,-san luis potosí-air-quality.csv"
2022/10/17, 40, , 13, , 9,San Luis Potosí,"biblioteca,-san luis potosí-air-quality.csv"
2022/10/18, 34, , 9, , 5,San Luis Potosí,"biblioteca,-san luis potosí-air-quality.csv"
2022/10/19, 25, , 10, , 3,San Luis Potosí,"biblioteca,-san luis potosí-air-quality.csv"
2022/10/20, 18, , 10, , 9,San Luis Potosí,"biblioteca,-san luis potosí-air-quality.csv"
2022/10/21, 29, , 12, , 4,San Luis Potosí,"biblioteca,-san luis potosí-air-quality.csv"
2022/10/22, 32, , 16, , ,San Luis Potosí,"biblioteca,-san luis potosí-air-quality.csv"
2022/10/23, 51, , 14, , ,San Luis Potosí,"biblioteca,-san luis potosí-air-quality.csv"
2022/10/24, 35, , 9, , 7,San Luis Potosí,"biblioteca,-san luis potosí-air-quality.csv"
2022/10/25, 14, , 11, , 3,San Luis Potosí,"biblioteca,-san luis potosí-air-quality.csv"
2022/10/26, 31, , 12, , 8,San Luis Potosí,"biblioteca,-san luis potosí-air-quality.csv"
2022/10/27, 38, , 13, , 12,San Luis Potosí,"biblioteca,-san luis potosí-air-quality.csv"
2022/10/28, 33, 12, 11, , 5,San Luis Potosí,"biblioteca,-san luis potosí-air-quality.csv"
2022/10/29, 31, 14, 12, , 5,San Luis Potosí,"biblioteca,-san luis potosí-air-quality.csv"
2022/10/30, 40, 124, 15, , 12,San Luis Potosí,"biblioteca,-san luis potosí-air-quality.csv"
2022/10/31, 43, 75, 13, , 18,San Luis Potosí,"biblioteca,-san luis potosí-air-quality.csv"
2022/11/1, 34, , 17, , ,San Luis Potosí,"biblioteca,-san luis potosí-air-quality.csv"
2022/11/2, 28, , 12, , ,San Luis Potosí,"biblioteca,-san luis potosí-air-quality.csv"
2022/11/3, 40, 47, 13, , ,San Luis Potosí,"biblioteca,-san luis potosí-air-quality.csv"
2022/11/4, 44, 52, 14, 3, 9,San Luis Potosí,"biblioteca,-san luis potosí-air-quality.csv"
2022/11/5, 41, 47, 17, , 10,San Luis Potosí,"biblioteca,-san luis potosí-air-quality.csv"
2022/11/6, 48, , 16, , 2,San Luis Potosí,"biblioteca,-san luis potosí-air-quality.csv"
2022/11/7, 45, 86, 14, , ,San Luis Potosí,"biblioteca,-san luis potosí-air-quality.csv"
2022/11/8, 41, 34, 10, , 7,San Luis Potosí,"biblioteca,-san luis potosí-air-quality.csv"
2022/11/9, 25, 11, 14, , 8,San Luis Potosí,"biblioteca,-san luis potosí-air-quality.csv"
2022/11/10, 40, 28, 18, , 4,San Luis Potosí,"biblioteca,-san luis potosí-air-quality.csv"
2022/11/11, 49, 42, 13, , 14,San Luis Potosí,"biblioteca,-san luis potosí-air-quality.csv"
2022/11/12, 27, , 14, , 10,San Luis Potosí,"biblioteca,-san luis potosí-air-quality.csv"
2022/11/13, 46, 33, 11, , 5,San Luis Potosí,"biblioteca,-san luis potosí-air-quality.csv"
2022/11/14, 34, 26, 12, , ,San Luis Potosí,"biblioteca,-san luis potosí-air-quality.csv"
2022/11/15, 40, 12, 13, , 8,San Luis Potosí,"biblioteca,-san luis potosí-air-quality.csv"
2022/11/16, 49, 26, 13, , 1,San Luis Potosí,"biblioteca,-san luis potosí-air-quality.csv"
2022/11/17, 43, 40, 12, , ,San Luis Potosí,"biblioteca,-san luis potosí-air-quality.csv"
2022/11/18, 37, 18, 11, , ,San Luis Potosí,"biblioteca,-san luis potosí-air-quality.csv"
2022/11/19, 27, 24, 14, , ,San Luis Potosí,"biblioteca,-san luis potosí-air-quality.csv"
2022/11/20, 37, 32, 10, , 7,San Luis Potosí,"biblioteca,-san luis potosí-air-quality.csv"
2022/11/21, 18, 28, 11, , 6,San Luis Potosí,"biblioteca,-san luis potosí-air-quality.csv"
2022/11/22, 19, 46, 13, , 9,San Luis Potosí,"biblioteca,-san luis potosí-air-quality.csv"
2022/11/23, 24, 33, 15, , 12,San Luis Potosí,"biblioteca,-san luis potosí-air-quality.csv"
2022/11/24, 32, 23, 14, 2, 3,San Luis Potosí,"biblioteca,-san luis potosí-air-quality.csv"
2022/11/25, 587, , 10, 1, 10,San Luis Potosí,"biblioteca,-san luis potosí-air-quality.csv"
2022/11/26, 868, , , , ,San Luis Potosí,"biblioteca,-san luis potosí-air-quality.csv"
2022/11/30, 33, 28, 12, 491, 10,San Luis Potosí,"biblioteca,-san luis potosí-air-quality.csv"
2022/12/1, 35, , 8, 446, 4,San Luis Potosí,"biblioteca,-san luis potosí-air-quality.csv"
2022/12/2, 13, , 10, , 4,San Luis Potosí,"biblioteca,-san luis potosí-air-quality.csv"
2022/12/3, 27, , 9, , 2,San Luis Potosí,"biblioteca,-san luis potosí-air-quality.csv"
2022/12/4, 24, , 8, , 4,San Luis Potosí,"biblioteca,-san luis potosí-air-quality.csv"
2022/12/5, 16, 4, 17, , ,San Luis Potosí,"biblioteca,-san luis potosí-air-quality.csv"
2022/12/6, 40, 40, 20, , 1,San Luis Potosí,"biblioteca,-san luis potosí-air-quality.csv"
2022/12/7, 43, 26, 14, , ,San Luis Potosí,"biblioteca,-san luis potosí-air-quality.csv"
2022/12/8, 34, 18, 15, , ,San Luis Potosí,"biblioteca,-san luis potosí-air-quality.csv"
2022/12/9, 53, 40, 14, , 6,San Luis Potosí,"biblioteca,-san luis potosí-air-quality.csv"
2022/12/10, 47, 33, 17, , 10,San Luis Potosí,"biblioteca,-san luis potosí-air-quality.csv"
2022/12/11, 48, 23, 15, , 10,San Luis Potosí,"biblioteca,-san luis potosí-air-quality.csv"
2022/12/12, 41, , 18, , 7,San Luis Potosí,"biblioteca,-san luis potosí-air-quality.csv"
2022/12/13, 41, , 10, , 9,San Luis Potosí,"biblioteca,-san luis potosí-air-quality.csv"
2022/12/14, 38, , 9, , 3,San Luis Potosí,"biblioteca,-san luis potosí-air-quality.csv"
2022/12/15, 25, , 16, , 7,San Luis Potosí,"biblioteca,-san luis potosí-air-quality.csv"
2022/12/16, 44, , 21, , 17,San Luis Potosí,"biblioteca,-san luis potosí-air-quality.csv"
2022/12/17, 71, , 22, , ,San Luis Potosí,"biblioteca,-san luis potosí-air-quality.csv"
2022/12/18, 62, , 14, , 15,San Luis Potosí,"biblioteca,-san luis potosí-air-quality.csv"
2022/12/19, 37, , 17, , 17,San Luis Potosí,"biblioteca,-san luis potosí-air-quality.csv"
2022/12/20, 47, , 15, , 4,San Luis Potosí,"biblioteca,-san luis potosí-air-quality.csv"
2022/12/21, 52, 18, 23, , ,San Luis Potosí,"biblioteca,-san luis potosí-air-quality.csv"
2022/12/22, 64, 6, 16, , 4,San Luis Potosí,"biblioteca,-san luis potosí-air-quality.csv"
2022/12/23, 37, 44, 16, , 6,San Luis Potosí,"biblioteca,-san luis potosí-air-quality.csv"
2022/12/24, 41, 33, 11, , 7,San Luis Potosí,"biblioteca,-san luis potosí-air-quality.csv"
2022/12/25, 24, , 9, , 11,San Luis Potosí,"biblioteca,-san luis potosí-air-quality.csv"
2022/12/26, 18, , 12, , 9,San Luis Potosí,"biblioteca,-san luis potosí-air-quality.csv"
2022/12/27, 28, , 12, , 8,San Luis Potosí,"biblioteca,-san luis potosí-air-quality.csv"
2022/12/28, 28, 25, 17, , 9,San Luis Potosí,"biblioteca,-san luis potosí-air-quality.csv"
2022/12/29, 48, 11, 10, , 9,San Luis Potosí,"biblioteca,-san luis potosí-air-quality.csv"
2022/12/30, 23, , 9, , ,San Luis Potosí,"biblioteca,-san luis potosí-air-quality.csv"
2022/12/31, 20, , 14, , 12,San Luis Potosí,"biblioteca,-san luis potosí-air-quality.csv"
2023/1/1, 30, , 19, , ,San Luis Potosí,"biblioteca,-san luis potosí-air-quality.csv"
2023/1/2, 61, , 8, , ,San Luis Potosí,"biblioteca,-san luis potosí-air-quality.csv"
2022/9/2, 275, 61, 8, , ,San Luis Potosí,"biblioteca,-san luis potosí-air-quality.csv"
2022/9/3, 25, 36, 6, , ,San Luis Potosí,"biblioteca,-san luis potosí-air-quality.csv"
2022/9/4, 11, 67, 5, , 6,San Luis Potosí,"biblioteca,-san luis potosí-air-quality.csv"
2022/9/5, 5, 64, 4, , 4,San Luis Potosí,"biblioteca,-san luis potosí-air-quality.csv"
2022/9/6, 11, 71, 7, , 4,San Luis Potosí,"biblioteca,-san luis potosí-air-quality.csv"
2022/9/7, 19, 46, 11, , 8,San Luis Potosí,"biblioteca,-san luis potosí-air-quality.csv"
2022/9/8, 13, 17, 11, , 5,San Luis Potosí,"biblioteca,-san luis potosí-air-quality.csv"
2022/9/9, 11, 114, 10, , 3,San Luis Potosí,"biblioteca,-san luis potosí-air-quality.csv"
2022/9/10, 32, 44, 12, , 11,San Luis Potosí,"biblioteca,-san luis potosí-air-quality.csv"
2022/9/11, 37, 60, 12, , 3,San Luis Potosí,"biblioteca,-san luis potosí-air-quality.csv"
2022/9/12, 24, 161, 10, , 2,San Luis Potosí,"biblioteca,-san luis potosí-air-quality.csv"
2022/9/13, 17, , 10, 1, ,San Luis Potosí,"biblioteca,-san luis potosí-air-quality.csv"
2022/9/14, 32, , 11, , ,San Luis Potosí,"biblioteca,-san luis potosí-air-quality.csv"
2022/9/15, 37, , 12, , 4,San Luis Potosí,"biblioteca,-san luis potosí-air-quality.csv"
2022/9/16, 21, 15, 9, , 1,San Luis Potosí,"biblioteca,-san luis potosí-air-quality.csv"
2022/9/17, 8, 66, 6, , ,San Luis Potosí,"biblioteca,-san luis potosí-air-quality.csv"
2022/9/18, 8, , 6, , 7,San Luis Potosí,"biblioteca,-san luis potosí-air-quality.csv"
2022/9/23, 96, 3, 6, , 500,San Luis Potosí,"biblioteca,-san luis potosí-air-quality.csv"
2022/9/24, 17, 5, 7, , 42,San Luis Potosí,"biblioteca,-san luis potosí-air-quality.csv"
2022/9/25, 33, 5, 11, 1, 10,San Luis Potosí,"biblioteca,-san luis potosí-air-quality.csv"
2022/9/26, 29, 5, 9, , ,San Luis Potosí,"biblioteca,-san luis potosí-air-quality.csv"
2022/9/27, 23, 4, 8, 1, 6,San Luis Potosí,"biblioteca,-san luis potosí-air-quality.csv"
2022/9/28, 12, 14, 7, 1, 12,San Luis Potosí,"biblioteca,-san luis potosí-air-quality.csv"
2022/9/29, 14, 175, 8, , 25,San Luis Potosí,"biblioteca,-san luis potosí-air-quality.csv"
2022/9/30, 25, , 10, , 9,San Luis Potosí,"biblioteca,-san luis potosí-air-quality.csv"
2022/10/1, 33, , 11, , 25,San Luis Potosí,"biblioteca,-san luis potosí-air-quality.csv"
2022/4/4, 50, , , , ,San Luis Potosí,"biblioteca,-san luis potosí-air-quality.csv"
2022/4/5, 480, , , , ,San Luis Potosí,"biblioteca,-san luis potosí-air-quality.csv"
2022/1/4, 54, 34, 24, 2, 32,San Luis Potosí,"biblioteca,-san luis potosí-air-quality.csv"
2022/1/5, 66, 20, 28, 2, ,San Luis Potosí,"biblioteca,-san luis potosí-air-quality.csv"
2022/1/6, 58, 8, 19, 2, 1,San Luis Potosí,"biblioteca,-san luis potosí-air-quality.csv"
2022/1/7, 49, 56, 18, , 3,San Luis Potosí,"biblioteca,-san luis potosí-air-quality.csv"
2022/1/8, 58, , 19, 1, 1,San Luis Potosí,"biblioteca,-san luis potosí-air-quality.csv"
2022/1/9, 45, , 20, 1, 7,San Luis Potosí,"biblioteca,-san luis potosí-air-quality.csv"
2022/1/10, 54, , 7, , 3,San Luis Potosí,"biblioteca,-san luis potosí-air-quality.csv"
2022/1/11, 39, , 9, , ,San Luis Potosí,"biblioteca,-san luis potosí-air-quality.csv"
2022/1/12, 27, , 11, , 17,San Luis Potosí,"biblioteca,-san luis potosí-air-quality.csv"
2022/1/13, 33, 18, 16, , ,San Luis Potosí,"biblioteca,-san luis potosí-air-quality.csv"
2022/1/14, 36, 29, 23, 2, 77,San Luis Potosí,"biblioteca,-san luis potosí-air-quality.csv"
2022/1/15, 46, 27, 11, 1, ,San Luis Potosí,"biblioteca,-san luis potosí-air-quality.csv"
2022/1/16, 39, 36, 11, , ,San Luis Potosí,"biblioteca,-san luis potosí-air-quality.csv"
2022/1/17, 75, 35, 24, 1, ,San Luis Potosí,"biblioteca,-san luis potosí-air-quality.csv"
2022/1/18, 73, 25, 30, 2, ,San Luis Potosí,"biblioteca,-san luis potosí-air-quality.csv"
2022/1/19, 65, 29, 16, 2, ,San Luis Potosí,"biblioteca,-san luis potosí-air-quality.csv"
2022/1/20, 36, 29, 25, 3, ,San Luis Potosí,"biblioteca,-san luis potosí-air-quality.csv"
2022/1/21, 64, 20, 12, , ,San Luis Potosí,"biblioteca,-san luis potosí-air-quality.csv"
2022/1/22, 51, 20, 9, , ,San Luis Potosí,"biblioteca,-san luis potosí-air-quality.csv"
2022/1/23, 36, 31, 9, , ,San Luis Potosí,"biblioteca,-san luis potosí-air-quality.csv"
2022/1/24, 36, 28, 9, , ,San Luis Potosí,"biblioteca,-san luis potosí-air-quality.csv"
2022/1/25, 53, 26, 8, , ,San Luis Potosí,"biblioteca,-san luis potosí-air-quality.csv"
2022/1/26, 19, 32, 17, , ,San Luis Potosí,"biblioteca,-san luis potosí-air-quality.csv"
2022/1/27, 41, 27, 16, 1, 141,San Luis Potosí,"biblioteca,-san luis potosí-air-quality.csv"
2022/1/28, 42, 26, 8, , 98,San Luis Potosí,"biblioteca,-san luis potosí-air-quality.csv"
2022/1/29, 32, 26, 10, , 57,San Luis Potosí,"biblioteca,-san luis potosí-air-quality.csv"
2022/1/30, 25, 31, 17, 1, 164,San Luis Potosí,"biblioteca,-san luis potosí-air-quality.csv"
2022/1/31, 37, 29, , , 238,San Luis Potosí,"biblioteca,-san luis potosí-air-quality.csv"
2022/2/1, 73, 15, , , ,San Luis Potosí,"biblioteca,-san luis potosí-air-quality.csv"
2022/2/2, 1, 28, , , 63,San Luis Potosí,"biblioteca,-san luis potosí-air-quality.csv"
2022/2/3, 22, 23, , , ,San Luis Potosí,"biblioteca,-san luis potosí-air-quality.csv"
2022/2/4, 281, 16, 11, , 83,San Luis Potosí,"biblioteca,-san luis potosí-air-quality.csv"
2022/2/5, 524, 30, 11, , 86,San Luis Potosí,"biblioteca,-san luis potosí-air-quality.csv"
2022/2/6, 36, 11, 17, 2, 13,San Luis Potosí,"biblioteca,-san luis potosí-air-quality.csv"
2022/2/7, 54, , , , ,San Luis Potosí,"biblioteca,-san luis potosí-air-quality.csv"
2022/2/8, 35, , , , ,San Luis Potosí,"biblioteca,-san luis potosí-air-quality.csv"
2022/2/9, 28, , , , ,San Luis Potosí,"biblioteca,-san luis potosí-air-quality.csv"
2022/2/10, 49, , , , ,San Luis Potosí,"biblioteca,-san luis potosí-air-quality.csv"
2022/2/11, 38, , , , ,San Luis Potosí,"biblioteca,-san luis potosí-air-quality.csv"
2022/2/12, 39, , , , ,San Luis Potosí,"biblioteca,-san luis potosí-air-quality.csv"
2022/2/13, 41, , , , ,San Luis Potosí,"biblioteca,-san luis potosí-air-quality.csv"
2022/2/14, 25, , , , ,San Luis Potosí,"biblioteca,-san luis potosí-air-quality.csv"
2022/2/15, 39, , , , ,San Luis Potosí,"biblioteca,-san luis potosí-air-quality.csv"
2022/2/16, 50, , , , ,San Luis Potosí,"biblioteca,-san luis potosí-air-quality.csv"
2022/2/17, 53, , , , ,San Luis Potosí,"biblioteca,-san luis potosí-air-quality.csv"
2022/2/18, 29, , , , ,San Luis Potosí,"biblioteca,-san luis potosí-air-quality.csv"
2022/2/19, 44, , , , ,San Luis Potosí,"biblioteca,-san luis potosí-air-quality.csv"
2022/2/20, 38, , , , ,San Luis Potosí,"biblioteca,-san luis potosí-air-quality.csv"
2022/2/21, 38, , , , ,San Luis Potosí,"biblioteca,-san luis potosí-air-quality.csv"
2022/2/22, 42, , , , ,San Luis Potosí,"biblioteca,-san luis potosí-air-quality.csv"
2022/2/23, 46, , , , ,San Luis Potosí,"biblioteca,-san luis potosí-air-quality.csv"
2022/2/24, 88, , , , ,San Luis Potosí,"biblioteca,-san luis potosí-air-quality.csv"
2022/2/25, 53, , , , ,San Luis Potosí,"biblioteca,-san luis potosí-air-quality.csv"
2022/2/26, 41, , , , ,San Luis Potosí,"biblioteca,-san luis potosí-air-quality.csv"
2022/2/27, 34, , , , ,San Luis Potosí,"biblioteca,-san luis potosí-air-quality.csv"
2022/2/28, 36, , , , ,San Luis Potosí,"biblioteca,-san luis potosí-air-quality.csv"
2022/3/1, 31, , , , ,San Luis Potosí,"biblioteca,-san luis potosí-air-quality.csv"
2022/3/2, 45, , , , ,San Luis Potosí,"biblioteca,-san luis potosí-air-quality.csv"
2022/3/3, 321, , , , ,San Luis Potosí,"biblioteca,-san luis potosí-air-quality.csv"
2022/3/4, 499, , , , ,San Luis Potosí,"biblioteca,-san luis potosí-air-quality.csv"
2022/3/5, 45, , , , ,San Luis Potosí,"biblioteca,-san luis potosí-air-quality.csv"
2022/3/8, 54, , , , ,San Luis Potosí,"biblioteca,-san luis potosí-air-quality.csv"
2022/3/9, 57, , , , ,San Luis Potosí,"biblioteca,-san luis potosí-air-quality.csv"
2022/3/10, 32, , , , ,San Luis Potosí,"biblioteca,-san luis potosí-air-quality.csv"
2022/3/11, 37, , , , ,San Luis Potosí,"biblioteca,-san luis potosí-air-quality.csv"
2022/3/12, 41, , , , ,San Luis Potosí,"biblioteca,-san luis potosí-air-quality.csv"
2022/3/13, 52, , , , ,San Luis Potosí,"biblioteca,-san luis potosí-air-quality.csv"
2022/3/14, 44, , , , ,San Luis Potosí,"biblioteca,-san luis potosí-air-quality.csv"
2022/3/15, 47, , , , ,San Luis Potosí,"biblioteca,-san luis potosí-air-quality.csv"
2022/3/16, 43, , , , ,San Luis Potosí,"biblioteca,-san luis potosí-air-quality.csv"
2022/3/17, 53, , , , ,San Luis Potosí,"biblioteca,-san luis potosí-air-quality.csv"
2022/3/18, 38, , , , ,San Luis Potosí,"biblioteca,-san luis potosí-air-quality.csv"
2022/3/19, 48, , , , ,San Luis Potosí,"biblioteca,-san luis potosí-air-quality.csv"
2022/3/20, 54, , , , ,San Luis Potosí,"biblioteca,-san luis potosí-air-quality.csv"
2022/3/21, 48, , , , ,San Luis Potosí,"biblioteca,-san luis potosí-air-quality.csv"
2022/3/22, 57, , , , ,San Luis Potosí,"biblioteca,-san luis potosí-air-quality.csv"
2022/3/23, 36, , , , ,San Luis Potosí,"biblioteca,-san luis potosí-air-quality.csv"
2022/3/24, 50, , , , ,San Luis Potosí,"biblioteca,-san luis potosí-air-quality.csv"
2022/3/25, 35, , , , ,San Luis Potosí,"biblioteca,-san luis potosí-air-quality.csv"
2021/10/2, 32, , , , ,San Luis Potosí,"biblioteca,-san luis potosí-air-quality.csv"
2021/10/3, 18, , , , ,San Luis Potosí,"biblioteca,-san luis potosí-air-quality.csv"
2021/10/4, 17, 18, 4, , ,San Luis Potosí,"biblioteca,-san luis potosí-air-quality.csv"
2021/10/5, 24, 32, 5, , ,San Luis Potosí,"biblioteca,-san luis potosí-air-quality.csv"
2021/10/6, 21, 33, 7, , ,San Luis Potosí,"biblioteca,-san luis potosí-air-quality.csv"
2021/10/7, 27, 35, 13, , ,San Luis Potosí,"biblioteca,-san luis potosí-air-quality.csv"
2021/10/8, 42, 37, 11, 4, ,San Luis Potosí,"biblioteca,-san luis potosí-air-quality.csv"
2021/10/9, 41, 36, 10, 3, ,San Luis Potosí,"biblioteca,-san luis potosí-air-quality.csv"
2021/10/10, 45, 38, 12, 1, ,San Luis Potosí,"biblioteca,-san luis potosí-air-quality.csv"
2021/10/11, 37, 45, 5, , ,San Luis Potosí,"biblioteca,-san luis potosí-air-quality.csv"
2021/10/12, 27, 48, 10, , ,San Luis Potosí,"biblioteca,-san luis potosí-air-quality.csv"
2021/10/13, 46, 28, 8, , ,San Luis Potosí,"biblioteca,-san luis potosí-air-quality.csv"
2021/10/14, 39, 29, 7, 1, ,San Luis Potosí,"biblioteca,-san luis potosí-air-quality.csv"
2021/10/15, 38, 32, 10, , ,San Luis Potosí,"biblioteca,-san luis potosí-air-quality.csv"
2021/10/16, 45, 22, 3, , ,San Luis Potosí,"biblioteca,-san luis potosí-air-quality.csv"
2021/10/17, 24, 27, 5, , ,San Luis Potosí,"biblioteca,-san luis potosí-air-quality.csv"
2021/10/18, 23, 32, 11, , ,San Luis Potosí,"biblioteca,-san luis potosí-air-quality.csv"
2021/10/19, 38, 36, 11, , ,San Luis Potosí,"biblioteca,-san luis potosí-air-quality.csv"
2021/10/20, 40, 30, 5, , ,San Luis Potosí,"biblioteca,-san luis potosí-air-quality.csv"
2021/10/21, 32, 24, 6, , ,San Luis Potosí,"biblioteca,-san luis potosí-air-quality.csv"
2021/10/22, 32, 27, 9, , ,San Luis Potosí,"biblioteca,-san luis potosí-air-quality.csv"
2021/10/23, 35, 37, 13, 8, ,San Luis Potosí,"biblioteca,-san luis potosí-air-quality.csv"
2021/10/24, 41, 34, 15, , ,San Luis Potosí,"biblioteca,-san luis potosí-air-quality.csv"
2021/10/25, 54, 21, 20, , ,San Luis Potosí,"biblioteca,-san luis potosí-air-quality.csv"
2021/10/26, 50, 24, 13, , ,San Luis Potosí,"biblioteca,-san luis potosí-air-quality.csv"
2021/10/27, 38, 32, 8, 3, ,San Luis Potosí,"biblioteca,-san luis potosí-air-quality.csv"
2021/10/28, 24, 40, 13, 1, ,San Luis Potosí,"biblioteca,-san luis potosí-air-quality.csv"
2021/10/29, 35, 38, 9, , ,San Luis Potosí,"biblioteca,-san luis potosí-air-quality.csv"
2021/10/30, 44, 37, 21, , ,San Luis Potosí,"biblioteca,-san luis potosí-air-quality.csv"
2021/10/31, 56, , , , ,San Luis Potosí,"biblioteca,-san luis potosí-air-quality.csv"
2021/11/4, 47, 32, 9, , ,San Luis Potosí,"biblioteca,-san luis potosí-air-quality.csv"
2021/11/5, 36, 32, 9, , 34,San Luis Potosí,"biblioteca,-san luis potosí-air-quality.csv"
2021/11/6, 33, 33, 10, 11, ,San Luis Potosí,"biblioteca,-san luis potosí-air-quality.csv"
2021/11/7, 37, 34, 11, , ,San Luis Potosí,"biblioteca,-san luis potosí-air-quality.csv"
2021/11/8, 38, 33, 16, , ,San Luis Potosí,"biblioteca,-san luis potosí-air-quality.csv"
2021/11/9, 45, 38, 13, , ,San Luis Potosí,"biblioteca,-san luis potosí-air-quality.csv"
2021/11/10, 40, 38, 26, 1, ,San Luis Potosí,"biblioteca,-san luis potosí-air-quality.csv"
2021/11/11, 50, 41, 26, 1, ,San Luis Potosí,"biblioteca,-san luis potosí-air-quality.csv"
2021/11/12, 55, 35, 14, 1, 2,San Luis Potosí,"biblioteca,-san luis potosí-air-quality.csv"
2021/11/13, 47, 29, 12, 1, 8,San Luis Potosí,"biblioteca,-san luis potosí-air-quality.csv"
2021/11/14, 37, 36, 11, , 20,San Luis Potosí,"biblioteca,-san luis potosí-air-quality.csv"
2021/11/15, 29, 34, 16, , 1,San Luis Potosí,"biblioteca,-san luis potosí-air-quality.csv"
2021/11/16, 37, 37, 26, , 19,San Luis Potosí,"biblioteca,-san luis potosí-air-quality.csv"
2021/11/17, 45, 44, 35, 1, 6,San Luis Potosí,"biblioteca,-san luis potosí-air-quality.csv"
2021/11/18, 60, 39, 19, 1, 9,San Luis Potosí,"biblioteca,-san luis potosí-air-quality.csv"
2021/11/19, 54, 26, 9, , ,San Luis Potosí,"biblioteca,-san luis potosí-air-quality.csv"
2021/11/20, 26, 31, 11, , ,San Luis Potosí,"biblioteca,-san luis potosí-air-quality.csv"
2021/11/21, 25, 36, 15, 2, 25,San Luis Potosí,"biblioteca,-san luis potosí-air-quality.csv"
2021/11/22, 39, 29, 11, , 3,San Luis Potosí,"biblioteca,-san luis potosí-air-quality.csv"
2021/11/23, 36, 30, 10, , ,San Luis Potosí,"biblioteca,-san luis potosí-air-quality.csv"
2021/11/24, 31, 27, 25, 1, 2,San Luis Potosí,"biblioteca,-san luis potosí-air-quality.csv"
2021/11/25, 55, 32, 19, 2, 30,San Luis Potosí,"biblioteca,-san luis potosí-air-quality.csv"
2021/11/26, 50, 24, 11, , ,San Luis Potosí,"biblioteca,-san luis potosí-air-quality.csv"
2021/11/27, 31, 28, 17, , ,San Luis Potosí,"biblioteca,-san luis potosí-air-quality.csv"
2021/11/28, 35, 35, 16, , 1,San Luis Potosí,"biblioteca,-san luis potosí-air-quality.csv"
2021/11/29, 50, 31, 11, , 21,San Luis Potosí,"biblioteca,-san luis potosí-air-quality.csv"
2021/11/30, 36, 37, 26, 1, 18,San Luis Potosí,"biblioteca,-san luis potosí-air-quality.csv"
2021/12/1, 51, 4, 34, , ,San Luis Potosí,"biblioteca,-san luis potosí-air-quality.csv"
2021/12/2, 58, 27, 20, , ,San Luis Potosí,"biblioteca,-san luis potosí-air-quality.csv"
2021/12/3, 48, 27, 21, , 37,San Luis Potosí,"biblioteca,-san luis potosí-air-quality.csv"
2021/12/4, 49, 30, 22, , ,San Luis Potosí,"biblioteca,-san luis potosí-air-quality.csv"
2021/12/5, 59, 32, 23, 1, 31,San Luis Potosí,"biblioteca,-san luis potosí-air-quality.csv"
2021/12/6, 63, 37, 26, 1, 7,San Luis Potosí,"biblioteca,-san luis potosí-air-quality.csv"
2021/12/7, 59, 37, 25, , 25,San Luis Potosí,"biblioteca,-san luis potosí-air-quality.csv"
2021/12/8, 55, 32, 32, 2, 1,San Luis Potosí,"biblioteca,-san luis potosí-air-quality.csv"
2021/12/9, 61, 25, 34, 4, 19,San Luis Potosí,"biblioteca,-san luis potosí-air-quality.csv"
2021/12/10, 66, 29, 25, 3, 19,San Luis Potosí,"biblioteca,-san luis potosí-air-quality.csv"
2021/12/11, 62, 32, 23, 4, 7,San Luis Potosí,"biblioteca,-san luis potosí-air-quality.csv"
2021/12/12, 74, 37, 11, , 10,San Luis Potosí,"biblioteca,-san luis potosí-air-quality.csv"
2021/12/13, 219, 33, 17, , ,San Luis Potosí,"biblioteca,-san luis potosí-air-quality.csv"
2021/12/14, 530, 26, 15, , ,San Luis Potosí,"biblioteca,-san luis potosí-air-quality.csv"
2021/12/15, 42, 32, 14, , ,San Luis Potosí,"biblioteca,-san luis potosí-air-quality.csv"
2021/12/16, 38, 13, 31, 1, 11,San Luis Potosí,"biblioteca,-san luis potosí-air-quality.csv"
2021/12/17, 48, 38, 32, 2, 28,San Luis Potosí,"biblioteca,-san luis potosí-air-quality.csv"
2021/12/18, 68, 29, 24, 1, 29,San Luis Potosí,"biblioteca,-san luis potosí-air-quality.csv"
2021/12/19, 71, 18, 23, 3, 4,San Luis Potosí,"biblioteca,-san luis potosí-air-quality.csv"
2021/12/20, 56, 27, 18, , 7,San Luis Potosí,"biblioteca,-san luis potosí-air-quality.csv"
2021/12/21, 38, 176, 23, 1, 24,San Luis Potosí,"biblioteca,-san luis potosí-air-quality.csv"
2021/12/22, 50, 30, 34, 3, 7,San Luis Potosí,"biblioteca,-san luis potosí-air-quality.csv"
2021/12/23, 53, 33, 36, 2, 4,San Luis Potosí,"biblioteca,-san luis potosí-air-quality.csv"
2021/12/24, 60, , 42, 1, ,San Luis Potosí,"biblioteca,-san luis potosí-air-quality.csv"
2021/12/25, 67, , 23, 2, 26,San Luis Potosí,"biblioteca,-san luis potosí-air-quality.csv"
2021/12/26, 55, , 20, 1, 8,San Luis Potosí,"biblioteca,-san luis potosí-air-quality.csv"
2021/12/27, 37, , 30, 3, 20,San Luis Potosí,"biblioteca,-san luis potosí-air-quality.csv"
2021/12/28, 55, , 9, , 21,San Luis Potosí,"biblioteca,-san luis potosí-air-quality.csv"
2021/12/29, 30, , 11, , 17,San Luis Potosí,"biblioteca,-san luis potosí-air-quality.csv"
2021/12/30, 34, , 28, 1, 5,San Luis Potosí,"biblioteca,-san luis potosí-air-quality.csv"
2021/12/31, 57, 67, 25, 1, ,San Luis Potosí,"biblioteca,-san luis potosí-air-quality.csv"
2022/1/1, 56, , 13, 1, ,San Luis Potosí,"biblioteca,-san luis potosí-air-quality.csv"
2022/1/2, 49, 44, 4, , 24,San Luis Potosí,"biblioteca,-san luis potosí-air-quality.csv"
2022/1/3, 54, 16, 9, , 26,San Luis Potosí,"biblioteca,-san luis potosí-air-quality.csv"
2021/7/2, 12, 15, , 4, ,San Luis Potosí,"biblioteca,-san luis potosí-air-quality.csv"
2021/7/3, 18, 20, , 3, ,San Luis Potosí,"biblioteca,-san luis potosí-air-quality.csv"
2021/7/4, 27, 24, , 4, ,San Luis Potosí,"biblioteca,-san luis potosí-air-quality.csv"
2021/7/5, 27, 21, , 11, ,San Luis Potosí,"biblioteca,-san luis potosí-air-quality.csv"
2021/7/6, 24, 15, , 9, ,San Luis Potosí,"biblioteca,-san luis potosí-air-quality.csv"
2021/7/7, 32, 14, , 9, ,San Luis Potosí,"biblioteca,-san luis potosí-air-quality.csv"
2021/7/8, 239, 17, , 7, ,San Luis Potosí,"biblioteca,-san luis potosí-air-quality.csv"
2021/7/9, 868, 13, , 7, ,San Luis Potosí,"biblioteca,-san luis potosí-air-quality.csv"
2021/7/10, 868, 19, , 7, ,San Luis Potosí,"biblioteca,-san luis potosí-air-quality.csv"
2021/7/11, 867, 16, , 1, ,San Luis Potosí,"biblioteca,-san luis potosí-air-quality.csv"
2021/7/12, 868, 13, , 6, ,San Luis Potosí,"biblioteca,-san luis potosí-air-quality.csv"
2021/7/13, 431, 14, , 4, ,San Luis Potosí,"biblioteca,-san luis potosí-air-quality.csv"
2021/7/14, 46, 15, , 10, ,San Luis Potosí,"biblioteca,-san luis potosí-air-quality.csv"
2021/7/15, 34, 15, , 3, ,San Luis Potosí,"biblioteca,-san luis potosí-air-quality.csv"
2021/7/16, 38, 14, , 3, ,San Luis Potosí,"biblioteca,-san luis potosí-air-quality.csv"
2021/7/17, 37, 17, , 7, ,San Luis Potosí,"biblioteca,-san luis potosí-air-quality.csv"
2021/7/18, 50, 14, , 13, ,San Luis Potosí,"biblioteca,-san luis potosí-air-quality.csv"
2021/7/19, 48, 18, , 3, ,San Luis Potosí,"biblioteca,-san luis potosí-air-quality.csv"
2021/7/20, 38, 23, , 6, ,San Luis Potosí,"biblioteca,-san luis potosí-air-quality.csv"
2021/7/21, 39, 17, , 8, ,San Luis Potosí,"biblioteca,-san luis potosí-air-quality.csv"
2021/7/22, 42, 17, , 10, ,San Luis Potosí,"biblioteca,-san luis potosí-air-quality.csv"
2021/7/23, 36, 18, , 4, ,San Luis Potosí,"biblioteca,-san luis potosí-air-quality.csv"
2021/7/24, 55, 28, , 3, ,San Luis Potosí,"biblioteca,-san luis potosí-air-quality.csv"
2021/7/25, 96, 21, , , ,San Luis Potosí,"biblioteca,-san luis potosí-air-quality.csv"
2021/7/26, 152, 21, , , ,San Luis Potosí,"biblioteca,-san luis potosí-air-quality.csv"
2021/7/27, 46, 25, , , ,San Luis Potosí,"biblioteca,-san luis potosí-air-quality.csv"
2021/7/28, 40, 22, , , ,San Luis Potosí,"biblioteca,-san luis potosí-air-quality.csv"
2021/7/29, 42, 19, , , ,San Luis Potosí,"biblioteca,-san luis potosí-air-quality.csv"
2021/7/30, 79, 16, , 6, ,San Luis Potosí,"biblioteca,-san luis potosí-air-quality.csv"
2021/7/31, 32, 14, , 7, ,San Luis Potosí,"biblioteca,-san luis potosí-air-quality.csv"
2021/8/1, 48, 6, , 9, ,San Luis Potosí,"biblioteca,-san luis potosí-air-quality.csv"
2021/8/2, 65, 21, , 3, ,San Luis Potosí,"biblioteca,-san luis potosí-air-quality.csv"
2021/8/3, 41, 21, , 9, ,San Luis Potosí,"biblioteca,-san luis potosí-air-quality.csv"
2021/8/4, 34, 15, , 10, ,San Luis Potosí,"biblioteca,-san luis potosí-air-quality.csv"
2021/8/5, 38, 16, , 7, ,San Luis Potosí,"biblioteca,-san luis potosí-air-quality.csv"
2021/8/6, 30, 19, , 5, ,San Luis Potosí,"biblioteca,-san luis potosí-air-quality.csv"
2021/8/7, 86, 20, , 4, ,San Luis Potosí,"biblioteca,-san luis potosí-air-quality.csv"
2021/8/8, 42, 17, , 2, ,San Luis Potosí,"biblioteca,-san luis potosí-air-quality.csv"
2021/8/9, 33, 17, , 1, ,San Luis Potosí,"biblioteca,-san luis potosí-air-quality.csv"
2021/8/10, 26, 16, , 4, ,San Luis Potosí,"biblioteca,-san luis potosí-air-quality.csv"
2021/8/11, 84, 19, , , ,San Luis Potosí,"biblioteca,-san luis potosí-air-quality.csv"
2021/8/12, 99, 25, , , ,San Luis Potosí,"biblioteca,-san luis potosí-air-quality.csv"
2021/8/13, 45, 125, , 5, ,San Luis Potosí,"biblioteca,-san luis potosí-air-quality.csv"
2021/8/14, 37, 3, , 6, ,San Luis Potosí,"biblioteca,-san luis potosí-air-quality.csv"
2021/8/15, 41, , , 6, ,San Luis Potosí,"biblioteca,-san luis potosí-air-quality.csv"
2021/8/16, 35, , , 7, ,San Luis Potosí,"biblioteca,-san luis potosí-air-quality.csv"
2021/8/17, 30, , , 9, ,San Luis Potosí,"biblioteca,-san luis potosí-air-quality.csv"
2021/8/18, 39, , , 8, ,San Luis Potosí,"biblioteca,-san luis potosí-air-quality.csv"
2021/8/19, 37, , , 5, ,San Luis Potosí,"biblioteca,-san luis potosí-air-quality.csv"
2021/8/20, 40, , , 3, ,San Luis Potosí,"biblioteca,-san luis potosí-air-quality.csv"
2021/8/21, 41, , , 6, ,San Luis Potosí,"biblioteca,-san luis potosí-air-quality.csv"
2021/8/22, 23, , , 5, ,San Luis Potosí,"biblioteca,-san luis potosí-air-quality.csv"
2021/8/23, 11, , , 4, ,San Luis Potosí,"biblioteca,-san luis potosí-air-quality.csv"
2021/8/24, 34, , , 2, ,San Luis Potosí,"biblioteca,-san luis potosí-air-quality.csv"
2021/8/25, 51, , , 5, ,San Luis Potosí,"biblioteca,-san luis potosí-air-quality.csv"
2021/8/26, 27, , , 7, ,San Luis Potosí,"biblioteca,-san luis potosí-air-quality.csv"
2021/8/27, 85, , , 4, ,San Luis Potosí,"biblioteca,-san luis potosí-air-quality.csv"
2021/8/28, 177, 2, 18, 6, 4,San Luis Potosí,"biblioteca,-san luis potosí-air-quality.csv"
2021/8/29, 341, 3, 10, 4, 4,San Luis Potosí,"biblioteca,-san luis potosí-air-quality.csv"
2021/8/30, 232, 15, 8, 8, 4,San Luis Potosí,"biblioteca,-san luis potosí-air-quality.csv"
2021/8/31, 16, 21, 9, 8, 3,San Luis Potosí,"biblioteca,-san luis potosí-air-quality.csv"
2021/9/1, 29, 31, 7, 4, 3,San Luis Potosí,"biblioteca,-san luis potosí-air-quality.csv"
2021/9/2, 64, 26, 8, 1, 1,San Luis Potosí,"biblioteca,-san luis potosí-air-quality.csv"
2021/9/3, 38, 18, 8, , 1,San Luis Potosí,"biblioteca,-san luis potosí-air-quality.csv"
2021/9/4, 23, , , , ,San Luis Potosí,"biblioteca,-san luis potosí-air-quality.csv"
2021/9/7, 186, 36, , , 1,San Luis Potosí,"biblioteca,-san luis potosí-air-quality.csv"
2021/9/8, 93, 30, 3, , 1,San Luis Potosí,"biblioteca,-san luis potosí-air-quality.csv"
2021/9/9, 37, 32, 6, 1, 2,San Luis Potosí,"biblioteca,-san luis potosí-air-quality.csv"
2021/9/10, 39, 41, 5, , ,San Luis Potosí,"biblioteca,-san luis potosí-air-quality.csv"
2021/9/11, 35, 36, 5, , ,San Luis Potosí,"biblioteca,-san luis potosí-air-quality.csv"
2021/9/12, 124, 29, 2, , ,San Luis Potosí,"biblioteca,-san luis potosí-air-quality.csv"
2021/9/13, 18, 30, 6, , 7,San Luis Potosí,"biblioteca,-san luis potosí-air-quality.csv"
2021/9/14, 30, 34, 9, , 10,San Luis Potosí,"biblioteca,-san luis potosí-air-quality.csv"
2021/9/15, 34, 33, 6, , ,San Luis Potosí,"biblioteca,-san luis potosí-air-quality.csv"
2021/9/16, 16, 27, 7, , ,San Luis Potosí,"biblioteca,-san luis potosí-air-quality.csv"
2021/9/17, 14, 19, 12, , ,San Luis Potosí,"biblioteca,-san luis potosí-air-quality.csv"
2021/9/18, 20, 26, 10, , ,San Luis Potosí,"biblioteca,-san luis potosí-air-quality.csv"
2021/9/19, 23, 27, 10, , ,San Luis Potosí,"biblioteca,-san luis potosí-air-quality.csv"
2021/9/20, 36, 27, 12, 4, ,San Luis Potosí,"biblioteca,-san luis potosí-air-quality.csv"
2021/9/21, 43, 32, 7, , ,San Luis Potosí,"biblioteca,-san luis potosí-air-quality.csv"
2021/9/22, 90, 23, , , ,San Luis Potosí,"biblioteca,-san luis potosí-air-quality.csv"
2021/9/23, 152, , , , ,San Luis Potosí,"biblioteca,-san luis potosí-air-quality.csv"
2021/9/24, 29, , , , ,San Luis Potosí,"biblioteca,-san luis potosí-air-quality.csv"
2021/9/25, 39, , , , ,San Luis Potosí,"biblioteca,-san luis potosí-air-quality.csv"
2021/9/26, 39, , , , ,San Luis Potosí,"biblioteca,-san luis potosí-air-quality.csv"
2021/9/27, 34, , , , ,San Luis Potosí,"biblioteca,-san luis potosí-air-quality.csv"
2021/9/28, 454, , , , ,San Luis Potosí,"biblioteca,-san luis potosí-air-quality.csv"
2021/9/29, 867, , , , ,San Luis Potosí,"biblioteca,-san luis potosí-air-quality.csv"
2021/9/30, 868, , , , ,San Luis Potosí,"biblioteca,-san luis potosí-air-quality.csv"
2021/10/1, 469, , , , ,San Luis Potosí,"biblioteca,-san luis potosí-air-quality.csv"
2021/4/2, 61, 19, , 5, ,San Luis Potosí,"biblioteca,-san luis potosí-air-quality.csv"
2021/4/3, 16, 23, , 7, ,San Luis Potosí,"biblioteca,-san luis potosí-air-quality.csv"
2021/4/4, 24, 26, , 7, ,San Luis Potosí,"biblioteca,-san luis potosí-air-quality.csv"
2021/4/5, 32, 27, , 5, ,San Luis Potosí,"biblioteca,-san luis potosí-air-quality.csv"
2021/4/6, 44, 29, , 6, ,San Luis Potosí,"biblioteca,-san luis potosí-air-quality.csv"
2021/4/7, 45, 27, , 8, ,San Luis Potosí,"biblioteca,-san luis potosí-air-quality.csv"
2021/4/8, 39, 35, , 8, ,San Luis Potosí,"biblioteca,-san luis potosí-air-quality.csv"
2021/4/9, 53, 28, , 7, ,San Luis Potosí,"biblioteca,-san luis potosí-air-quality.csv"
2021/4/10, 252, 20, , 7, ,San Luis Potosí,"biblioteca,-san luis potosí-air-quality.csv"
2021/4/11, 868, 25, , 6, ,San Luis Potosí,"biblioteca,-san luis potosí-air-quality.csv"
2021/4/12, 868, 29, , 9, ,San Luis Potosí,"biblioteca,-san luis potosí-air-quality.csv"
2021/4/13, 560, 30, , 7, ,San Luis Potosí,"biblioteca,-san luis potosí-air-quality.csv"
2021/4/14, 45, 28, , 7, ,San Luis Potosí,"biblioteca,-san luis potosí-air-quality.csv"
2021/4/15, 54, 27, , 6, ,San Luis Potosí,"biblioteca,-san luis potosí-air-quality.csv"
2021/4/16, 44, 29, , 5, ,San Luis Potosí,"biblioteca,-san luis potosí-air-quality.csv"
2021/4/17, 48, 30, , 9, ,San Luis Potosí,"biblioteca,-san luis potosí-air-quality.csv"
2021/4/18, 51, 22, , 7, ,San Luis Potosí,"biblioteca,-san luis potosí-air-quality.csv"
2021/4/19, 39, 25, , 7, ,San Luis Potosí,"biblioteca,-san luis potosí-air-quality.csv"
2021/4/20, 46, 21, , 7, ,San Luis Potosí,"biblioteca,-san luis potosí-air-quality.csv"
2021/4/21, 81, 24, , 6, ,San Luis Potosí,"biblioteca,-san luis potosí-air-quality.csv"
2021/4/22, 46, 21, , 7, ,San Luis Potosí,"biblioteca,-san luis potosí-air-quality.csv"
2021/4/23, 47, 16, , 7, ,San Luis Potosí,"biblioteca,-san luis potosí-air-quality.csv"
2021/4/24, 55, 67, , 11, ,San Luis Potosí,"biblioteca,-san luis potosí-air-quality.csv"
2021/4/25, 36, , , 7, ,San Luis Potosí,"biblioteca,-san luis potosí-air-quality.csv"
2021/4/26, 53, , , , ,San Luis Potosí,"biblioteca,-san luis potosí-air-quality.csv"
2021/4/28, 50, 31, , 6, ,San Luis Potosí,"biblioteca,-san luis potosí-air-quality.csv"
2021/4/29, 89, 25, , 7, ,San Luis Potosí,"biblioteca,-san luis potosí-air-quality.csv"
2021/4/30, 88, 28, , , ,San Luis Potosí,"biblioteca,-san luis potosí-air-quality.csv"
2021/5/1, 46, 17, , , ,San Luis Potosí,"biblioteca,-san luis potosí-air-quality.csv"
2021/5/2, 42, 32, , , ,San Luis Potosí,"biblioteca,-san luis potosí-air-quality.csv"
2021/5/3, 23, 26, , 9, ,San Luis Potosí,"biblioteca,-san luis potosí-air-quality.csv"
2021/5/4, 43, 34, , 10, ,San Luis Potosí,"biblioteca,-san luis potosí-air-quality.csv"
2021/5/5, 52, 22, , 8, ,San Luis Potosí,"biblioteca,-san luis potosí-air-quality.csv"
2021/5/6, 58, 20, , 3, ,San Luis Potosí,"biblioteca,-san luis potosí-air-quality.csv"
2021/5/7, 58, 18, , 7, ,San Luis Potosí,"biblioteca,-san luis potosí-air-quality.csv"
2021/5/8, 40, , , , ,San Luis Potosí,"biblioteca,-san luis potosí-air-quality.csv"
2021/5/12, 32, 26, , 3, ,San Luis Potosí,"biblioteca,-san luis potosí-air-quality.csv"
2021/5/13, 69, 17, , 4, ,San Luis Potosí,"biblioteca,-san luis potosí-air-quality.csv"
2021/5/14, 21, 16, , 4, ,San Luis Potosí,"biblioteca,-san luis potosí-air-quality.csv"
2021/5/15, 22, 23, , 4, ,San Luis Potosí,"biblioteca,-san luis potosí-air-quality.csv"
2021/5/16, 35, 34, , 6, ,San Luis Potosí,"biblioteca,-san luis potosí-air-quality.csv"
2021/5/17, 863, 29, , 1, ,San Luis Potosí,"biblioteca,-san luis potosí-air-quality.csv"
2021/5/18, 794, 19, , 5, ,San Luis Potosí,"biblioteca,-san luis potosí-air-quality.csv"
2021/5/28, 6, 28, , , ,San Luis Potosí,"biblioteca,-san luis potosí-air-quality.csv"
2021/5/29, 6, 31, , 3, ,San Luis Potosí,"biblioteca,-san luis potosí-air-quality.csv"
2021/5/30, 5, 23, , 8, ,San Luis Potosí,"biblioteca,-san luis potosí-air-quality.csv"
2021/6/1, 5, 23, , 3, ,San Luis Potosí,"biblioteca,-san luis potosí-air-quality.csv"
2021/6/2, 11, 23, , 9, ,San Luis Potosí,"biblioteca,-san luis potosí-air-quality.csv"
2021/6/3, 2, 26, , 3, ,San Luis Potosí,"biblioteca,-san luis potosí-air-quality.csv"
2021/6/4, 12, 24, , 4, ,San Luis Potosí,"biblioteca,-san luis potosí-air-quality.csv"
2021/6/5, 6, 29, , 2, ,San Luis Potosí,"biblioteca,-san luis potosí-air-quality.csv"
2021/6/6, 7, 32, , 3, ,San Luis Potosí,"biblioteca,-san luis potosí-air-quality.csv"
2021/6/7, 5, 35, , 6, ,San Luis Potosí,"biblioteca,-san luis potosí-air-quality.csv"
2021/6/8, 4, 27, , 2, ,San Luis Potosí,"biblioteca,-san luis potosí-air-quality.csv"
2021/6/9, 37, 24, , 9, ,San Luis Potosí,"biblioteca,-san luis potosí-air-quality.csv"
2021/6/10, 48, 21, , 9, ,San Luis Potosí,"biblioteca,-san luis potosí-air-quality.csv"
2021/6/11, 82, 19, , 10, ,San Luis Potosí,"biblioteca,-san luis potosí-air-quality.csv"
2021/6/12, 98, 17, , 6, ,San Luis Potosí,"biblioteca,-san luis potosí-air-quality.csv"
2021/6/13, 27, 13, , 6, ,San Luis Potosí,"biblioteca,-san luis potosí-air-quality.csv"
2021/6/14, 13, 11, , 4, ,San Luis Potosí,"biblioteca,-san luis potosí-air-quality.csv"
2021/6/15, 15, 19, , 6, ,San Luis Potosí,"biblioteca,-san luis potosí-air-quality.csv"
2021/6/16, 26, 23, , 3, ,San Luis Potosí,"biblioteca,-san luis potosí-air-quality.csv"
2021/6/17, 31, 18, , 2, ,San Luis Potosí,"biblioteca,-san luis potosí-air-quality.csv"
2021/6/18, 25, 18, , 3, ,San Luis Potosí,"biblioteca,-san luis potosí-air-quality.csv"
2021/6/19, 73, 14, , 7, ,San Luis Potosí,"biblioteca,-san luis potosí-air-quality.csv"
2021/6/20, 21, 19, , 7, ,San Luis Potosí,"biblioteca,-san luis potosí-air-quality.csv"
2021/6/21, 22, 24, , 7, ,San Luis Potosí,"biblioteca,-san luis potosí-air-quality.csv"
2021/6/22, 15, 20, , 9, ,San Luis Potosí,"biblioteca,-san luis potosí-air-quality.csv"
2021/6/23, 26, 21, , 4, ,San Luis Potosí,"biblioteca,-san luis potosí-air-quality.csv"
2021/6/24, 69, 21, , 6, ,San Luis Potosí,"biblioteca,-san luis potosí-air-quality.csv"
2021/6/25, 65, 18, , 9, ,San Luis Potosí,"biblioteca,-san luis potosí-air-quality.csv"
2021/6/26, 68, 22, , 7, ,San Luis Potosí,"biblioteca,-san luis potosí-air-quality.csv"
2021/6/27, 71, 12, , 6, ,San Luis Potosí,"biblioteca,-san luis potosí-air-quality.csv"
2021/6/28, 18, 9, , 7, ,San Luis Potosí,"biblioteca,-san luis potosí-air-quality.csv"
2021/6/29, 18, 18, , 6, ,San Luis Potosí,"biblioteca,-san luis potosí-air-quality.csv"
2021/6/30, 67, 16, , 7, ,San Luis Potosí,"biblioteca,-san luis potosí-air-quality.csv"
2021/7/1, 26, 15, , 4, ,San Luis Potosí,"biblioteca,-san luis potosí-air-quality.csv"
2021/1/5, 41, 22, , 9, 6,San Luis Potosí,"biblioteca,-san luis potosí-air-quality.csv"
2021/1/6, 56, 17, , 8, 9,San Luis Potosí,"biblioteca,-san luis potosí-air-quality.csv"
2021/1/7, 60, 21, , 8, 6,San Luis Potosí,"biblioteca,-san luis potosí-air-quality.csv"
2021/1/8, 57, 23, , 9, 5,San Luis Potosí,"biblioteca,-san luis potosí-air-quality.csv"
2021/1/9, 60, 14, , 9, 4,San Luis Potosí,"biblioteca,-san luis potosí-air-quality.csv"
2021/1/10, 46, 17, , 6, 3,San Luis Potosí,"biblioteca,-san luis potosí-air-quality.csv"
2021/1/11, 20, 13, , 6, 3,San Luis Potosí,"biblioteca,-san luis potosí-air-quality.csv"
2021/1/12, 35, 10, , 10, 3,San Luis Potosí,"biblioteca,-san luis potosí-air-quality.csv"
2021/1/13, 44, 15, , 7, 3,San Luis Potosí,"biblioteca,-san luis potosí-air-quality.csv"
2021/1/14, 35, 15, , 8, 8,San Luis Potosí,"biblioteca,-san luis potosí-air-quality.csv"
2021/1/15, 62, 16, , 8, 7,San Luis Potosí,"biblioteca,-san luis potosí-air-quality.csv"
2021/1/16, 57, 21, , 7, 8,San Luis Potosí,"biblioteca,-san luis potosí-air-quality.csv"
2021/1/17, 62, 17, , 8, 7,San Luis Potosí,"biblioteca,-san luis potosí-air-quality.csv"
2021/1/18, 57, 20, , 10, 6,San Luis Potosí,"biblioteca,-san luis potosí-air-quality.csv"
2021/1/19, 54, 21, , 5, 6,San Luis Potosí,"biblioteca,-san luis potosí-air-quality.csv"
2021/1/20, 66, 18, , 7, 3,San Luis Potosí,"biblioteca,-san luis potosí-air-quality.csv"
2021/1/21, 43, 18, , 16, 5,San Luis Potosí,"biblioteca,-san luis potosí-air-quality.csv"
2021/1/22, 77, 17, , 8, 3,San Luis Potosí,"biblioteca,-san luis potosí-air-quality.csv"
2021/1/23, 35, , , , ,San Luis Potosí,"biblioteca,-san luis potosí-air-quality.csv"
2021/1/24, 84, , , , ,San Luis Potosí,"biblioteca,-san luis potosí-air-quality.csv"
2021/1/25, 40, , , , ,San Luis Potosí,"biblioteca,-san luis potosí-air-quality.csv"
2021/1/26, 41, , , , ,San Luis Potosí,"biblioteca,-san luis potosí-air-quality.csv"
2021/1/27, 36, , , , ,San Luis Potosí,"biblioteca,-san luis potosí-air-quality.csv"
2021/1/28, 50, , , , ,San Luis Potosí,"biblioteca,-san luis potosí-air-quality.csv"
2021/1/29, 38, , , , ,San Luis Potosí,"biblioteca,-san luis potosí-air-quality.csv"
2021/1/30, 37, , , , ,San Luis Potosí,"biblioteca,-san luis potosí-air-quality.csv"
2021/1/31, 61, , , , ,San Luis Potosí,"biblioteca,-san luis potosí-air-quality.csv"
2021/2/1, 50, , , , ,San Luis Potosí,"biblioteca,-san luis potosí-air-quality.csv"
2021/2/2, 37, , , , ,San Luis Potosí,"biblioteca,-san luis potosí-air-quality.csv"
2021/2/3, 52, , , , ,San Luis Potosí,"biblioteca,-san luis potosí-air-quality.csv"
2021/2/4, 53, , , , ,San Luis Potosí,"biblioteca,-san luis potosí-air-quality.csv"
2021/2/5, 59, , , , ,San Luis Potosí,"biblioteca,-san luis potosí-air-quality.csv"
2021/2/6, 32, , , , ,San Luis Potosí,"biblioteca,-san luis potosí-air-quality.csv"
2021/2/7, 28, , , , ,San Luis Potosí,"biblioteca,-san luis potosí-air-quality.csv"
2021/2/8, 44, 15, , 5, 7,San Luis Potosí,"biblioteca,-san luis potosí-air-quality.csv"
2021/2/9, 44, 26, , 9, 8,San Luis Potosí,"biblioteca,-san luis potosí-air-quality.csv"
2021/2/10, 49, 27, , 6, 6,San Luis Potosí,"biblioteca,-san luis potosí-air-quality.csv"
2021/2/11, 56, 18, , 5, ,San Luis Potosí,"biblioteca,-san luis potosí-air-quality.csv"
2021/2/12, 113, 16, , 8, ,San Luis Potosí,"biblioteca,-san luis potosí-air-quality.csv"
2021/2/13, 46, 22, , 5, ,San Luis Potosí,"biblioteca,-san luis potosí-air-quality.csv"
2021/2/14, 60, 24, , 4, ,San Luis Potosí,"biblioteca,-san luis potosí-air-quality.csv"
2021/2/15, 56, 19, , 7, ,San Luis Potosí,"biblioteca,-san luis potosí-air-quality.csv"
2021/2/16, 80, 18, , 6, ,San Luis Potosí,"biblioteca,-san luis potosí-air-quality.csv"
2021/2/17, 48, 22, , 7, ,San Luis Potosí,"biblioteca,-san luis potosí-air-quality.csv"
2021/2/18, 35, 18, , 6, ,San Luis Potosí,"biblioteca,-san luis potosí-air-quality.csv"
2021/2/19, 29, 20, , 7, ,San Luis Potosí,"biblioteca,-san luis potosí-air-quality.csv"
2021/2/20, 33, 26, , 10, ,San Luis Potosí,"biblioteca,-san luis potosí-air-quality.csv"
2021/2/21, 51, 33, , 7, ,San Luis Potosí,"biblioteca,-san luis potosí-air-quality.csv"
2021/2/22, 63, 25, , 8, ,San Luis Potosí,"biblioteca,-san luis potosí-air-quality.csv"
2021/2/23, 59, 27, , 8, ,San Luis Potosí,"biblioteca,-san luis potosí-air-quality.csv"
2021/2/24, 50, 27, , 8, ,San Luis Potosí,"biblioteca,-san luis potosí-air-quality.csv"
2021/2/25, 54, 19, , 9, ,San Luis Potosí,"biblioteca,-san luis potosí-air-quality.csv"
2021/2/26, 42, 27, , 10, ,San Luis Potosí,"biblioteca,-san luis potosí-air-quality.csv"
2021/2/27, 60, 30, , 7, ,San Luis Potosí,"biblioteca,-san luis potosí-air-quality.csv"
2021/2/28, 59, 31, , 7, ,San Luis Potosí,"biblioteca,-san luis potosí-air-quality.csv"
2021/3/1, 50, 24, , 6, ,San Luis Potosí,"biblioteca,-san luis potosí-air-quality.csv"
2021/3/2, 48, 17, , 7, ,San Luis Potosí,"biblioteca,-san luis potosí-air-quality.csv"
2021/3/3, 41, 25, , 8, ,San Luis Potosí,"biblioteca,-san luis potosí-air-quality.csv"
2021/3/4, 47, 30, , 8, ,San Luis Potosí,"biblioteca,-san luis potosí-air-quality.csv"
2021/3/5, 60, 21, , 6, ,San Luis Potosí,"biblioteca,-san luis potosí-air-quality.csv"
2021/3/6, 59, 23, , 7, ,San Luis Potosí,"biblioteca,-san luis potosí-air-quality.csv"
2021/3/7, 41, 30, , 10, ,San Luis Potosí,"biblioteca,-san luis potosí-air-quality.csv"
2021/3/8, 57, 22, , 4, ,San Luis Potosí,"biblioteca,-san luis potosí-air-quality.csv"
2021/3/9, 36, 27, , 5, ,San Luis Potosí,"biblioteca,-san luis potosí-air-quality.csv"
2021/3/10, 37, 25, , 8, ,San Luis Potosí,"biblioteca,-san luis potosí-air-quality.csv"
2021/3/11, 63, 25, , 7, ,San Luis Potosí,"biblioteca,-san luis potosí-air-quality.csv"
2021/3/12, 58, 27, , 7, ,San Luis Potosí,"biblioteca,-san luis potosí-air-quality.csv"
2021/3/13, 56, 29, , 6, ,San Luis Potosí,"biblioteca,-san luis potosí-air-quality.csv"
2021/3/14, 48, 21, , 7, ,San Luis Potosí,"biblioteca,-san luis potosí-air-quality.csv"
2021/3/15, 52, 18, , 8, ,San Luis Potosí,"biblioteca,-san luis potosí-air-quality.csv"
2021/3/16, 47, 19, , 10, ,San Luis Potosí,"biblioteca,-san luis potosí-air-quality.csv"
2021/3/17, 63, 22, , 5, ,San Luis Potosí,"biblioteca,-san luis potosí-air-quality.csv"
2021/3/18, 33, 29, , 7, ,San Luis Potosí,"biblioteca,-san luis potosí-air-quality.csv"
2021/3/19, 60, 28, , 5, ,San Luis Potosí,"biblioteca,-san luis potosí-air-quality.csv"
2021/3/20, 59, 27, , 5, ,San Luis Potosí,"biblioteca,-san luis potosí-air-quality.csv"
2021/3/21, 46, 27, , 6, ,San Luis Potosí,"biblioteca,-san luis potosí-air-quality.csv"
2021/3/22, 100, 19, , 9, ,San Luis Potosí,"biblioteca,-san luis potosí-air-quality.csv"
2021/3/23, 51, 15, , 7, ,San Luis Potosí,"biblioteca,-san luis potosí-air-quality.csv"
2021/3/24, 42, 18, , 6, ,San Luis Potosí,"biblioteca,-san luis potosí-air-quality.csv"
2021/3/25, 54, 23, , 6, ,San Luis Potosí,"biblioteca,-san luis potosí-air-quality.csv"
2021/3/26, 69, 19, , 6, ,San Luis Potosí,"biblioteca,-san luis potosí-air-quality.csv"
2021/3/27, 57, 33, , 8, ,San Luis Potosí,"biblioteca,-san luis potosí-air-quality.csv"
2021/3/28, 52, 24, , 8, ,San Luis Potosí,"biblioteca,-san luis potosí-air-quality.csv"
2021/3/29, 62, 21, , 6, ,San Luis Potosí,"biblioteca,-san luis potosí-air-quality.csv"
2021/3/30, 37, 30, , 5, ,San Luis Potosí,"biblioteca,-san luis potosí-air-quality.csv"
2021/3/31, 49, 30, , 4, ,San Luis Potosí,"biblioteca,-san luis potosí-air-quality.csv"
2021/4/1, 59, 23, , 4, ,San Luis Potosí,"biblioteca,-san luis potosí-air-quality.csv"
2020/10/2, 36, , 4, 8, 3,San Luis Potosí,"biblioteca,-san luis potosí-air-quality.csv"
2020/10/3, 42, , 2, 5, 2,San Luis Potosí,"biblioteca,-san luis potosí-air-quality.csv"
2020/10/4, 26, , 3, 5, 3,San Luis Potosí,"biblioteca,-san luis potosí-air-quality.csv"
2020/10/5, 38, , 3, 5, 2,San Luis Potosí,"biblioteca,-san luis potosí-air-quality.csv"
2020/10/6, 40, , 5, 6, 3,San Luis Potosí,"biblioteca,-san luis potosí-air-quality.csv"
2020/10/7, 46, , 5, 8, 3,San Luis Potosí,"biblioteca,-san luis potosí-air-quality.csv"
2020/10/8, 44, , 6, 8, 3,San Luis Potosí,"biblioteca,-san luis potosí-air-quality.csv"
2020/10/9, 42, , 5, 5, 4,San Luis Potosí,"biblioteca,-san luis potosí-air-quality.csv"
2020/10/10, 42, , 4, 4, 3,San Luis Potosí,"biblioteca,-san luis potosí-air-quality.csv"
2020/10/11, 43, , 5, , 4,San Luis Potosí,"biblioteca,-san luis potosí-air-quality.csv"
2020/10/12, 35, , 5, , 3,San Luis Potosí,"biblioteca,-san luis potosí-air-quality.csv"
2020/10/13, 45, , 1, , 3,San Luis Potosí,"biblioteca,-san luis potosí-air-quality.csv"
2020/10/14, 26, , 3, , 3,San Luis Potosí,"biblioteca,-san luis potosí-air-quality.csv"
2020/10/15, 29, , 5, , 3,San Luis Potosí,"biblioteca,-san luis potosí-air-quality.csv"
2020/10/16, 41, , 3, , 1,San Luis Potosí,"biblioteca,-san luis potosí-air-quality.csv"
2020/10/17, 37, , 9, , 3,San Luis Potosí,"biblioteca,-san luis potosí-air-quality.csv"
2020/10/18, 28, , 4, , 3,San Luis Potosí,"biblioteca,-san luis potosí-air-quality.csv"
2020/10/19, 29, 14, 5, 12, 3,San Luis Potosí,"biblioteca,-san luis potosí-air-quality.csv"
2020/10/20, 46, 19, 5, 7, 3,San Luis Potosí,"biblioteca,-san luis potosí-air-quality.csv"
2020/10/21, 44, 19, 4, 6, 2,San Luis Potosí,"biblioteca,-san luis potosí-air-quality.csv"
2020/10/22, 32, 24, 5, 6, 3,San Luis Potosí,"biblioteca,-san luis potosí-air-quality.csv"
2020/10/23, 35, 23, 7, 10, 4,San Luis Potosí,"biblioteca,-san luis potosí-air-quality.csv"
2020/10/24, 50, 20, 4, 5, 3,San Luis Potosí,"biblioteca,-san luis potosí-air-quality.csv"
2020/10/25, 37, 22, 6, 5, 5,San Luis Potosí,"biblioteca,-san luis potosí-air-quality.csv"
2020/10/26, 42, 21, 9, 11, 4,San Luis Potosí,"biblioteca,-san luis potosí-air-quality.csv"
2020/10/27, 48, 27, 9, 12, 3,San Luis Potosí,"biblioteca,-san luis potosí-air-quality.csv"
2020/10/28, 61, 19, 7, 7, 6,San Luis Potosí,"biblioteca,-san luis potosí-air-quality.csv"
2020/10/29, 51, 17, 2, 6, 4,San Luis Potosí,"biblioteca,-san luis potosí-air-quality.csv"
2020/10/30, 35, 21, 4, 4, 3,San Luis Potosí,"biblioteca,-san luis potosí-air-quality.csv"
2020/10/31, 36, 21, 7, 9, 4,San Luis Potosí,"biblioteca,-san luis potosí-air-quality.csv"
2020/11/1, 50, 21, 4, 6, 2,San Luis Potosí,"biblioteca,-san luis potosí-air-quality.csv"
2020/11/2, 45, 17, 1, 4, 2,San Luis Potosí,"biblioteca,-san luis potosí-air-quality.csv"
2020/11/3, 25, 18, 3, 6, 3,San Luis Potosí,"biblioteca,-san luis potosí-air-quality.csv"
2020/11/4, 34, 17, 4, 7, 3,San Luis Potosí,"biblioteca,-san luis potosí-air-quality.csv"
2020/11/5, 40, 18, 3, 5, 2,San Luis Potosí,"biblioteca,-san luis potosí-air-quality.csv"
2020/11/6, 557, 17, 4, 7, 1,San Luis Potosí,"biblioteca,-san luis potosí-air-quality.csv"
2020/11/7, 39, 25, 7, 6, 5,San Luis Potosí,"biblioteca,-san luis potosí-air-quality.csv"
2020/11/8, 51, 25, 7, 6, 7,San Luis Potosí,"biblioteca,-san luis potosí-air-quality.csv"
2020/11/9, 48, 28, 10, 8, 7,San Luis Potosí,"biblioteca,-san luis potosí-air-quality.csv"
2020/11/10, 52, 18, 9, 9, 5,San Luis Potosí,"biblioteca,-san luis potosí-air-quality.csv"
2020/11/11, 48, 20, 8, 7, 6,San Luis Potosí,"biblioteca,-san luis potosí-air-quality.csv"
2020/11/12, 55, 31, 5, 7, 5,San Luis Potosí,"biblioteca,-san luis potosí-air-quality.csv"
2020/11/13, 49, 26, 5, 7, 3,San Luis Potosí,"biblioteca,-san luis potosí-air-quality.csv"
2020/11/14, 49, 24, 7, 7, 5,San Luis Potosí,"biblioteca,-san luis potosí-air-quality.csv"
2020/11/15, 57, 22, 5, 6, 4,San Luis Potosí,"biblioteca,-san luis potosí-air-quality.csv"
2020/11/16, 52, 14, 2, 9, 2,San Luis Potosí,"biblioteca,-san luis potosí-air-quality.csv"
2020/11/17, 19, 15, 3, 3, 2,San Luis Potosí,"biblioteca,-san luis potosí-air-quality.csv"
2020/11/18, 24, 16, 2, 6, 2,San Luis Potosí,"biblioteca,-san luis potosí-air-quality.csv"
2020/11/19, 57, 15, 3, 6, 2,San Luis Potosí,"biblioteca,-san luis potosí-air-quality.csv"
2020/11/20, 27, 16, 4, 7, 2,San Luis Potosí,"biblioteca,-san luis potosí-air-quality.csv"
2020/11/21, 40, 13, 3, 6, 3,San Luis Potosí,"biblioteca,-san luis potosí-air-quality.csv"
2020/11/22, 25, 16, 3, 7, 2,San Luis Potosí,"biblioteca,-san luis potosí-air-quality.csv"
2020/11/23, 35, 14, 5, 6, 2,San Luis Potosí,"biblioteca,-san luis potosí-air-quality.csv"
2020/11/24, 36, 14, 9, 10, 6,San Luis Potosí,"biblioteca,-san luis potosí-air-quality.csv"
2020/11/25, 49, 18, 7, 8, 5,San Luis Potosí,"biblioteca,-san luis potosí-air-quality.csv"
2020/11/26, 47, 34, 10, 10, 6,San Luis Potosí,"biblioteca,-san luis potosí-air-quality.csv"
2020/11/27, 57, 25, 10, 9, 7,San Luis Potosí,"biblioteca,-san luis potosí-air-quality.csv"
2020/11/28, 54, 23, 12, 10, 9,San Luis Potosí,"biblioteca,-san luis potosí-air-quality.csv"
2020/11/29, 64, 20, 4, 8, 3,San Luis Potosí,"biblioteca,-san luis potosí-air-quality.csv"
2020/11/30, 51, 16, 2, 6, 2,San Luis Potosí,"biblioteca,-san luis potosí-air-quality.csv"
2020/12/1, 25, 15, 6, 12, 3,San Luis Potosí,"biblioteca,-san luis potosí-air-quality.csv"
2020/12/2, 48, 15, 6, 7, 4,San Luis Potosí,"biblioteca,-san luis potosí-air-quality.csv"
2020/12/3, 44, 20, 7, 10, 4,San Luis Potosí,"biblioteca,-san luis potosí-air-quality.csv"
2020/12/4, 57, 9, 4, 5, 4,San Luis Potosí,"biblioteca,-san luis potosí-air-quality.csv"
2020/12/5, 45, 12, 5, 7, 5,San Luis Potosí,"biblioteca,-san luis potosí-air-quality.csv"
2020/12/6, 41, 14, , 7, 4,San Luis Potosí,"biblioteca,-san luis potosí-air-quality.csv"
2020/12/7, 42, 8, 4, 5, 4,San Luis Potosí,"biblioteca,-san luis potosí-air-quality.csv"
2020/12/8, 48, 15, 8, 5, 3,San Luis Potosí,"biblioteca,-san luis potosí-air-quality.csv"
2020/12/9, 40, 17, 11, 10, 5,San Luis Potosí,"biblioteca,-san luis potosí-air-quality.csv"
2020/12/10, 45, 11, , 12, 10,San Luis Potosí,"biblioteca,-san luis potosí-air-quality.csv"
2020/12/11, 54, 7, 9, 7, 9,San Luis Potosí,"biblioteca,-san luis potosí-air-quality.csv"
2020/12/12, 20, 19, 6, 8, 6,San Luis Potosí,"biblioteca,-san luis potosí-air-quality.csv"
2020/12/13, 45, 14, 4, 5, 7,San Luis Potosí,"biblioteca,-san luis potosí-air-quality.csv"
2020/12/14, 32, 17, 5, 4, 4,San Luis Potosí,"biblioteca,-san luis potosí-air-quality.csv"
2020/12/15, 51, 13, 4, 5, 3,San Luis Potosí,"biblioteca,-san luis potosí-air-quality.csv"
2020/12/16, 42, 16, 8, 6, 6,San Luis Potosí,"biblioteca,-san luis potosí-air-quality.csv"
2020/12/17, 49, 20, 6, 8, 4,San Luis Potosí,"biblioteca,-san luis potosí-air-quality.csv"
2020/12/18, 55, 17, 7, 7, 6,San Luis Potosí,"biblioteca,-san luis potosí-air-quality.csv"
2020/12/19, 53, 18, 7, 7, 5,San Luis Potosí,"biblioteca,-san luis potosí-air-quality.csv"
2020/12/20, 51, 19, 5, 6, 4,San Luis Potosí,"biblioteca,-san luis potosí-air-quality.csv"
2020/12/21, 46, 18, 7, 7, 4,San Luis Potosí,"biblioteca,-san luis potosí-air-quality.csv"
2020/12/22, 47, 19, 8, 11, 9,San Luis Potosí,"biblioteca,-san luis potosí-air-quality.csv"
2020/12/23, 60, 15, 5, 7, 4,San Luis Potosí,"biblioteca,-san luis potosí-air-quality.csv"
2020/12/24, 39, 16, 5, 7, 4,San Luis Potosí,"biblioteca,-san luis potosí-air-quality.csv"
2020/12/25, 50, 21, 2, 6, 2,San Luis Potosí,"biblioteca,-san luis potosí-air-quality.csv"
2020/12/26, 50, 16, 11, 10, 6,San Luis Potosí,"biblioteca,-san luis potosí-air-quality.csv"
2020/12/27, 62, 17, , 8, 11,San Luis Potosí,"biblioteca,-san luis potosí-air-quality.csv"
2020/12/28, 69, 16, , 8, 7,San Luis Potosí,"biblioteca,-san luis potosí-air-quality.csv"
2020/12/29, 125, 22, , 11, 8,San Luis Potosí,"biblioteca,-san luis potosí-air-quality.csv"
2020/12/30, 62, 23, , 7, 3,San Luis Potosí,"biblioteca,-san luis potosí-air-quality.csv"
2020/12/31, 51, 25, , 6, 5,San Luis Potosí,"biblioteca,-san luis potosí-air-quality.csv"
2021/1/1, 50, 21, , 12, 8,San Luis Potosí,"biblioteca,-san luis potosí-air-quality.csv"
2021/1/2, 92, 22, , 9, 4,San Luis Potosí,"biblioteca,-san luis potosí-air-quality.csv"
2021/1/3, 36, 20, , 7, 5,San Luis Potosí,"biblioteca,-san luis potosí-air-quality.csv"
2021/1/4, 48, 23, , 7, 6,San Luis Potosí,"biblioteca,-san luis potosí-air-quality.csv"
2020/7/2, 48, 21, 5, 5, 2,San Luis Potosí,"biblioteca,-san luis potosí-air-quality.csv"
2020/7/3, 41, 20, 5, 6, 1,San Luis Potosí,"biblioteca,-san luis potosí-air-quality.csv"
2020/7/4, 44, 20, 5, 7, 1,San Luis Potosí,"biblioteca,-san luis potosí-air-quality.csv"
2020/7/5, 36, 22, 5, 7, 2,San Luis Potosí,"biblioteca,-san luis potosí-air-quality.csv"
2020/7/6, 30, 20, 6, 7, 2,San Luis Potosí,"biblioteca,-san luis potosí-air-quality.csv"
2020/7/7, 33, 23, 7, 8, 2,San Luis Potosí,"biblioteca,-san luis potosí-air-quality.csv"
2020/7/8, 39, 28, 8, 9, 2,San Luis Potosí,"biblioteca,-san luis potosí-air-quality.csv"
2020/7/9, 38, 21, 6, 6, 1,San Luis Potosí,"biblioteca,-san luis potosí-air-quality.csv"
2020/7/10, 20, 27, 10, 6, 3,San Luis Potosí,"biblioteca,-san luis potosí-air-quality.csv"
2020/7/11, 31, 16, 4, 6, 2,San Luis Potosí,"biblioteca,-san luis potosí-air-quality.csv"
2020/7/12, 28, 15, 4, 6, 1,San Luis Potosí,"biblioteca,-san luis potosí-air-quality.csv"
2020/7/13, 25, 23, 6, 4, 1,San Luis Potosí,"biblioteca,-san luis potosí-air-quality.csv"
2020/7/14, 34, 26, 6, 5, 2,San Luis Potosí,"biblioteca,-san luis potosí-air-quality.csv"
2020/7/15, 42, 28, 7, 5, 2,San Luis Potosí,"biblioteca,-san luis potosí-air-quality.csv"
2020/7/16, 43, 20, 5, 5, 2,San Luis Potosí,"biblioteca,-san luis potosí-air-quality.csv"
2020/7/17, 50, 19, 4, 7, 2,San Luis Potosí,"biblioteca,-san luis potosí-air-quality.csv"
2020/7/18, 62, 20, 6, 5, 1,San Luis Potosí,"biblioteca,-san luis potosí-air-quality.csv"
2020/7/19, 60, 23, 6, 5, 1,San Luis Potosí,"biblioteca,-san luis potosí-air-quality.csv"
2020/7/20, 48, 27, 12, 8, 4,San Luis Potosí,"biblioteca,-san luis potosí-air-quality.csv"
2020/7/21, 41, 32, 8, 7, 3,San Luis Potosí,"biblioteca,-san luis potosí-air-quality.csv"
2020/7/22, 28, 22, 7, 7, 2,San Luis Potosí,"biblioteca,-san luis potosí-air-quality.csv"
2020/7/23, 34, 23, 6, 7, 1,San Luis Potosí,"biblioteca,-san luis potosí-air-quality.csv"
2020/7/24, 28, 21, 6, 7, 3,San Luis Potosí,"biblioteca,-san luis potosí-air-quality.csv"
2020/7/25, 31, 25, 8, 8, 2,San Luis Potosí,"biblioteca,-san luis potosí-air-quality.csv"
2020/7/26, 31, 20, 8, 7, 1,San Luis Potosí,"biblioteca,-san luis potosí-air-quality.csv"
2020/7/27, 13, 15, 9, 7, 3,San Luis Potosí,"biblioteca,-san luis potosí-air-quality.csv"
2020/7/28, 14, 21, 8, 6, 1,San Luis Potosí,"biblioteca,-san luis potosí-air-quality.csv"
2020/7/29, 26, 15, 7, 6, 2,San Luis Potosí,"biblioteca,-san luis potosí-air-quality.csv"
2020/7/30, 20, 18, 5, 5, 2,San Luis Potosí,"biblioteca,-san luis potosí-air-quality.csv"
2020/7/31, 17, 15, 4, 6, 1,San Luis Potosí,"biblioteca,-san luis potosí-air-quality.csv"
2020/8/1, 25, 12, 5, 6, ,San Luis Potosí,"biblioteca,-san luis potosí-air-quality.csv"
2020/8/2, 26, 16, 5, 5, 2,San Luis Potosí,"biblioteca,-san luis potosí-air-quality.csv"
2020/8/3, 30, 17, 5, 4, 1,San Luis Potosí,"biblioteca,-san luis potosí-air-quality.csv"
2020/8/4, 25, 6, 9, 7, 2,San Luis Potosí,"biblioteca,-san luis potosí-air-quality.csv"
2020/8/5, 34, , , , ,San Luis Potosí,"biblioteca,-san luis potosí-air-quality.csv"
2020/8/7, 33, 15, 4, 3, 2,San Luis Potosí,"biblioteca,-san luis potosí-air-quality.csv"
2020/8/8, 30, 13, 3, 5, 2,San Luis Potosí,"biblioteca,-san luis potosí-air-quality.csv"
2020/8/9, 19, 14, 3, 3, 2,San Luis Potosí,"biblioteca,-san luis potosí-air-quality.csv"
2020/8/10, 15, 13, 5, 3, 2,San Luis Potosí,"biblioteca,-san luis potosí-air-quality.csv"
2020/8/11, 22, 12, 3, 5, 2,San Luis Potosí,"biblioteca,-san luis potosí-air-quality.csv"
2020/8/12, 21, 14, 3, 4, 1,San Luis Potosí,"biblioteca,-san luis potosí-air-quality.csv"
2020/8/13, 26, 17, 4, 7, 1,San Luis Potosí,"biblioteca,-san luis potosí-air-quality.csv"
2020/8/14, 32, 19, 5, 6, 1,San Luis Potosí,"biblioteca,-san luis potosí-air-quality.csv"
2020/8/15, 32, 17, 6, 6, 2,San Luis Potosí,"biblioteca,-san luis potosí-air-quality.csv"
2020/8/16, 32, 13, 3, 6, 4,San Luis Potosí,"biblioteca,-san luis potosí-air-quality.csv"
2020/8/17, 26, 12, 4, 6, 2,San Luis Potosí,"biblioteca,-san luis potosí-air-quality.csv"
2020/8/18, 27, 15, 4, 7, 2,San Luis Potosí,"biblioteca,-san luis potosí-air-quality.csv"
2020/8/19, 310, 16, 5, 6, 2,San Luis Potosí,"biblioteca,-san luis potosí-air-quality.csv"
2020/8/20, 485, 22, 10, 6, 2,San Luis Potosí,"biblioteca,-san luis potosí-air-quality.csv"
2020/8/21, 32, 26, 9, 7, 3,San Luis Potosí,"biblioteca,-san luis potosí-air-quality.csv"
2020/8/22, 43, 23, 6, 8, 3,San Luis Potosí,"biblioteca,-san luis potosí-air-quality.csv"
2020/8/23, 28, 21, 5, 8, 3,San Luis Potosí,"biblioteca,-san luis potosí-air-quality.csv"
2020/8/24, 32, 18, 1, 5, 2,San Luis Potosí,"biblioteca,-san luis potosí-air-quality.csv"
2020/8/25, 21, 17, 1, 5, 1,San Luis Potosí,"biblioteca,-san luis potosí-air-quality.csv"
2020/8/26, 21, 13, 1, 5, 1,San Luis Potosí,"biblioteca,-san luis potosí-air-quality.csv"
2020/8/27, 11, 16, 2, 5, 2,San Luis Potosí,"biblioteca,-san luis potosí-air-quality.csv"
2020/8/28, 17, 21, 3, 7, 2,San Luis Potosí,"biblioteca,-san luis potosí-air-quality.csv"
2020/8/29, 22, 19, 2, 7, 2,San Luis Potosí,"biblioteca,-san luis potosí-air-quality.csv"
2020/8/30, 27, 24, 2, 7, 2,San Luis Potosí,"biblioteca,-san luis potosí-air-quality.csv"
2020/8/31, 26, 14, 3, 7, 2,San Luis Potosí,"biblioteca,-san luis potosí-air-quality.csv"
2020/9/1, 17, 11, 4, 8, 2,San Luis Potosí,"biblioteca,-san luis potosí-air-quality.csv"
2020/9/2, 23, 25, 3, 7, 2,San Luis Potosí,"biblioteca,-san luis potosí-air-quality.csv"
2020/9/3, 36, 19, 2, 4, 2,San Luis Potosí,"biblioteca,-san luis potosí-air-quality.csv"
2020/9/4, 40, 13, 2, 6, 2,San Luis Potosí,"biblioteca,-san luis potosí-air-quality.csv"
2020/9/5, 34, 13, 1, 7, 1,San Luis Potosí,"biblioteca,-san luis potosí-air-quality.csv"
2020/9/6, 20, 13, 1, 5, 2,San Luis Potosí,"biblioteca,-san luis potosí-air-quality.csv"
2020/9/7, 10, 16, 2, 6, 2,San Luis Potosí,"biblioteca,-san luis potosí-air-quality.csv"
2020/9/8, 12, 25, 4, 9, 3,San Luis Potosí,"biblioteca,-san luis potosí-air-quality.csv"
2020/9/9, 31, 23, 4, 10, 3,San Luis Potosí,"biblioteca,-san luis potosí-air-quality.csv"
2020/9/10, 23, 15, 1, 6, 2,San Luis Potosí,"biblioteca,-san luis potosí-air-quality.csv"
2020/9/11, 19, 14, 1, 7, 2,San Luis Potosí,"biblioteca,-san luis potosí-air-quality.csv"
2020/9/12, 15, 16, 3, 6, 2,San Luis Potosí,"biblioteca,-san luis potosí-air-quality.csv"
2020/9/13, 19, 19, 2, 6, 1,San Luis Potosí,"biblioteca,-san luis potosí-air-quality.csv"
2020/9/14, 18, 21, 4, 7, 3,San Luis Potosí,"biblioteca,-san luis potosí-air-quality.csv"
2020/9/15, 32, 16, 5, 6, 4,San Luis Potosí,"biblioteca,-san luis potosí-air-quality.csv"
2020/9/16, 20, 17, 4, 6, 3,San Luis Potosí,"biblioteca,-san luis potosí-air-quality.csv"
2020/9/17, 26, 17, 3, 5, 2,San Luis Potosí,"biblioteca,-san luis potosí-air-quality.csv"
2020/9/18, 24, 19, 2, 6, 2,San Luis Potosí,"biblioteca,-san luis potosí-air-quality.csv"
2020/9/19, 17, 16, 4, 8, 3,San Luis Potosí,"biblioteca,-san luis potosí-air-quality.csv"
2020/9/20, 26, 21, 3, 8, 2,San Luis Potosí,"biblioteca,-san luis potosí-air-quality.csv"
2020/9/21, 25, 22, 4, 4, 3,San Luis Potosí,"biblioteca,-san luis potosí-air-quality.csv"
2020/9/22, 35, 9, 7, 4, 4,San Luis Potosí,"biblioteca,-san luis potosí-air-quality.csv"
2020/9/23, 44, 12, 2, 6, 3,San Luis Potosí,"biblioteca,-san luis potosí-air-quality.csv"
2020/9/24, 38, 45, 3, 5, 3,San Luis Potosí,"biblioteca,-san luis potosí-air-quality.csv"
2020/9/25, 38, 19, 5, 8, 3,San Luis Potosí,"biblioteca,-san luis potosí-air-quality.csv"
2020/9/26, 47, , 6, 7, 4,San Luis Potosí,"biblioteca,-san luis potosí-air-quality.csv"
2020/9/27, 45, , 6, 8, 5,San Luis Potosí,"biblioteca,-san luis potosí-air-quality.csv"
2020/9/28, 47, , 4, 6, 3,San Luis Potosí,"biblioteca,-san luis potosí-air-quality.csv"
2020/9/29, 43, 13, 3, 6, 3,San Luis Potosí,"biblioteca,-san luis potosí-air-quality.csv"
2020/9/30, 33, 22, 4, 7, 3,San Luis Potosí,"biblioteca,-san luis potosí-air-quality.csv"
2020/10/1, 36, 36, 4, 7, 3,San Luis Potosí,"biblioteca,-san luis potosí-air-quality.csv"
2020/4/2, 34, 26, 9, 6, 3,San Luis Potosí,"biblioteca,-san luis potosí-air-quality.csv"
2020/4/3, 35, 25, 9, 7, 3,San Luis Potosí,"biblioteca,-san luis potosí-air-quality.csv"
2020/4/4, 37, 23, 5, 6, 1,San Luis Potosí,"biblioteca,-san luis potosí-air-quality.csv"
2020/4/5, 31, 23, 4, 6, 2,San Luis Potosí,"biblioteca,-san luis potosí-air-quality.csv"
2020/4/6, 30, 25, 6, 5, 3,San Luis Potosí,"biblioteca,-san luis potosí-air-quality.csv"
2020/4/7, 28, 23, 8, 6, 2,San Luis Potosí,"biblioteca,-san luis potosí-air-quality.csv"
2020/4/8, 30, 22, 8, 6, 3,San Luis Potosí,"biblioteca,-san luis potosí-air-quality.csv"
2020/4/9, 36, 21, 5, 6, 2,San Luis Potosí,"biblioteca,-san luis potosí-air-quality.csv"
2020/4/10, 32, 21, 5, 8, 1,San Luis Potosí,"biblioteca,-san luis potosí-air-quality.csv"
2020/4/11, 27, 19, 5, 7, 2,San Luis Potosí,"biblioteca,-san luis potosí-air-quality.csv"
2020/4/12, 41, 23, 2, 5, 1,San Luis Potosí,"biblioteca,-san luis potosí-air-quality.csv"
2020/4/13, 43, 24, 5, 5, 1,San Luis Potosí,"biblioteca,-san luis potosí-air-quality.csv"
2020/4/14, 17, 30, 11, 8, 4,San Luis Potosí,"biblioteca,-san luis potosí-air-quality.csv"
2020/4/15, 51, 21, 7, 6, 4,San Luis Potosí,"biblioteca,-san luis potosí-air-quality.csv"
2020/4/16, 42, 27, 7, 5, 3,San Luis Potosí,"biblioteca,-san luis potosí-air-quality.csv"
2020/4/17, 34, 23, 8, 7, 4,San Luis Potosí,"biblioteca,-san luis potosí-air-quality.csv"
2020/4/18, 30, 27, 7, 4, 2,San Luis Potosí,"biblioteca,-san luis potosí-air-quality.csv"
2020/4/19, 35, 22, 3, 3, 1,San Luis Potosí,"biblioteca,-san luis potosí-air-quality.csv"
2020/4/20, 26, 22, 7, 7, 2,San Luis Potosí,"biblioteca,-san luis potosí-air-quality.csv"
2020/4/21, 27, 30, 6, 7, 4,San Luis Potosí,"biblioteca,-san luis potosí-air-quality.csv"
2020/4/22, 45, 29, 5, 6, 2,San Luis Potosí,"biblioteca,-san luis potosí-air-quality.csv"
2020/4/23, 37, 27, 7, 8, 2,San Luis Potosí,"biblioteca,-san luis potosí-air-quality.csv"
2020/4/24, 36, 33, 8, 8, 3,San Luis Potosí,"biblioteca,-san luis potosí-air-quality.csv"
2020/4/25, 56, 36, 9, 7, 4,San Luis Potosí,"biblioteca,-san luis potosí-air-quality.csv"
2020/4/26, 57, 30, 4, 5, 3,San Luis Potosí,"biblioteca,-san luis potosí-air-quality.csv"
2020/4/27, 31, 33, 6, 7, 3,San Luis Potosí,"biblioteca,-san luis potosí-air-quality.csv"
2020/4/28, 44, 29, 9, 6, 3,San Luis Potosí,"biblioteca,-san luis potosí-air-quality.csv"
2020/4/29, 36, 27, 8, 4, 3,San Luis Potosí,"biblioteca,-san luis potosí-air-quality.csv"
2020/4/30, 38, 30, 8, 5, 2,San Luis Potosí,"biblioteca,-san luis potosí-air-quality.csv"
2020/5/1, 28, 31, 5, 5, 1,San Luis Potosí,"biblioteca,-san luis potosí-air-quality.csv"
2020/5/2, 22, 31, 7, 4, 2,San Luis Potosí,"biblioteca,-san luis potosí-air-quality.csv"
2020/5/3, 28, 30, 5, 4, 3,San Luis Potosí,"biblioteca,-san luis potosí-air-quality.csv"
2020/5/4, 30, 26, 6, 6, 3,San Luis Potosí,"biblioteca,-san luis potosí-air-quality.csv"
2020/5/5, 32, 25, 5, 6, 2,San Luis Potosí,"biblioteca,-san luis potosí-air-quality.csv"
2020/5/6, 18, 24, 5, 7, 2,San Luis Potosí,"biblioteca,-san luis potosí-air-quality.csv"
2020/5/7, 30, 28, 6, 6, 2,San Luis Potosí,"biblioteca,-san luis potosí-air-quality.csv"
2020/5/8, 27, 27, 7, 5, 3,San Luis Potosí,"biblioteca,-san luis potosí-air-quality.csv"
2020/5/9, 27, 27, 8, 7, 3,San Luis Potosí,"biblioteca,-san luis potosí-air-quality.csv"
2020/5/10, 23, 28, 5, 5, 2,San Luis Potosí,"biblioteca,-san luis potosí-air-quality.csv"
2020/5/11, 56, 26, 6, 6, 1,San Luis Potosí,"biblioteca,-san luis potosí-air-quality.csv"
2020/5/12, 23, 29, 9, 8, 3,San Luis Potosí,"biblioteca,-san luis potosí-air-quality.csv"
2020/5/13, 31, 32, 8, 7, 3,San Luis Potosí,"biblioteca,-san luis potosí-air-quality.csv"
2020/5/14, 31, 28, 8, 5, 3,San Luis Potosí,"biblioteca,-san luis potosí-air-quality.csv"
2020/5/15, 34, 29, 10, 6, 4,San Luis Potosí,"biblioteca,-san luis potosí-air-quality.csv"
2020/5/16, 40, 22, 4, 6, 2,San Luis Potosí,"biblioteca,-san luis potosí-air-quality.csv"
2020/5/17, 31, 36, 6, 6, 3,San Luis Potosí,"biblioteca,-san luis potosí-air-quality.csv"
2020/5/18, 44, 30, 7, 6, 3,San Luis Potosí,"biblioteca,-san luis potosí-air-quality.csv"
2020/5/19, 36, 30, 9, 6, 3,San Luis Potosí,"biblioteca,-san luis potosí-air-quality.csv"
2020/5/20, 40, 26, 10, 10, 4,San Luis Potosí,"biblioteca,-san luis potosí-air-quality.csv"
2020/5/21, 33, 20, 7, 7, 3,San Luis Potosí,"biblioteca,-san luis potosí-air-quality.csv"
2020/5/22, 34, 33, 6, 7, 3,San Luis Potosí,"biblioteca,-san luis potosí-air-quality.csv"
2020/5/23, 43, 29, 8, 6, 3,San Luis Potosí,"biblioteca,-san luis potosí-air-quality.csv"
2020/5/24, 34, 30, 6, 5, 3,San Luis Potosí,"biblioteca,-san luis potosí-air-quality.csv"
2020/5/25, 23, 29, 6, 4, 3,San Luis Potosí,"biblioteca,-san luis potosí-air-quality.csv"
2020/5/26, 27, 38, 6, 6, 4,San Luis Potosí,"biblioteca,-san luis potosí-air-quality.csv"
2020/5/27, 45, 29, 6, 5, 4,San Luis Potosí,"biblioteca,-san luis potosí-air-quality.csv"
2020/5/28, 46, 27, 9, 4, 3,San Luis Potosí,"biblioteca,-san luis potosí-air-quality.csv"
2020/5/29, 39, 23, 8, 5, 1,San Luis Potosí,"biblioteca,-san luis potosí-air-quality.csv"
2020/5/30, 30, 24, 3, 6, 1,San Luis Potosí,"biblioteca,-san luis potosí-air-quality.csv"
2020/5/31, 19, 25, 4, 6, 2,San Luis Potosí,"biblioteca,-san luis potosí-air-quality.csv"
2020/6/1, 726, 25, 6, 7, 3,San Luis Potosí,"biblioteca,-san luis potosí-air-quality.csv"
2020/6/2, 521, 22, 5, 6, 1,San Luis Potosí,"biblioteca,-san luis potosí-air-quality.csv"
2020/6/3, 30, 21, 4, 7, 1,San Luis Potosí,"biblioteca,-san luis potosí-air-quality.csv"
2020/6/4, 23, 20, 5, 6, 1,San Luis Potosí,"biblioteca,-san luis potosí-air-quality.csv"
2020/6/5, 25, 19, 4, 6, 1,San Luis Potosí,"biblioteca,-san luis potosí-air-quality.csv"
2020/6/6, 27, 20, 5, 7, 1,San Luis Potosí,"biblioteca,-san luis potosí-air-quality.csv"
2020/6/7, 25, 25, 3, 7, 2,San Luis Potosí,"biblioteca,-san luis potosí-air-quality.csv"
2020/6/8, 30, 23, 5, 5, 1,San Luis Potosí,"biblioteca,-san luis potosí-air-quality.csv"
2020/6/9, 29, 26, 10, 6, 1,San Luis Potosí,"biblioteca,-san luis potosí-air-quality.csv"
2020/6/10, 30, 23, 8, 6, 2,San Luis Potosí,"biblioteca,-san luis potosí-air-quality.csv"
2020/6/11, 23, 20, 3, 6, 2,San Luis Potosí,"biblioteca,-san luis potosí-air-quality.csv"
2020/6/12, 21, 21, 4, 5, 2,San Luis Potosí,"biblioteca,-san luis potosí-air-quality.csv"
2020/6/13, 24, 26, 7, 7, 1,San Luis Potosí,"biblioteca,-san luis potosí-air-quality.csv"
2020/6/14, 35, 27, 4, 7, 2,San Luis Potosí,"biblioteca,-san luis potosí-air-quality.csv"
2020/6/15, 27, 27, 6, 4, 1,San Luis Potosí,"biblioteca,-san luis potosí-air-quality.csv"
2020/6/16, 31, 19, 8, 6, 2,San Luis Potosí,"biblioteca,-san luis potosí-air-quality.csv"
2020/6/17, 33, 19, 7, 4, 2,San Luis Potosí,"biblioteca,-san luis potosí-air-quality.csv"
2020/6/18, 35, 22, 7, 6, 2,San Luis Potosí,"biblioteca,-san luis potosí-air-quality.csv"
2020/6/19, 36, 21, 7, 4, 3,San Luis Potosí,"biblioteca,-san luis potosí-air-quality.csv"
2020/6/20, 24, 20, 6, 5, 2,San Luis Potosí,"biblioteca,-san luis potosí-air-quality.csv"
2020/6/21, 27, 22, 4, 6, 1,San Luis Potosí,"biblioteca,-san luis potosí-air-quality.csv"
2020/6/22, 27, 26, 7, 7, 2,San Luis Potosí,"biblioteca,-san luis potosí-air-quality.csv"
2020/6/23, 23, 22, 4, 5, 1,San Luis Potosí,"biblioteca,-san luis potosí-air-quality.csv"
2020/6/24, 23, 20, 6, 6, 1,San Luis Potosí,"biblioteca,-san luis potosí-air-quality.csv"
2020/6/25, 26, 16, 5, 5, 1,San Luis Potosí,"biblioteca,-san luis potosí-air-quality.csv"
2020/6/26, 27, 14, 9, 5, 2,San Luis Potosí,"biblioteca,-san luis potosí-air-quality.csv"
2020/6/27, 20, 21, 7, 7, 2,San Luis Potosí,"biblioteca,-san luis potosí-air-quality.csv"
2020/6/28, 41, 29, 7, 7, 3,San Luis Potosí,"biblioteca,-san luis potosí-air-quality.csv"
2020/6/29, 62, 27, 6, 7, 1,San Luis Potosí,"biblioteca,-san luis potosí-air-quality.csv"
2020/6/30, 25, 26, 6, 6, 1,San Luis Potosí,"biblioteca,-san luis potosí-air-quality.csv"
2020/7/1, 43, 26, 6, 6, 2,San Luis Potosí,"biblioteca,-san luis potosí-air-quality.csv"
2020/1/2, 50, , 3, , ,San Luis Potosí,"biblioteca,-san luis potosí-air-quality.csv"
2020/1/3, 29, , 7, 2, ,San Luis Potosí,"biblioteca,-san luis potosí-air-quality.csv"
2020/1/4, 11, , 8, 1, ,San Luis Potosí,"biblioteca,-san luis potosí-air-quality.csv"
2020/1/5, 20, , 18, 1, ,San Luis Potosí,"biblioteca,-san luis potosí-air-quality.csv"
2020/1/6, 42, , 25, 2, ,San Luis Potosí,"biblioteca,-san luis potosí-air-quality.csv"
2020/1/7, 48, , 15, , ,San Luis Potosí,"biblioteca,-san luis potosí-air-quality.csv"
2020/1/8, 39, , 20, 3, ,San Luis Potosí,"biblioteca,-san luis potosí-air-quality.csv"
2020/1/9, 54, , 29, 2, ,San Luis Potosí,"biblioteca,-san luis potosí-air-quality.csv"
2020/1/10, 66, , 13, 1, ,San Luis Potosí,"biblioteca,-san luis potosí-air-quality.csv"
2020/1/11, 38, , 11, 1, ,San Luis Potosí,"biblioteca,-san luis potosí-air-quality.csv"
2020/1/12, 34, , 15, 1, ,San Luis Potosí,"biblioteca,-san luis potosí-air-quality.csv"
2020/1/13, 49, , 18, 1, ,San Luis Potosí,"biblioteca,-san luis potosí-air-quality.csv"
2020/1/14, 50, , 17, , ,San Luis Potosí,"biblioteca,-san luis potosí-air-quality.csv"
2020/1/15, 47, , 14, , ,San Luis Potosí,"biblioteca,-san luis potosí-air-quality.csv"
2020/1/16, 38, , 8, , ,San Luis Potosí,"biblioteca,-san luis potosí-air-quality.csv"
2020/1/17, 34, , 9, , ,San Luis Potosí,"biblioteca,-san luis potosí-air-quality.csv"
2020/1/18, 28, , 9, , ,San Luis Potosí,"biblioteca,-san luis potosí-air-quality.csv"
2020/1/19, 31, , 8, , ,San Luis Potosí,"biblioteca,-san luis potosí-air-quality.csv"
2020/1/20, 20, , 9, , ,San Luis Potosí,"biblioteca,-san luis potosí-air-quality.csv"
2020/1/21, 15, , 11, 1, ,San Luis Potosí,"biblioteca,-san luis potosí-air-quality.csv"
2020/1/22, 33, , 11, 3, ,San Luis Potosí,"biblioteca,-san luis potosí-air-quality.csv"
2020/1/23, 35, , 17, 1, ,San Luis Potosí,"biblioteca,-san luis potosí-air-quality.csv"
2020/1/24, 36, , 15, , ,San Luis Potosí,"biblioteca,-san luis potosí-air-quality.csv"
2020/1/25, 41, , 13, 2, ,San Luis Potosí,"biblioteca,-san luis potosí-air-quality.csv"
2020/1/26, 35, , 10, , ,San Luis Potosí,"biblioteca,-san luis potosí-air-quality.csv"
2020/1/27, 28, , 16, 1, ,San Luis Potosí,"biblioteca,-san luis potosí-air-quality.csv"
2020/1/28, 30, , 14, 1, ,San Luis Potosí,"biblioteca,-san luis potosí-air-quality.csv"
2020/1/29, 24, , 14, 1, ,San Luis Potosí,"biblioteca,-san luis potosí-air-quality.csv"
2020/1/30, 46, , 11, , ,San Luis Potosí,"biblioteca,-san luis potosí-air-quality.csv"
2020/1/31, 65, , 10, , ,San Luis Potosí,"biblioteca,-san luis potosí-air-quality.csv"
2020/2/1, 34, , 8, , ,San Luis Potosí,"biblioteca,-san luis potosí-air-quality.csv"
2020/2/2, 28, , 11, 1, ,San Luis Potosí,"biblioteca,-san luis potosí-air-quality.csv"
2020/2/3, 38, , 12, , ,San Luis Potosí,"biblioteca,-san luis potosí-air-quality.csv"
2020/2/4, 33, , 4, , ,San Luis Potosí,"biblioteca,-san luis potosí-air-quality.csv"
2020/2/5, 7, , 3, , ,San Luis Potosí,"biblioteca,-san luis potosí-air-quality.csv"
2020/2/6, 10, , 7, , ,San Luis Potosí,"biblioteca,-san luis potosí-air-quality.csv"
2020/2/7, 9, , 20, 3, ,San Luis Potosí,"biblioteca,-san luis potosí-air-quality.csv"
2020/2/8, 373, , 21, 2, ,San Luis Potosí,"biblioteca,-san luis potosí-air-quality.csv"
2020/2/9, 41, , 17, 2, ,San Luis Potosí,"biblioteca,-san luis potosí-air-quality.csv"
2020/2/10, 45, , 7, 4, ,San Luis Potosí,"biblioteca,-san luis potosí-air-quality.csv"
2020/2/11, 21, , 10, 2, ,San Luis Potosí,"biblioteca,-san luis potosí-air-quality.csv"
2020/2/12, 25, , 4, 1, ,San Luis Potosí,"biblioteca,-san luis potosí-air-quality.csv"
2020/2/13, 20, , 9, 1, ,San Luis Potosí,"biblioteca,-san luis potosí-air-quality.csv"
2020/2/14, 30, , 9, 1, ,San Luis Potosí,"biblioteca,-san luis potosí-air-quality.csv"
2020/2/15, 32, , 11, 1, ,San Luis Potosí,"biblioteca,-san luis potosí-air-quality.csv"
2020/2/16, 42, , 16, 2, ,San Luis Potosí,"biblioteca,-san luis potosí-air-quality.csv"
2020/2/17, 47, , 20, 3, ,San Luis Potosí,"biblioteca,-san luis potosí-air-quality.csv"
2020/2/18, 45, , 19, , ,San Luis Potosí,"biblioteca,-san luis potosí-air-quality.csv"
2020/2/19, 42, , 10, 1, ,San Luis Potosí,"biblioteca,-san luis potosí-air-quality.csv"
2020/2/20, 47, , 12, 2, ,San Luis Potosí,"biblioteca,-san luis potosí-air-quality.csv"
2020/2/21, 50, , 6, , ,San Luis Potosí,"biblioteca,-san luis potosí-air-quality.csv"
2020/2/22, 26, , 10, 1, ,San Luis Potosí,"biblioteca,-san luis potosí-air-quality.csv"
2020/2/23, 42, , 14, 3, ,San Luis Potosí,"biblioteca,-san luis potosí-air-quality.csv"
2020/2/24, 52, , 6, 1, ,San Luis Potosí,"biblioteca,-san luis potosí-air-quality.csv"
2020/2/25, 24, , 14, 2, ,San Luis Potosí,"biblioteca,-san luis potosí-air-quality.csv"
2020/2/26, 43, , 11, , ,San Luis Potosí,"biblioteca,-san luis potosí-air-quality.csv"
2020/2/27, 43, , 8, 1, ,San Luis Potosí,"biblioteca,-san luis potosí-air-quality.csv"
2020/2/28, 37, , 10, 1, ,San Luis Potosí,"biblioteca,-san luis potosí-air-quality.csv"
2020/2/29, 48, , 17, 2, ,San Luis Potosí,"biblioteca,-san luis potosí-air-quality.csv"
2020/3/1, 47, , 12, 2, ,San Luis Potosí,"biblioteca,-san luis potosí-air-quality.csv"
2020/3/2, 51, , 5, , ,San Luis Potosí,"biblioteca,-san luis potosí-air-quality.csv"
2020/3/3, 21, , 6, , ,San Luis Potosí,"biblioteca,-san luis potosí-air-quality.csv"
2020/3/4, 54, , 13, , 13,San Luis Potosí,"biblioteca,-san luis potosí-air-quality.csv"
2020/3/5, 745, 13, 8, , 9,San Luis Potosí,"biblioteca,-san luis potosí-air-quality.csv"
2020/3/6, 164, 17, 7, , 26,San Luis Potosí,"biblioteca,-san luis potosí-air-quality.csv"
2020/3/7, 103, 23, 14, 2, 5,San Luis Potosí,"biblioteca,-san luis potosí-air-quality.csv"
2020/3/8, 52, 21, 9, , 4,San Luis Potosí,"biblioteca,-san luis potosí-air-quality.csv"
2020/3/9, 37, 26, 10, 3, 3,San Luis Potosí,"biblioteca,-san luis potosí-air-quality.csv"
2020/3/10, 38, 19, 6, 2, 2,San Luis Potosí,"biblioteca,-san luis potosí-air-quality.csv"
2020/3/11, 25, 23, 9, 5, 3,San Luis Potosí,"biblioteca,-san luis potosí-air-quality.csv"
2020/3/12, 35, 26, 12, 5, 3,San Luis Potosí,"biblioteca,-san luis potosí-air-quality.csv"
2020/3/13, 38, 30, 16, 5, 4,San Luis Potosí,"biblioteca,-san luis potosí-air-quality.csv"
2020/3/14, 45, 26, 14, 5, 4,San Luis Potosí,"biblioteca,-san luis potosí-air-quality.csv"
2020/3/15, 28, 20, 7, 1, 3,San Luis Potosí,"biblioteca,-san luis potosí-air-quality.csv"
2020/3/16, 32, 17, 9, 6, 1,San Luis Potosí,"biblioteca,-san luis potosí-air-quality.csv"
2020/3/17, 29, 29, 13, 5, 2,San Luis Potosí,"biblioteca,-san luis potosí-air-quality.csv"
2020/3/18, 36, , , , ,San Luis Potosí,"biblioteca,-san luis potosí-air-quality.csv"
2020/3/20, 62, 27, 8, 8, 2,San Luis Potosí,"biblioteca,-san luis potosí-air-quality.csv"
2020/3/21, 39, 22, 5, 7, ,San Luis Potosí,"biblioteca,-san luis potosí-air-quality.csv"
2020/3/22, 34, 22, 5, 6, 2,San Luis Potosí,"biblioteca,-san luis potosí-air-quality.csv"
2020/3/23, 26, 25, 9, 6, 2,San Luis Potosí,"biblioteca,-san luis potosí-air-quality.csv"
2020/3/24, 30, 27, 18, 9, 4,San Luis Potosí,"biblioteca,-san luis potosí-air-quality.csv"
2020/3/25, 50, 29, 12, 6, 1,San Luis Potosí,"biblioteca,-san luis potosí-air-quality.csv"
2020/3/26, 70, 29, 13, 7, 1,San Luis Potosí,"biblioteca,-san luis potosí-air-quality.csv"
2020/3/27, 38, 26, 8, 5, 2,San Luis Potosí,"biblioteca,-san luis potosí-air-quality.csv"
2020/3/28, 37, 25, 5, 9, 3,San Luis Potosí,"biblioteca,-san luis potosí-air-quality.csv"
2020/3/29, 32, 22, 3, 8, 2,San Luis Potosí,"biblioteca,-san luis potosí-air-quality.csv"
2020/3/30, 41, 31, 7, 5, 2,San Luis Potosí,"biblioteca,-san luis potosí-air-quality.csv"
2020/3/31, 37, 23, 5, 5, 2,San Luis Potosí,"biblioteca,-san luis potosí-air-quality.csv"
2020/4/1, 41, 27, 7, 7, 3,San Luis Potosí,"biblioteca,-san luis potosí-air-quality.csv"
2019/10/2, 23, 16, 7, 1, 3,San Luis Potosí,"biblioteca,-san luis potosí-air-quality.csv"
2019/10/3, 29, 16, 8, , 3,San Luis Potosí,"biblioteca,-san luis potosí-air-quality.csv"
2019/10/4, 34, 19, 6, , 3,San Luis Potosí,"biblioteca,-san luis potosí-air-quality.csv"
2019/10/5, 25, 24, 9, 1, 3,San Luis Potosí,"biblioteca,-san luis potosí-air-quality.csv"
2019/10/6, 32, 22, 6, , 3,San Luis Potosí,"biblioteca,-san luis potosí-air-quality.csv"
2019/10/7, 24, 18, 9, , 6,San Luis Potosí,"biblioteca,-san luis potosí-air-quality.csv"
2019/10/8, 33, 20, 6, , 3,San Luis Potosí,"biblioteca,-san luis potosí-air-quality.csv"
2019/10/9, 26, 23, 13, 1, 4,San Luis Potosí,"biblioteca,-san luis potosí-air-quality.csv"
2019/10/10, 44, 24, 16, , 4,San Luis Potosí,"biblioteca,-san luis potosí-air-quality.csv"
2019/10/11, 42, 20, 14, 1, 6,San Luis Potosí,"biblioteca,-san luis potosí-air-quality.csv"
2019/10/12, 51, 13, 6, , 4,San Luis Potosí,"biblioteca,-san luis potosí-air-quality.csv"
2019/10/13, 23, 20, 7, , 4,San Luis Potosí,"biblioteca,-san luis potosí-air-quality.csv"
2019/10/14, 23, 16, 7, , 4,San Luis Potosí,"biblioteca,-san luis potosí-air-quality.csv"
2019/10/15, 26, 20, 9, , 5,San Luis Potosí,"biblioteca,-san luis potosí-air-quality.csv"
2019/10/16, 33, 14, 9, 3, 4,San Luis Potosí,"biblioteca,-san luis potosí-air-quality.csv"
2019/10/17, 32, 19, 10, , 4,San Luis Potosí,"biblioteca,-san luis potosí-air-quality.csv"
2019/10/18, 23, 24, 11, , 5,San Luis Potosí,"biblioteca,-san luis potosí-air-quality.csv"
2019/10/19, 26, 16, 10, , 5,San Luis Potosí,"biblioteca,-san luis potosí-air-quality.csv"
2019/10/20, 20, 14, 12, , 6,San Luis Potosí,"biblioteca,-san luis potosí-air-quality.csv"
2019/10/21, 15, 14, 8, , 5,San Luis Potosí,"biblioteca,-san luis potosí-air-quality.csv"
2019/10/22, 17, 16, 11, , 5,San Luis Potosí,"biblioteca,-san luis potosí-air-quality.csv"
2019/10/23, 21, 17, 11, , 4,San Luis Potosí,"biblioteca,-san luis potosí-air-quality.csv"
2019/10/24, 30, 19, 8, 2, 4,San Luis Potosí,"biblioteca,-san luis potosí-air-quality.csv"
2019/10/25, 29, 17, 9, 1, 4,San Luis Potosí,"biblioteca,-san luis potosí-air-quality.csv"
2019/10/26, 33, 17, 13, , 5,San Luis Potosí,"biblioteca,-san luis potosí-air-quality.csv"
2019/10/27, 28, 21, 17, 1, 11,San Luis Potosí,"biblioteca,-san luis potosí-air-quality.csv"
2019/10/28, 57, 28, 16, 2, 8,San Luis Potosí,"biblioteca,-san luis potosí-air-quality.csv"
2019/10/29, 49, 28, 13, , 5,San Luis Potosí,"biblioteca,-san luis potosí-air-quality.csv"
2019/10/30, 43, 18, 15, , 6,San Luis Potosí,"biblioteca,-san luis potosí-air-quality.csv"
2019/10/31, 40, 13, 11, , 5,San Luis Potosí,"biblioteca,-san luis potosí-air-quality.csv"
2019/11/1, 24, 20, 14, , 3,San Luis Potosí,"biblioteca,-san luis potosí-air-quality.csv"
2019/11/2, 39, 16, 10, , 4,San Luis Potosí,"biblioteca,-san luis potosí-air-quality.csv"
2019/11/3, 32, 18, 7, , 3,San Luis Potosí,"biblioteca,-san luis potosí-air-quality.csv"
2019/11/4, 19, 16, 9, , 5,San Luis Potosí,"biblioteca,-san luis potosí-air-quality.csv"
2019/11/5, 32, 17, 7, , 4,San Luis Potosí,"biblioteca,-san luis potosí-air-quality.csv"
2019/11/6, 30, 13, 9, , 4,San Luis Potosí,"biblioteca,-san luis potosí-air-quality.csv"
2019/11/7, 25, 15, 7, 1, 4,San Luis Potosí,"biblioteca,-san luis potosí-air-quality.csv"
2019/11/8, 24, 13, 6, 1, 2,San Luis Potosí,"biblioteca,-san luis potosí-air-quality.csv"
2019/11/9, 23, 12, 9, 1, 3,San Luis Potosí,"biblioteca,-san luis potosí-air-quality.csv"
2019/11/10, 25, 17, 13, , 6,San Luis Potosí,"biblioteca,-san luis potosí-air-quality.csv"
2019/11/11, 49, 21, 19, 3, 8,San Luis Potosí,"biblioteca,-san luis potosí-air-quality.csv"
2019/11/12, 50, 15, 8, 1, 3,San Luis Potosí,"biblioteca,-san luis potosí-air-quality.csv"
2019/11/13, 37, 10, 13, , 5,San Luis Potosí,"biblioteca,-san luis potosí-air-quality.csv"
2019/11/14, 35, 16, 14, 3, 7,San Luis Potosí,"biblioteca,-san luis potosí-air-quality.csv"
2019/11/15, 35, 108, 9, , 4,San Luis Potosí,"biblioteca,-san luis potosí-air-quality.csv"
2019/11/16, 63, , 12, 1, 4,San Luis Potosí,"biblioteca,-san luis potosí-air-quality.csv"
2019/11/17, 42, , 18, , 8,San Luis Potosí,"biblioteca,-san luis potosí-air-quality.csv"
2019/11/18, 46, , 13, , 5,San Luis Potosí,"biblioteca,-san luis potosí-air-quality.csv"
2019/11/19, 35, , 16, , 7,San Luis Potosí,"biblioteca,-san luis potosí-air-quality.csv"
2019/11/20, 39, , 17, 3, 8,San Luis Potosí,"biblioteca,-san luis potosí-air-quality.csv"
2019/11/21, 50, , 15, 1, 7,San Luis Potosí,"biblioteca,-san luis potosí-air-quality.csv"
2019/11/22, 51, , 12, 1, 5,San Luis Potosí,"biblioteca,-san luis potosí-air-quality.csv"
2019/11/23, 34, , 12, , 5,San Luis Potosí,"biblioteca,-san luis potosí-air-quality.csv"
2019/11/24, 46, , 10, , 4,San Luis Potosí,"biblioteca,-san luis potosí-air-quality.csv"
2019/11/25, 35, , 16, 1, ,San Luis Potosí,"biblioteca,-san luis potosí-air-quality.csv"
2019/11/26, 58, , 13, , ,San Luis Potosí,"biblioteca,-san luis potosí-air-quality.csv"
2019/11/27, 34, , 17, 3, ,San Luis Potosí,"biblioteca,-san luis potosí-air-quality.csv"
2019/11/28, 56, , 14, , ,San Luis Potosí,"biblioteca,-san luis potosí-air-quality.csv"
2019/11/29, 53, , 15, 1, ,San Luis Potosí,"biblioteca,-san luis potosí-air-quality.csv"
2019/11/30, 54, , 22, 2, ,San Luis Potosí,"biblioteca,-san luis potosí-air-quality.csv"
2019/12/1, 593, , 13, , 3,San Luis Potosí,"biblioteca,-san luis potosí-air-quality.csv"
2019/12/2, 867, 14, 11, , 4,San Luis Potosí,"biblioteca,-san luis potosí-air-quality.csv"
2019/12/3, 455, 27, 23, 2, 11,San Luis Potosí,"biblioteca,-san luis potosí-air-quality.csv"
2019/12/4, 62, , 17, 2, 6,San Luis Potosí,"biblioteca,-san luis potosí-air-quality.csv"
2019/12/5, 48, , 21, 1, 6,San Luis Potosí,"biblioteca,-san luis potosí-air-quality.csv"
2019/12/6, 55, , 21, 1, 7,San Luis Potosí,"biblioteca,-san luis potosí-air-quality.csv"
2019/12/7, 48, , 19, 1, ,San Luis Potosí,"biblioteca,-san luis potosí-air-quality.csv"
2019/12/8, 53, , 18, 1, ,San Luis Potosí,"biblioteca,-san luis potosí-air-quality.csv"
2019/12/9, 48, , 22, 3, ,San Luis Potosí,"biblioteca,-san luis potosí-air-quality.csv"
2019/12/10, 54, , 10, 1, ,San Luis Potosí,"biblioteca,-san luis potosí-air-quality.csv"
2019/12/11, 31, 9, 9, , ,San Luis Potosí,"biblioteca,-san luis potosí-air-quality.csv"
2019/12/12, 65, 17, 18, 1, ,San Luis Potosí,"biblioteca,-san luis potosí-air-quality.csv"
2019/12/13, 49, 16, 19, 2, 9,San Luis Potosí,"biblioteca,-san luis potosí-air-quality.csv"
2019/12/14, 54, 109, 26, 2, 5,San Luis Potosí,"biblioteca,-san luis potosí-air-quality.csv"
2019/12/15, 49, 83, 20, 3, ,San Luis Potosí,"biblioteca,-san luis potosí-air-quality.csv"
2019/12/16, 43, , 13, 1, ,San Luis Potosí,"biblioteca,-san luis potosí-air-quality.csv"
2019/12/17, 28, , 18, 2, ,San Luis Potosí,"biblioteca,-san luis potosí-air-quality.csv"
2019/12/18, 57, , 9, , ,San Luis Potosí,"biblioteca,-san luis potosí-air-quality.csv"
2019/12/19, 34, , 15, 1, ,San Luis Potosí,"biblioteca,-san luis potosí-air-quality.csv"
2019/12/20, 46, , 24, 3, ,San Luis Potosí,"biblioteca,-san luis potosí-air-quality.csv"
2019/12/21, 65, , 13, , ,San Luis Potosí,"biblioteca,-san luis potosí-air-quality.csv"
2019/12/22, 16, , 13, , ,San Luis Potosí,"biblioteca,-san luis potosí-air-quality.csv"
2019/12/23, 20, , 20, , ,San Luis Potosí,"biblioteca,-san luis potosí-air-quality.csv"
2019/12/24, 57, , 17, 1, ,San Luis Potosí,"biblioteca,-san luis potosí-air-quality.csv"
2019/12/25, 39, , 13, 2, ,San Luis Potosí,"biblioteca,-san luis potosí-air-quality.csv"
2019/12/26, 48, , 15, , ,San Luis Potosí,"biblioteca,-san luis potosí-air-quality.csv"
2019/12/27, 33, , 16, , ,San Luis Potosí,"biblioteca,-san luis potosí-air-quality.csv"
2019/12/28, 40, , 5, , ,San Luis Potosí,"biblioteca,-san luis potosí-air-quality.csv"
2019/12/29, 12, , , , ,San Luis Potosí,"biblioteca,-san luis potosí-air-quality.csv"
2019/7/2, 41, , 20, 1, 7,San Luis Potosí,"biblioteca,-san luis potosí-air-quality.csv"
2019/7/3, 30, , 23, 1, 7,San Luis Potosí,"biblioteca,-san luis potosí-air-quality.csv"
2019/7/4, 24, , 24, 1, 9,San Luis Potosí,"biblioteca,-san luis potosí-air-quality.csv"
2019/7/5, 43, , 21, , 9,San Luis Potosí,"biblioteca,-san luis potosí-air-quality.csv"
2019/7/6, 49, , 22, 1, 11,San Luis Potosí,"biblioteca,-san luis potosí-air-quality.csv"
2019/7/7, 46, , 20, 2, 5,San Luis Potosí,"biblioteca,-san luis potosí-air-quality.csv"
2019/7/8, 41, , 21, 2, 9,San Luis Potosí,"biblioteca,-san luis potosí-air-quality.csv"
2019/7/9, 36, , 19, 1, 6,San Luis Potosí,"biblioteca,-san luis potosí-air-quality.csv"
2019/7/10, 46, , 19, 2, 8,San Luis Potosí,"biblioteca,-san luis potosí-air-quality.csv"
2019/7/11, 41, , 18, 2, 9,San Luis Potosí,"biblioteca,-san luis potosí-air-quality.csv"
2019/7/12, 37, 3, 20, 2, 5,San Luis Potosí,"biblioteca,-san luis potosí-air-quality.csv"
2019/7/13, 118, 3, , , 8,San Luis Potosí,"biblioteca,-san luis potosí-air-quality.csv"
2019/7/14, 38, 2, , , 7,San Luis Potosí,"biblioteca,-san luis potosí-air-quality.csv"
2019/7/15, 33, 2, , , 7,San Luis Potosí,"biblioteca,-san luis potosí-air-quality.csv"
2019/7/16, 43, 1, , , 7,San Luis Potosí,"biblioteca,-san luis potosí-air-quality.csv"
2019/7/17, 39, 2, , , 6,San Luis Potosí,"biblioteca,-san luis potosí-air-quality.csv"
2019/7/18, 346, 8, , , 8,San Luis Potosí,"biblioteca,-san luis potosí-air-quality.csv"
2019/7/19, 834, 19, , , ,San Luis Potosí,"biblioteca,-san luis potosí-air-quality.csv"
2019/7/20, 41, , , , ,San Luis Potosí,"biblioteca,-san luis potosí-air-quality.csv"
2019/7/21, 42, , , , ,San Luis Potosí,"biblioteca,-san luis potosí-air-quality.csv"
2019/7/22, 46, , , , ,San Luis Potosí,"biblioteca,-san luis potosí-air-quality.csv"
2019/7/23, 37, 13, 6, , 3,San Luis Potosí,"biblioteca,-san luis potosí-air-quality.csv"
2019/7/24, 172, 14, 6, , 1,San Luis Potosí,"biblioteca,-san luis potosí-air-quality.csv"
2019/7/25, 39, 18, 6, , 3,San Luis Potosí,"biblioteca,-san luis potosí-air-quality.csv"
2019/7/26, 27, 23, 7, , 3,San Luis Potosí,"biblioteca,-san luis potosí-air-quality.csv"
2019/7/27, 31, 17, 6, , 3,San Luis Potosí,"biblioteca,-san luis potosí-air-quality.csv"
2019/7/28, 32, 18, 4, , 3,San Luis Potosí,"biblioteca,-san luis potosí-air-quality.csv"
2019/7/29, 32, 19, 6, , 3,San Luis Potosí,"biblioteca,-san luis potosí-air-quality.csv"
2019/7/30, 39, 17, 5, , 3,San Luis Potosí,"biblioteca,-san luis potosí-air-quality.csv"
2019/7/31, 45, 10, 5, , 3,San Luis Potosí,"biblioteca,-san luis potosí-air-quality.csv"
2019/8/1, 55, 16, 6, , 3,San Luis Potosí,"biblioteca,-san luis potosí-air-quality.csv"
2019/8/2, 47, 18, 5, 1, 3,San Luis Potosí,"biblioteca,-san luis potosí-air-quality.csv"
2019/8/3, 36, 20, 8, 2, 4,San Luis Potosí,"biblioteca,-san luis potosí-air-quality.csv"
2019/8/4, 40, 20, 7, 1, 5,San Luis Potosí,"biblioteca,-san luis potosí-air-quality.csv"
2019/8/5, 33, 18, 6, , 4,San Luis Potosí,"biblioteca,-san luis potosí-air-quality.csv"
2019/8/6, 32, 17, 9, , 4,San Luis Potosí,"biblioteca,-san luis potosí-air-quality.csv"
2019/8/7, 35, 18, 11, , 4,San Luis Potosí,"biblioteca,-san luis potosí-air-quality.csv"
2019/8/8, 33, 19, 14, 1, 5,San Luis Potosí,"biblioteca,-san luis potosí-air-quality.csv"
2019/8/9, 39, 21, 8, , 4,San Luis Potosí,"biblioteca,-san luis potosí-air-quality.csv"
2019/8/10, 40, 13, 5, , 3,San Luis Potosí,"biblioteca,-san luis potosí-air-quality.csv"
2019/8/11, 35, 17, 5, , 3,San Luis Potosí,"biblioteca,-san luis potosí-air-quality.csv"
2019/8/12, 33, 16, 5, , 3,San Luis Potosí,"biblioteca,-san luis potosí-air-quality.csv"
2019/8/13, 29, 18, 7, , 3,San Luis Potosí,"biblioteca,-san luis potosí-air-quality.csv"
2019/8/14, 37, 17, 7, , 3,San Luis Potosí,"biblioteca,-san luis potosí-air-quality.csv"
2019/8/15, 36, 18, 7, 1, 3,San Luis Potosí,"biblioteca,-san luis potosí-air-quality.csv"
2019/8/16, 42, 21, 8, , 3,San Luis Potosí,"biblioteca,-san luis potosí-air-quality.csv"
2019/8/17, 45, 20, 6, , 2,San Luis Potosí,"biblioteca,-san luis potosí-air-quality.csv"
2019/8/18, 38, 20, 6, , 1,San Luis Potosí,"biblioteca,-san luis potosí-air-quality.csv"
2019/8/19, 36, 14, 4, , 2,San Luis Potosí,"biblioteca,-san luis potosí-air-quality.csv"
2019/8/20, 34, 15, 3, , 2,San Luis Potosí,"biblioteca,-san luis potosí-air-quality.csv"
2019/8/21, 36, 18, 4, , 2,San Luis Potosí,"biblioteca,-san luis potosí-air-quality.csv"
2019/8/22, 29, 25, 10, 1, 3,San Luis Potosí,"biblioteca,-san luis potosí-air-quality.csv"
2019/8/23, 42, 22, 6, 1, 2,San Luis Potosí,"biblioteca,-san luis potosí-air-quality.csv"
2019/8/24, 22, 26, 9, , 3,San Luis Potosí,"biblioteca,-san luis potosí-air-quality.csv"
2019/8/25, 21, 22, 9, , 3,San Luis Potosí,"biblioteca,-san luis potosí-air-quality.csv"
2019/8/26, 23, 13, 12, , 4,San Luis Potosí,"biblioteca,-san luis potosí-air-quality.csv"
2019/8/27, 21, 22, 14, 8, 5,San Luis Potosí,"biblioteca,-san luis potosí-air-quality.csv"
2019/8/28, 23, 20, 8, , 5,San Luis Potosí,"biblioteca,-san luis potosí-air-quality.csv"
2019/8/29, 43, 16, 7, , 3,San Luis Potosí,"biblioteca,-san luis potosí-air-quality.csv"
2019/8/30, 37, 20, 12, , 4,San Luis Potosí,"biblioteca,-san luis potosí-air-quality.csv"
2019/8/31, 50, 17, 10, , 3,San Luis Potosí,"biblioteca,-san luis potosí-air-quality.csv"
2019/9/1, 47, 13, 11, 3, 4,San Luis Potosí,"biblioteca,-san luis potosí-air-quality.csv"
2019/9/2, 53, 17, 7, 1, 3,San Luis Potosí,"biblioteca,-san luis potosí-air-quality.csv"
2019/9/3, 41, 17, 8, , 3,San Luis Potosí,"biblioteca,-san luis potosí-air-quality.csv"
2019/9/4, 37, 14, 8, , 3,San Luis Potosí,"biblioteca,-san luis potosí-air-quality.csv"
2019/9/5, 29, 19, 6, , 3,San Luis Potosí,"biblioteca,-san luis potosí-air-quality.csv"
2019/9/6, 30, 19, 7, , 3,San Luis Potosí,"biblioteca,-san luis potosí-air-quality.csv"
2019/9/7, 34, 21, 9, , 3,San Luis Potosí,"biblioteca,-san luis potosí-air-quality.csv"
2019/9/8, 40, 21, 9, , 3,San Luis Potosí,"biblioteca,-san luis potosí-air-quality.csv"
2019/9/9, 208, 21, 13, 1, 5,San Luis Potosí,"biblioteca,-san luis potosí-air-quality.csv"
2019/9/10, 868, 20, 9, , 4,San Luis Potosí,"biblioteca,-san luis potosí-air-quality.csv"
2019/9/11, 521, 16, 4, 1, 3,San Luis Potosí,"biblioteca,-san luis potosí-air-quality.csv"
2019/9/12, 27, 16, 5, 1, 3,San Luis Potosí,"biblioteca,-san luis potosí-air-quality.csv"
2019/9/13, 24, 16, 6, , 3,San Luis Potosí,"biblioteca,-san luis potosí-air-quality.csv"
2019/9/14, 17, 18, 5, , 3,San Luis Potosí,"biblioteca,-san luis potosí-air-quality.csv"
2019/9/15, 16, 23, 7, , 4,San Luis Potosí,"biblioteca,-san luis potosí-air-quality.csv"
2019/9/16, 23, 24, 7, , 4,San Luis Potosí,"biblioteca,-san luis potosí-air-quality.csv"
2019/9/17, 28, 23, 9, , 5,San Luis Potosí,"biblioteca,-san luis potosí-air-quality.csv"
2019/9/18, 38, 31, 9, , 4,San Luis Potosí,"biblioteca,-san luis potosí-air-quality.csv"
2019/9/19, 39, 24, 13, 3, 5,San Luis Potosí,"biblioteca,-san luis potosí-air-quality.csv"
2019/9/20, 39, 19, 13, , 5,San Luis Potosí,"biblioteca,-san luis potosí-air-quality.csv"
2019/9/21, 35, 19, 11, , 4,San Luis Potosí,"biblioteca,-san luis potosí-air-quality.csv"
2019/9/22, 39, 20, 9, , 4,San Luis Potosí,"biblioteca,-san luis potosí-air-quality.csv"
2019/9/23, 33, 19, 8, 1, 4,San Luis Potosí,"biblioteca,-san luis potosí-air-quality.csv"
2019/9/24, 30, 27, 9, 2, 4,San Luis Potosí,"biblioteca,-san luis potosí-air-quality.csv"
2019/9/25, 40, 29, 10, , 5,San Luis Potosí,"biblioteca,-san luis potosí-air-quality.csv"
2019/9/26, 39, 26, 8, , 4,San Luis Potosí,"biblioteca,-san luis potosí-air-quality.csv"
2019/9/27, 37, 21, 8, 1, 3,San Luis Potosí,"biblioteca,-san luis potosí-air-quality.csv"
2019/9/28, 33, 16, 9, , 4,San Luis Potosí,"biblioteca,-san luis potosí-air-quality.csv"
2019/9/29, 40, 14, 4, , 4,San Luis Potosí,"biblioteca,-san luis potosí-air-quality.csv"
2019/9/30, 12, 11, 9, , 5,San Luis Potosí,"biblioteca,-san luis potosí-air-quality.csv"
2019/10/1, 18, 14, 6, , 3,San Luis Potosí,"biblioteca,-san luis potosí-air-quality.csv"
2019/4/2, 38, 9, 28, , 4,San Luis Potosí,"biblioteca,-san luis potosí-air-quality.csv"
2019/4/3, 48, 15, 32, , 4,San Luis Potosí,"biblioteca,-san luis potosí-air-quality.csv"
2019/4/4, 47, 10, 23, 1, 3,San Luis Potosí,"biblioteca,-san luis potosí-air-quality.csv"
2019/4/5, 33, 10, 30, , 4,San Luis Potosí,"biblioteca,-san luis potosí-air-quality.csv"
2019/4/6, 52, 17, 33, , 4,San Luis Potosí,"biblioteca,-san luis potosí-air-quality.csv"
2019/4/7, 49, 15, 23, , 3,San Luis Potosí,"biblioteca,-san luis potosí-air-quality.csv"
2019/4/8, 28, 6, 20, , 6,San Luis Potosí,"biblioteca,-san luis potosí-air-quality.csv"
2019/4/9, 54, 7, 39, , 4,San Luis Potosí,"biblioteca,-san luis potosí-air-quality.csv"
2019/4/10, 38, 9, 52, 1, 8,San Luis Potosí,"biblioteca,-san luis potosí-air-quality.csv"
2019/4/11, 53, 18, 20, 1, 3,San Luis Potosí,"biblioteca,-san luis potosí-air-quality.csv"
2019/4/12, 49, 20, 23, , 2,San Luis Potosí,"biblioteca,-san luis potosí-air-quality.csv"
2019/4/13, 209, 21, 20, , 2,San Luis Potosí,"biblioteca,-san luis potosí-air-quality.csv"
2019/4/14, 868, 11, 34, , 5,San Luis Potosí,"biblioteca,-san luis potosí-air-quality.csv"
2019/4/15, 868, 4, 29, , 8,San Luis Potosí,"biblioteca,-san luis potosí-air-quality.csv"
2019/4/16, 435, 13, 43, , 5,San Luis Potosí,"biblioteca,-san luis potosí-air-quality.csv"
2019/4/17, 65, 12, 16, , 2,San Luis Potosí,"biblioteca,-san luis potosí-air-quality.csv"
2019/4/18, 42, 20, 15, , 3,San Luis Potosí,"biblioteca,-san luis potosí-air-quality.csv"
2019/4/19, 28, 5, 12, , 2,San Luis Potosí,"biblioteca,-san luis potosí-air-quality.csv"
2019/4/20, 40, 6, 29, 1, 5,San Luis Potosí,"biblioteca,-san luis potosí-air-quality.csv"
2019/4/21, 44, 8, 34, 1, 6,San Luis Potosí,"biblioteca,-san luis potosí-air-quality.csv"
2019/4/22, 49, 6, 35, , 7,San Luis Potosí,"biblioteca,-san luis potosí-air-quality.csv"
2019/4/23, 53, 13, 30, , 5,San Luis Potosí,"biblioteca,-san luis potosí-air-quality.csv"
2019/4/24, 58, 13, 32, , 4,San Luis Potosí,"biblioteca,-san luis potosí-air-quality.csv"
2019/4/25, 51, 12, 23, , 6,San Luis Potosí,"biblioteca,-san luis potosí-air-quality.csv"
2019/4/26, 30, 3, 18, 1, 3,San Luis Potosí,"biblioteca,-san luis potosí-air-quality.csv"
2019/4/27, 53, 8, 28, 1, 6,San Luis Potosí,"biblioteca,-san luis potosí-air-quality.csv"
2019/4/28, 47, 9, 31, 1, 6,San Luis Potosí,"biblioteca,-san luis potosí-air-quality.csv"
2019/4/29, 52, 15, 29, , 7,San Luis Potosí,"biblioteca,-san luis potosí-air-quality.csv"
2019/4/30, 53, 13, 33, , 8,San Luis Potosí,"biblioteca,-san luis potosí-air-quality.csv"
2019/5/1, 63, 6, 26, , 6,San Luis Potosí,"biblioteca,-san luis potosí-air-quality.csv"
2019/5/2, 64, 8, 25, , 6,San Luis Potosí,"biblioteca,-san luis potosí-air-quality.csv"
2019/5/3, 47, 15, 25, , 4,San Luis Potosí,"biblioteca,-san luis potosí-air-quality.csv"
2019/5/4, 45, 12, 26, , 7,San Luis Potosí,"biblioteca,-san luis potosí-air-quality.csv"
2019/5/5, 53, 5, 23, , 6,San Luis Potosí,"biblioteca,-san luis potosí-air-quality.csv"
2019/5/6, 54, 14, 26, , 5,San Luis Potosí,"biblioteca,-san luis potosí-air-quality.csv"
2019/5/7, 47, 16, 33, , 5,San Luis Potosí,"biblioteca,-san luis potosí-air-quality.csv"
2019/5/8, 46, 21, 22, , 2,San Luis Potosí,"biblioteca,-san luis potosí-air-quality.csv"
2019/5/9, 51, 11, 24, , 2,San Luis Potosí,"biblioteca,-san luis potosí-air-quality.csv"
2019/5/10, 29, 11, 21, , 6,San Luis Potosí,"biblioteca,-san luis potosí-air-quality.csv"
2019/5/11, 45, 11, 24, , 4,San Luis Potosí,"biblioteca,-san luis potosí-air-quality.csv"
2019/5/12, 45, 10, 26, 1, 4,San Luis Potosí,"biblioteca,-san luis potosí-air-quality.csv"
2019/5/13, 43, 8, 29, , 5,San Luis Potosí,"biblioteca,-san luis potosí-air-quality.csv"
2019/5/14, 39, 9, 27, , 5,San Luis Potosí,"biblioteca,-san luis potosí-air-quality.csv"
2019/5/15, 53, 4, 15, , 6,San Luis Potosí,"biblioteca,-san luis potosí-air-quality.csv"
2019/5/16, 55, 7, 22, , 5,San Luis Potosí,"biblioteca,-san luis potosí-air-quality.csv"
2019/5/17, 51, 12, 22, , 6,San Luis Potosí,"biblioteca,-san luis potosí-air-quality.csv"
2019/5/18, 40, 14, 17, 2, 4,San Luis Potosí,"biblioteca,-san luis potosí-air-quality.csv"
2019/5/19, 32, 6, 21, 1, 4,San Luis Potosí,"biblioteca,-san luis potosí-air-quality.csv"
2019/5/20, 36, 7, 25, , 8,San Luis Potosí,"biblioteca,-san luis potosí-air-quality.csv"
2019/5/21, 58, 14, 19, 1, 7,San Luis Potosí,"biblioteca,-san luis potosí-air-quality.csv"
2019/5/22, 91, 7, 15, , 6,San Luis Potosí,"biblioteca,-san luis potosí-air-quality.csv"
2019/5/23, 51, 6, 20, , 8,San Luis Potosí,"biblioteca,-san luis potosí-air-quality.csv"
2019/5/24, 62, 4, 17, , 7,San Luis Potosí,"biblioteca,-san luis potosí-air-quality.csv"
2019/5/25, 49, 4, 16, , 3,San Luis Potosí,"biblioteca,-san luis potosí-air-quality.csv"
2019/5/26, 44, 5, 18, 1, 2,San Luis Potosí,"biblioteca,-san luis potosí-air-quality.csv"
2019/5/27, 33, 4, 19, , 4,San Luis Potosí,"biblioteca,-san luis potosí-air-quality.csv"
2019/5/28, 40, 5, 23, , 3,San Luis Potosí,"biblioteca,-san luis potosí-air-quality.csv"
2019/5/29, 52, 28, 19, , 6,San Luis Potosí,"biblioteca,-san luis potosí-air-quality.csv"
2019/5/30, 43, 5, 16, , 9,San Luis Potosí,"biblioteca,-san luis potosí-air-quality.csv"
2019/5/31, 53, 3, 17, , 14,San Luis Potosí,"biblioteca,-san luis potosí-air-quality.csv"
2019/6/1, 39, 3, 17, , 12,San Luis Potosí,"biblioteca,-san luis potosí-air-quality.csv"
2019/6/2, 29, 2, 18, , 8,San Luis Potosí,"biblioteca,-san luis potosí-air-quality.csv"
2019/6/3, 27, 2, 16, , 7,San Luis Potosí,"biblioteca,-san luis potosí-air-quality.csv"
2019/6/4, 26, 5, 13, , 9,San Luis Potosí,"biblioteca,-san luis potosí-air-quality.csv"
2019/6/5, 23, 2, 23, , 7,San Luis Potosí,"biblioteca,-san luis potosí-air-quality.csv"
2019/6/6, 25, 1, 23, , 7,San Luis Potosí,"biblioteca,-san luis potosí-air-quality.csv"
2019/6/7, 29, 1, 18, , 13,San Luis Potosí,"biblioteca,-san luis potosí-air-quality.csv"
2019/6/8, 37, 27, 16, , 8,San Luis Potosí,"biblioteca,-san luis potosí-air-quality.csv"
2019/6/9, 36, 84, 17, , 6,San Luis Potosí,"biblioteca,-san luis potosí-air-quality.csv"
2019/6/10, 38, 47, 21, , 8,San Luis Potosí,"biblioteca,-san luis potosí-air-quality.csv"
2019/6/11, 43, , 11, , 10,San Luis Potosí,"biblioteca,-san luis potosí-air-quality.csv"
2019/6/12, 22, , 19, 1, 6,San Luis Potosí,"biblioteca,-san luis potosí-air-quality.csv"
2019/6/13, 41, , 15, , 14,San Luis Potosí,"biblioteca,-san luis potosí-air-quality.csv"
2019/6/14, 19, , 19, , 12,San Luis Potosí,"biblioteca,-san luis potosí-air-quality.csv"
2019/6/15, 28, , 18, , 11,San Luis Potosí,"biblioteca,-san luis potosí-air-quality.csv"
2019/6/16, 28, , 17, , 11,San Luis Potosí,"biblioteca,-san luis potosí-air-quality.csv"
2019/6/17, 29, , 19, , 10,San Luis Potosí,"biblioteca,-san luis potosí-air-quality.csv"
2019/6/18, 40, , 18, , 11,San Luis Potosí,"biblioteca,-san luis potosí-air-quality.csv"
2019/6/19, 38, , 15, , 6,San Luis Potosí,"biblioteca,-san luis potosí-air-quality.csv"
2019/6/20, 33, , 17, , 11,San Luis Potosí,"biblioteca,-san luis potosí-air-quality.csv"
2019/6/21, 447, , 30, , 16,San Luis Potosí,"biblioteca,-san luis potosí-air-quality.csv"
2019/6/22, 38, , 26, , 11,San Luis Potosí,"biblioteca,-san luis potosí-air-quality.csv"
2019/6/23, 37, , 19, , 10,San Luis Potosí,"biblioteca,-san luis potosí-air-quality.csv"
2019/6/24, 25, , 20, 1, 13,San Luis Potosí,"biblioteca,-san luis potosí-air-quality.csv"
2019/6/25, 42, , 20, , 10,San Luis Potosí,"biblioteca,-san luis potosí-air-quality.csv"
2019/6/26, 27, , 18, 2, 12,San Luis Potosí,"biblioteca,-san luis potosí-air-quality.csv"
2019/6/27, 28, , 11, 2, 12,San Luis Potosí,"biblioteca,-san luis potosí-air-quality.csv"
2019/6/28, 40, , 14, 1, 9,San Luis Potosí,"biblioteca,-san luis potosí-air-quality.csv"
2019/6/29, 37, , 17, , 8,San Luis Potosí,"biblioteca,-san luis potosí-air-quality.csv"
2019/6/30, 27, , 19, , 6,San Luis Potosí,"biblioteca,-san luis potosí-air-quality.csv"
2019/7/1, 29, , 21, 2, 8,San Luis Potosí,"biblioteca,-san luis potosí-air-quality.csv"
2019/1/8, 122, 26, 21, 9, 9,San Luis Potosí,"biblioteca,-san luis potosí-air-quality.csv"
2019/1/9, 154, 24, 20, 10, 7,San Luis Potosí,"biblioteca,-san luis potosí-air-quality.csv"
2019/1/10, 249, 32, 13, 9, 3,San Luis Potosí,"biblioteca,-san luis potosí-air-quality.csv"
2019/1/11, 186, 21, 18, 9, 18,San Luis Potosí,"biblioteca,-san luis potosí-air-quality.csv"
2019/1/12, 57, 20, 18, 10, 26,San Luis Potosí,"biblioteca,-san luis potosí-air-quality.csv"
2019/1/13, 24, 17, 11, 9, 8,San Luis Potosí,"biblioteca,-san luis potosí-air-quality.csv"
2019/1/14, 20, 18, 8, 9, 16,San Luis Potosí,"biblioteca,-san luis potosí-air-quality.csv"
2019/1/15, 21, 19, 10, 9, 13,San Luis Potosí,"biblioteca,-san luis potosí-air-quality.csv"
2019/1/16, 42, 19, 15, 9, 20,San Luis Potosí,"biblioteca,-san luis potosí-air-quality.csv"
2019/1/17, 47, 22, 17, 8, 18,San Luis Potosí,"biblioteca,-san luis potosí-air-quality.csv"
2019/1/18, 33, 23, 12, 8, 13,San Luis Potosí,"biblioteca,-san luis potosí-air-quality.csv"
2019/1/19, 31, 22, 10, 9, ,San Luis Potosí,"biblioteca,-san luis potosí-air-quality.csv"
2019/1/20, 30, 26, 11, 11, 7,San Luis Potosí,"biblioteca,-san luis potosí-air-quality.csv"
2019/1/21, 42, 24, 9, 9, 1,San Luis Potosí,"biblioteca,-san luis potosí-air-quality.csv"
2019/1/22, 124, 31, 27, 14, 24,San Luis Potosí,"biblioteca,-san luis potosí-air-quality.csv"
2019/1/23, 359, 28, 20, 10, 15,San Luis Potosí,"biblioteca,-san luis potosí-air-quality.csv"
2019/1/24, 386, 26, 9, 8, 4,San Luis Potosí,"biblioteca,-san luis potosí-air-quality.csv"
2019/1/25, 320, 23, 20, 9, 4,San Luis Potosí,"biblioteca,-san luis potosí-air-quality.csv"
2019/1/26, 53, 20, 14, 8, ,San Luis Potosí,"biblioteca,-san luis potosí-air-quality.csv"
2019/1/27, 47, 28, 13, 11, ,San Luis Potosí,"biblioteca,-san luis potosí-air-quality.csv"
2019/1/28, 29, 25, 10, 8, ,San Luis Potosí,"biblioteca,-san luis potosí-air-quality.csv"
2019/1/29, 54, 27, 20, 10, 23,San Luis Potosí,"biblioteca,-san luis potosí-air-quality.csv"
2019/1/30, 47, 23, 14, 10, 10,San Luis Potosí,"biblioteca,-san luis potosí-air-quality.csv"
2019/1/31, 46, 22, 18, 9, 2,San Luis Potosí,"biblioteca,-san luis potosí-air-quality.csv"
2019/2/1, 43, 16, 16, 9, 26,San Luis Potosí,"biblioteca,-san luis potosí-air-quality.csv"
2019/2/2, 20, 24, 8, 8, 28,San Luis Potosí,"biblioteca,-san luis potosí-air-quality.csv"
2019/2/3, 50, 26, 20, 10, 15,San Luis Potosí,"biblioteca,-san luis potosí-air-quality.csv"
2019/2/4, 50, 25, 18, 12, 16,San Luis Potosí,"biblioteca,-san luis potosí-air-quality.csv"
2019/2/5, 38, 21, 17, 9, 12,San Luis Potosí,"biblioteca,-san luis potosí-air-quality.csv"
2019/2/6, 48, 16, 19, 10, 8,San Luis Potosí,"biblioteca,-san luis potosí-air-quality.csv"
2019/2/7, 87, 7, 27, 9, 12,San Luis Potosí,"biblioteca,-san luis potosí-air-quality.csv"
2019/2/8, 63, 2, 39, 1, 6,San Luis Potosí,"biblioteca,-san luis potosí-air-quality.csv"
2019/2/9, 40, 2, 17, , 17,San Luis Potosí,"biblioteca,-san luis potosí-air-quality.csv"
2019/2/10, 26, 5, 25, , 14,San Luis Potosí,"biblioteca,-san luis potosí-air-quality.csv"
2019/2/11, 32, 6, 42, , 2,San Luis Potosí,"biblioteca,-san luis potosí-air-quality.csv"
2019/2/12, 49, 6, 48, , 9,San Luis Potosí,"biblioteca,-san luis potosí-air-quality.csv"
2019/2/13, 47, 14, 37, 1, 11,San Luis Potosí,"biblioteca,-san luis potosí-air-quality.csv"
2019/2/14, 40, 19, 33, 1, 14,San Luis Potosí,"biblioteca,-san luis potosí-air-quality.csv"
2019/2/15, 47, 28, 50, , 18,San Luis Potosí,"biblioteca,-san luis potosí-air-quality.csv"
2019/2/16, 35, 6, 28, , 8,San Luis Potosí,"biblioteca,-san luis potosí-air-quality.csv"
2019/2/17, 45, 11, 33, 1, 6,San Luis Potosí,"biblioteca,-san luis potosí-air-quality.csv"
2019/2/18, 43, 6, 14, , 2,San Luis Potosí,"biblioteca,-san luis potosí-air-quality.csv"
2019/2/19, 35, 8, 28, 1, 25,San Luis Potosí,"biblioteca,-san luis potosí-air-quality.csv"
2019/2/20, 54, 10, 33, 1, 18,San Luis Potosí,"biblioteca,-san luis potosí-air-quality.csv"
2019/2/21, 33, 11, 27, , 21,San Luis Potosí,"biblioteca,-san luis potosí-air-quality.csv"
2019/2/22, 45, 9, 28, , 12,San Luis Potosí,"biblioteca,-san luis potosí-air-quality.csv"
2019/2/23, 27, 12, 21, , 13,San Luis Potosí,"biblioteca,-san luis potosí-air-quality.csv"
2019/2/24, 17, 5, 23, 1, 6,San Luis Potosí,"biblioteca,-san luis potosí-air-quality.csv"
2019/2/25, 42, 18, 21, 1, 14,San Luis Potosí,"biblioteca,-san luis potosí-air-quality.csv"
2019/2/26, 50, 24, 43, 1, 15,San Luis Potosí,"biblioteca,-san luis potosí-air-quality.csv"
2019/2/27, 52, 2, 52, 2, 4,San Luis Potosí,"biblioteca,-san luis potosí-air-quality.csv"
2019/2/28, 49, 6, 47, , 9,San Luis Potosí,"biblioteca,-san luis potosí-air-quality.csv"
2019/3/1, 62, 1, 45, 1, 16,San Luis Potosí,"biblioteca,-san luis potosí-air-quality.csv"
2019/3/2, 53, , 38, 1, 4,San Luis Potosí,"biblioteca,-san luis potosí-air-quality.csv"
2019/3/3, 45, , 34, 1, 7,San Luis Potosí,"biblioteca,-san luis potosí-air-quality.csv"
2019/3/4, 32, 3, 20, , 14,San Luis Potosí,"biblioteca,-san luis potosí-air-quality.csv"
2019/3/5, 49, 9, 24, 1, 8,San Luis Potosí,"biblioteca,-san luis potosí-air-quality.csv"
2019/3/6, 37, 10, 26, , 6,San Luis Potosí,"biblioteca,-san luis potosí-air-quality.csv"
2019/3/7, 36, 5, 33, , 3,San Luis Potosí,"biblioteca,-san luis potosí-air-quality.csv"
2019/3/8, 53, 4, 48, 2, 6,San Luis Potosí,"biblioteca,-san luis potosí-air-quality.csv"
2019/3/9, 56, 9, 47, 1, 9,San Luis Potosí,"biblioteca,-san luis potosí-air-quality.csv"
2019/3/10, 56, 4, 49, , 10,San Luis Potosí,"biblioteca,-san luis potosí-air-quality.csv"
2019/3/11, 46, 4, 44, 2, 6,San Luis Potosí,"biblioteca,-san luis potosí-air-quality.csv"
2019/3/12, 64, 2, 36, , 6,San Luis Potosí,"biblioteca,-san luis potosí-air-quality.csv"
2019/3/13, 57, 15, 32, 1, 7,San Luis Potosí,"biblioteca,-san luis potosí-air-quality.csv"
2019/3/14, 62, 9, 19, 1, 4,San Luis Potosí,"biblioteca,-san luis potosí-air-quality.csv"
2019/3/15, 39, 2, 27, , 5,San Luis Potosí,"biblioteca,-san luis potosí-air-quality.csv"
2019/3/16, 49, 10, 14, 1, 5,San Luis Potosí,"biblioteca,-san luis potosí-air-quality.csv"
2019/3/17, 39, 9, 35, , 3,San Luis Potosí,"biblioteca,-san luis potosí-air-quality.csv"
2019/3/18, 35, 10, 33, , 5,San Luis Potosí,"biblioteca,-san luis potosí-air-quality.csv"
2019/3/19, 29, 7, 30, 1, 4,San Luis Potosí,"biblioteca,-san luis potosí-air-quality.csv"
2019/3/20, 31, 9, 30, , 4,San Luis Potosí,"biblioteca,-san luis potosí-air-quality.csv"
2019/3/21, 31, 2, 23, , 5,San Luis Potosí,"biblioteca,-san luis potosí-air-quality.csv"
2019/3/22, 33, 4, 14, , 5,San Luis Potosí,"biblioteca,-san luis potosí-air-quality.csv"
2019/3/23, 36, 5, 21, 1, 4,San Luis Potosí,"biblioteca,-san luis potosí-air-quality.csv"
2019/3/24, 31, 4, 29, , 3,San Luis Potosí,"biblioteca,-san luis potosí-air-quality.csv"
2019/3/25, 39, 4, 29, , 4,San Luis Potosí,"biblioteca,-san luis potosí-air-quality.csv"
2019/3/26, 53, 4, 32, 1, 5,San Luis Potosí,"biblioteca,-san luis potosí-air-quality.csv"
2019/3/27, 44, 7, 21, , 5,San Luis Potosí,"biblioteca,-san luis potosí-air-quality.csv"
2019/3/28, 42, 5, 22, , 4,San Luis Potosí,"biblioteca,-san luis potosí-air-quality.csv"
2019/3/29, 54, 9, 35, , 6,San Luis Potosí,"biblioteca,-san luis potosí-air-quality.csv"
2019/3/30, 51, 8, 35, , 6,San Luis Potosí,"biblioteca,-san luis potosí-air-quality.csv"
2019/3/31, 54, 2, 37, 1, 7,San Luis Potosí,"biblioteca,-san luis potosí-air-quality.csv"
2019/4/1, 49, 8, 15, , 6,San Luis Potosí,"biblioteca,-san luis potosí-air-quality.csv"
2018/10/2, 12, 19, 7, 9, 35,San Luis Potosí,"biblioteca,-san luis potosí-air-quality.csv"
2018/10/3, 23, 19, 6, 8, 22,San Luis Potosí,"biblioteca,-san luis potosí-air-quality.csv"
2018/10/4, 25, 20, 6, 8, 19,San Luis Potosí,"biblioteca,-san luis potosí-air-quality.csv"
2018/10/5, 26, 24, 8, 9, 3,San Luis Potosí,"biblioteca,-san luis potosí-air-quality.csv"
2018/10/6, 32, 25, 8, 8, ,San Luis Potosí,"biblioteca,-san luis potosí-air-quality.csv"
2018/10/7, 32, 21, 9, 9, 28,San Luis Potosí,"biblioteca,-san luis potosí-air-quality.csv"
2018/10/8, 28, 21, 13, 7, 21,San Luis Potosí,"biblioteca,-san luis potosí-air-quality.csv"
2018/10/9, 27, 22, 8, 7, 11,San Luis Potosí,"biblioteca,-san luis potosí-air-quality.csv"
2018/10/10, 19, 32, 9, 10, 10,San Luis Potosí,"biblioteca,-san luis potosí-air-quality.csv"
2018/10/11, 31, 24, 9, 9, 17,San Luis Potosí,"biblioteca,-san luis potosí-air-quality.csv"
2018/10/12, 36, 23, 11, 9, 8,San Luis Potosí,"biblioteca,-san luis potosí-air-quality.csv"
2018/10/13, 38, 47, 13, 7, 3,San Luis Potosí,"biblioteca,-san luis potosí-air-quality.csv"
2018/10/14, 54, 39, 10, 9, 17,San Luis Potosí,"biblioteca,-san luis potosí-air-quality.csv"
2018/10/15, 35, 17, 8, 10, 4,San Luis Potosí,"biblioteca,-san luis potosí-air-quality.csv"
2018/10/16, 36, 12, 6, 9, 3,San Luis Potosí,"biblioteca,-san luis potosí-air-quality.csv"
2018/10/17, 23, 14, 5, 8, 6,San Luis Potosí,"biblioteca,-san luis potosí-air-quality.csv"
2018/10/18, 19, 12, 5, 8, ,San Luis Potosí,"biblioteca,-san luis potosí-air-quality.csv"
2018/10/19, 12, 15, 6, 8, 42,San Luis Potosí,"biblioteca,-san luis potosí-air-quality.csv"
2018/10/20, 14, , , , ,San Luis Potosí,"biblioteca,-san luis potosí-air-quality.csv"
2018/11/8, 40, 27, 15, 8, 12,San Luis Potosí,"biblioteca,-san luis potosí-air-quality.csv"
2018/11/9, 44, 23, 11, 7, 6,San Luis Potosí,"biblioteca,-san luis potosí-air-quality.csv"
2018/11/10, 46, 23, 8, 8, 13,San Luis Potosí,"biblioteca,-san luis potosí-air-quality.csv"
2018/11/11, 23, 11, 15, 13, 10,San Luis Potosí,"biblioteca,-san luis potosí-air-quality.csv"
2018/11/12, 42, , 18, 9, 16,San Luis Potosí,"biblioteca,-san luis potosí-air-quality.csv"
2018/11/13, 51, , 9, 9, 11,San Luis Potosí,"biblioteca,-san luis potosí-air-quality.csv"
2018/11/14, 26, , 11, 8, 41,San Luis Potosí,"biblioteca,-san luis potosí-air-quality.csv"
2018/11/15, 28, , 18, 8, 7,San Luis Potosí,"biblioteca,-san luis potosí-air-quality.csv"
2018/11/16, 46, 27, 26, 13, 26,San Luis Potosí,"biblioteca,-san luis potosí-air-quality.csv"
2018/11/17, 64, 27, 27, 9, 28,San Luis Potosí,"biblioteca,-san luis potosí-air-quality.csv"
2018/11/18, 69, 29, 22, 8, 26,San Luis Potosí,"biblioteca,-san luis potosí-air-quality.csv"
2018/11/19, 51, 21, 16, 8, 16,San Luis Potosí,"biblioteca,-san luis potosí-air-quality.csv"
2018/11/20, 43, 20, 14, 8, 8,San Luis Potosí,"biblioteca,-san luis potosí-air-quality.csv"
2018/11/21, 48, 23, 16, 15, 21,San Luis Potosí,"biblioteca,-san luis potosí-air-quality.csv"
2018/11/22, 52, 43, 18, 8, 30,San Luis Potosí,"biblioteca,-san luis potosí-air-quality.csv"
2018/11/23, 349, 21, 25, 9, 11,San Luis Potosí,"biblioteca,-san luis potosí-air-quality.csv"
2018/11/24, 59, 19, 22, 10, 31,San Luis Potosí,"biblioteca,-san luis potosí-air-quality.csv"
2018/11/25, 44, 19, 11, 10, 11,San Luis Potosí,"biblioteca,-san luis potosí-air-quality.csv"
2018/11/26, 28, 31, 15, 12, 22,San Luis Potosí,"biblioteca,-san luis potosí-air-quality.csv"
2018/11/27, 47, 26, 9, 7, 23,San Luis Potosí,"biblioteca,-san luis potosí-air-quality.csv"
2018/11/28, 45, 15, 11, 7, 2,San Luis Potosí,"biblioteca,-san luis potosí-air-quality.csv"
2018/11/29, 23, 10, 20, 9, 21,San Luis Potosí,"biblioteca,-san luis potosí-air-quality.csv"
2018/11/30, 25, 25, 12, 7, 30,San Luis Potosí,"biblioteca,-san luis potosí-air-quality.csv"
2018/12/1, 25, 22, 5, 8, 34,San Luis Potosí,"biblioteca,-san luis potosí-air-quality.csv"
2018/12/2, 17, 37, 8, 9, 3,San Luis Potosí,"biblioteca,-san luis potosí-air-quality.csv"
2018/12/3, 14, 33, 28, 10, 24,San Luis Potosí,"biblioteca,-san luis potosí-air-quality.csv"
2018/12/4, 62, 69, 12, 9, 30,San Luis Potosí,"biblioteca,-san luis potosí-air-quality.csv"
2018/12/5, 43, 29, 11, 9, 33,San Luis Potosí,"biblioteca,-san luis potosí-air-quality.csv"
2018/12/6, 31, 165, 12, 9, 17,San Luis Potosí,"biblioteca,-san luis potosí-air-quality.csv"
2018/12/7, 43, , 24, 9, 11,San Luis Potosí,"biblioteca,-san luis potosí-air-quality.csv"
2018/12/8, 53, , 12, 8, 1,San Luis Potosí,"biblioteca,-san luis potosí-air-quality.csv"
2018/12/9, 29, , 8, 8, ,San Luis Potosí,"biblioteca,-san luis potosí-air-quality.csv"
2018/12/10, 25, , 9, 9, ,San Luis Potosí,"biblioteca,-san luis potosí-air-quality.csv"
2018/12/11, 29, 14, 14, 9, 16,San Luis Potosí,"biblioteca,-san luis potosí-air-quality.csv"
2018/12/12, 47, 14, 16, 10, 19,San Luis Potosí,"biblioteca,-san luis potosí-air-quality.csv"
2018/12/13, 57, 18, 6, 8, 35,San Luis Potosí,"biblioteca,-san luis potosí-air-quality.csv"
2018/12/14, 20, 25, 14, 9, 39,San Luis Potosí,"biblioteca,-san luis potosí-air-quality.csv"
2018/12/15, 29, 27, 20, 8, 42,San Luis Potosí,"biblioteca,-san luis potosí-air-quality.csv"
2018/12/16, 141, 25, 26, 9, 27,San Luis Potosí,"biblioteca,-san luis potosí-air-quality.csv"
2018/12/17, 207, 28, 30, 10, 19,San Luis Potosí,"biblioteca,-san luis potosí-air-quality.csv"
2018/12/18, 287, 20, 23, 12, 10,San Luis Potosí,"biblioteca,-san luis potosí-air-quality.csv"
2018/12/19, 250, 24, 7, 8, ,San Luis Potosí,"biblioteca,-san luis potosí-air-quality.csv"
2018/12/20, 152, 26, 11, 8, 33,San Luis Potosí,"biblioteca,-san luis potosí-air-quality.csv"
2018/12/21, 594, 20, 27, 10, 23,San Luis Potosí,"biblioteca,-san luis potosí-air-quality.csv"
2018/7/2, 51, 29, 6, , 5,San Luis Potosí,"biblioteca,-san luis potosí-air-quality.csv"
2018/7/3, 65, 33, 6, , 5,San Luis Potosí,"biblioteca,-san luis potosí-air-quality.csv"
2018/7/4, 53, 34, 6, , 5,San Luis Potosí,"biblioteca,-san luis potosí-air-quality.csv"
2018/7/5, 52, 25, 4, , 6,San Luis Potosí,"biblioteca,-san luis potosí-air-quality.csv"
2018/7/6, 57, 23, 5, 80, 8,San Luis Potosí,"biblioteca,-san luis potosí-air-quality.csv"
2018/7/7, 31, 16, 5, , 4,San Luis Potosí,"biblioteca,-san luis potosí-air-quality.csv"
2018/7/8, 30, 17, 5, , 5,San Luis Potosí,"biblioteca,-san luis potosí-air-quality.csv"
2018/7/9, 34, 14, 5, , 5,San Luis Potosí,"biblioteca,-san luis potosí-air-quality.csv"
2018/7/10, 48, 17, 5, , 4,San Luis Potosí,"biblioteca,-san luis potosí-air-quality.csv"
2018/7/11, 418, 18, 6, , 5,San Luis Potosí,"biblioteca,-san luis potosí-air-quality.csv"
2018/7/12, 454, 17, 5, , 6,San Luis Potosí,"biblioteca,-san luis potosí-air-quality.csv"
2018/7/13, 44, 19, 8, , 5,San Luis Potosí,"biblioteca,-san luis potosí-air-quality.csv"
2018/7/14, 50, 20, 6, , 6,San Luis Potosí,"biblioteca,-san luis potosí-air-quality.csv"
2018/7/15, 34, 18, 5, , 5,San Luis Potosí,"biblioteca,-san luis potosí-air-quality.csv"
2018/7/16, 63, 20, 8, , 6,San Luis Potosí,"biblioteca,-san luis potosí-air-quality.csv"
2018/7/17, 73, 31, 10, , 6,San Luis Potosí,"biblioteca,-san luis potosí-air-quality.csv"
2018/7/18, 65, 26, 8, , 5,San Luis Potosí,"biblioteca,-san luis potosí-air-quality.csv"
2018/7/19, 47, 24, 9, , 5,San Luis Potosí,"biblioteca,-san luis potosí-air-quality.csv"
2018/7/20, 45, 27, 9, , 5,San Luis Potosí,"biblioteca,-san luis potosí-air-quality.csv"
2018/7/21, 47, 24, 11, , 6,San Luis Potosí,"biblioteca,-san luis potosí-air-quality.csv"
2018/7/22, 51, 24, 7, , 6,San Luis Potosí,"biblioteca,-san luis potosí-air-quality.csv"
2018/7/23, 50, 25, 8, , 5,San Luis Potosí,"biblioteca,-san luis potosí-air-quality.csv"
2018/7/24, 45, 24, 10, , 5,San Luis Potosí,"biblioteca,-san luis potosí-air-quality.csv"
2018/7/25, 49, 22, 10, 1, 6,San Luis Potosí,"biblioteca,-san luis potosí-air-quality.csv"
2018/7/26, 53, 18, 10, 1, 6,San Luis Potosí,"biblioteca,-san luis potosí-air-quality.csv"
2018/7/27, 170, 30, 9, , 20,San Luis Potosí,"biblioteca,-san luis potosí-air-quality.csv"
2018/7/28, 64, 15, 13, , 8,San Luis Potosí,"biblioteca,-san luis potosí-air-quality.csv"
2018/7/29, 52, , , , ,San Luis Potosí,"biblioteca,-san luis potosí-air-quality.csv"
2018/7/31, 40, 32, 8, , 11,San Luis Potosí,"biblioteca,-san luis potosí-air-quality.csv"
2018/8/1, 36, 19, 5, , 11,San Luis Potosí,"biblioteca,-san luis potosí-air-quality.csv"
2018/8/2, 31, 28, 5, 8, 7,San Luis Potosí,"biblioteca,-san luis potosí-air-quality.csv"
2018/8/3, 25, 30, 9, 8, 18,San Luis Potosí,"biblioteca,-san luis potosí-air-quality.csv"
2018/8/4, 32, 21, 6, 8, 19,San Luis Potosí,"biblioteca,-san luis potosí-air-quality.csv"
2018/8/5, 28, 20, 4, 8, 21,San Luis Potosí,"biblioteca,-san luis potosí-air-quality.csv"
2018/8/6, 19, 17, 4, 8, 15,San Luis Potosí,"biblioteca,-san luis potosí-air-quality.csv"
2018/8/7, 20, 18, 4, 8, 12,San Luis Potosí,"biblioteca,-san luis potosí-air-quality.csv"
2018/8/8, 23, 20, 6, 10, 9,San Luis Potosí,"biblioteca,-san luis potosí-air-quality.csv"
2018/8/9, 34, 28, 6, 9, 13,San Luis Potosí,"biblioteca,-san luis potosí-air-quality.csv"
2018/8/10, 39, 27, 6, 8, 8,San Luis Potosí,"biblioteca,-san luis potosí-air-quality.csv"
2018/8/11, 38, 28, 8, 9, 4,San Luis Potosí,"biblioteca,-san luis potosí-air-quality.csv"
2018/8/12, 40, 33, 9, 9, ,San Luis Potosí,"biblioteca,-san luis potosí-air-quality.csv"
2018/8/13, 17, 25, 12, 10, 7,San Luis Potosí,"biblioteca,-san luis potosí-air-quality.csv"
2018/8/14, 36, 30, 8, 8, 7,San Luis Potosí,"biblioteca,-san luis potosí-air-quality.csv"
2018/8/15, 44, 34, 10, 9, 6,San Luis Potosí,"biblioteca,-san luis potosí-air-quality.csv"
2018/8/16, 46, 27, 7, 9, 27,San Luis Potosí,"biblioteca,-san luis potosí-air-quality.csv"
2018/8/17, 37, 28, 7, 9, 23,San Luis Potosí,"biblioteca,-san luis potosí-air-quality.csv"
2018/8/18, 38, 26, 6, 10, 25,San Luis Potosí,"biblioteca,-san luis potosí-air-quality.csv"
2018/8/19, 33, 37, 7, 10, 5,San Luis Potosí,"biblioteca,-san luis potosí-air-quality.csv"
2018/8/20, 28, 24, 8, 8, 15,San Luis Potosí,"biblioteca,-san luis potosí-air-quality.csv"
2018/8/21, 33, 20, 4, 8, 8,San Luis Potosí,"biblioteca,-san luis potosí-air-quality.csv"
2018/8/22, 23, 22, 6, 9, 2,San Luis Potosí,"biblioteca,-san luis potosí-air-quality.csv"
2018/8/23, 22, 22, 6, 9, 19,San Luis Potosí,"biblioteca,-san luis potosí-air-quality.csv"
2018/8/24, 24, 27, 8, 9, 12,San Luis Potosí,"biblioteca,-san luis potosí-air-quality.csv"
2018/8/25, 30, 26, 7, 8, 8,San Luis Potosí,"biblioteca,-san luis potosí-air-quality.csv"
2018/8/26, 28, 24, 5, 8, 11,San Luis Potosí,"biblioteca,-san luis potosí-air-quality.csv"
2018/8/27, 24, 27, 7, 9, 17,San Luis Potosí,"biblioteca,-san luis potosí-air-quality.csv"
2018/8/28, 32, 22, 6, 9, 4,San Luis Potosí,"biblioteca,-san luis potosí-air-quality.csv"
2018/8/29, 31, 20, 6, 9, 14,San Luis Potosí,"biblioteca,-san luis potosí-air-quality.csv"
2018/8/30, 28, 21, 9, 8, 19,San Luis Potosí,"biblioteca,-san luis potosí-air-quality.csv"
2018/8/31, 27, 23, 7, 10, 11,San Luis Potosí,"biblioteca,-san luis potosí-air-quality.csv"
2018/9/1, 28, 18, 6, 11, 11,San Luis Potosí,"biblioteca,-san luis potosí-air-quality.csv"
2018/9/2, 15, 30, 6, 10, 12,San Luis Potosí,"biblioteca,-san luis potosí-air-quality.csv"
2018/9/3, 21, 26, 8, 9, 3,San Luis Potosí,"biblioteca,-san luis potosí-air-quality.csv"
2018/9/4, 34, 26, 7, 8, 12,San Luis Potosí,"biblioteca,-san luis potosí-air-quality.csv"
2018/9/5, 34, 21, 8, 7, 20,San Luis Potosí,"biblioteca,-san luis potosí-air-quality.csv"
2018/9/6, 33, 19, 7, 6, 11,San Luis Potosí,"biblioteca,-san luis potosí-air-quality.csv"
2018/9/7, 21, 23, 10, 8, 9,San Luis Potosí,"biblioteca,-san luis potosí-air-quality.csv"
2018/9/8, 24, 28, 13, 8, 2,San Luis Potosí,"biblioteca,-san luis potosí-air-quality.csv"
2018/9/9, 38, 17, 9, 9, ,San Luis Potosí,"biblioteca,-san luis potosí-air-quality.csv"
2018/9/10, 17, 22, 14, 13, ,San Luis Potosí,"biblioteca,-san luis potosí-air-quality.csv"
2018/9/11, 23, 23, 14, 10, 10,San Luis Potosí,"biblioteca,-san luis potosí-air-quality.csv"
2018/9/12, 17, 31, 13, 10, 26,San Luis Potosí,"biblioteca,-san luis potosí-air-quality.csv"
2018/9/13, 19, 22, 7, 8, 6,San Luis Potosí,"biblioteca,-san luis potosí-air-quality.csv"
2018/9/14, 14, 21, 7, 9, 18,San Luis Potosí,"biblioteca,-san luis potosí-air-quality.csv"
2018/9/15, 24, 30, 7, 10, 21,San Luis Potosí,"biblioteca,-san luis potosí-air-quality.csv"
2018/9/16, 333, 25, 10, 8, 16,San Luis Potosí,"biblioteca,-san luis potosí-air-quality.csv"
2018/9/17, 868, 23, 12, 9, 18,San Luis Potosí,"biblioteca,-san luis potosí-air-quality.csv"
2018/9/18, 422, 20, 9, 7, 10,San Luis Potosí,"biblioteca,-san luis potosí-air-quality.csv"
2018/9/19, 35, 22, 11, 8, 12,San Luis Potosí,"biblioteca,-san luis potosí-air-quality.csv"
2018/9/20, 31, 25, 9, 9, 11,San Luis Potosí,"biblioteca,-san luis potosí-air-quality.csv"
2018/9/21, 27, 24, 8, 8, ,San Luis Potosí,"biblioteca,-san luis potosí-air-quality.csv"
2018/9/22, 30, 14, 4, 8, ,San Luis Potosí,"biblioteca,-san luis potosí-air-quality.csv"
2018/9/23, 20, 18, 4, 8, 4,San Luis Potosí,"biblioteca,-san luis potosí-air-quality.csv"
2018/9/24, 20, 19, 8, 9, 11,San Luis Potosí,"biblioteca,-san luis potosí-air-quality.csv"
2018/9/25, 33, 17, 7, 8, 5,San Luis Potosí,"biblioteca,-san luis potosí-air-quality.csv"
2018/9/26, 39, 18, 5, 9, 31,San Luis Potosí,"biblioteca,-san luis potosí-air-quality.csv"
2018/9/27, 28, 19, 8, 8, 28,San Luis Potosí,"biblioteca,-san luis potosí-air-quality.csv"
2018/9/28, 33, 17, 6, 10, 25,San Luis Potosí,"biblioteca,-san luis potosí-air-quality.csv"
2018/9/29, 24, 17, 6, 9, 26,San Luis Potosí,"biblioteca,-san luis potosí-air-quality.csv"
2018/9/30, 17, 19, 5, 8, 5,San Luis Potosí,"biblioteca,-san luis potosí-air-quality.csv"
2018/10/1, 20, 13, 5, 8, 10,San Luis Potosí,"biblioteca,-san luis potosí-air-quality.csv"
2018/4/2, 38, 34, 11, , 4,San Luis Potosí,"biblioteca,-san luis potosí-air-quality.csv"
2018/4/3, 44, 31, 7, , 4,San Luis Potosí,"biblioteca,-san luis potosí-air-quality.csv"
2018/4/4, 32, 31, 9, , 5,San Luis Potosí,"biblioteca,-san luis potosí-air-quality.csv"
2018/4/5, 51, 38, 7, , 5,San Luis Potosí,"biblioteca,-san luis potosí-air-quality.csv"
2018/4/6, 34, 20, 10, , 7,San Luis Potosí,"biblioteca,-san luis potosí-air-quality.csv"
2018/4/7, 52, , , , ,San Luis Potosí,"biblioteca,-san luis potosí-air-quality.csv"
2018/4/9, 40, 38, 6, , 5,San Luis Potosí,"biblioteca,-san luis potosí-air-quality.csv"
2018/4/10, 39, 34, 6, , 6,San Luis Potosí,"biblioteca,-san luis potosí-air-quality.csv"
2018/4/11, 53, 32, 7, , 6,San Luis Potosí,"biblioteca,-san luis potosí-air-quality.csv"
2018/4/12, 22, 41, 9, , 6,San Luis Potosí,"biblioteca,-san luis potosí-air-quality.csv"
2018/4/13, 30, 36, 8, , 5,San Luis Potosí,"biblioteca,-san luis potosí-air-quality.csv"
2018/4/14, 38, 37, 7, , 5,San Luis Potosí,"biblioteca,-san luis potosí-air-quality.csv"
2018/4/15, 35, 40, 6, , 5,San Luis Potosí,"biblioteca,-san luis potosí-air-quality.csv"
2018/4/16, 75, 45, 12, , 7,San Luis Potosí,"biblioteca,-san luis potosí-air-quality.csv"
2018/4/17, 65, 46, 11, , 6,San Luis Potosí,"biblioteca,-san luis potosí-air-quality.csv"
2018/4/18, 58, 37, 9, , 6,San Luis Potosí,"biblioteca,-san luis potosí-air-quality.csv"
2018/4/19, 77, 41, 6, , 5,San Luis Potosí,"biblioteca,-san luis potosí-air-quality.csv"
2018/4/20, 63, 42, 9, , 7,San Luis Potosí,"biblioteca,-san luis potosí-air-quality.csv"
2018/4/21, 55, 33, 9, , 7,San Luis Potosí,"biblioteca,-san luis potosí-air-quality.csv"
2018/4/22, 46, 34, 7, , 5,San Luis Potosí,"biblioteca,-san luis potosí-air-quality.csv"
2018/4/23, 81, 40, 9, , 5,San Luis Potosí,"biblioteca,-san luis potosí-air-quality.csv"
2018/4/24, 89, 38, 9, , 7,San Luis Potosí,"biblioteca,-san luis potosí-air-quality.csv"
2018/4/25, 49, 46, 8, , 6,San Luis Potosí,"biblioteca,-san luis potosí-air-quality.csv"
2018/4/26, 54, 38, 8, , 6,San Luis Potosí,"biblioteca,-san luis potosí-air-quality.csv"
2018/4/27, 40, 35, 6, , 3,San Luis Potosí,"biblioteca,-san luis potosí-air-quality.csv"
2018/4/28, 39, 35, 6, , 5,San Luis Potosí,"biblioteca,-san luis potosí-air-quality.csv"
2018/4/29, 34, 37, 7, , 6,San Luis Potosí,"biblioteca,-san luis potosí-air-quality.csv"
2018/4/30, 29, 31, 8, , 8,San Luis Potosí,"biblioteca,-san luis potosí-air-quality.csv"
2018/5/1, 32, 20, 15, , 9,San Luis Potosí,"biblioteca,-san luis potosí-air-quality.csv"
2018/5/2, 37, 41, 10, , 6,San Luis Potosí,"biblioteca,-san luis potosí-air-quality.csv"
2018/5/3, 868, 34, 14, , 8,San Luis Potosí,"biblioteca,-san luis potosí-air-quality.csv"
2018/5/4, 868, 38, 10, , 7,San Luis Potosí,"biblioteca,-san luis potosí-air-quality.csv"
2018/5/5, 728, 28, 6, , 6,San Luis Potosí,"biblioteca,-san luis potosí-air-quality.csv"
2018/5/6, 23, 26, 7, , 6,San Luis Potosí,"biblioteca,-san luis potosí-air-quality.csv"
2018/5/7, 23, 29, 8, 1, 5,San Luis Potosí,"biblioteca,-san luis potosí-air-quality.csv"
2018/5/8, 33, 39, 9, 1, 4,San Luis Potosí,"biblioteca,-san luis potosí-air-quality.csv"
2018/5/9, 41, 42, 10, , 7,San Luis Potosí,"biblioteca,-san luis potosí-air-quality.csv"
2018/5/10, 53, 41, 9, , 7,San Luis Potosí,"biblioteca,-san luis potosí-air-quality.csv"
2018/5/11, 37, 46, 9, , 6,San Luis Potosí,"biblioteca,-san luis potosí-air-quality.csv"
2018/5/12, 40, 45, 7, , 7,San Luis Potosí,"biblioteca,-san luis potosí-air-quality.csv"
2018/5/13, 37, 47, 7, , 6,San Luis Potosí,"biblioteca,-san luis potosí-air-quality.csv"
2018/5/14, 41, 43, 9, , 7,San Luis Potosí,"biblioteca,-san luis potosí-air-quality.csv"
2018/5/15, 43, 40, 7, , 6,San Luis Potosí,"biblioteca,-san luis potosí-air-quality.csv"
2018/5/16, 34, 38, 7, , 7,San Luis Potosí,"biblioteca,-san luis potosí-air-quality.csv"
2018/5/17, 43, 38, 7, , 6,San Luis Potosí,"biblioteca,-san luis potosí-air-quality.csv"
2018/5/18, 50, 39, 10, , 2,San Luis Potosí,"biblioteca,-san luis potosí-air-quality.csv"
2018/5/19, 46, 35, 9, , 6,San Luis Potosí,"biblioteca,-san luis potosí-air-quality.csv"
2018/5/20, 43, 45, 7, , 4,San Luis Potosí,"biblioteca,-san luis potosí-air-quality.csv"
2018/5/21, 43, 34, 6, , 7,San Luis Potosí,"biblioteca,-san luis potosí-air-quality.csv"
2018/5/22, 38, 47, 7, , 4,San Luis Potosí,"biblioteca,-san luis potosí-air-quality.csv"
2018/5/23, 76, 54, 8, , 5,San Luis Potosí,"biblioteca,-san luis potosí-air-quality.csv"
2018/5/24, 50, 43, 7, , 4,San Luis Potosí,"biblioteca,-san luis potosí-air-quality.csv"
2018/5/25, 46, 41, 6, , 5,San Luis Potosí,"biblioteca,-san luis potosí-air-quality.csv"
2018/5/26, 42, 42, 7, , 4,San Luis Potosí,"biblioteca,-san luis potosí-air-quality.csv"
2018/5/27, 38, 42, 7, , 6,San Luis Potosí,"biblioteca,-san luis potosí-air-quality.csv"
2018/5/28, 38, 32, 10, , 6,San Luis Potosí,"biblioteca,-san luis potosí-air-quality.csv"
2018/5/29, 94, 49, 11, 2, 8,San Luis Potosí,"biblioteca,-san luis potosí-air-quality.csv"
2018/5/30, 54, 41, 8, , 10,San Luis Potosí,"biblioteca,-san luis potosí-air-quality.csv"
2018/5/31, 53, 37, 6, , 4,San Luis Potosí,"biblioteca,-san luis potosí-air-quality.csv"
2018/6/1, 47, 33, 7, , 16,San Luis Potosí,"biblioteca,-san luis potosí-air-quality.csv"
2018/6/2, 47, 36, 6, , 8,San Luis Potosí,"biblioteca,-san luis potosí-air-quality.csv"
2018/6/3, 46, 30, 4, , 20,San Luis Potosí,"biblioteca,-san luis potosí-air-quality.csv"
2018/6/4, 37, 26, 6, , 15,San Luis Potosí,"biblioteca,-san luis potosí-air-quality.csv"
2018/6/5, 31, 39, 8, , 10,San Luis Potosí,"biblioteca,-san luis potosí-air-quality.csv"
2018/6/6, 40, 40, 8, , 16,San Luis Potosí,"biblioteca,-san luis potosí-air-quality.csv"
2018/6/7, 43, 36, 6, , 32,San Luis Potosí,"biblioteca,-san luis potosí-air-quality.csv"
2018/6/8, 40, 30, 5, , 12,San Luis Potosí,"biblioteca,-san luis potosí-air-quality.csv"
2018/6/9, 39, 27, 4, 1, 8,San Luis Potosí,"biblioteca,-san luis potosí-air-quality.csv"
2018/6/10, 33, 32, 4, , 24,San Luis Potosí,"biblioteca,-san luis potosí-air-quality.csv"
2018/6/11, 31, 39, 7, , 14,San Luis Potosí,"biblioteca,-san luis potosí-air-quality.csv"
2018/6/12, 47, 34, 7, , 14,San Luis Potosí,"biblioteca,-san luis potosí-air-quality.csv"
2018/6/13, 36, 29, 6, , ,San Luis Potosí,"biblioteca,-san luis potosí-air-quality.csv"
2018/6/14, 21, , 6, , 5,San Luis Potosí,"biblioteca,-san luis potosí-air-quality.csv"
2018/6/15, 21, 31, 8, , 4,San Luis Potosí,"biblioteca,-san luis potosí-air-quality.csv"
2018/6/16, 30, 71, 7, , 5,San Luis Potosí,"biblioteca,-san luis potosí-air-quality.csv"
2018/6/17, 34, , 6, , 4,San Luis Potosí,"biblioteca,-san luis potosí-air-quality.csv"
2018/6/18, 20, , 7, , 4,San Luis Potosí,"biblioteca,-san luis potosí-air-quality.csv"
2018/6/19, 14, 22, 7, , 2,San Luis Potosí,"biblioteca,-san luis potosí-air-quality.csv"
2018/6/20, 14, 34, 7, 1, 7,San Luis Potosí,"biblioteca,-san luis potosí-air-quality.csv"
2018/6/21, 15, 32, 10, , 7,San Luis Potosí,"biblioteca,-san luis potosí-air-quality.csv"
2018/6/22, 29, 31, 8, , 7,San Luis Potosí,"biblioteca,-san luis potosí-air-quality.csv"
2018/6/23, 21, , , , ,San Luis Potosí,"biblioteca,-san luis potosí-air-quality.csv"
2018/6/26, 31, 34, 7, , 6,San Luis Potosí,"biblioteca,-san luis potosí-air-quality.csv"
2018/6/27, 23, 29, 5, , 5,San Luis Potosí,"biblioteca,-san luis potosí-air-quality.csv"
2018/6/28, 20, 30, 7, , 6,San Luis Potosí,"biblioteca,-san luis potosí-air-quality.csv"
2018/6/29, 37, 21, 7, , 6,San Luis Potosí,"biblioteca,-san luis potosí-air-quality.csv"
2018/6/30, 43, , , , ,San Luis Potosí,"biblioteca,-san luis potosí-air-quality.csv"
2018/1/12, 52, 17, 13, 3, 14,San Luis Potosí,"biblioteca,-san luis potosí-air-quality.csv"
2018/1/13, 61, , , , ,San Luis Potosí,"biblioteca,-san luis potosí-air-quality.csv"
2018/1/22, 33, 11, 25, 5, 19,San Luis Potosí,"biblioteca,-san luis potosí-air-quality.csv"
2018/1/23, 45, , , , ,San Luis Potosí,"biblioteca,-san luis potosí-air-quality.csv"
2018/1/25, 34, 16, 11, 3, 14,San Luis Potosí,"biblioteca,-san luis potosí-air-quality.csv"
2018/1/26, 22, 20, 15, 2, 15,San Luis Potosí,"biblioteca,-san luis potosí-air-quality.csv"
2018/1/27, 37, 22, 14, 3, 14,San Luis Potosí,"biblioteca,-san luis potosí-air-quality.csv"
2018/1/28, 38, 15, 7, 4, 13,San Luis Potosí,"biblioteca,-san luis potosí-air-quality.csv"
2018/1/29, 25, 16, 7, 2, 13,San Luis Potosí,"biblioteca,-san luis potosí-air-quality.csv"
2018/1/30, 20, 23, 9, 1, 12,San Luis Potosí,"biblioteca,-san luis potosí-air-quality.csv"
2018/1/31, 29, 26, 20, 4, 16,San Luis Potosí,"biblioteca,-san luis potosí-air-quality.csv"
2018/2/1, 54, 5, 21, 4, 15,San Luis Potosí,"biblioteca,-san luis potosí-air-quality.csv"
2018/2/2, 42, 23, 14, 4, 18,San Luis Potosí,"biblioteca,-san luis potosí-air-quality.csv"
2018/2/3, 55, 24, 22, , 18,San Luis Potosí,"biblioteca,-san luis potosí-air-quality.csv"
2018/2/4, 54, 24, 14, 1, 15,San Luis Potosí,"biblioteca,-san luis potosí-air-quality.csv"
2018/2/5, 30, 25, 12, 2, 14,San Luis Potosí,"biblioteca,-san luis potosí-air-quality.csv"
2018/2/6, 39, 25, 17, 3, 15,San Luis Potosí,"biblioteca,-san luis potosí-air-quality.csv"
2018/2/7, 55, 24, 14, 1, 16,San Luis Potosí,"biblioteca,-san luis potosí-air-quality.csv"
2018/2/8, 50, 13, 6, 2, 13,San Luis Potosí,"biblioteca,-san luis potosí-air-quality.csv"
2018/2/9, 27, 7, 15, 3, 17,San Luis Potosí,"biblioteca,-san luis potosí-air-quality.csv"
2018/2/10, 20, 16, 8, 2, 13,San Luis Potosí,"biblioteca,-san luis potosí-air-quality.csv"
2018/2/11, 796, 17, 11, 4, 14,San Luis Potosí,"biblioteca,-san luis potosí-air-quality.csv"
2018/2/12, 868, 18, 16, 3, 16,San Luis Potosí,"biblioteca,-san luis potosí-air-quality.csv"
2018/2/13, 868, , 7, 2, 13,San Luis Potosí,"biblioteca,-san luis potosí-air-quality.csv"
2018/2/14, 868, , 10, 3, 13,San Luis Potosí,"biblioteca,-san luis potosí-air-quality.csv"
2018/2/15, 868, , 14, 3, 13,San Luis Potosí,"biblioteca,-san luis potosí-air-quality.csv"
2018/2/16, 868, , 17, 2, 15,San Luis Potosí,"biblioteca,-san luis potosí-air-quality.csv"
2018/2/17, 868, , 17, 1, 15,San Luis Potosí,"biblioteca,-san luis potosí-air-quality.csv"
2018/2/18, 868, , 9, 3, 12,San Luis Potosí,"biblioteca,-san luis potosí-air-quality.csv"
2018/2/19, 868, , 19, 4, 17,San Luis Potosí,"biblioteca,-san luis potosí-air-quality.csv"
2018/2/20, 868, , 10, 2, 13,San Luis Potosí,"biblioteca,-san luis potosí-air-quality.csv"
2018/2/21, 868, , 18, 1, 15,San Luis Potosí,"biblioteca,-san luis potosí-air-quality.csv"
2018/2/22, 868, , 14, 1, 15,San Luis Potosí,"biblioteca,-san luis potosí-air-quality.csv"
2018/2/23, 868, , 17, 2, 14,San Luis Potosí,"biblioteca,-san luis potosí-air-quality.csv"
2018/2/24, 597, , 14, 2, 13,San Luis Potosí,"biblioteca,-san luis potosí-air-quality.csv"
2018/2/25, 44, , 10, , 13,San Luis Potosí,"biblioteca,-san luis potosí-air-quality.csv"
2018/2/26, 25, , 13, 3, 10,San Luis Potosí,"biblioteca,-san luis potosí-air-quality.csv"
2018/2/27, 50, 14, 17, 3, 10,San Luis Potosí,"biblioteca,-san luis potosí-air-quality.csv"
2018/2/28, 38, 4, 23, 1, 14,San Luis Potosí,"biblioteca,-san luis potosí-air-quality.csv"
2018/3/1, 180, 2, 24, 1, 23,San Luis Potosí,"biblioteca,-san luis potosí-air-quality.csv"
2018/3/2, 44, 37, 6, , 6,San Luis Potosí,"biblioteca,-san luis potosí-air-quality.csv"
2018/3/3, 56, 43, 12, , 5,San Luis Potosí,"biblioteca,-san luis potosí-air-quality.csv"
2018/3/4, 61, 42, 9, , 4,San Luis Potosí,"biblioteca,-san luis potosí-air-quality.csv"
2018/3/5, 52, 30, 13, , 5,San Luis Potosí,"biblioteca,-san luis potosí-air-quality.csv"
2018/3/6, 54, 40, 12, , 3,San Luis Potosí,"biblioteca,-san luis potosí-air-quality.csv"
2018/3/7, 58, 27, 6, , 4,San Luis Potosí,"biblioteca,-san luis potosí-air-quality.csv"
2018/3/8, 50, 39, 9, , 4,San Luis Potosí,"biblioteca,-san luis potosí-air-quality.csv"
2018/3/9, 47, 29, 11, , 5,San Luis Potosí,"biblioteca,-san luis potosí-air-quality.csv"
2018/3/10, 46, 26, 8, , 4,San Luis Potosí,"biblioteca,-san luis potosí-air-quality.csv"
2018/3/11, 27, 32, 8, , 2,San Luis Potosí,"biblioteca,-san luis potosí-air-quality.csv"
2018/3/12, 45, 30, 6, , 4,San Luis Potosí,"biblioteca,-san luis potosí-air-quality.csv"
2018/3/13, 52, 34, 9, , 4,San Luis Potosí,"biblioteca,-san luis potosí-air-quality.csv"
2018/3/14, 50, 34, 7, , 3,San Luis Potosí,"biblioteca,-san luis potosí-air-quality.csv"
2018/3/15, 36, 26, 9, , 4,San Luis Potosí,"biblioteca,-san luis potosí-air-quality.csv"
2018/3/16, 49, 29, 7, 1, 3,San Luis Potosí,"biblioteca,-san luis potosí-air-quality.csv"
2018/3/17, 26, 29, 12, , 3,San Luis Potosí,"biblioteca,-san luis potosí-air-quality.csv"
2018/3/18, 38, 28, 7, , 3,San Luis Potosí,"biblioteca,-san luis potosí-air-quality.csv"
2018/3/19, 30, 28, 8, , 3,San Luis Potosí,"biblioteca,-san luis potosí-air-quality.csv"
2018/3/20, 36, 34, 9, , 4,San Luis Potosí,"biblioteca,-san luis potosí-air-quality.csv"
2018/3/21, 65, 40, 9, , 4,San Luis Potosí,"biblioteca,-san luis potosí-air-quality.csv"
2018/3/22, 57, 34, 7, , 4,San Luis Potosí,"biblioteca,-san luis potosí-air-quality.csv"
2018/3/23, 35, 35, 10, , 5,San Luis Potosí,"biblioteca,-san luis potosí-air-quality.csv"
2018/3/24, 38, 35, 15, , 5,San Luis Potosí,"biblioteca,-san luis potosí-air-quality.csv"
2018/3/25, 44, 35, 9, , 1,San Luis Potosí,"biblioteca,-san luis potosí-air-quality.csv"
2018/3/26, 39, 41, 12, , 5,San Luis Potosí,"biblioteca,-san luis potosí-air-quality.csv"
2018/3/27, 52, 46, 11, , 3,San Luis Potosí,"biblioteca,-san luis potosí-air-quality.csv"
2018/3/28, 56, 38, 8, , 3,San Luis Potosí,"biblioteca,-san luis potosí-air-quality.csv"
2018/3/29, 59, 37, 6, , 4,San Luis Potosí,"biblioteca,-san luis potosí-air-quality.csv"
2018/3/30, 49, 37, 5, , 4,San Luis Potosí,"biblioteca,-san luis potosí-air-quality.csv"
2018/3/31, 42, 43, 8, , 4,San Luis Potosí,"biblioteca,-san luis potosí-air-quality.csv"
2018/4/1, 38, 28, 11, , 4,San Luis Potosí,"biblioteca,-san luis potosí-air-quality.csv"
2017/10/2, 30, 18, 7, , 2,San Luis Potosí,"biblioteca,-san luis potosí-air-quality.csv"
2017/10/3, 33, 20, 7, , 3,San Luis Potosí,"biblioteca,-san luis potosí-air-quality.csv"
2017/10/4, 34, 11, 6, , 3,San Luis Potosí,"biblioteca,-san luis potosí-air-quality.csv"
2017/10/5, 12, 15, 6, , 2,San Luis Potosí,"biblioteca,-san luis potosí-air-quality.csv"
2017/10/6, 19, 19, 8, , 3,San Luis Potosí,"biblioteca,-san luis potosí-air-quality.csv"
2017/10/7, 16, 22, 16, , 3,San Luis Potosí,"biblioteca,-san luis potosí-air-quality.csv"
2017/10/8, 59, 19, 5, , 3,San Luis Potosí,"biblioteca,-san luis potosí-air-quality.csv"
2017/10/9, 18, 22, 6, , 2,San Luis Potosí,"biblioteca,-san luis potosí-air-quality.csv"
2017/10/10, 31, 20, 7, , 4,San Luis Potosí,"biblioteca,-san luis potosí-air-quality.csv"
2017/10/11, 34, 17, 7, , 5,San Luis Potosí,"biblioteca,-san luis potosí-air-quality.csv"
2017/10/12, 19, 16, 9, , 4,San Luis Potosí,"biblioteca,-san luis potosí-air-quality.csv"
2017/10/13, 22, 18, 7, 1, 3,San Luis Potosí,"biblioteca,-san luis potosí-air-quality.csv"
2017/10/14, 22, 19, 11, , 5,San Luis Potosí,"biblioteca,-san luis potosí-air-quality.csv"
2017/10/15, 42, 18, 8, , 2,San Luis Potosí,"biblioteca,-san luis potosí-air-quality.csv"
2017/10/16, 37, 17, 9, 1, 4,San Luis Potosí,"biblioteca,-san luis potosí-air-quality.csv"
2017/10/17, 37, 19, 10, 1, 3,San Luis Potosí,"biblioteca,-san luis potosí-air-quality.csv"
2017/10/18, 42, 21, 17, , 6,San Luis Potosí,"biblioteca,-san luis potosí-air-quality.csv"
2017/10/19, 66, 12, 20, 19, 5,San Luis Potosí,"biblioteca,-san luis potosí-air-quality.csv"
2017/10/20, 69, , 17, , 5,San Luis Potosí,"biblioteca,-san luis potosí-air-quality.csv"
2017/10/21, 59, 19, 20, , 6,San Luis Potosí,"biblioteca,-san luis potosí-air-quality.csv"
2017/10/22, 78, , 10, , 4,San Luis Potosí,"biblioteca,-san luis potosí-air-quality.csv"
2017/10/23, 52, , 10, , 3,San Luis Potosí,"biblioteca,-san luis potosí-air-quality.csv"
2017/10/24, 40, , 11, , 7,San Luis Potosí,"biblioteca,-san luis potosí-air-quality.csv"
2017/10/25, 53, , 8, , 2,San Luis Potosí,"biblioteca,-san luis potosí-air-quality.csv"
2017/10/26, 36, , 23, , 8,San Luis Potosí,"biblioteca,-san luis potosí-air-quality.csv"
2017/10/27, 62, , 22, , 11,San Luis Potosí,"biblioteca,-san luis potosí-air-quality.csv"
2017/10/28, 63, , 16, , 6,San Luis Potosí,"biblioteca,-san luis potosí-air-quality.csv"
2017/10/29, 58, 12, 14, , 15,San Luis Potosí,"biblioteca,-san luis potosí-air-quality.csv"
2017/10/30, 65, , 15, 50, 15,San Luis Potosí,"biblioteca,-san luis potosí-air-quality.csv"
2017/10/31, 130, , 19, , 5,San Luis Potosí,"biblioteca,-san luis potosí-air-quality.csv"
2017/11/1, 63, , , , ,San Luis Potosí,"biblioteca,-san luis potosí-air-quality.csv"
2017/11/3, 60, , 13, 1, 7,San Luis Potosí,"biblioteca,-san luis potosí-air-quality.csv"
2017/11/4, 57, , 14, 1, 3,San Luis Potosí,"biblioteca,-san luis potosí-air-quality.csv"
2017/11/5, 64, , 14, , 4,San Luis Potosí,"biblioteca,-san luis potosí-air-quality.csv"
2017/11/6, 50, 16, 20, , 18,San Luis Potosí,"biblioteca,-san luis potosí-air-quality.csv"
2017/11/7, 96, 17, 17, 1, 3,San Luis Potosí,"biblioteca,-san luis potosí-air-quality.csv"
2017/11/8, 56, 19, 19, 2, 15,San Luis Potosí,"biblioteca,-san luis potosí-air-quality.csv"
2017/11/9, 69, 28, 10, , 1,San Luis Potosí,"biblioteca,-san luis potosí-air-quality.csv"
2017/11/10, 49, 25, 8, , 4,San Luis Potosí,"biblioteca,-san luis potosí-air-quality.csv"
2017/11/11, 42, 24, 8, , 6,San Luis Potosí,"biblioteca,-san luis potosí-air-quality.csv"
2017/11/12, 35, 11, 9, , 3,San Luis Potosí,"biblioteca,-san luis potosí-air-quality.csv"
2017/11/13, 38, 29, 8, , 4,San Luis Potosí,"biblioteca,-san luis potosí-air-quality.csv"
2017/11/14, 31, 30, 10, , 3,San Luis Potosí,"biblioteca,-san luis potosí-air-quality.csv"
2017/11/15, 37, 21, 17, , 3,San Luis Potosí,"biblioteca,-san luis potosí-air-quality.csv"
2017/11/16, 54, 18, 20, , 6,San Luis Potosí,"biblioteca,-san luis potosí-air-quality.csv"
2017/11/17, 67, 21, 18, , 9,San Luis Potosí,"biblioteca,-san luis potosí-air-quality.csv"
2017/11/18, 58, 25, 24, , 11,San Luis Potosí,"biblioteca,-san luis potosí-air-quality.csv"
2017/11/19, 65, 28, 10, , 2,San Luis Potosí,"biblioteca,-san luis potosí-air-quality.csv"
2017/11/20, 49, 26, 15, , 5,San Luis Potosí,"biblioteca,-san luis potosí-air-quality.csv"
2017/11/21, 46, 9, 19, , 19,San Luis Potosí,"biblioteca,-san luis potosí-air-quality.csv"
2017/11/22, 72, 13, 31, 1, 1,San Luis Potosí,"biblioteca,-san luis potosí-air-quality.csv"
2017/11/23, 131, 27, 17, 2, 14,San Luis Potosí,"biblioteca,-san luis potosí-air-quality.csv"
2017/11/24, 59, 23, 28, 3, 20,San Luis Potosí,"biblioteca,-san luis potosí-air-quality.csv"
2017/11/25, 67, 18, 31, 3, 26,San Luis Potosí,"biblioteca,-san luis potosí-air-quality.csv"
2017/11/26, 72, 23, 17, 2, 21,San Luis Potosí,"biblioteca,-san luis potosí-air-quality.csv"
2017/11/27, 59, 28, 15, 2, 14,San Luis Potosí,"biblioteca,-san luis potosí-air-quality.csv"
2017/11/28, 53, 24, 24, 1, 19,San Luis Potosí,"biblioteca,-san luis potosí-air-quality.csv"
2017/11/29, 61, 23, 13, 2, 15,San Luis Potosí,"biblioteca,-san luis potosí-air-quality.csv"
2017/11/30, 44, 23, 13, 3, 12,San Luis Potosí,"biblioteca,-san luis potosí-air-quality.csv"
2017/12/1, 45, 13, 13, 3, 10,San Luis Potosí,"biblioteca,-san luis potosí-air-quality.csv"
2017/12/2, 52, 4, 28, 4, 16,San Luis Potosí,"biblioteca,-san luis potosí-air-quality.csv"
2017/12/3, 41, , , , ,San Luis Potosí,"biblioteca,-san luis potosí-air-quality.csv"
2017/12/6, 868, 24, 14, 1, 14,San Luis Potosí,"biblioteca,-san luis potosí-air-quality.csv"
2017/12/7, 598, 6, 15, 1, 14,San Luis Potosí,"biblioteca,-san luis potosí-air-quality.csv"
2017/12/8, 78, 3, 5, 2, 13,San Luis Potosí,"biblioteca,-san luis potosí-air-quality.csv"
2017/12/9, 52, , 12, 4, 13,San Luis Potosí,"biblioteca,-san luis potosí-air-quality.csv"
2017/12/10, 41, 48, 19, 3, 15,San Luis Potosí,"biblioteca,-san luis potosí-air-quality.csv"
2017/12/11, 47, 40, 24, 2, 17,San Luis Potosí,"biblioteca,-san luis potosí-air-quality.csv"
2017/12/12, 59, 15, 16, 2, 16,San Luis Potosí,"biblioteca,-san luis potosí-air-quality.csv"
2017/12/13, 54, 31, 30, 1, 19,San Luis Potosí,"biblioteca,-san luis potosí-air-quality.csv"
2017/12/14, 71, 11, 28, 1, 21,San Luis Potosí,"biblioteca,-san luis potosí-air-quality.csv"
2017/12/15, 63, 20, 20, 3, 16,San Luis Potosí,"biblioteca,-san luis potosí-air-quality.csv"
2017/12/16, 59, 16, 12, 3, 15,San Luis Potosí,"biblioteca,-san luis potosí-air-quality.csv"
2017/12/17, 39, 12, 11, 3, 14,San Luis Potosí,"biblioteca,-san luis potosí-air-quality.csv"
2017/12/18, 21, 26, 16, 3, 16,San Luis Potosí,"biblioteca,-san luis potosí-air-quality.csv"
2017/12/19, 42, 21, 21, 3, 19,San Luis Potosí,"biblioteca,-san luis potosí-air-quality.csv"
2017/12/20, 49, 30, 19, 2, 16,San Luis Potosí,"biblioteca,-san luis potosí-air-quality.csv"
2017/12/21, 50, , , , ,San Luis Potosí,"biblioteca,-san luis potosí-air-quality.csv"
2017/7/2, 19, 20, 4, , 1,San Luis Potosí,"biblioteca,-san luis potosí-air-quality.csv"
2017/7/3, 28, 19, 5, , ,San Luis Potosí,"biblioteca,-san luis potosí-air-quality.csv"
2017/7/4, 36, 20, 6, , 1,San Luis Potosí,"biblioteca,-san luis potosí-air-quality.csv"
2017/7/5, 53, 25, 6, 1, ,San Luis Potosí,"biblioteca,-san luis potosí-air-quality.csv"
2017/7/6, 54, 21, 4, , 4,San Luis Potosí,"biblioteca,-san luis potosí-air-quality.csv"
2017/7/7, 41, 17, 4, , 2,San Luis Potosí,"biblioteca,-san luis potosí-air-quality.csv"
2017/7/8, 32, 12, 3, , ,San Luis Potosí,"biblioteca,-san luis potosí-air-quality.csv"
2017/7/9, 24, 15, 3, , 2,San Luis Potosí,"biblioteca,-san luis potosí-air-quality.csv"
2017/7/10, 22, 16, 4, , ,San Luis Potosí,"biblioteca,-san luis potosí-air-quality.csv"
2017/7/11, 24, 15, 10, , 5,San Luis Potosí,"biblioteca,-san luis potosí-air-quality.csv"
2017/7/12, 15, 21, 13, , 6,San Luis Potosí,"biblioteca,-san luis potosí-air-quality.csv"
2017/7/13, 56, 15, , , 1,San Luis Potosí,"biblioteca,-san luis potosí-air-quality.csv"
2017/7/14, 101, 19, , , 2,San Luis Potosí,"biblioteca,-san luis potosí-air-quality.csv"
2017/7/15, 870, 18, , , 5,San Luis Potosí,"biblioteca,-san luis potosí-air-quality.csv"
2017/7/16, 870, 20, , 4, ,San Luis Potosí,"biblioteca,-san luis potosí-air-quality.csv"
2017/7/17, 870, 25, , , ,San Luis Potosí,"biblioteca,-san luis potosí-air-quality.csv"
2017/7/18, 870, 22, , , ,San Luis Potosí,"biblioteca,-san luis potosí-air-quality.csv"
2017/7/19, 870, 19, , 1, ,San Luis Potosí,"biblioteca,-san luis potosí-air-quality.csv"
2017/7/20, 870, 18, 3, 3, 1,San Luis Potosí,"biblioteca,-san luis potosí-air-quality.csv"
2017/7/21, 509, 20, 5, 3, ,San Luis Potosí,"biblioteca,-san luis potosí-air-quality.csv"
2017/7/22, 42, 21, 6, , 2,San Luis Potosí,"biblioteca,-san luis potosí-air-quality.csv"
2017/7/23, 41, 23, 6, , 1,San Luis Potosí,"biblioteca,-san luis potosí-air-quality.csv"
2017/7/24, 55, 23, 5, , 1,San Luis Potosí,"biblioteca,-san luis potosí-air-quality.csv"
2017/7/25, 58, 19, 6, , 3,San Luis Potosí,"biblioteca,-san luis potosí-air-quality.csv"
2017/7/26, 58, 13, 6, , 1,San Luis Potosí,"biblioteca,-san luis potosí-air-quality.csv"
2017/7/27, 22, 23, 8, , 1,San Luis Potosí,"biblioteca,-san luis potosí-air-quality.csv"
2017/7/28, 33, 24, 8, , 4,San Luis Potosí,"biblioteca,-san luis potosí-air-quality.csv"
2017/7/29, 50, 24, 6, , 3,San Luis Potosí,"biblioteca,-san luis potosí-air-quality.csv"
2017/7/30, 43, 22, 6, , 4,San Luis Potosí,"biblioteca,-san luis potosí-air-quality.csv"
2017/7/31, 32, 23, 9, , 4,San Luis Potosí,"biblioteca,-san luis potosí-air-quality.csv"
2017/8/1, 43, 12, 15, , 5,San Luis Potosí,"biblioteca,-san luis potosí-air-quality.csv"
2017/8/2, 26, 21, 7, , 3,San Luis Potosí,"biblioteca,-san luis potosí-air-quality.csv"
2017/8/3, 43, 24, 7, , 1,San Luis Potosí,"biblioteca,-san luis potosí-air-quality.csv"
2017/8/4, 48, 28, 7, , 3,San Luis Potosí,"biblioteca,-san luis potosí-air-quality.csv"
2017/8/5, 45, 26, 9, , 5,San Luis Potosí,"biblioteca,-san luis potosí-air-quality.csv"
2017/8/6, 49, 36, 9, , 2,San Luis Potosí,"biblioteca,-san luis potosí-air-quality.csv"
2017/8/7, 50, 28, 9, , 7,San Luis Potosí,"biblioteca,-san luis potosí-air-quality.csv"
2017/8/8, 44, 24, 5, , 4,San Luis Potosí,"biblioteca,-san luis potosí-air-quality.csv"
2017/8/9, 42, 19, 6, , ,San Luis Potosí,"biblioteca,-san luis potosí-air-quality.csv"
2017/8/10, 40, 14, 4, , ,San Luis Potosí,"biblioteca,-san luis potosí-air-quality.csv"
2017/8/11, 22, 15, 6, , 5,San Luis Potosí,"biblioteca,-san luis potosí-air-quality.csv"
2017/8/12, 16, 22, 7, , 5,San Luis Potosí,"biblioteca,-san luis potosí-air-quality.csv"
2017/8/13, 32, 27, 7, , 1,San Luis Potosí,"biblioteca,-san luis potosí-air-quality.csv"
2017/8/14, 32, 30, 7, , 1,San Luis Potosí,"biblioteca,-san luis potosí-air-quality.csv"
2017/8/15, 39, 33, 9, , 5,San Luis Potosí,"biblioteca,-san luis potosí-air-quality.csv"
2017/8/16, 53, 27, 8, , 2,San Luis Potosí,"biblioteca,-san luis potosí-air-quality.csv"
2017/8/17, 53, 26, 13, , 3,San Luis Potosí,"biblioteca,-san luis potosí-air-quality.csv"
2017/8/18, 50, 22, 10, , 5,San Luis Potosí,"biblioteca,-san luis potosí-air-quality.csv"
2017/8/19, 41, 21, 7, , 4,San Luis Potosí,"biblioteca,-san luis potosí-air-quality.csv"
2017/8/20, 43, 20, 7, , 5,San Luis Potosí,"biblioteca,-san luis potosí-air-quality.csv"
2017/8/21, 41, 18, 7, , 2,San Luis Potosí,"biblioteca,-san luis potosí-air-quality.csv"
2017/8/22, 45, 19, 6, , ,San Luis Potosí,"biblioteca,-san luis potosí-air-quality.csv"
2017/8/23, 26, 24, 5, , 2,San Luis Potosí,"biblioteca,-san luis potosí-air-quality.csv"
2017/8/24, 29, 26, 9, , 7,San Luis Potosí,"biblioteca,-san luis potosí-air-quality.csv"
2017/8/25, 42, 30, 12, , 3,San Luis Potosí,"biblioteca,-san luis potosí-air-quality.csv"
2017/8/26, 50, 27, 11, , 3,San Luis Potosí,"biblioteca,-san luis potosí-air-quality.csv"
2017/8/27, 39, 24, 6, , 2,San Luis Potosí,"biblioteca,-san luis potosí-air-quality.csv"
2017/8/28, 34, 19, 8, , 5,San Luis Potosí,"biblioteca,-san luis potosí-air-quality.csv"
2017/8/29, 29, 20, 6, , 2,San Luis Potosí,"biblioteca,-san luis potosí-air-quality.csv"
2017/8/30, 23, 19, 12, , 8,San Luis Potosí,"biblioteca,-san luis potosí-air-quality.csv"
2017/8/31, 25, 18, 15, , 6,San Luis Potosí,"biblioteca,-san luis potosí-air-quality.csv"
2017/9/1, 28, 12, 14, , 5,San Luis Potosí,"biblioteca,-san luis potosí-air-quality.csv"
2017/9/2, 25, 17, 8, , 4,San Luis Potosí,"biblioteca,-san luis potosí-air-quality.csv"
2017/9/3, 33, 20, 7, , ,San Luis Potosí,"biblioteca,-san luis potosí-air-quality.csv"
2017/9/4, 24, 14, 4, , ,San Luis Potosí,"biblioteca,-san luis potosí-air-quality.csv"
2017/9/5, 11, , , , ,San Luis Potosí,"biblioteca,-san luis potosí-air-quality.csv"
2017/9/29, 203, 17, 6, , 5,San Luis Potosí,"biblioteca,-san luis potosí-air-quality.csv"
2017/9/30, 18, 17, 7, , 4,San Luis Potosí,"biblioteca,-san luis potosí-air-quality.csv"
2017/10/1, 19, 11, 10, , 6,San Luis Potosí,"biblioteca,-san luis potosí-air-quality.csv"
2017/4/2, 51, 29, 5, , 4,San Luis Potosí,"biblioteca,-san luis potosí-air-quality.csv"
2017/4/3, 114, 30, 8, 1, 2,San Luis Potosí,"biblioteca,-san luis potosí-air-quality.csv"
2017/4/4, 209, 29, 11, , 2,San Luis Potosí,"biblioteca,-san luis potosí-air-quality.csv"
2017/4/5, 350, 35, 13, , 9,San Luis Potosí,"biblioteca,-san luis potosí-air-quality.csv"
2017/4/6, 65, 33, 8, , 6,San Luis Potosí,"biblioteca,-san luis potosí-air-quality.csv"
2017/4/7, 71, 35, 15, , 5,San Luis Potosí,"biblioteca,-san luis potosí-air-quality.csv"
2017/4/8, 69, 30, 9, , 2,San Luis Potosí,"biblioteca,-san luis potosí-air-quality.csv"
2017/4/9, 60, 25, 11, , 5,San Luis Potosí,"biblioteca,-san luis potosí-air-quality.csv"
2017/4/10, 118, 37, 13, , 7,San Luis Potosí,"biblioteca,-san luis potosí-air-quality.csv"
2017/4/11, 60, 31, 9, , 5,San Luis Potosí,"biblioteca,-san luis potosí-air-quality.csv"
2017/4/12, 62, 30, 9, , 3,San Luis Potosí,"biblioteca,-san luis potosí-air-quality.csv"
2017/4/13, 47, 28, 8, , 1,San Luis Potosí,"biblioteca,-san luis potosí-air-quality.csv"
2017/4/14, 37, 33, 9, , 3,San Luis Potosí,"biblioteca,-san luis potosí-air-quality.csv"
2017/4/15, 50, 36, 9, , 4,San Luis Potosí,"biblioteca,-san luis potosí-air-quality.csv"
2017/4/16, 49, 34, 6, , 2,San Luis Potosí,"biblioteca,-san luis potosí-air-quality.csv"
2017/4/17, 36, 34, 12, , 4,San Luis Potosí,"biblioteca,-san luis potosí-air-quality.csv"
2017/4/18, 45, 29, 12, , 5,San Luis Potosí,"biblioteca,-san luis potosí-air-quality.csv"
2017/4/19, 51, 12, 19, , 6,San Luis Potosí,"biblioteca,-san luis potosí-air-quality.csv"
2017/4/20, 42, 38, 12, , 1,San Luis Potosí,"biblioteca,-san luis potosí-air-quality.csv"
2017/4/21, 52, 38, 8, , 2,San Luis Potosí,"biblioteca,-san luis potosí-air-quality.csv"
2017/4/22, 53, 37, 10, , 3,San Luis Potosí,"biblioteca,-san luis potosí-air-quality.csv"
2017/4/23, 64, 31, 6, , 2,San Luis Potosí,"biblioteca,-san luis potosí-air-quality.csv"
2017/4/24, 43, 39, 11, , 3,San Luis Potosí,"biblioteca,-san luis potosí-air-quality.csv"
2017/4/25, 60, 37, 8, , 2,San Luis Potosí,"biblioteca,-san luis potosí-air-quality.csv"
2017/4/26, 56, 36, 6, , 2,San Luis Potosí,"biblioteca,-san luis potosí-air-quality.csv"
2017/4/27, 34, 42, 20, , 4,San Luis Potosí,"biblioteca,-san luis potosí-air-quality.csv"
2017/4/28, 59, 38, 6, , 4,San Luis Potosí,"biblioteca,-san luis potosí-air-quality.csv"
2017/4/29, 52, 31, 5, , 3,San Luis Potosí,"biblioteca,-san luis potosí-air-quality.csv"
2017/4/30, 59, 29, 8, , 1,San Luis Potosí,"biblioteca,-san luis potosí-air-quality.csv"
2017/5/1, 32, 24, 19, , ,San Luis Potosí,"biblioteca,-san luis potosí-air-quality.csv"
2017/5/2, 70, 39, 15, , 8,San Luis Potosí,"biblioteca,-san luis potosí-air-quality.csv"
2017/5/3, 72, 32, 10, , 8,San Luis Potosí,"biblioteca,-san luis potosí-air-quality.csv"
2017/5/4, 67, 32, 10, , 4,San Luis Potosí,"biblioteca,-san luis potosí-air-quality.csv"
2017/5/5, 105, 35, 9, , 1,San Luis Potosí,"biblioteca,-san luis potosí-air-quality.csv"
2017/5/6, 53, 38, 17, , 4,San Luis Potosí,"biblioteca,-san luis potosí-air-quality.csv"
2017/5/7, 60, 34, 10, , 6,San Luis Potosí,"biblioteca,-san luis potosí-air-quality.csv"
2017/5/8, 47, 39, 10, , 6,San Luis Potosí,"biblioteca,-san luis potosí-air-quality.csv"
2017/5/9, 67, 48, 10, , 8,San Luis Potosí,"biblioteca,-san luis potosí-air-quality.csv"
2017/5/10, 75, 53, 12, , 7,San Luis Potosí,"biblioteca,-san luis potosí-air-quality.csv"
2017/5/11, 78, 50, 19, , 7,San Luis Potosí,"biblioteca,-san luis potosí-air-quality.csv"
2017/5/12, 71, 37, 14, , 3,San Luis Potosí,"biblioteca,-san luis potosí-air-quality.csv"
2017/5/13, 67, 36, 11, , 3,San Luis Potosí,"biblioteca,-san luis potosí-air-quality.csv"
2017/5/14, 59, 36, 8, , 6,San Luis Potosí,"biblioteca,-san luis potosí-air-quality.csv"
2017/5/15, 50, 42, 9, , 2,San Luis Potosí,"biblioteca,-san luis potosí-air-quality.csv"
2017/5/16, 53, 41, 13, , 4,San Luis Potosí,"biblioteca,-san luis potosí-air-quality.csv"
2017/5/17, 65, 38, 12, , 3,San Luis Potosí,"biblioteca,-san luis potosí-air-quality.csv"
2017/5/18, 58, 38, 14, , ,San Luis Potosí,"biblioteca,-san luis potosí-air-quality.csv"
2017/5/19, 72, 14, 10, 2, ,San Luis Potosí,"biblioteca,-san luis potosí-air-quality.csv"
2017/5/20, 68, , 11, , ,San Luis Potosí,"biblioteca,-san luis potosí-air-quality.csv"
2017/5/21, 84, , 6, , ,San Luis Potosí,"biblioteca,-san luis potosí-air-quality.csv"
2017/5/22, 65, , 9, , ,San Luis Potosí,"biblioteca,-san luis potosí-air-quality.csv"
2017/5/23, 59, , 10, , ,San Luis Potosí,"biblioteca,-san luis potosí-air-quality.csv"
2017/5/24, 60, 1, 9, , ,San Luis Potosí,"biblioteca,-san luis potosí-air-quality.csv"
2017/5/25, 68, 1, 14, , ,San Luis Potosí,"biblioteca,-san luis potosí-air-quality.csv"
2017/5/26, 52, , 13, , ,San Luis Potosí,"biblioteca,-san luis potosí-air-quality.csv"
2017/5/27, 71, , 9, , ,San Luis Potosí,"biblioteca,-san luis potosí-air-quality.csv"
2017/5/28, 59, , 7, , ,San Luis Potosí,"biblioteca,-san luis potosí-air-quality.csv"
2017/5/29, 58, , 6, , ,San Luis Potosí,"biblioteca,-san luis potosí-air-quality.csv"
2017/5/30, 51, , 6, , ,San Luis Potosí,"biblioteca,-san luis potosí-air-quality.csv"
2017/5/31, 31, , 6, , ,San Luis Potosí,"biblioteca,-san luis potosí-air-quality.csv"
2017/6/1, 36, , 7, 2, ,San Luis Potosí,"biblioteca,-san luis potosí-air-quality.csv"
2017/6/2, 32, , 7, , ,San Luis Potosí,"biblioteca,-san luis potosí-air-quality.csv"
2017/6/3, 37, , 9, 1, ,San Luis Potosí,"biblioteca,-san luis potosí-air-quality.csv"
2017/6/4, 48, , 6, 1, ,San Luis Potosí,"biblioteca,-san luis potosí-air-quality.csv"
2017/6/5, 41, , 11, , ,San Luis Potosí,"biblioteca,-san luis potosí-air-quality.csv"
2017/6/6, 43, , 14, , ,San Luis Potosí,"biblioteca,-san luis potosí-air-quality.csv"
2017/6/7, 50, , 8, 1, ,San Luis Potosí,"biblioteca,-san luis potosí-air-quality.csv"
2017/6/8, 43, , 9, , ,San Luis Potosí,"biblioteca,-san luis potosí-air-quality.csv"
2017/6/9, 44, , 18, , ,San Luis Potosí,"biblioteca,-san luis potosí-air-quality.csv"
2017/6/10, 42, , , , ,San Luis Potosí,"biblioteca,-san luis potosí-air-quality.csv"
2017/6/22, 458, 37, 9, , 14,San Luis Potosí,"biblioteca,-san luis potosí-air-quality.csv"
2017/6/23, 53, 34, 10, , 2,San Luis Potosí,"biblioteca,-san luis potosí-air-quality.csv"
2017/6/24, 58, 22, 9, , ,San Luis Potosí,"biblioteca,-san luis potosí-air-quality.csv"
2017/6/25, 46, 21, 5, , 2,San Luis Potosí,"biblioteca,-san luis potosí-air-quality.csv"
2017/6/26, 20, 20, 4, , 1,San Luis Potosí,"biblioteca,-san luis potosí-air-quality.csv"
2017/6/27, 21, 20, 12, , 7,San Luis Potosí,"biblioteca,-san luis potosí-air-quality.csv"
2017/6/28, 25, 30, 10, , 10,San Luis Potosí,"biblioteca,-san luis potosí-air-quality.csv"
2017/6/29, 22, 29, 11, , 2,San Luis Potosí,"biblioteca,-san luis potosí-air-quality.csv"
2017/6/30, 37, 23, 9, , 4,San Luis Potosí,"biblioteca,-san luis potosí-air-quality.csv"
2017/7/1, 31, 16, 4, , 4,San Luis Potosí,"biblioteca,-san luis potosí-air-quality.csv"
2017/1/3, 37, 31, 22, 1, 6,San Luis Potosí,"biblioteca,-san luis potosí-air-quality.csv"
2017/1/4, 60, 26, 25, 2, 9,San Luis Potosí,"biblioteca,-san luis potosí-air-quality.csv"
2017/1/5, 61, 17, 23, , 13,San Luis Potosí,"biblioteca,-san luis potosí-air-quality.csv"
2017/1/6, 804, 19, 12, 2, 9,San Luis Potosí,"biblioteca,-san luis potosí-air-quality.csv"
2017/1/7, 868, 16, 9, 1, 5,San Luis Potosí,"biblioteca,-san luis potosí-air-quality.csv"
2017/1/8, 868, 18, 6, 3, 2,San Luis Potosí,"biblioteca,-san luis potosí-air-quality.csv"
2017/1/9, 868, 22, 10, 3, 2,San Luis Potosí,"biblioteca,-san luis potosí-air-quality.csv"
2017/1/10, 566, 23, 24, 2, 13,San Luis Potosí,"biblioteca,-san luis potosí-air-quality.csv"
2017/1/11, 55, 23, 23, 2, 11,San Luis Potosí,"biblioteca,-san luis potosí-air-quality.csv"
2017/1/12, 231, 29, 28, 1, 11,San Luis Potosí,"biblioteca,-san luis potosí-air-quality.csv"
2017/1/13, 488, 28, 16, , 5,San Luis Potosí,"biblioteca,-san luis potosí-air-quality.csv"
2017/1/14, 426, 22, 10, , 1,San Luis Potosí,"biblioteca,-san luis potosí-air-quality.csv"
2017/1/15, 41, 20, 14, 1, 3,San Luis Potosí,"biblioteca,-san luis potosí-air-quality.csv"
2017/1/16, 45, 24, 19, 1, 7,San Luis Potosí,"biblioteca,-san luis potosí-air-quality.csv"
2017/1/17, 119, 11, 18, 2, 7,San Luis Potosí,"biblioteca,-san luis potosí-air-quality.csv"
2017/1/18, 118, 14, 13, 2, 1,San Luis Potosí,"biblioteca,-san luis potosí-air-quality.csv"
2017/1/19, 34, 20, 8, , 3,San Luis Potosí,"biblioteca,-san luis potosí-air-quality.csv"
2017/1/20, 135, 21, 5, 3, 2,San Luis Potosí,"biblioteca,-san luis potosí-air-quality.csv"
2017/1/21, 398, 23, 4, 3, 2,San Luis Potosí,"biblioteca,-san luis potosí-air-quality.csv"
2017/1/22, 342, 24, 8, 1, 6,San Luis Potosí,"biblioteca,-san luis potosí-air-quality.csv"
2017/1/23, 868, 19, 21, , 7,San Luis Potosí,"biblioteca,-san luis potosí-air-quality.csv"
2017/1/24, 868, 31, 15, 20, 6,San Luis Potosí,"biblioteca,-san luis potosí-air-quality.csv"
2017/1/25, 868, 25, 10, 1, 2,San Luis Potosí,"biblioteca,-san luis potosí-air-quality.csv"
2017/1/26, 797, 34, 21, 1, 7,San Luis Potosí,"biblioteca,-san luis potosí-air-quality.csv"
2017/1/27, 868, 26, 18, , 4,San Luis Potosí,"biblioteca,-san luis potosí-air-quality.csv"
2017/1/28, 868, 28, 9, , 6,San Luis Potosí,"biblioteca,-san luis potosí-air-quality.csv"
2017/1/29, 868, 23, 7, 2, ,San Luis Potosí,"biblioteca,-san luis potosí-air-quality.csv"
2017/1/30, 868, 27, 17, 1, 1,San Luis Potosí,"biblioteca,-san luis potosí-air-quality.csv"
2017/1/31, 868, 23, 23, , 7,San Luis Potosí,"biblioteca,-san luis potosí-air-quality.csv"
2017/2/1, 495, 14, 5, 1, 1,San Luis Potosí,"biblioteca,-san luis potosí-air-quality.csv"
2017/2/2, 38, 27, 13, , 7,San Luis Potosí,"biblioteca,-san luis potosí-air-quality.csv"
2017/2/3, 44, 27, 15, 1, 3,San Luis Potosí,"biblioteca,-san luis potosí-air-quality.csv"
2017/2/4, 51, 27, 14, 2, 4,San Luis Potosí,"biblioteca,-san luis potosí-air-quality.csv"
2017/2/5, 45, 29, 11, 1, 1,San Luis Potosí,"biblioteca,-san luis potosí-air-quality.csv"
2017/2/6, 42, 30, 19, 1, 11,San Luis Potosí,"biblioteca,-san luis potosí-air-quality.csv"
2017/2/7, 53, 29, 23, 3, 10,San Luis Potosí,"biblioteca,-san luis potosí-air-quality.csv"
2017/2/8, 74, 28, 22, 2, 5,San Luis Potosí,"biblioteca,-san luis potosí-air-quality.csv"
2017/2/9, 55, 28, 11, , 3,San Luis Potosí,"biblioteca,-san luis potosí-air-quality.csv"
2017/2/10, 52, 26, 14, , 3,San Luis Potosí,"biblioteca,-san luis potosí-air-quality.csv"
2017/2/11, 52, 26, 16, , 6,San Luis Potosí,"biblioteca,-san luis potosí-air-quality.csv"
2017/2/12, 48, 26, 17, 2, 5,San Luis Potosí,"biblioteca,-san luis potosí-air-quality.csv"
2017/2/13, 44, 31, 15, 1, 5,San Luis Potosí,"biblioteca,-san luis potosí-air-quality.csv"
2017/2/14, 92, 26, 12, 1, 7,San Luis Potosí,"biblioteca,-san luis potosí-air-quality.csv"
2017/2/15, 50, 27, 18, 1, 3,San Luis Potosí,"biblioteca,-san luis potosí-air-quality.csv"
2017/2/16, 90, 20, 9, 2, 5,San Luis Potosí,"biblioteca,-san luis potosí-air-quality.csv"
2017/2/17, 55, 22, 6, 3, 1,San Luis Potosí,"biblioteca,-san luis potosí-air-quality.csv"
2017/2/18, 40, 24, 6, 4, 3,San Luis Potosí,"biblioteca,-san luis potosí-air-quality.csv"
2017/2/19, 27, 21, 5, 2, 4,San Luis Potosí,"biblioteca,-san luis potosí-air-quality.csv"
2017/2/20, 18, 27, 7, 2, 2,San Luis Potosí,"biblioteca,-san luis potosí-air-quality.csv"
2017/2/21, 18, 33, 13, 2, 3,San Luis Potosí,"biblioteca,-san luis potosí-air-quality.csv"
2017/2/22, 43, 31, 16, 2, 4,San Luis Potosí,"biblioteca,-san luis potosí-air-quality.csv"
2017/2/23, 41, 32, 16, , 8,San Luis Potosí,"biblioteca,-san luis potosí-air-quality.csv"
2017/2/24, 50, 31, 12, 2, 7,San Luis Potosí,"biblioteca,-san luis potosí-air-quality.csv"
2017/2/25, 111, 39, 16, , 2,San Luis Potosí,"biblioteca,-san luis potosí-air-quality.csv"
2017/2/26, 73, 23, 11, , 6,San Luis Potosí,"biblioteca,-san luis potosí-air-quality.csv"
2017/2/27, 39, 36, 16, 2, 8,San Luis Potosí,"biblioteca,-san luis potosí-air-quality.csv"
2017/2/28, 357, 46, 21, , 4,San Luis Potosí,"biblioteca,-san luis potosí-air-quality.csv"
2017/3/1, 266, 2, 39, , 8,San Luis Potosí,"biblioteca,-san luis potosí-air-quality.csv"
2017/3/2, 113, 23, 7, , 2,San Luis Potosí,"biblioteca,-san luis potosí-air-quality.csv"
2017/3/3, 47, 21, 7, 1, 6,San Luis Potosí,"biblioteca,-san luis potosí-air-quality.csv"
2017/3/4, 33, 25, 7, 1, 7,San Luis Potosí,"biblioteca,-san luis potosí-air-quality.csv"
2017/3/5, 32, 30, 8, 3, 7,San Luis Potosí,"biblioteca,-san luis potosí-air-quality.csv"
2017/3/6, 24, 36, 14, 1, 2,San Luis Potosí,"biblioteca,-san luis potosí-air-quality.csv"
2017/3/7, 49, 28, 13, 1, 3,San Luis Potosí,"biblioteca,-san luis potosí-air-quality.csv"
2017/3/8, 89, 22, 7, 1, 1,San Luis Potosí,"biblioteca,-san luis potosí-air-quality.csv"
2017/3/9, 41, 21, 16, 2, 30,San Luis Potosí,"biblioteca,-san luis potosí-air-quality.csv"
2017/3/10, 34, 35, 14, , 5,San Luis Potosí,"biblioteca,-san luis potosí-air-quality.csv"
2017/3/11, 36, 26, 16, , 3,San Luis Potosí,"biblioteca,-san luis potosí-air-quality.csv"
2017/3/12, 47, 23, 11, , 2,San Luis Potosí,"biblioteca,-san luis potosí-air-quality.csv"
2017/3/13, 36, 27, 11, , 3,San Luis Potosí,"biblioteca,-san luis potosí-air-quality.csv"
2017/3/14, 36, 27, 11, , 1,San Luis Potosí,"biblioteca,-san luis potosí-air-quality.csv"
2017/3/15, 36, 30, 13, , 4,San Luis Potosí,"biblioteca,-san luis potosí-air-quality.csv"
2017/3/16, 48, 30, 14, , 5,San Luis Potosí,"biblioteca,-san luis potosí-air-quality.csv"
2017/3/17, 49, 15, 14, , 1,San Luis Potosí,"biblioteca,-san luis potosí-air-quality.csv"
2017/3/18, 42, 23, 8, , 4,San Luis Potosí,"biblioteca,-san luis potosí-air-quality.csv"
2017/3/19, 47, 30, 8, , 1,San Luis Potosí,"biblioteca,-san luis potosí-air-quality.csv"
2017/3/20, 46, 30, 8, 1, 3,San Luis Potosí,"biblioteca,-san luis potosí-air-quality.csv"
2017/3/21, 47, 30, 11, , 6,San Luis Potosí,"biblioteca,-san luis potosí-air-quality.csv"
2017/3/22, 56, 31, 14, , 6,San Luis Potosí,"biblioteca,-san luis potosí-air-quality.csv"
2017/3/23, 60, 35, 14, , 3,San Luis Potosí,"biblioteca,-san luis potosí-air-quality.csv"
2017/3/24, 58, 27, 11, , 6,San Luis Potosí,"biblioteca,-san luis potosí-air-quality.csv"
2017/3/25, 50, 34, 12, , 2,San Luis Potosí,"biblioteca,-san luis potosí-air-quality.csv"
2017/3/26, 65, 31, 11, , 6,San Luis Potosí,"biblioteca,-san luis potosí-air-quality.csv"
2017/3/27, 51, 34, 10, , 6,San Luis Potosí,"biblioteca,-san luis potosí-air-quality.csv"
2017/3/28, 28, 34, 15, , 6,San Luis Potosí,"biblioteca,-san luis potosí-air-quality.csv"
2017/3/29, 62, , , , ,San Luis Potosí,"biblioteca,-san luis potosí-air-quality.csv"
2017/3/31, 37, 38, 17, , 5,San Luis Potosí,"biblioteca,-san luis potosí-air-quality.csv"
2017/4/1, 133, 26, 10, , 4,San Luis Potosí,"biblioteca,-san luis potosí-air-quality.csv"
2016/10/31, 1, , 500, , 1,San Luis Potosí,"biblioteca,-san luis potosí-air-quality.csv"
2016/11/1, 1, , 500, , ,San Luis Potosí,"biblioteca,-san luis potosí-air-quality.csv"
2016/11/2, 1, , 500, , ,San Luis Potosí,"biblioteca,-san luis potosí-air-quality.csv"
2016/11/3, 1, , 500, 450, 3,San Luis Potosí,"biblioteca,-san luis potosí-air-quality.csv"
2016/11/4, 1, , 500, 73, ,San Luis Potosí,"biblioteca,-san luis potosí-air-quality.csv"
2016/11/5, 1, , 500, , ,San Luis Potosí,"biblioteca,-san luis potosí-air-quality.csv"
2016/11/6, 1, , 500, , ,San Luis Potosí,"biblioteca,-san luis potosí-air-quality.csv"
2016/11/7, 1, , 500, 56, ,San Luis Potosí,"biblioteca,-san luis potosí-air-quality.csv"
2016/11/8, 1, , 500, 5, ,San Luis Potosí,"biblioteca,-san luis potosí-air-quality.csv"
2016/11/9, 1, , 500, , ,San Luis Potosí,"biblioteca,-san luis potosí-air-quality.csv"
2016/11/10, 1, , 233, , 39,San Luis Potosí,"biblioteca,-san luis potosí-air-quality.csv"
2016/11/11, 1, , 13, , 4,San Luis Potosí,"biblioteca,-san luis potosí-air-quality.csv"
2016/11/12, 1, , 14, , 5,San Luis Potosí,"biblioteca,-san luis potosí-air-quality.csv"
2016/11/13, 1, , 9, 17, 7,San Luis Potosí,"biblioteca,-san luis potosí-air-quality.csv"
2016/11/14, 1, , 12, , 3,San Luis Potosí,"biblioteca,-san luis potosí-air-quality.csv"
2016/11/15, 23, , 16, , 11,San Luis Potosí,"biblioteca,-san luis potosí-air-quality.csv"
2016/11/16, 16, , 16, , 11,San Luis Potosí,"biblioteca,-san luis potosí-air-quality.csv"
2016/11/17, 37, , 21, 2, 7,San Luis Potosí,"biblioteca,-san luis potosí-air-quality.csv"
2016/11/18, 76, , 12, , 5,San Luis Potosí,"biblioteca,-san luis potosí-air-quality.csv"
2016/11/19, 50, , 8, 2, 6,San Luis Potosí,"biblioteca,-san luis potosí-air-quality.csv"
2016/11/20, 30, , 10, 1, 4,San Luis Potosí,"biblioteca,-san luis potosí-air-quality.csv"
2016/11/21, 24, , 9, 1, 1,San Luis Potosí,"biblioteca,-san luis potosí-air-quality.csv"
2016/11/22, 30, , 16, , 4,San Luis Potosí,"biblioteca,-san luis potosí-air-quality.csv"
2016/11/23, 53, , 14, , 9,San Luis Potosí,"biblioteca,-san luis potosí-air-quality.csv"
2016/11/24, 48, , 10, 1, 4,San Luis Potosí,"biblioteca,-san luis potosí-air-quality.csv"
2016/11/25, 44, , 11, 2, 2,San Luis Potosí,"biblioteca,-san luis potosí-air-quality.csv"
2016/11/26, 41, , 16, 2, 1,San Luis Potosí,"biblioteca,-san luis potosí-air-quality.csv"
2016/11/27, 49, , 17, 2, 6,San Luis Potosí,"biblioteca,-san luis potosí-air-quality.csv"
2016/11/28, 42, , 9, 2, 3,San Luis Potosí,"biblioteca,-san luis potosí-air-quality.csv"
2016/11/29, 38, , 6, 2, ,San Luis Potosí,"biblioteca,-san luis potosí-air-quality.csv"
2016/11/30, 49, , 9, 1, 4,San Luis Potosí,"biblioteca,-san luis potosí-air-quality.csv"
2016/12/1, 28, , 11, 2, 5,San Luis Potosí,"biblioteca,-san luis potosí-air-quality.csv"
2016/12/2, 53, , 14, , 2,San Luis Potosí,"biblioteca,-san luis potosí-air-quality.csv"
2016/12/3, 868, , 5, 2, ,San Luis Potosí,"biblioteca,-san luis potosí-air-quality.csv"
2016/12/4, 868, , 5, 2, ,San Luis Potosí,"biblioteca,-san luis potosí-air-quality.csv"
2016/12/5, 868, , 7, 2, 5,San Luis Potosí,"biblioteca,-san luis potosí-air-quality.csv"
2016/12/6, 868, , 26, 2, 9,San Luis Potosí,"biblioteca,-san luis potosí-air-quality.csv"
2016/12/7, 868, , 30, , 8,San Luis Potosí,"biblioteca,-san luis potosí-air-quality.csv"
2016/12/8, 868, , 23, 1, 6,San Luis Potosí,"biblioteca,-san luis potosí-air-quality.csv"
2016/12/9, 868, , 10, 2, 2,San Luis Potosí,"biblioteca,-san luis potosí-air-quality.csv"
2016/12/10, 868, , 8, , 4,San Luis Potosí,"biblioteca,-san luis potosí-air-quality.csv"
2016/12/11, 868, , 14, 1, 3,San Luis Potosí,"biblioteca,-san luis potosí-air-quality.csv"
2016/12/12, 868, , 22, , 12,San Luis Potosí,"biblioteca,-san luis potosí-air-quality.csv"
2016/12/13, 868, , 27, , 9,San Luis Potosí,"biblioteca,-san luis potosí-air-quality.csv"
2016/12/14, 868, , 20, , 7,San Luis Potosí,"biblioteca,-san luis potosí-air-quality.csv"
2016/12/15, 868, , 16, , 4,San Luis Potosí,"biblioteca,-san luis potosí-air-quality.csv"
2016/12/16, 698, , 21, , 8,San Luis Potosí,"biblioteca,-san luis potosí-air-quality.csv"
2016/12/17, 60, , 10, , 1,San Luis Potosí,"biblioteca,-san luis potosí-air-quality.csv"
2016/12/18, 47, , 16, 1, 6,San Luis Potosí,"biblioteca,-san luis potosí-air-quality.csv"
2016/12/19, 47, , 8, 2, 5,San Luis Potosí,"biblioteca,-san luis potosí-air-quality.csv"
2016/12/20, 33, , 8, 1, 2,San Luis Potosí,"biblioteca,-san luis potosí-air-quality.csv"
2016/12/21, 31, , 9, 1, 1,San Luis Potosí,"biblioteca,-san luis potosí-air-quality.csv"
2016/12/22, 31, , 10, , 3,San Luis Potosí,"biblioteca,-san luis potosí-air-quality.csv"
2016/12/23, 35, , 16, , 3,San Luis Potosí,"biblioteca,-san luis potosí-air-quality.csv"
2016/12/24, 46, , 20, 1, 12,San Luis Potosí,"biblioteca,-san luis potosí-air-quality.csv"
2016/12/25, 60, , 17, , 5,San Luis Potosí,"biblioteca,-san luis potosí-air-quality.csv"
2016/12/26, 59, , 17, , 9,San Luis Potosí,"biblioteca,-san luis potosí-air-quality.csv"
2016/12/27, 61, , 9, , 3,San Luis Potosí,"biblioteca,-san luis potosí-air-quality.csv"
2016/12/28, 49, , 14, , 8,San Luis Potosí,"biblioteca,-san luis potosí-air-quality.csv"
2016/12/29, 56, , 10, , 4,San Luis Potosí,"biblioteca,-san luis potosí-air-quality.csv"
2016/12/30, 39, , 9, 2, 3,San Luis Potosí,"biblioteca,-san luis potosí-air-quality.csv"
2016/12/31, 27, 20, 15, 1, 5,San Luis Potosí,"biblioteca,-san luis potosí-air-quality.csv"
2017/1/1, 53, 20, 9, , 2,San Luis Potosí,"biblioteca,-san luis potosí-air-quality.csv"
2017/1/2, 38, 25, 14, 1, 9,San Luis Potosí,"biblioteca,-san luis potosí-air-quality.csv"
2025/8/4, , 217, 8, , 16,San Luis Potosí,"biblioteca,-san luis potosí-air-quality.csv"
2025/8/5, , 85, 9, , 53,San Luis Potosí,"biblioteca,-san luis potosí-air-quality.csv"
2025/7/12, , 129, 14, 2, 7,San Luis Potosí,"biblioteca,-san luis potosí-air-quality.csv"
2025/7/17, , 28, 11, , 5,San Luis Potosí,"biblioteca,-san luis potosí-air-quality.csv"
2025/7/18, , 33, 9, , 7,San Luis Potosí,"biblioteca,-san luis potosí-air-quality.csv"
2025/7/19, , 28, 8, , 4,San Luis Potosí,"biblioteca,-san luis potosí-air-quality.csv"
2025/7/20, , 22, 5, , 5,San Luis Potosí,"biblioteca,-san luis potosí-air-quality.csv"
2025/7/21, , 48, 13, , 7,San Luis Potosí,"biblioteca,-san luis potosí-air-quality.csv"
2025/7/22, , 31, 7, , 4,San Luis Potosí,"biblioteca,-san luis potosí-air-quality.csv"
2025/7/23, , 66, 6, , 5,San Luis Potosí,"biblioteca,-san luis potosí-air-quality.csv"
2025/7/24, , 49, 6, , 4,San Luis Potosí,"biblioteca,-san luis potosí-air-quality.csv"
2025/7/25, , 30, 9, , 5,San Luis Potosí,"biblioteca,-san luis potosí-air-quality.csv"
2025/7/26, , 152, 5, , 5,San Luis Potosí,"biblioteca,-san luis potosí-air-quality.csv"
2025/8/3, , 217, 8, , 16,San Luis Potosí,"biblioteca,-san luis potosí-air-quality.csv"
2025/5/14, , 50, 12, 2, 7,San Luis Potosí,"biblioteca,-san luis potosí-air-quality.csv"
2025/5/28, , 60, 9, 2, 6,San Luis Potosí,"biblioteca,-san luis potosí-air-quality.csv"
2025/5/29, , 59, 10, 2, 3,San Luis Potosí,"biblioteca,-san luis potosí-air-quality.csv"
2025/5/30, , 38, 11, 2, 4,San Luis Potosí,"biblioteca,-san luis potosí-air-quality.csv"
2025/5/31, , 52, 10, 2, 4,San Luis Potosí,"biblioteca,-san luis potosí-air-quality.csv"
2025/6/1, , 43, 12, 2, 4,San Luis Potosí,"biblioteca,-san luis potosí-air-quality.csv"
2025/6/2, , 39, 11, 2, 5,San Luis Potosí,"biblioteca,-san luis potosí-air-quality.csv"
2025/6/3, , 45, 13, 2, 7,San Luis Potosí,"biblioteca,-san luis potosí-air-quality.csv"
2025/6/4, , 41, 9, 2, 6,San Luis Potosí,"biblioteca,-san luis potosí-air-quality.csv"
2025/2/6, , 20, 15, , ,San Luis Potosí,"biblioteca,-san luis potosí-air-quality.csv"
2024/10/4, , 45, 6, , ,San Luis Potosí,"biblioteca,-san luis potosí-air-quality.csv"
2024/10/5, , 44, 5, , ,San Luis Potosí,"biblioteca,-san luis potosí-air-quality.csv"
2024/10/6, , 38, 4, , ,San Luis Potosí,"biblioteca,-san luis potosí-air-quality.csv"
2024/10/7, , 29, 3, , ,San Luis Potosí,"biblioteca,-san luis potosí-air-quality.csv"
2024/10/8, , 35, 4, , ,San Luis Potosí,"biblioteca,-san luis potosí-air-quality.csv"
2024/10/10, , 43, 7, , ,San Luis Potosí,"biblioteca,-san luis potosí-air-quality.csv"
2024/10/11, , 46, 6, , ,San Luis Potosí,"biblioteca,-san luis potosí-air-quality.csv"
2024/7/4, , 23, 5, , ,San Luis Potosí,"biblioteca,-san luis potosí-air-quality.csv"
2024/7/5, , 38, 4, , ,San Luis Potosí,"biblioteca,-san luis potosí-air-quality.csv"
2024/7/6, , 38, 5, , ,San Luis Potosí,"biblioteca,-san luis potosí-air-quality.csv"
2024/7/7, , 31, 4, , ,San Luis Potosí,"biblioteca,-san luis potosí-air-quality.csv"
2024/7/8, , 62, 6, , ,San Luis Potosí,"biblioteca,-san luis potosí-air-quality.csv"
2024/7/9, , 38, 5, , ,San Luis Potosí,"biblioteca,-san luis potosí-air-quality.csv"
2024/7/10, , 31, 3, , ,San Luis Potosí,"biblioteca,-san luis potosí-air-quality.csv"
2024/7/11, , 23, 2, , ,San Luis Potosí,"biblioteca,-san luis potosí-air-quality.csv"
2024/7/12, , 21, 2, , ,San Luis Potosí,"biblioteca,-san luis potosí-air-quality.csv"
2024/7/13, , 26, 3, , ,San Luis Potosí,"biblioteca,-san luis potosí-air-quality.csv"
2024/7/14, , 25, 2, , ,San Luis Potosí,"biblioteca,-san luis potosí-air-quality.csv"
2024/7/17, , 53, 4, , ,San Luis Potosí,"biblioteca,-san luis potosí-air-quality.csv"
2024/7/18, , 36, 6, , ,San Luis Potosí,"biblioteca,-san luis potosí-air-quality.csv"
2024/7/19, , 50, 5, , ,San Luis Potosí,"biblioteca,-san luis potosí-air-quality.csv"
2024/7/20, , 30, 3, , ,San Luis Potosí,"biblioteca,-san luis potosí-air-quality.csv"
2024/7/21, , 28, 3, , ,San Luis Potosí,"biblioteca,-san luis potosí-air-quality.csv"
2024/7/22, , 29, 3, , ,San Luis Potosí,"biblioteca,-san luis potosí-air-quality.csv"
2024/7/23, , 30, 3, , ,San Luis Potosí,"biblioteca,-san luis potosí-air-quality.csv"
2024/7/24, , 35, 3, , ,San Luis Potosí,"biblioteca,-san luis potosí-air-quality.csv"
2024/7/25, , 39, 3, , ,San Luis Potosí,"biblioteca,-san luis potosí-air-quality.csv"
2024/7/26, , 18, 3, , ,San Luis Potosí,"biblioteca,-san luis potosí-air-quality.csv"
2024/8/21, , 30, 3, , ,San Luis Potosí,"biblioteca,-san luis potosí-air-quality.csv"
2024/8/22, , 35, 3, , ,San Luis Potosí,"biblioteca,-san luis potosí-air-quality.csv"
2024/8/23, , 39, 3, , ,San Luis Potosí,"biblioteca,-san luis potosí-air-quality.csv"
2024/8/24, , 32, 3, , ,San Luis Potosí,"biblioteca,-san luis potosí-air-quality.csv"
2024/8/25, , 27, 3, , ,San Luis Potosí,"biblioteca,-san luis potosí-air-quality.csv"
2024/8/26, , 31, 4, , ,San Luis Potosí,"biblioteca,-san luis potosí-air-quality.csv"
2024/8/27, , 28, 3, , ,San Luis Potosí,"biblioteca,-san luis potosí-air-quality.csv"
2024/8/28, , 26, 3, , ,San Luis Potosí,"biblioteca,-san luis potosí-air-quality.csv"
2024/8/29, , 30, 3, , ,San Luis Potosí,"biblioteca,-san luis potosí-air-quality.csv"
2024/8/30, , 40, 3, , ,San Luis Potosí,"biblioteca,-san luis potosí-air-quality.csv"
2024/8/31, , 38, 4, , ,San Luis Potosí,"biblioteca,-san luis potosí-air-quality.csv"
2024/9/1, , 34, 4, , ,San Luis Potosí,"biblioteca,-san luis potosí-air-quality.csv"
2024/9/2, , 25, 3, , ,San Luis Potosí,"biblioteca,-san luis potosí-air-quality.csv"
2024/9/3, , 30, 3, , ,San Luis Potosí,"biblioteca,-san luis potosí-air-quality.csv"
2024/9/4, , 33, 4, , ,San Luis Potosí,"biblioteca,-san luis potosí-air-quality.csv"
2024/9/5, , 33, 3, , ,San Luis Potosí,"biblioteca,-san luis potosí-air-quality.csv"
2024/9/6, , 28, 4, , ,San Luis Potosí,"biblioteca,-san luis potosí-air-quality.csv"
2024/9/7, , 23, 4, , ,San Luis Potosí,"biblioteca,-san luis potosí-air-quality.csv"
2024/9/8, , 29, 4, , ,San Luis Potosí,"biblioteca,-san luis potosí-air-quality.csv"
2024/9/9, , 40, 4, , ,San Luis Potosí,"biblioteca,-san luis potosí-air-quality.csv"
2024/9/10, , 39, 5, , ,San Luis Potosí,"biblioteca,-san luis potosí-air-quality.csv"
2024/9/11, , 35, 5, , ,San Luis Potosí,"biblioteca,-san luis potosí-air-quality.csv"
2024/9/12, , 29, 4, , ,San Luis Potosí,"biblioteca,-san luis potosí-air-quality.csv"
2024/9/13, , 39, 6, , ,San Luis Potosí,"biblioteca,-san luis potosí-air-quality.csv"
2024/9/19, , 19, 3, , ,San Luis Potosí,"biblioteca,-san luis potosí-air-quality.csv"
2024/9/20, , 33, 4, , ,San Luis Potosí,"biblioteca,-san luis potosí-air-quality.csv"
2024/4/1, , 45, 7, , ,San Luis Potosí,"biblioteca,-san luis potosí-air-quality.csv"
2024/4/29, , 53, 8, , ,San Luis Potosí,"biblioteca,-san luis potosí-air-quality.csv"
2024/4/30, , 85, 10, , ,San Luis Potosí,"biblioteca,-san luis potosí-air-quality.csv"
2024/5/1, , 32, 10, , ,San Luis Potosí,"biblioteca,-san luis potosí-air-quality.csv"
2024/5/2, , 52, 6, , ,San Luis Potosí,"biblioteca,-san luis potosí-air-quality.csv"
2024/5/3, , 63, 9, , ,San Luis Potosí,"biblioteca,-san luis potosí-air-quality.csv"
2024/5/4, , 60, 9, , ,San Luis Potosí,"biblioteca,-san luis potosí-air-quality.csv"
2024/5/5, , 46, 8, , ,San Luis Potosí,"biblioteca,-san luis potosí-air-quality.csv"
2024/5/6, , 33, 11, , ,San Luis Potosí,"biblioteca,-san luis potosí-air-quality.csv"
2024/5/7, , 38, 12, , ,San Luis Potosí,"biblioteca,-san luis potosí-air-quality.csv"
2024/5/8, , 43, 13, , ,San Luis Potosí,"biblioteca,-san luis potosí-air-quality.csv"
2024/5/9, , 45, 10, , ,San Luis Potosí,"biblioteca,-san luis potosí-air-quality.csv"
2024/5/10, , 68, 7, , ,San Luis Potosí,"biblioteca,-san luis potosí-air-quality.csv"
2024/5/11, , 93, 8, , ,San Luis Potosí,"biblioteca,-san luis potosí-air-quality.csv"
2024/5/12, , 66, 7, , ,San Luis Potosí,"biblioteca,-san luis potosí-air-quality.csv"
2024/5/13, , 48, 6, , ,San Luis Potosí,"biblioteca,-san luis potosí-air-quality.csv"
2024/5/14, , 59, 12, , ,San Luis Potosí,"biblioteca,-san luis potosí-air-quality.csv"
2024/5/15, , 50, 8, , ,San Luis Potosí,"biblioteca,-san luis potosí-air-quality.csv"
2024/5/16, , 40, 6, , ,San Luis Potosí,"biblioteca,-san luis potosí-air-quality.csv"
2024/5/17, , 38, 6, , ,San Luis Potosí,"biblioteca,-san luis potosí-air-quality.csv"
2024/5/18, , 50, 6, , ,San Luis Potosí,"biblioteca,-san luis potosí-air-quality.csv"
2024/5/19, , 46, 5, , ,San Luis Potosí,"biblioteca,-san luis potosí-air-quality.csv"
2024/5/20, , 64, 8, , ,San Luis Potosí,"biblioteca,-san luis potosí-air-quality.csv"
2024/5/21, , 62, 10, , ,San Luis Potosí,"biblioteca,-san luis potosí-air-quality.csv"
2024/5/22, , 78, 7, , ,San Luis Potosí,"biblioteca,-san luis potosí-air-quality.csv"
2024/5/23, , 61, 7, , ,San Luis Potosí,"biblioteca,-san luis potosí-air-quality.csv"
2024/5/24, , 52, 7, , ,San Luis Potosí,"biblioteca,-san luis potosí-air-quality.csv"
2024/5/25, , 66, 7, , ,San Luis Potosí,"biblioteca,-san luis potosí-air-quality.csv"
2024/5/26, , 53, 6, , ,San Luis Potosí,"biblioteca,-san luis potosí-air-quality.csv"
2024/5/27, , 59, 6, , ,San Luis Potosí,"biblioteca,-san luis potosí-air-quality.csv"
2024/5/28, , 63, 7, , ,San Luis Potosí,"biblioteca,-san luis potosí-air-quality.csv"
2024/5/29, , 50, 6, , ,San Luis Potosí,"biblioteca,-san luis potosí-air-quality.csv"
2024/5/30, , 61, 8, , ,San Luis Potosí,"biblioteca,-san luis potosí-air-quality.csv"
2024/5/31, , 61, 9, , ,San Luis Potosí,"biblioteca,-san luis potosí-air-quality.csv"
2024/6/1, , 39, 7, , ,San Luis Potosí,"biblioteca,-san luis potosí-air-quality.csv"
2024/6/2, , 58, 7, , ,San Luis Potosí,"biblioteca,-san luis potosí-air-quality.csv"
2024/6/3, , 66, 9, , ,San Luis Potosí,"biblioteca,-san luis potosí-air-quality.csv"
2024/6/4, , 55, 9, , ,San Luis Potosí,"biblioteca,-san luis potosí-air-quality.csv"
2024/6/5, , 62, 6, , ,San Luis Potosí,"biblioteca,-san luis potosí-air-quality.csv"
2024/6/6, , 62, 9, , ,San Luis Potosí,"biblioteca,-san luis potosí-air-quality.csv"
2024/6/7, , 51, 6, , ,San Luis Potosí,"biblioteca,-san luis potosí-air-quality.csv"
2024/6/8, , 53, 6, , ,San Luis Potosí,"biblioteca,-san luis potosí-air-quality.csv"
2024/6/9, , 61, 5, , ,San Luis Potosí,"biblioteca,-san luis potosí-air-quality.csv"
2024/6/10, , 59, 8, , ,San Luis Potosí,"biblioteca,-san luis potosí-air-quality.csv"
2024/6/11, , 48, 6, , ,San Luis Potosí,"biblioteca,-san luis potosí-air-quality.csv"
2024/6/12, , 44, 6, , ,San Luis Potosí,"biblioteca,-san luis potosí-air-quality.csv"
2024/6/13, , 44, 5, , ,San Luis Potosí,"biblioteca,-san luis potosí-air-quality.csv"
2024/6/14, , 43, 5, , ,San Luis Potosí,"biblioteca,-san luis potosí-air-quality.csv"
2024/6/15, , 39, 4, , ,San Luis Potosí,"biblioteca,-san luis potosí-air-quality.csv"
2024/6/16, , 44, 5, , ,San Luis Potosí,"biblioteca,-san luis potosí-air-quality.csv"
2024/6/17, , 48, 6, , ,San Luis Potosí,"biblioteca,-san luis potosí-air-quality.csv"
2024/6/18, , 49, 6, , ,San Luis Potosí,"biblioteca,-san luis potosí-air-quality.csv"
2024/6/19, , 36, 6, , ,San Luis Potosí,"biblioteca,-san luis potosí-air-quality.csv"
2024/6/20, , 24, 5, , ,San Luis Potosí,"biblioteca,-san luis potosí-air-quality.csv"
2024/6/21, , 27, 4, , ,San Luis Potosí,"biblioteca,-san luis potosí-air-quality.csv"
2024/6/22, , 36, 5, , ,San Luis Potosí,"biblioteca,-san luis potosí-air-quality.csv"
2024/6/23, , 28, 7, , ,San Luis Potosí,"biblioteca,-san luis potosí-air-quality.csv"
2024/6/24, , 22, 6, , ,San Luis Potosí,"biblioteca,-san luis potosí-air-quality.csv"
2024/6/25, , 28, 6, , ,San Luis Potosí,"biblioteca,-san luis potosí-air-quality.csv"
2024/6/26, , 52, 6, , ,San Luis Potosí,"biblioteca,-san luis potosí-air-quality.csv"
2024/6/27, , 21, 7, , ,San Luis Potosí,"biblioteca,-san luis potosí-air-quality.csv"
2024/1/3, , 5, 16, , ,San Luis Potosí,"biblioteca,-san luis potosí-air-quality.csv"
2024/1/30, , 2, 19, , ,San Luis Potosí,"biblioteca,-san luis potosí-air-quality.csv"
2023/2/5, , 53, 19, , 9,San Luis Potosí,"biblioteca,-san luis potosí-air-quality.csv"
2022/11/29, , 32, 14, 466, 2,San Luis Potosí,"biblioteca,-san luis potosí-air-quality.csv"
2022/8/17, , 2, 15, , 475,San Luis Potosí,"biblioteca,-san luis potosí-air-quality.csv"
2022/8/18, , 40, 14, , 41,San Luis Potosí,"biblioteca,-san luis potosí-air-quality.csv"
2022/8/19, , 42, 11, , 23,San Luis Potosí,"biblioteca,-san luis potosí-air-quality.csv"
2022/8/20, , 34, 11, , 11,San Luis Potosí,"biblioteca,-san luis potosí-air-quality.csv"
2022/8/21, , 21, 11, , 8,San Luis Potosí,"biblioteca,-san luis potosí-air-quality.csv"
2022/8/22, , 42, 9, , 2,San Luis Potosí,"biblioteca,-san luis potosí-air-quality.csv"
2022/8/23, , 41, 10, , 1,San Luis Potosí,"biblioteca,-san luis potosí-air-quality.csv"
2022/8/24, , 48, 11, , ,San Luis Potosí,"biblioteca,-san luis potosí-air-quality.csv"
2022/8/25, , 90, 11, , 14,San Luis Potosí,"biblioteca,-san luis potosí-air-quality.csv"
2022/8/26, , 31, 11, , 12,San Luis Potosí,"biblioteca,-san luis potosí-air-quality.csv"
2022/8/27, , 56, 10, , 4,San Luis Potosí,"biblioteca,-san luis potosí-air-quality.csv"
2022/8/28, , 47, 12, , 10,San Luis Potosí,"biblioteca,-san luis potosí-air-quality.csv"
2022/8/29, , 35, 11, , 8,San Luis Potosí,"biblioteca,-san luis potosí-air-quality.csv"
2022/8/30, , 38, 10, , 7,San Luis Potosí,"biblioteca,-san luis potosí-air-quality.csv"
2022/8/31, , 15, 9, , 9,San Luis Potosí,"biblioteca,-san luis potosí-air-quality.csv"
2022/9/1, , 39, 8, , ,San Luis Potosí,"biblioteca,-san luis potosí-air-quality.csv"
2021/11/3, , 31, 9, , ,San Luis Potosí,"biblioteca,-san luis potosí-air-quality.csv"
2021/9/6, , 29, , , 1,San Luis Potosí,"biblioteca,-san luis potosí-air-quality.csv"
2021/4/27, , 5, , 7, ,San Luis Potosí,"biblioteca,-san luis potosí-air-quality.csv"
2021/5/11, , 43, , 3, ,San Luis Potosí,"biblioteca,-san luis potosí-air-quality.csv"
2021/5/27, , 21, , 6, ,San Luis Potosí,"biblioteca,-san luis potosí-air-quality.csv"
2021/5/31, , 26, , 3, ,San Luis Potosí,"biblioteca,-san luis potosí-air-quality.csv"
2020/8/6, , 15, 6, 5, 2,San Luis Potosí,"biblioteca,-san luis potosí-air-quality.csv"
2020/3/19, , 12, 25, 6, 6,San Luis Potosí,"biblioteca,-san luis potosí-air-quality.csv"
2018/11/7, , 16, 21, 8, ,San Luis Potosí,"biblioteca,-san luis potosí-air-quality.csv"
2018/12/22, , 157, 32, 11, 8,San Luis Potosí,"biblioteca,-san luis potosí-air-quality.csv"
2018/12/23, , 1, 18, 9, 25,San Luis Potosí,"biblioteca,-san luis potosí-air-quality.csv"
2018/7/1, , 30, 4, , 3,San Luis Potosí,"biblioteca,-san luis potosí-air-quality.csv"
2018/7/30, , 31, 9, , 11,San Luis Potosí,"biblioteca,-san luis potosí-air-quality.csv"
2018/4/8, , 41, 8, , 4,San Luis Potosí,"biblioteca,-san luis potosí-air-quality.csv"
2018/6/25, , 39, 7, , 5,San Luis Potosí,"biblioteca,-san luis potosí-air-quality.csv"
2018/1/11, , 23, 16, 2, 20,San Luis Potosí,"biblioteca,-san luis potosí-air-quality.csv"
2018/1/21, , 17, 14, 2, 15,San Luis Potosí,"biblioteca,-san luis potosí-air-quality.csv"
2018/1/24, , 15, 10, 3, 13,San Luis Potosí,"biblioteca,-san luis potosí-air-quality.csv"
2017/12/5, , 38, 26, 2, 16,San Luis Potosí,"biblioteca,-san luis potosí-air-quality.csv"
2017/9/28, , 15, 4, , ,San Luis Potosí,"biblioteca,-san luis potosí-air-quality.csv"
2017/6/21, , 20, 7, , 62,San Luis Potosí,"biblioteca,-san luis potosí-air-quality.csv"
2017/3/30, , 26, 12, , 2,San Luis Potosí,"biblioteca,-san luis potosí-air-quality.csv"
2025/8/2, , , 5, , 13,San Luis Potosí,"biblioteca,-san luis potosí-air-quality.csv"
2025/8/6, , , 5, , 9,San Luis Potosí,"biblioteca,-san luis potosí-air-quality.csv"
2025/8/7, , , 3, , 63,San Luis Potosí,"biblioteca,-san luis potosí-air-quality.csv"
2025/8/8, , , 3, , 17,San Luis Potosí,"biblioteca,-san luis potosí-air-quality.csv"
2025/8/9, , , 9, , 14,San Luis Potosí,"biblioteca,-san luis potosí-air-quality.csv"
2025/7/27, , , 3, , 7,San Luis Potosí,"biblioteca,-san luis potosí-air-quality.csv"
2025/7/28, , , 3, , 5,San Luis Potosí,"biblioteca,-san luis potosí-air-quality.csv"
2025/7/29, , , 5, , 8,San Luis Potosí,"biblioteca,-san luis potosí-air-quality.csv"
2025/7/30, , , 6, , 22,San Luis Potosí,"biblioteca,-san luis potosí-air-quality.csv"
2025/7/31, , , 7, , 6,San Luis Potosí,"biblioteca,-san luis potosí-air-quality.csv"
2025/8/1, , , 5, , 8,San Luis Potosí,"biblioteca,-san luis potosí-air-quality.csv"
2023/5/28, , , 10, , ,San Luis Potosí,"biblioteca,-san luis potosí-air-quality.csv"
2020/1/1, , , 7, , ,San Luis Potosí,"biblioteca,-san luis potosí-air-quality.csv"
2019/1/2, , , 14, 13, 8,San Luis Potosí,"biblioteca,-san luis potosí-air-quality.csv"
2019/1/3, , , 13, 8, 20,San Luis Potosí,"biblioteca,-san luis potosí-air-quality.csv"
2019/1/4, , , 11, 9, 5,San Luis Potosí,"biblioteca,-san luis potosí-air-quality.csv"
2019/1/5, , , 18, 8, 10,San Luis Potosí,"biblioteca,-san luis potosí-air-quality.csv"
2019/1/6, , , 22, 9, 13,San Luis Potosí,"biblioteca,-san luis potosí-air-quality.csv"
2019/1/7, , , 25, 11, 22,San Luis Potosí,"biblioteca,-san luis potosí-air-quality.csv"
2018/12/24, , , 19, 9, 5,San Luis Potosí,"biblioteca,-san luis potosí-air-quality.csv"
2018/12/25, , , 25, 10, 23,San Luis Potosí,"biblioteca,-san luis potosí-air-quality.csv"
2018/12/26, , , 19, 9, 16,San Luis Potosí,"biblioteca,-san luis potosí-air-quality.csv"
2018/12/27, , , 7, 7, 21,San Luis Potosí,"biblioteca,-san luis potosí-air-quality.csv"
2018/12/28, , , 13, 7, 15,San Luis Potosí,"biblioteca,-san luis potosí-air-quality.csv"
2018/12/29, , , 25, 8, 14,San Luis Potosí,"biblioteca,-san luis potosí-air-quality.csv"
2018/12/30, , , 10, 8, 17,San Luis Potosí,"biblioteca,-san luis potosí-air-quality.csv"
2017/11/2, , , 15, , 3,San Luis Potosí,"biblioteca,-san luis potosí-air-quality.csv"
2016/10/30, , , 500, , ,San Luis Potosí,"biblioteca,-san luis potosí-air-quality.csv"
2021/5/26, , , , 5, ,San Luis Potosí,"biblioteca,-san luis potosí-air-quality.csv"
2025/8/2, 19, 42, 10, 10, 3,Estado de México,"villa-de las flores, méxico-air-quality.csv"
2025/8/3, 27, 42, 6, 5, 2,Estado de México,"villa-de las flores, méxico-air-quality.csv"
2025/8/4, 22, 37, 9, 5, 3,Estado de México,"villa-de las flores, méxico-air-quality.csv"
2025/8/5, 29, 36, 8, 4, 2,Estado de México,"villa-de las flores, méxico-air-quality.csv"
2025/8/6, 25, 20, 7, 4, 2,Estado de México,"villa-de las flores, méxico-air-quality.csv"
2025/8/7, 17, 34, 12, 9, 4,Estado de México,"villa-de las flores, méxico-air-quality.csv"
2025/8/8, 26, 39, 14, 6, 4,Estado de México,"villa-de las flores, méxico-air-quality.csv"
2025/8/9, 29, 45, 11, 17, 4,Estado de México,"villa-de las flores, méxico-air-quality.csv"
2025/8/10, 41, 60, 9, 16, 4,Estado de México,"villa-de las flores, méxico-air-quality.csv"
2025/8/11, 34, 54, 15, 6, 3,Estado de México,"villa-de las flores, méxico-air-quality.csv"
2025/8/12, 21, 45, 12, 10, 2,Estado de México,"villa-de las flores, méxico-air-quality.csv"
2025/8/17, 30, 34, 6, 6, 2,Estado de México,"villa-de las flores, méxico-air-quality.csv"
2025/8/18, 28, 36, 7, 3, 2,Estado de México,"villa-de las flores, méxico-air-quality.csv"
2025/8/19, 30, 41, 9, 9, 2,Estado de México,"villa-de las flores, méxico-air-quality.csv"
2025/8/20, 31, 39, 8, 3, 2,Estado de México,"villa-de las flores, méxico-air-quality.csv"
2025/8/21, 32, 32, 14, 4, 5,Estado de México,"villa-de las flores, méxico-air-quality.csv"
2025/8/22, 26, 39, 12, 4, 3,Estado de México,"villa-de las flores, méxico-air-quality.csv"
2025/8/23, 24, 44, 15, , 4,Estado de México,"villa-de las flores, méxico-air-quality.csv"
2025/8/24, 19, 46, 11, 15, 3,Estado de México,"villa-de las flores, méxico-air-quality.csv"
2025/8/25, 16, 46, 11, 13, 3,Estado de México,"villa-de las flores, méxico-air-quality.csv"
2025/8/26, 31, 42, 10, 4, 2,Estado de México,"villa-de las flores, méxico-air-quality.csv"
2025/8/27, 21, 28, 14, , 4,Estado de México,"villa-de las flores, méxico-air-quality.csv"
2025/8/28, 23, 7, 12, 9, 3,Estado de México,"villa-de las flores, méxico-air-quality.csv"
2025/8/29, 24, , , , ,Estado de México,"villa-de las flores, méxico-air-quality.csv"
2025/7/2, 18, 31, 15, 7, 3,Estado de México,"villa-de las flores, méxico-air-quality.csv"
2025/7/3, 29, 34, 16, 12, 5,Estado de México,"villa-de las flores, méxico-air-quality.csv"
2025/7/4, 35, , , , ,Estado de México,"villa-de las flores, méxico-air-quality.csv"
2025/7/8, 29, 38, 14, 2, 3,Estado de México,"villa-de las flores, méxico-air-quality.csv"
2025/7/9, 31, 22, 12, 6, 4,Estado de México,"villa-de las flores, méxico-air-quality.csv"
2025/7/10, 42, 38, 15, 7, 6,Estado de México,"villa-de las flores, méxico-air-quality.csv"
2025/7/11, 61, 50, 21, 6, 5,Estado de México,"villa-de las flores, méxico-air-quality.csv"
2025/7/12, 29, 53, 20, 4, 5,Estado de México,"villa-de las flores, méxico-air-quality.csv"
2025/7/13, 32, 59, 11, 3, 3,Estado de México,"villa-de las flores, méxico-air-quality.csv"
2025/7/14, 17, 70, 17, 8, 4,Estado de México,"villa-de las flores, méxico-air-quality.csv"
2025/7/15, 26, 40, 18, 7, 5,Estado de México,"villa-de las flores, méxico-air-quality.csv"
2025/7/16, 29, 55, 14, 5, 3,Estado de México,"villa-de las flores, méxico-air-quality.csv"
2025/7/17, 33, 36, 17, 6, 4,Estado de México,"villa-de las flores, méxico-air-quality.csv"
2025/7/18, 45, 44, 12, 8, 3,Estado de México,"villa-de las flores, méxico-air-quality.csv"
2025/7/19, 34, 40, 15, 5, 4,Estado de México,"villa-de las flores, méxico-air-quality.csv"
2025/7/20, 31, 48, 11, 7, 4,Estado de México,"villa-de las flores, méxico-air-quality.csv"
2025/7/21, 31, 42, 12, 7, 4,Estado de México,"villa-de las flores, méxico-air-quality.csv"
2025/7/22, 29, 48, 9, 10, 3,Estado de México,"villa-de las flores, méxico-air-quality.csv"
2025/7/23, 40, 39, 7, 10, 3,Estado de México,"villa-de las flores, méxico-air-quality.csv"
2025/7/24, 33, 43, 9, 4, 2,Estado de México,"villa-de las flores, méxico-air-quality.csv"
2025/7/25, 24, 52, 11, 5, 3,Estado de México,"villa-de las flores, méxico-air-quality.csv"
2025/7/26, 28, 35, 9, 4, 3,Estado de México,"villa-de las flores, méxico-air-quality.csv"
2025/7/27, 22, 26, 4, 4, 1,Estado de México,"villa-de las flores, méxico-air-quality.csv"
2025/7/28, 12, 27, 6, 4, 2,Estado de México,"villa-de las flores, méxico-air-quality.csv"
2025/7/29, 25, 30, 7, 5, 2,Estado de México,"villa-de las flores, méxico-air-quality.csv"
2025/7/30, 31, 35, 7, 4, 2,Estado de México,"villa-de las flores, méxico-air-quality.csv"
2025/7/31, 26, 34, 12, 5, 3,Estado de México,"villa-de las flores, méxico-air-quality.csv"
2025/8/1, 19, 26, 16, 4, 4,Estado de México,"villa-de las flores, méxico-air-quality.csv"
2025/4/2, 67, 91, 28, 5, 7,Estado de México,"villa-de las flores, méxico-air-quality.csv"
2025/4/3, 72, 70, 26, 4, 7,Estado de México,"villa-de las flores, méxico-air-quality.csv"
2025/4/4, 66, 61, 23, 3, 5,Estado de México,"villa-de las flores, méxico-air-quality.csv"
2025/4/5, 58, 57, 18, 3, 5,Estado de México,"villa-de las flores, méxico-air-quality.csv"
2025/4/6, 53, 3, 25, 4, 7,Estado de México,"villa-de las flores, méxico-air-quality.csv"
2025/4/7, 52, 59, 15, 13, 4,Estado de México,"villa-de las flores, méxico-air-quality.csv"
2025/4/8, 56, 45, 11, 23, 3,Estado de México,"villa-de las flores, méxico-air-quality.csv"
2025/4/9, 49, 68, 14, 16, 4,Estado de México,"villa-de las flores, méxico-air-quality.csv"
2025/4/10, 50, 52, 18, 8, 20,Estado de México,"villa-de las flores, méxico-air-quality.csv"
2025/4/11, 52, 49, 17, 5, 7,Estado de México,"villa-de las flores, méxico-air-quality.csv"
2025/4/12, 69, 55, 16, 4, 6,Estado de México,"villa-de las flores, méxico-air-quality.csv"
2025/4/13, 54, 66, 13, 5, 6,Estado de México,"villa-de las flores, méxico-air-quality.csv"
2025/4/14, 48, 60, 16, 4, 6,Estado de México,"villa-de las flores, méxico-air-quality.csv"
2025/4/15, 53, 59, 15, 3, 6,Estado de México,"villa-de las flores, méxico-air-quality.csv"
2025/4/16, 67, 72, 12, 4, 6,Estado de México,"villa-de las flores, méxico-air-quality.csv"
2025/4/17, 51, 107, 21, 11, 9,Estado de México,"villa-de las flores, méxico-air-quality.csv"
2025/4/18, 64, 104, 19, 14, 9,Estado de México,"villa-de las flores, méxico-air-quality.csv"
2025/4/19, 68, 99, 20, 6, 11,Estado de México,"villa-de las flores, méxico-air-quality.csv"
2025/4/20, 70, 93, 14, 6, 8,Estado de México,"villa-de las flores, méxico-air-quality.csv"
2025/4/21, 74, 89, 11, 4, 6,Estado de México,"villa-de las flores, méxico-air-quality.csv"
2025/4/22, 48, 96, 20, 4, 8,Estado de México,"villa-de las flores, méxico-air-quality.csv"
2025/4/23, 49, 74, 15, 5, 7,Estado de México,"villa-de las flores, méxico-air-quality.csv"
2025/4/24, 46, 89, 17, 5, 6,Estado de México,"villa-de las flores, méxico-air-quality.csv"
2025/4/25, 53, 83, 14, 8, 3,Estado de México,"villa-de las flores, méxico-air-quality.csv"
2025/4/26, 54, 79, 14, 7, 2,Estado de México,"villa-de las flores, méxico-air-quality.csv"
2025/4/27, 59, 57, 11, 5, 3,Estado de México,"villa-de las flores, méxico-air-quality.csv"
2025/4/28, 46, 74, 14, 3, 3,Estado de México,"villa-de las flores, méxico-air-quality.csv"
2025/4/29, 50, 81, 17, 7, 4,Estado de México,"villa-de las flores, méxico-air-quality.csv"
2025/4/30, 53, 71, 20, 6, 5,Estado de México,"villa-de las flores, méxico-air-quality.csv"
2025/5/1, 61, 69, 19, 5, 5,Estado de México,"villa-de las flores, méxico-air-quality.csv"
2025/5/2, 43, 82, 20, 4, 6,Estado de México,"villa-de las flores, méxico-air-quality.csv"
2025/5/3, 52, 97, 16, 4, 5,Estado de México,"villa-de las flores, méxico-air-quality.csv"
2025/5/4, 54, 85, 14, 3, 5,Estado de México,"villa-de las flores, méxico-air-quality.csv"
2025/5/5, 42, 85, 16, 4, 6,Estado de México,"villa-de las flores, méxico-air-quality.csv"
2025/5/6, 43, 64, 20, 4, 7,Estado de México,"villa-de las flores, méxico-air-quality.csv"
2025/5/7, 53, 85, 19, 6, 8,Estado de México,"villa-de las flores, méxico-air-quality.csv"
2025/5/8, 66, 81, 21, 5, 6,Estado de México,"villa-de las flores, méxico-air-quality.csv"
2025/5/9, 46, 57, 18, 5, 5,Estado de México,"villa-de las flores, méxico-air-quality.csv"
2025/5/10, 50, 56, 7, 4, 3,Estado de México,"villa-de las flores, méxico-air-quality.csv"
2025/5/11, 28, 50, 11, 4, 4,Estado de México,"villa-de las flores, méxico-air-quality.csv"
2025/5/12, 29, 90, 17, 5, 6,Estado de México,"villa-de las flores, méxico-air-quality.csv"
2025/5/13, 46, , , , ,Estado de México,"villa-de las flores, méxico-air-quality.csv"
2025/5/17, 59, 74, 17, 4, 4,Estado de México,"villa-de las flores, méxico-air-quality.csv"
2025/5/18, 57, 71, 17, 2, 5,Estado de México,"villa-de las flores, méxico-air-quality.csv"
2025/5/19, 58, 85, 19, 6, 5,Estado de México,"villa-de las flores, méxico-air-quality.csv"
2025/5/20, 46, 83, 26, 2, 6,Estado de México,"villa-de las flores, méxico-air-quality.csv"
2025/5/30, 19, 82, , 4, ,Estado de México,"villa-de las flores, méxico-air-quality.csv"
2025/5/31, 27, 51, , 4, ,Estado de México,"villa-de las flores, méxico-air-quality.csv"
2025/6/1, 21, 56, , 3, ,Estado de México,"villa-de las flores, méxico-air-quality.csv"
2025/6/2, 22, 51, , 10, ,Estado de México,"villa-de las flores, méxico-air-quality.csv"
2025/6/3, 23, 60, 3, 8, ,Estado de México,"villa-de las flores, méxico-air-quality.csv"
2025/6/4, 24, 50, 10, 4, 1,Estado de México,"villa-de las flores, méxico-air-quality.csv"
2025/6/5, 33, 48, 8, 1, 1,Estado de México,"villa-de las flores, méxico-air-quality.csv"
2025/6/6, 34, 45, 7, 2, 1,Estado de México,"villa-de las flores, méxico-air-quality.csv"
2025/6/7, 36, 56, 7, 13, 2,Estado de México,"villa-de las flores, méxico-air-quality.csv"
2025/6/8, 30, 73, 11, 25, 3,Estado de México,"villa-de las flores, méxico-air-quality.csv"
2025/6/9, 40, 69, 14, 17, 4,Estado de México,"villa-de las flores, méxico-air-quality.csv"
2025/6/10, 42, 67, 9, 20, 2,Estado de México,"villa-de las flores, méxico-air-quality.csv"
2025/6/11, 42, 55, 12, 2, 3,Estado de México,"villa-de las flores, méxico-air-quality.csv"
2025/6/12, 35, 43, 11, 3, 3,Estado de México,"villa-de las flores, méxico-air-quality.csv"
2025/6/13, 28, 44, 15, 5, 3,Estado de México,"villa-de las flores, méxico-air-quality.csv"
2025/6/14, 19, 21, 11, 2, 2,Estado de México,"villa-de las flores, méxico-air-quality.csv"
2025/6/15, 12, 23, 9, 1, 2,Estado de México,"villa-de las flores, méxico-air-quality.csv"
2025/6/16, 14, 23, 13, 3, 3,Estado de México,"villa-de las flores, méxico-air-quality.csv"
2025/6/17, 14, 24, 16, 4, 4,Estado de México,"villa-de las flores, méxico-air-quality.csv"
2025/6/18, 19, 22, 7, 2, 1,Estado de México,"villa-de las flores, méxico-air-quality.csv"
2025/6/19, 14, 25, 10, 2, 3,Estado de México,"villa-de las flores, méxico-air-quality.csv"
2025/6/20, 16, 18, 11, 2, 4,Estado de México,"villa-de las flores, méxico-air-quality.csv"
2025/6/21, 14, 17, 17, 2, 5,Estado de México,"villa-de las flores, méxico-air-quality.csv"
2025/6/22, 19, 17, 14, 2, 5,Estado de México,"villa-de las flores, méxico-air-quality.csv"
2025/6/23, 12, 26, 10, 3, 3,Estado de México,"villa-de las flores, méxico-air-quality.csv"
2025/6/26, 26, 30, 13, 3, 2,Estado de México,"villa-de las flores, méxico-air-quality.csv"
2025/6/27, 21, 28, 10, 2, 3,Estado de México,"villa-de las flores, méxico-air-quality.csv"
2025/6/28, 17, 31, 5, 3, 1,Estado de México,"villa-de las flores, méxico-air-quality.csv"
2025/6/29, 20, 25, 4, 3, 1,Estado de México,"villa-de las flores, méxico-air-quality.csv"
2025/6/30, 16, 22, 12, 2, 4,Estado de México,"villa-de las flores, méxico-air-quality.csv"
2025/7/1, 16, 27, 10, 2, 2,Estado de México,"villa-de las flores, méxico-air-quality.csv"
2025/1/2, 125, 37, 16, 11, 3,Estado de México,"villa-de las flores, méxico-air-quality.csv"
2025/1/3, 47, 24, 12, 2, 2,Estado de México,"villa-de las flores, méxico-air-quality.csv"
2025/1/4, 45, 30, 14, 8, 3,Estado de México,"villa-de las flores, méxico-air-quality.csv"
2025/1/5, 30, 33, 23, 3, 7,Estado de México,"villa-de las flores, méxico-air-quality.csv"
2025/1/6, 45, 27, 23, 1, 7,Estado de México,"villa-de las flores, méxico-air-quality.csv"
2025/1/7, 38, 30, 23, 2, 7,Estado de México,"villa-de las flores, méxico-air-quality.csv"
2025/1/8, 48, 29, 21, 15, 6,Estado de México,"villa-de las flores, méxico-air-quality.csv"
2025/1/9, 45, 22, 17, 6, 7,Estado de México,"villa-de las flores, méxico-air-quality.csv"
2025/1/10, 43, 19, 14, , 3,Estado de México,"villa-de las flores, méxico-air-quality.csv"
2025/1/11, 26, 16, 14, , 3,Estado de México,"villa-de las flores, méxico-air-quality.csv"
2025/1/12, 18, 16, 13, , 3,Estado de México,"villa-de las flores, méxico-air-quality.csv"
2025/1/13, 19, 32, 20, 3, 8,Estado de México,"villa-de las flores, méxico-air-quality.csv"
2025/1/14, 39, 33, 22, 14, 7,Estado de México,"villa-de las flores, méxico-air-quality.csv"
2025/1/15, 52, 33, 17, 8, 6,Estado de México,"villa-de las flores, méxico-air-quality.csv"
2025/1/16, 34, 38, 24, 9, 8,Estado de México,"villa-de las flores, méxico-air-quality.csv"
2025/1/17, 48, 46, 27, 3, 11,Estado de México,"villa-de las flores, méxico-air-quality.csv"
2025/1/18, 58, 42, 30, 2, 11,Estado de México,"villa-de las flores, méxico-air-quality.csv"
2025/1/19, 63, 48, 23, 4, 8,Estado de México,"villa-de las flores, méxico-air-quality.csv"
2025/1/20, 49, 32, 24, 24, 11,Estado de México,"villa-de las flores, méxico-air-quality.csv"
2025/1/21, 57, 44, , , ,Estado de México,"villa-de las flores, méxico-air-quality.csv"
2025/1/22, 52, 41, , , ,Estado de México,"villa-de las flores, méxico-air-quality.csv"
2025/1/23, 59, 43, , , ,Estado de México,"villa-de las flores, méxico-air-quality.csv"
2025/1/24, 64, 34, 13, 24, 4,Estado de México,"villa-de las flores, méxico-air-quality.csv"
2025/1/25, 51, 45, 23, 24, 7,Estado de México,"villa-de las flores, méxico-air-quality.csv"
2025/1/26, 52, 42, 23, 4, 6,Estado de México,"villa-de las flores, méxico-air-quality.csv"
2025/1/27, 55, 41, 24, 4, 9,Estado de México,"villa-de las flores, méxico-air-quality.csv"
2025/1/28, 56, 44, 33, 4, 10,Estado de México,"villa-de las flores, méxico-air-quality.csv"
2025/1/29, 67, 38, 33, 6, 11,Estado de México,"villa-de las flores, méxico-air-quality.csv"
2025/1/30, 70, 30, 26, , 9,Estado de México,"villa-de las flores, méxico-air-quality.csv"
2025/1/31, 58, 8, 23, , 8,Estado de México,"villa-de las flores, méxico-air-quality.csv"
2025/2/1, 60, , 17, 32, 3,Estado de México,"villa-de las flores, méxico-air-quality.csv"
2025/2/2, 39, , 18, , 6,Estado de México,"villa-de las flores, méxico-air-quality.csv"
2025/2/3, 27, , 15, , ,Estado de México,"villa-de las flores, méxico-air-quality.csv"
2025/2/4, 25, , 30, , ,Estado de México,"villa-de las flores, méxico-air-quality.csv"
2025/2/5, 40, 56, 23, , 8,Estado de México,"villa-de las flores, méxico-air-quality.csv"
2025/2/6, 44, 76, 23, , ,Estado de México,"villa-de las flores, méxico-air-quality.csv"
2025/2/7, 48, 45, 13, , 3,Estado de México,"villa-de las flores, méxico-air-quality.csv"
2025/2/8, 37, 52, 21, 10, 7,Estado de México,"villa-de las flores, méxico-air-quality.csv"
2025/2/9, 56, 62, 20, 6, 7,Estado de México,"villa-de las flores, méxico-air-quality.csv"
2025/2/10, 51, 61, 29, 6, 9,Estado de México,"villa-de las flores, méxico-air-quality.csv"
2025/2/11, 56, 76, 25, 10, 7,Estado de México,"villa-de las flores, méxico-air-quality.csv"
2025/2/12, 62, 45, 25, 7, 9,Estado de México,"villa-de las flores, méxico-air-quality.csv"
2025/2/13, 55, 50, 20, 4, 7,Estado de México,"villa-de las flores, méxico-air-quality.csv"
2025/2/14, 67, 70, 17, 4, 4,Estado de México,"villa-de las flores, méxico-air-quality.csv"
2025/2/15, 46, 52, 21, 9, 7,Estado de México,"villa-de las flores, méxico-air-quality.csv"
2025/2/16, 47, 46, 12, 7, 4,Estado de México,"villa-de las flores, méxico-air-quality.csv"
2025/2/17, 48, 66, 12, 6, 3,Estado de México,"villa-de las flores, méxico-air-quality.csv"
2025/2/18, 36, 38, 21, 13, 6,Estado de México,"villa-de las flores, méxico-air-quality.csv"
2025/2/19, 43, 24, 23, 10, 6,Estado de México,"villa-de las flores, méxico-air-quality.csv"
2025/2/20, 41, 69, 22, 5, 10,Estado de México,"villa-de las flores, méxico-air-quality.csv"
2025/2/21, 46, 41, 19, 10, 7,Estado de México,"villa-de las flores, méxico-air-quality.csv"
2025/2/22, 37, 38, 14, 5, 6,Estado de México,"villa-de las flores, méxico-air-quality.csv"
2025/2/23, 28, 46, 16, 7, 8,Estado de México,"villa-de las flores, méxico-air-quality.csv"
2025/2/24, 31, 40, 18, 12, 8,Estado de México,"villa-de las flores, méxico-air-quality.csv"
2025/2/25, 39, 48, 25, 10, 8,Estado de México,"villa-de las flores, méxico-air-quality.csv"
2025/2/26, 63, 28, 36, 7, 12,Estado de México,"villa-de las flores, méxico-air-quality.csv"
2025/2/27, 75, 71, 17, 7, 8,Estado de México,"villa-de las flores, méxico-air-quality.csv"
2025/2/28, 39, , , , ,Estado de México,"villa-de las flores, méxico-air-quality.csv"
2025/3/23, 47, 83, 19, 4, 6,Estado de México,"villa-de las flores, méxico-air-quality.csv"
2025/3/24, 52, 91, 23, 6, 7,Estado de México,"villa-de las flores, méxico-air-quality.csv"
2025/3/25, 57, 60, 9, 3, 2,Estado de México,"villa-de las flores, méxico-air-quality.csv"
2025/3/26, 46, 79, 18, 9, 4,Estado de México,"villa-de las flores, méxico-air-quality.csv"
2025/3/27, 53, 55, 19, 4, 5,Estado de México,"villa-de las flores, méxico-air-quality.csv"
2025/3/28, 52, 46, 18, 2, 5,Estado de México,"villa-de las flores, méxico-air-quality.csv"
2025/3/29, 48, 78, 24, 3, 7,Estado de México,"villa-de las flores, méxico-air-quality.csv"
2025/3/30, 59, 86, 20, 6, 6,Estado de México,"villa-de las flores, méxico-air-quality.csv"
2025/3/31, 56, 84, 27, 5, 8,Estado de México,"villa-de las flores, méxico-air-quality.csv"
2025/4/1, 67, 101, 26, 4, 6,Estado de México,"villa-de las flores, méxico-air-quality.csv"
2024/10/19, 45, , 9, 4, 2,Estado de México,"villa-de las flores, méxico-air-quality.csv"
2024/10/20, 27, , 12, 4, 3,Estado de México,"villa-de las flores, méxico-air-quality.csv"
2024/10/21, 21, , 12, 2, 4,Estado de México,"villa-de las flores, méxico-air-quality.csv"
2024/10/22, 11, 24, 10, 3, 3,Estado de México,"villa-de las flores, méxico-air-quality.csv"
2024/10/23, 20, 30, 10, 8, 3,Estado de México,"villa-de las flores, méxico-air-quality.csv"
2024/10/24, 33, 34, 11, 6, 3,Estado de México,"villa-de las flores, méxico-air-quality.csv"
2024/10/25, 30, 30, 12, 10, 3,Estado de México,"villa-de las flores, méxico-air-quality.csv"
2024/10/26, 42, 28, 9, 9, 2,Estado de México,"villa-de las flores, méxico-air-quality.csv"
2024/10/27, 35, 20, 8, 9, 2,Estado de México,"villa-de las flores, méxico-air-quality.csv"
2024/10/28, 25, 24, 14, 15, 4,Estado de México,"villa-de las flores, méxico-air-quality.csv"
2024/10/29, 38, 33, 14, 12, 5,Estado de México,"villa-de las flores, méxico-air-quality.csv"
2024/10/30, 49, 39, 22, 8, 9,Estado de México,"villa-de las flores, méxico-air-quality.csv"
2024/10/31, 55, 29, 15, 9, 5,Estado de México,"villa-de las flores, méxico-air-quality.csv"
2024/11/1, 46, 22, 13, 8, 4,Estado de México,"villa-de las flores, méxico-air-quality.csv"
2024/11/2, 40, 30, 13, 9, 4,Estado de México,"villa-de las flores, méxico-air-quality.csv"
2024/11/3, 36, 38, 19, 9, 7,Estado de México,"villa-de las flores, méxico-air-quality.csv"
2024/11/4, 48, 51, 20, 6, 9,Estado de México,"villa-de las flores, méxico-air-quality.csv"
2024/11/5, 47, 37, 18, 5, 8,Estado de México,"villa-de las flores, méxico-air-quality.csv"
2024/11/6, 36, 47, 22, 2, 9,Estado de México,"villa-de las flores, méxico-air-quality.csv"
2024/11/7, 45, 42, 22, 2, 8,Estado de México,"villa-de las flores, méxico-air-quality.csv"
2024/11/8, 52, 31, 23, 3, 10,Estado de México,"villa-de las flores, méxico-air-quality.csv"
2024/11/9, 66, 31, 20, 2, 9,Estado de México,"villa-de las flores, méxico-air-quality.csv"
2024/11/10, 59, 32, 15, 2, 6,Estado de México,"villa-de las flores, méxico-air-quality.csv"
2024/11/11, 42, 26, 18, 3, 8,Estado de México,"villa-de las flores, méxico-air-quality.csv"
2024/11/12, 52, 34, 22, 6, 10,Estado de México,"villa-de las flores, méxico-air-quality.csv"
2024/11/13, 57, 34, 22, 4, 8,Estado de México,"villa-de las flores, méxico-air-quality.csv"
2024/11/14, 55, 26, 16, 2, 6,Estado de México,"villa-de las flores, méxico-air-quality.csv"
2024/11/15, 45, 33, 24, 1, 7,Estado de México,"villa-de las flores, méxico-air-quality.csv"
2024/11/16, 53, 50, 25, 2, 9,Estado de México,"villa-de las flores, méxico-air-quality.csv"
2024/11/17, 61, 49, 30, 1, 11,Estado de México,"villa-de las flores, méxico-air-quality.csv"
2024/11/18, 61, 43, 22, 4, 8,Estado de México,"villa-de las flores, méxico-air-quality.csv"
2024/11/19, 54, 32, 24, 1, 10,Estado de México,"villa-de las flores, méxico-air-quality.csv"
2024/11/20, 55, 17, 15, 2, 4,Estado de México,"villa-de las flores, méxico-air-quality.csv"
2024/11/21, 34, , , , ,Estado de México,"villa-de las flores, méxico-air-quality.csv"
2024/11/28, 64, 38, 31, 4, 18,Estado de México,"villa-de las flores, méxico-air-quality.csv"
2024/11/29, 82, 51, 25, 5, 11,Estado de México,"villa-de las flores, méxico-air-quality.csv"
2024/11/30, 70, 39, 20, 4, 8,Estado de México,"villa-de las flores, méxico-air-quality.csv"
2024/12/1, 53, 33, 17, 2, 10,Estado de México,"villa-de las flores, méxico-air-quality.csv"
2024/12/2, 51, 31, 15, 6, 6,Estado de México,"villa-de las flores, méxico-air-quality.csv"
2024/12/3, 47, 26, 13, 10, 5,Estado de México,"villa-de las flores, méxico-air-quality.csv"
2024/12/4, 50, 35, 21, 2, 9,Estado de México,"villa-de las flores, méxico-air-quality.csv"
2024/12/5, 57, 36, 17, 5, 8,Estado de México,"villa-de las flores, méxico-air-quality.csv"
2024/12/6, 51, 33, 16, 11, 7,Estado de México,"villa-de las flores, méxico-air-quality.csv"
2024/12/7, 50, 35, 16, 19, 6,Estado de México,"villa-de las flores, méxico-air-quality.csv"
2024/12/8, 38, 38, 18, 19, 8,Estado de México,"villa-de las flores, méxico-air-quality.csv"
2024/12/9, 41, 41, 23, 4, 10,Estado de México,"villa-de las flores, méxico-air-quality.csv"
2024/12/10, 58, 47, 29, 3, 12,Estado de México,"villa-de las flores, méxico-air-quality.csv"
2024/12/11, 71, 36, 13, 19, 4,Estado de México,"villa-de las flores, méxico-air-quality.csv"
2024/12/12, 46, 47, 24, 12, 11,Estado de México,"villa-de las flores, méxico-air-quality.csv"
2024/12/13, 63, 39, 26, 4, 11,Estado de México,"villa-de las flores, méxico-air-quality.csv"
2024/12/14, 60, 36, 24, 3, 13,Estado de México,"villa-de las flores, méxico-air-quality.csv"
2024/12/15, 68, 30, 18, 7, 8,Estado de México,"villa-de las flores, méxico-air-quality.csv"
2024/12/16, 43, 35, 19, 6, 9,Estado de México,"villa-de las flores, méxico-air-quality.csv"
2024/12/17, 50, 30, 22, 7, 7,Estado de México,"villa-de las flores, méxico-air-quality.csv"
2024/12/18, 69, 29, 13, 5, 4,Estado de México,"villa-de las flores, méxico-air-quality.csv"
2024/12/19, 49, 18, 10, 1, 3,Estado de México,"villa-de las flores, méxico-air-quality.csv"
2024/12/20, 33, 22, 15, 10, 5,Estado de México,"villa-de las flores, méxico-air-quality.csv"
2024/12/21, 44, 23, 11, 1, 1,Estado de México,"villa-de las flores, méxico-air-quality.csv"
2024/12/22, 28, 26, 13, 1, 2,Estado de México,"villa-de las flores, méxico-air-quality.csv"
2024/12/23, 20, 21, 29, 2, 11,Estado de México,"villa-de las flores, méxico-air-quality.csv"
2024/12/24, 39, 33, 25, 5, 11,Estado de México,"villa-de las flores, méxico-air-quality.csv"
2024/12/25, 62, 47, 19, 3, 14,Estado de México,"villa-de las flores, méxico-air-quality.csv"
2024/12/26, 89, 35, 22, 2, 7,Estado de México,"villa-de las flores, méxico-air-quality.csv"
2024/12/27, 36, 43, 32, 2, 11,Estado de México,"villa-de las flores, méxico-air-quality.csv"
2024/12/28, 60, 48, 34, 4, 15,Estado de México,"villa-de las flores, méxico-air-quality.csv"
2024/12/29, 70, 41, 23, 2, 9,Estado de México,"villa-de las flores, méxico-air-quality.csv"
2024/12/30, 57, , , , ,Estado de México,"villa-de las flores, méxico-air-quality.csv"
2023/7/5, 44, 65, 10, 4, 2,Estado de México,"villa-de las flores, méxico-air-quality.csv"
2023/7/6, 33, 50, 8, 10, 2,Estado de México,"villa-de las flores, méxico-air-quality.csv"
2023/7/7, 26, 51, 13, 1, 4,Estado de México,"villa-de las flores, méxico-air-quality.csv"
2023/7/8, 25, 43, 23, 11, 5,Estado de México,"villa-de las flores, méxico-air-quality.csv"
2023/7/9, 27, 51, 10, 6, 3,Estado de México,"villa-de las flores, méxico-air-quality.csv"
2023/7/10, 19, 43, 5, 1, 2,Estado de México,"villa-de las flores, méxico-air-quality.csv"
2023/7/11, 24, 47, 10, 1, 2,Estado de México,"villa-de las flores, méxico-air-quality.csv"
2023/7/12, 16, 44, 14, 2, 3,Estado de México,"villa-de las flores, méxico-air-quality.csv"
2023/7/13, 33, 46, 20, 2, 5,Estado de México,"villa-de las flores, méxico-air-quality.csv"
2023/7/14, 30, 46, 17, 2, 3,Estado de México,"villa-de las flores, méxico-air-quality.csv"
2023/7/15, 37, 52, 14, 10, 3,Estado de México,"villa-de las flores, méxico-air-quality.csv"
2023/7/16, 38, 62, 10, 7, 2,Estado de México,"villa-de las flores, méxico-air-quality.csv"
2023/7/17, 27, 39, 6, 1, 1,Estado de México,"villa-de las flores, méxico-air-quality.csv"
2023/7/18, 26, 44, 8, 4, 2,Estado de México,"villa-de las flores, méxico-air-quality.csv"
2023/7/19, 28, 48, 9, 1, 2,Estado de México,"villa-de las flores, méxico-air-quality.csv"
2023/7/20, 26, 38, 9, 7, 2,Estado de México,"villa-de las flores, méxico-air-quality.csv"
2023/7/21, 25, 32, 9, 1, 2,Estado de México,"villa-de las flores, méxico-air-quality.csv"
2023/7/22, 23, 65, 10, 21, 2,Estado de México,"villa-de las flores, méxico-air-quality.csv"
2023/7/28, 34, 36, 20, 3, 4,Estado de México,"villa-de las flores, méxico-air-quality.csv"
2023/7/29, 32, 45, 17, 5, 4,Estado de México,"villa-de las flores, méxico-air-quality.csv"
2023/7/30, 24, 47, 14, 1, 3,Estado de México,"villa-de las flores, méxico-air-quality.csv"
2023/7/31, 11, 11, 15, 1, 3,Estado de México,"villa-de las flores, méxico-air-quality.csv"
2023/8/9, 27, 53, , 1, 2,Estado de México,"villa-de las flores, méxico-air-quality.csv"
2023/8/10, 37, 68, , 2, 3,Estado de México,"villa-de las flores, méxico-air-quality.csv"
2023/8/11, 33, 65, , 5, 6,Estado de México,"villa-de las flores, méxico-air-quality.csv"
2023/8/12, 32, 72, , 2, 6,Estado de México,"villa-de las flores, méxico-air-quality.csv"
2023/8/13, 44, 66, , 3, 4,Estado de México,"villa-de las flores, méxico-air-quality.csv"
2023/8/14, 22, 32, , 1, 5,Estado de México,"villa-de las flores, méxico-air-quality.csv"
2023/8/15, 31, 24, , 1, 3,Estado de México,"villa-de las flores, méxico-air-quality.csv"
2023/8/16, 21, 28, , 1, 2,Estado de México,"villa-de las flores, méxico-air-quality.csv"
2023/8/17, 21, 24, , 1, 2,Estado de México,"villa-de las flores, méxico-air-quality.csv"
2023/8/18, 26, 37, , 2, 5,Estado de México,"villa-de las flores, méxico-air-quality.csv"
2023/8/26, 37, 28, , 3, ,Estado de México,"villa-de las flores, méxico-air-quality.csv"
2023/8/27, 30, 41, 6, 4, 2,Estado de México,"villa-de las flores, méxico-air-quality.csv"
2023/8/28, 11, 29, 6, 1, 2,Estado de México,"villa-de las flores, méxico-air-quality.csv"
2023/8/29, 19, 38, 7, 1, 2,Estado de México,"villa-de las flores, méxico-air-quality.csv"
2023/8/30, 30, , 15, 18, 5,Estado de México,"villa-de las flores, méxico-air-quality.csv"
2023/9/2, 35, 60, 9, 15, 3,Estado de México,"villa-de las flores, méxico-air-quality.csv"
2023/9/3, 26, 61, 8, 4, 2,Estado de México,"villa-de las flores, méxico-air-quality.csv"
2023/9/4, 26, 32, 8, 2, 2,Estado de México,"villa-de las flores, méxico-air-quality.csv"
2023/9/5, 25, 60, 7, 1, 3,Estado de México,"villa-de las flores, méxico-air-quality.csv"
2023/9/6, 28, 44, 13, 6, 4,Estado de México,"villa-de las flores, méxico-air-quality.csv"
2023/9/7, 26, 50, 13, 2, 3,Estado de México,"villa-de las flores, méxico-air-quality.csv"
2023/9/8, 25, 43, 8, 3, 3,Estado de México,"villa-de las flores, méxico-air-quality.csv"
2023/9/9, 20, 38, 8, 1, 2,Estado de México,"villa-de las flores, méxico-air-quality.csv"
2023/9/10, 35, 43, 11, 2, 3,Estado de México,"villa-de las flores, méxico-air-quality.csv"
2023/9/11, 24, 36, 6, 1, 1,Estado de México,"villa-de las flores, méxico-air-quality.csv"
2023/9/12, 27, 45, 8, 5, 2,Estado de México,"villa-de las flores, méxico-air-quality.csv"
2023/9/13, 33, 52, 9, 2, 2,Estado de México,"villa-de las flores, méxico-air-quality.csv"
2023/9/14, 38, 58, 9, 7, 3,Estado de México,"villa-de las flores, méxico-air-quality.csv"
2023/9/15, 44, 58, 11, 16, 4,Estado de México,"villa-de las flores, méxico-air-quality.csv"
2023/9/16, 32, 41, 13, 12, 3,Estado de México,"villa-de las flores, méxico-air-quality.csv"
2023/9/17, 41, 38, 12, 4, 4,Estado de México,"villa-de las flores, méxico-air-quality.csv"
2023/9/18, 22, 47, 11, 9, 3,Estado de México,"villa-de las flores, méxico-air-quality.csv"
2023/9/19, 23, 41, 7, 4, 2,Estado de México,"villa-de las flores, méxico-air-quality.csv"
2023/9/20, 21, 43, 8, 2, 3,Estado de México,"villa-de las flores, méxico-air-quality.csv"
2023/9/21, 28, 43, 9, 1, 5,Estado de México,"villa-de las flores, méxico-air-quality.csv"
2023/9/22, 36, 52, 12, 8, 4,Estado de México,"villa-de las flores, méxico-air-quality.csv"
2023/9/23, 29, 40, 7, 3, 2,Estado de México,"villa-de las flores, méxico-air-quality.csv"
2023/9/24, 31, 45, 10, 10, 3,Estado de México,"villa-de las flores, méxico-air-quality.csv"
2023/9/25, 33, 38, 10, 7, 4,Estado de México,"villa-de las flores, méxico-air-quality.csv"
2023/9/26, 35, 36, 10, 2, 4,Estado de México,"villa-de las flores, méxico-air-quality.csv"
2023/9/27, 36, 39, 9, 1, 4,Estado de México,"villa-de las flores, méxico-air-quality.csv"
2023/9/28, 41, 18, 14, 8, 4,Estado de México,"villa-de las flores, méxico-air-quality.csv"
2023/4/2, 62, 78, 8, 4, 3,Estado de México,"villa-de las flores, méxico-air-quality.csv"
2023/4/3, 49, 80, 20, 5, 5,Estado de México,"villa-de las flores, méxico-air-quality.csv"
2023/4/4, 46, 82, 27, 9, 7,Estado de México,"villa-de las flores, méxico-air-quality.csv"
2023/4/5, 58, 70, 25, 3, 6,Estado de México,"villa-de las flores, méxico-air-quality.csv"
2023/4/6, 63, 60, 14, 6, 4,Estado de México,"villa-de las flores, méxico-air-quality.csv"
2023/4/7, 57, 52, 8, 5, 3,Estado de México,"villa-de las flores, méxico-air-quality.csv"
2023/4/8, 38, 57, 8, 15, 3,Estado de México,"villa-de las flores, méxico-air-quality.csv"
2023/4/9, 37, 52, 9, 10, 3,Estado de México,"villa-de las flores, méxico-air-quality.csv"
2023/4/10, 33, 44, 9, 8, 3,Estado de México,"villa-de las flores, méxico-air-quality.csv"
2023/4/11, 24, 45, 11, 4, 3,Estado de México,"villa-de las flores, méxico-air-quality.csv"
2023/4/12, 22, 47, 16, 1, 3,Estado de México,"villa-de las flores, méxico-air-quality.csv"
2023/4/13, 20, 46, 21, 2, 5,Estado de México,"villa-de las flores, méxico-air-quality.csv"
2023/4/14, 40, 56, 23, 3, 8,Estado de México,"villa-de las flores, méxico-air-quality.csv"
2023/4/15, 50, 59, 21, 4, 9,Estado de México,"villa-de las flores, méxico-air-quality.csv"
2023/4/16, 57, 67, 11, 2, 3,Estado de México,"villa-de las flores, méxico-air-quality.csv"
2023/4/17, 36, 65, 15, 1, 4,Estado de México,"villa-de las flores, méxico-air-quality.csv"
2023/4/18, 27, 88, 26, 2, 8,Estado de México,"villa-de las flores, méxico-air-quality.csv"
2023/4/19, 47, 88, 23, 2, 6,Estado de México,"villa-de las flores, méxico-air-quality.csv"
2023/4/20, 55, 64, 23, 3, 7,Estado de México,"villa-de las flores, méxico-air-quality.csv"
2023/4/21, 54, 44, 15, 2, 4,Estado de México,"villa-de las flores, méxico-air-quality.csv"
2023/4/22, 36, 61, 14, 1, 4,Estado de México,"villa-de las flores, méxico-air-quality.csv"
2023/4/23, 36, 48, 17, 2, 5,Estado de México,"villa-de las flores, méxico-air-quality.csv"
2023/4/24, 47, 66, 12, 4, 3,Estado de México,"villa-de las flores, méxico-air-quality.csv"
2023/4/25, 40, 48, 15, 2, 4,Estado de México,"villa-de las flores, méxico-air-quality.csv"
2023/4/26, 47, 83, 26, 2, 7,Estado de México,"villa-de las flores, méxico-air-quality.csv"
2023/4/27, 59, 70, 27, 2, 10,Estado de México,"villa-de las flores, méxico-air-quality.csv"
2023/4/28, 66, 74, 20, 1, 6,Estado de México,"villa-de las flores, méxico-air-quality.csv"
2023/4/29, 53, 64, 23, 3, 9,Estado de México,"villa-de las flores, méxico-air-quality.csv"
2023/4/30, 63, 86, 17, 6, 6,Estado de México,"villa-de las flores, méxico-air-quality.csv"
2023/5/1, 38, 70, 19, 14, 6,Estado de México,"villa-de las flores, méxico-air-quality.csv"
2023/5/2, 39, 64, 21, 2, 6,Estado de México,"villa-de las flores, méxico-air-quality.csv"
2023/5/3, 55, 80, 25, 4, 7,Estado de México,"villa-de las flores, méxico-air-quality.csv"
2023/5/4, 59, 74, 9, 3, 5,Estado de México,"villa-de las flores, méxico-air-quality.csv"
2023/5/5, 49, 70, 17, 4, 4,Estado de México,"villa-de las flores, méxico-air-quality.csv"
2023/5/6, 48, 70, 21, 8, 5,Estado de México,"villa-de las flores, méxico-air-quality.csv"
2023/5/7, 62, 67, 14, 2, 2,Estado de México,"villa-de las flores, méxico-air-quality.csv"
2023/5/8, 31, 50, 20, 3, 4,Estado de México,"villa-de las flores, méxico-air-quality.csv"
2023/5/9, 33, 45, 21, 2, 4,Estado de México,"villa-de las flores, méxico-air-quality.csv"
2023/5/10, 34, 58, 25, 2, 8,Estado de México,"villa-de las flores, méxico-air-quality.csv"
2023/5/11, 54, 77, 26, 2, 9,Estado de México,"villa-de las flores, méxico-air-quality.csv"
2023/5/12, 56, 79, 26, 2, 6,Estado de México,"villa-de las flores, méxico-air-quality.csv"
2023/5/13, 50, 57, 25, 2, 5,Estado de México,"villa-de las flores, méxico-air-quality.csv"
2023/5/14, 38, 47, 14, 1, 4,Estado de México,"villa-de las flores, méxico-air-quality.csv"
2023/5/15, 27, 42, 14, 4, 3,Estado de México,"villa-de las flores, méxico-air-quality.csv"
2023/5/21, 39, 49, 8, 1, 2,Estado de México,"villa-de las flores, méxico-air-quality.csv"
2023/5/22, 22, 43, 14, 3, 3,Estado de México,"villa-de las flores, méxico-air-quality.csv"
2023/5/23, 27, 60, 26, 1, 6,Estado de México,"villa-de las flores, méxico-air-quality.csv"
2023/5/24, 40, 65, 24, 2, 5,Estado de México,"villa-de las flores, méxico-air-quality.csv"
2023/5/25, 38, 60, 18, 8, 3,Estado de México,"villa-de las flores, méxico-air-quality.csv"
2023/5/26, 49, 52, 9, 1, 2,Estado de México,"villa-de las flores, méxico-air-quality.csv"
2023/5/27, 37, 59, 9, 9, 1,Estado de México,"villa-de las flores, méxico-air-quality.csv"
2023/5/28, 35, 55, 11, 10, 2,Estado de México,"villa-de las flores, méxico-air-quality.csv"
2023/5/29, 28, 56, 25, 2, 6,Estado de México,"villa-de las flores, méxico-air-quality.csv"
2023/5/30, 42, 51, 21, 2, 6,Estado de México,"villa-de las flores, méxico-air-quality.csv"
2023/5/31, 37, 73, 13, 3, 3,Estado de México,"villa-de las flores, méxico-air-quality.csv"
2023/6/1, 40, 79, 18, 3, 5,Estado de México,"villa-de las flores, méxico-air-quality.csv"
2023/6/2, 51, 67, 16, 6, 4,Estado de México,"villa-de las flores, méxico-air-quality.csv"
2023/6/3, 46, 63, 15, 5, 3,Estado de México,"villa-de las flores, méxico-air-quality.csv"
2023/6/4, 47, 39, 13, 2, 3,Estado de México,"villa-de las flores, méxico-air-quality.csv"
2023/6/5, 39, 55, 8, 19, 2,Estado de México,"villa-de las flores, méxico-air-quality.csv"
2023/6/6, 40, 56, 14, 2, 3,Estado de México,"villa-de las flores, méxico-air-quality.csv"
2023/6/7, 34, 68, 15, 4, 3,Estado de México,"villa-de las flores, méxico-air-quality.csv"
2023/6/8, 47, 73, 27, 1, 6,Estado de México,"villa-de las flores, méxico-air-quality.csv"
2023/6/9, 52, 51, 16, 2, 4,Estado de México,"villa-de las flores, méxico-air-quality.csv"
2023/6/10, 44, 71, 19, 3, 4,Estado de México,"villa-de las flores, méxico-air-quality.csv"
2023/6/11, 50, 76, 22, 4, 5,Estado de México,"villa-de las flores, méxico-air-quality.csv"
2023/6/12, 52, 48, 22, 2, 5,Estado de México,"villa-de las flores, méxico-air-quality.csv"
2023/6/13, 51, 60, 18, 2, 5,Estado de México,"villa-de las flores, méxico-air-quality.csv"
2023/6/14, 51, 69, 20, 3, 5,Estado de México,"villa-de las flores, méxico-air-quality.csv"
2023/6/15, 47, 77, 17, 5, 5,Estado de México,"villa-de las flores, méxico-air-quality.csv"
2023/6/16, 59, 76, 18, 5, 4,Estado de México,"villa-de las flores, méxico-air-quality.csv"
2023/6/17, 56, 52, 14, 4, 3,Estado de México,"villa-de las flores, méxico-air-quality.csv"
2023/6/18, 57, 56, 11, 8, 3,Estado de México,"villa-de las flores, méxico-air-quality.csv"
2023/6/19, 48, 48, 15, 2, 4,Estado de México,"villa-de las flores, méxico-air-quality.csv"
2023/6/20, 56, 54, 11, 5, 3,Estado de México,"villa-de las flores, méxico-air-quality.csv"
2023/6/21, 48, 42, 12, 2, 4,Estado de México,"villa-de las flores, méxico-air-quality.csv"
2023/6/22, 50, 42, 14, 1, 4,Estado de México,"villa-de las flores, méxico-air-quality.csv"
2023/6/23, 50, 43, 9, 1, 3,Estado de México,"villa-de las flores, méxico-air-quality.csv"
2023/6/24, 41, 37, 10, 4, 2,Estado de México,"villa-de las flores, méxico-air-quality.csv"
2023/6/25, 45, 32, 4, 1, 1,Estado de México,"villa-de las flores, méxico-air-quality.csv"
2023/6/26, 30, 26, 9, 1, 2,Estado de México,"villa-de las flores, méxico-air-quality.csv"
2023/6/27, 19, 44, 12, 4, 3,Estado de México,"villa-de las flores, méxico-air-quality.csv"
2023/6/28, 30, 35, 13, 1, 2,Estado de México,"villa-de las flores, méxico-air-quality.csv"
2023/1/3, 37, 29, 20, 1, 6,Estado de México,"villa-de las flores, méxico-air-quality.csv"
2023/1/4, 33, 48, 20, 6, 7,Estado de México,"villa-de las flores, méxico-air-quality.csv"
2023/1/5, 56, 37, 17, 5, 4,Estado de México,"villa-de las flores, méxico-air-quality.csv"
2023/1/6, 47, 44, 20, 11, 5,Estado de México,"villa-de las flores, méxico-air-quality.csv"
2023/1/7, 49, 47, 21, 9, 7,Estado de México,"villa-de las flores, méxico-air-quality.csv"
2023/1/8, 56, 56, 19, 3, 7,Estado de México,"villa-de las flores, méxico-air-quality.csv"
2023/1/9, 54, 55, 18, 8, 5,Estado de México,"villa-de las flores, méxico-air-quality.csv"
2023/1/10, 51, 51, 24, 15, 7,Estado de México,"villa-de las flores, méxico-air-quality.csv"
2023/1/11, 57, 55, 31, 4, 11,Estado de México,"villa-de las flores, méxico-air-quality.csv"
2023/1/12, 57, 52, 25, 6, 12,Estado de México,"villa-de las flores, méxico-air-quality.csv"
2023/1/13, 71, 41, 12, 5, 5,Estado de México,"villa-de las flores, méxico-air-quality.csv"
2023/1/14, 41, 41, 23, 17, 9,Estado de México,"villa-de las flores, méxico-air-quality.csv"
2023/1/15, 55, 71, 27, 4, 13,Estado de México,"villa-de las flores, méxico-air-quality.csv"
2023/1/16, 68, 58, 38, 5, 16,Estado de México,"villa-de las flores, méxico-air-quality.csv"
2023/1/17, 81, 81, 37, 5, 15,Estado de México,"villa-de las flores, méxico-air-quality.csv"
2023/1/18, 88, 65, 36, 5, 15,Estado de México,"villa-de las flores, méxico-air-quality.csv"
2023/1/19, 72, 76, 35, 9, 15,Estado de México,"villa-de las flores, méxico-air-quality.csv"
2023/1/20, 88, 84, 34, 25, 14,Estado de México,"villa-de las flores, méxico-air-quality.csv"
2023/1/21, 73, 74, 35, 5, 15,Estado de México,"villa-de las flores, méxico-air-quality.csv"
2023/1/22, 89, 66, 26, 2, 11,Estado de México,"villa-de las flores, méxico-air-quality.csv"
2023/1/23, 71, 43, 22, 5, 9,Estado de México,"villa-de las flores, méxico-air-quality.csv"
2023/1/24, 61, 43, 21, 2, 9,Estado de México,"villa-de las flores, méxico-air-quality.csv"
2023/1/25, 49, 74, 24, 4, 11,Estado de México,"villa-de las flores, méxico-air-quality.csv"
2023/1/26, 65, 33, 23, 24, 8,Estado de México,"villa-de las flores, méxico-air-quality.csv"
2023/1/27, 66, 52, 25, 14, 6,Estado de México,"villa-de las flores, méxico-air-quality.csv"
2023/1/28, 66, 59, 30, 16, 8,Estado de México,"villa-de las flores, méxico-air-quality.csv"
2023/1/29, 67, 62, 22, 9, 6,Estado de México,"villa-de las flores, méxico-air-quality.csv"
2023/1/30, 59, 57, 20, 6, 6,Estado de México,"villa-de las flores, méxico-air-quality.csv"
2023/1/31, 69, 51, 27, 8, 8,Estado de México,"villa-de las flores, méxico-air-quality.csv"
2023/2/1, 66, 68, 18, 20, 5,Estado de México,"villa-de las flores, méxico-air-quality.csv"
2023/2/2, 59, 68, 28, 4, 9,Estado de México,"villa-de las flores, méxico-air-quality.csv"
2023/2/3, 74, 13, 14, 13, 3,Estado de México,"villa-de las flores, méxico-air-quality.csv"
2023/2/4, 48, , , , ,Estado de México,"villa-de las flores, méxico-air-quality.csv"
2023/2/7, 50, 57, 26, 4, 9,Estado de México,"villa-de las flores, méxico-air-quality.csv"
2023/2/8, 62, 85, 26, 3, 9,Estado de México,"villa-de las flores, méxico-air-quality.csv"
2023/2/9, 76, 72, 23, 19, 8,Estado de México,"villa-de las flores, méxico-air-quality.csv"
2023/2/10, 62, 50, 17, 11, 5,Estado de México,"villa-de las flores, méxico-air-quality.csv"
2023/2/11, 54, 53, 11, 6, 2,Estado de México,"villa-de las flores, méxico-air-quality.csv"
2023/2/12, 46, 90, 18, 24, 5,Estado de México,"villa-de las flores, méxico-air-quality.csv"
2023/2/13, 55, 65, 25, 4, 7,Estado de México,"villa-de las flores, méxico-air-quality.csv"
2023/2/14, 66, 48, 27, 3, 8,Estado de México,"villa-de las flores, méxico-air-quality.csv"
2023/2/15, 72, 61, 23, 2, 6,Estado de México,"villa-de las flores, méxico-air-quality.csv"
2023/2/16, 55, 83, 26, 2, 7,Estado de México,"villa-de las flores, méxico-air-quality.csv"
2023/2/17, 65, 75, 15, 16, 4,Estado de México,"villa-de las flores, méxico-air-quality.csv"
2023/2/18, 64, 72, 20, 31, 6,Estado de México,"villa-de las flores, méxico-air-quality.csv"
2023/2/19, 57, 42, 17, 28, 5,Estado de México,"villa-de las flores, méxico-air-quality.csv"
2023/2/20, 52, 50, 20, 22, 7,Estado de México,"villa-de las flores, méxico-air-quality.csv"
2023/2/21, 60, 57, 22, 5, 7,Estado de México,"villa-de las flores, méxico-air-quality.csv"
2023/2/22, 63, 51, 19, 1, 5,Estado de México,"villa-de las flores, méxico-air-quality.csv"
2023/2/25, 70, 43, 15, 28, 5,Estado de México,"villa-de las flores, méxico-air-quality.csv"
2023/2/26, 59, 51, 19, 30, 6,Estado de México,"villa-de las flores, méxico-air-quality.csv"
2023/2/27, 54, 45, 18, 4, 8,Estado de México,"villa-de las flores, méxico-air-quality.csv"
2023/2/28, 60, 75, 23, 4, 7,Estado de México,"villa-de las flores, méxico-air-quality.csv"
2023/3/1, 61, 88, 28, 5, 9,Estado de México,"villa-de las flores, méxico-air-quality.csv"
2023/3/2, 69, 71, 28, 4, 10,Estado de México,"villa-de las flores, méxico-air-quality.csv"
2023/3/3, 79, 63, 26, 3, 9,Estado de México,"villa-de las flores, méxico-air-quality.csv"
2023/3/4, 78, 79, 23, 4, 8,Estado de México,"villa-de las flores, méxico-air-quality.csv"
2023/3/5, 63, 72, 19, 24, 6,Estado de México,"villa-de las flores, méxico-air-quality.csv"
2023/3/6, 65, 60, 22, 4, 8,Estado de México,"villa-de las flores, méxico-air-quality.csv"
2023/3/7, 71, 50, 24, 3, 9,Estado de México,"villa-de las flores, méxico-air-quality.csv"
2023/3/8, 64, 45, 19, 6, 7,Estado de México,"villa-de las flores, méxico-air-quality.csv"
2023/3/9, 59, 53, 20, 4, 8,Estado de México,"villa-de las flores, méxico-air-quality.csv"
2023/3/10, 70, 50, 19, 2, 7,Estado de México,"villa-de las flores, méxico-air-quality.csv"
2023/3/11, 56, 49, 16, 5, 7,Estado de México,"villa-de las flores, méxico-air-quality.csv"
2023/3/12, 76, 52, 24, 3, 7,Estado de México,"villa-de las flores, méxico-air-quality.csv"
2023/3/13, 62, 46, 22, 4, 6,Estado de México,"villa-de las flores, méxico-air-quality.csv"
2023/3/14, 53, 52, 18, 7, 5,Estado de México,"villa-de las flores, méxico-air-quality.csv"
2023/3/15, 46, 38, 16, 2, 4,Estado de México,"villa-de las flores, méxico-air-quality.csv"
2023/3/16, 37, 37, 22, 1, 8,Estado de México,"villa-de las flores, méxico-air-quality.csv"
2023/3/17, 26, 68, 22, 3, 8,Estado de México,"villa-de las flores, méxico-air-quality.csv"
2023/3/18, 51, 44, 19, 4, 5,Estado de México,"villa-de las flores, méxico-air-quality.csv"
2023/3/19, 45, 45, 9, 17, 3,Estado de México,"villa-de las flores, méxico-air-quality.csv"
2023/3/20, 34, 58, 14, 12, 4,Estado de México,"villa-de las flores, méxico-air-quality.csv"
2023/3/21, 32, 71, 21, 2, 7,Estado de México,"villa-de las flores, méxico-air-quality.csv"
2023/3/22, 49, 56, 20, 5, 6,Estado de México,"villa-de las flores, méxico-air-quality.csv"
2023/3/23, 58, 80, 20, 4, 8,Estado de México,"villa-de las flores, méxico-air-quality.csv"
2023/3/24, 63, 103, 22, 3, 6,Estado de México,"villa-de las flores, méxico-air-quality.csv"
2023/3/25, 44, 89, 23, 3, 7,Estado de México,"villa-de las flores, méxico-air-quality.csv"
2022/10/2, 45, 67, , 22, 3,Estado de México,"villa-de las flores, méxico-air-quality.csv"
2022/10/3, 44, 60, , 12, 3,Estado de México,"villa-de las flores, méxico-air-quality.csv"
2022/10/4, 47, 53, , 11, 4,Estado de México,"villa-de las flores, méxico-air-quality.csv"
2022/10/5, 47, 54, , 1, 5,Estado de México,"villa-de las flores, méxico-air-quality.csv"
2022/10/6, 24, 32, , 3, 3,Estado de México,"villa-de las flores, méxico-air-quality.csv"
2022/10/7, 22, 38, , 2, 2,Estado de México,"villa-de las flores, méxico-air-quality.csv"
2022/10/8, 22, 26, , 1, 2,Estado de México,"villa-de las flores, méxico-air-quality.csv"
2022/10/9, 18, 13, , 1, 2,Estado de México,"villa-de las flores, méxico-air-quality.csv"
2022/10/10, 17, 32, , 1, 2,Estado de México,"villa-de las flores, méxico-air-quality.csv"
2022/10/11, 22, , , 3, 4,Estado de México,"villa-de las flores, méxico-air-quality.csv"
2022/10/12, 38, 29, , 4, 5,Estado de México,"villa-de las flores, méxico-air-quality.csv"
2022/10/13, 34, 36, , 3, 5,Estado de México,"villa-de las flores, méxico-air-quality.csv"
2022/10/14, 39, 48, , 3, 4,Estado de México,"villa-de las flores, méxico-air-quality.csv"
2022/10/15, 43, 52, , 3, 4,Estado de México,"villa-de las flores, méxico-air-quality.csv"
2022/10/16, 43, 67, , 6, 3,Estado de México,"villa-de las flores, méxico-air-quality.csv"
2022/10/17, 39, 48, , 12, 5,Estado de México,"villa-de las flores, méxico-air-quality.csv"
2022/10/18, 45, 19, , 1, 3,Estado de México,"villa-de las flores, méxico-air-quality.csv"
2022/10/19, 15, 23, , 1, 2,Estado de México,"villa-de las flores, méxico-air-quality.csv"
2022/10/20, 19, 45, , 4, 5,Estado de México,"villa-de las flores, méxico-air-quality.csv"
2022/10/21, 33, 49, , 35, 6,Estado de México,"villa-de las flores, méxico-air-quality.csv"
2022/10/22, 39, 52, , 9, 5,Estado de México,"villa-de las flores, méxico-air-quality.csv"
2022/10/23, 49, 82, , 3, 5,Estado de México,"villa-de las flores, méxico-air-quality.csv"
2022/10/24, 49, 51, , 4, 8,Estado de México,"villa-de las flores, méxico-air-quality.csv"
2022/10/25, 48, 49, , 4, ,Estado de México,"villa-de las flores, méxico-air-quality.csv"
2022/10/26, 55, 49, 13, 11, ,Estado de México,"villa-de las flores, méxico-air-quality.csv"
2022/10/27, 40, 55, 21, 6, ,Estado de México,"villa-de las flores, méxico-air-quality.csv"
2022/10/28, 56, 85, , 4, ,Estado de México,"villa-de las flores, méxico-air-quality.csv"
2022/10/29, 60, 83, , 6, ,Estado de México,"villa-de las flores, méxico-air-quality.csv"
2022/10/30, 44, 54, , 10, ,Estado de México,"villa-de las flores, méxico-air-quality.csv"
2022/10/31, 41, 72, , 2, ,Estado de México,"villa-de las flores, méxico-air-quality.csv"
2022/11/1, 40, 24, , 4, ,Estado de México,"villa-de las flores, méxico-air-quality.csv"
2022/11/2, 51, 42, 9, 4, 2,Estado de México,"villa-de las flores, méxico-air-quality.csv"
2022/11/3, 39, 41, 19, 20, 6,Estado de México,"villa-de las flores, méxico-air-quality.csv"
2022/11/4, 43, 54, 19, 10, 7,Estado de México,"villa-de las flores, méxico-air-quality.csv"
2022/11/5, 55, 59, 23, 4, 10,Estado de México,"villa-de las flores, méxico-air-quality.csv"
2022/11/6, 56, 65, 16, 6, 5,Estado de México,"villa-de las flores, méxico-air-quality.csv"
2022/11/7, 37, 43, 17, 5, 7,Estado de México,"villa-de las flores, méxico-air-quality.csv"
2022/11/8, 52, 35, 9, 1, 3,Estado de México,"villa-de las flores, méxico-air-quality.csv"
2022/11/9, 33, 38, 14, 7, 4,Estado de México,"villa-de las flores, méxico-air-quality.csv"
2022/11/10, 40, 44, 21, 8, 8,Estado de México,"villa-de las flores, méxico-air-quality.csv"
2022/11/11, 52, 92, 30, 5, 11,Estado de México,"villa-de las flores, méxico-air-quality.csv"
2022/11/12, 74, 75, 25, 5, 8,Estado de México,"villa-de las flores, méxico-air-quality.csv"
2022/11/13, 65, 94, 20, 22, 7,Estado de México,"villa-de las flores, méxico-air-quality.csv"
2022/11/14, 52, 84, 32, 4, 11,Estado de México,"villa-de las flores, méxico-air-quality.csv"
2022/11/15, 62, 73, 21, 5, 8,Estado de México,"villa-de las flores, méxico-air-quality.csv"
2022/11/16, 65, 56, 16, 9, 7,Estado de México,"villa-de las flores, méxico-air-quality.csv"
2022/11/17, 49, 56, 15, 14, 8,Estado de México,"villa-de las flores, méxico-air-quality.csv"
2022/11/18, 48, 42, 14, 14, 5,Estado de México,"villa-de las flores, méxico-air-quality.csv"
2022/11/19, 42, 77, 21, 4, 8,Estado de México,"villa-de las flores, méxico-air-quality.csv"
2022/11/20, 36, 29, 12, 5, 5,Estado de México,"villa-de las flores, méxico-air-quality.csv"
2022/11/21, 27, 37, 12, 9, 5,Estado de México,"villa-de las flores, méxico-air-quality.csv"
2022/11/22, 27, 38, 16, 2, 6,Estado de México,"villa-de las flores, méxico-air-quality.csv"
2022/11/23, 36, 39, 17, 17, 7,Estado de México,"villa-de las flores, méxico-air-quality.csv"
2022/11/24, 43, 53, 27, 4, 13,Estado de México,"villa-de las flores, méxico-air-quality.csv"
2022/11/25, 61, 52, 27, 3, 11,Estado de México,"villa-de las flores, méxico-air-quality.csv"
2022/11/26, 48, 37, 24, 3, 11,Estado de México,"villa-de las flores, méxico-air-quality.csv"
2022/11/27, 51, 63, 22, 3, 10,Estado de México,"villa-de las flores, méxico-air-quality.csv"
2022/11/28, 45, 47, 22, 5, 10,Estado de México,"villa-de las flores, méxico-air-quality.csv"
2022/11/29, 35, 60, 29, 3, 13,Estado de México,"villa-de las flores, méxico-air-quality.csv"
2022/11/30, 53, 30, 17, 2, 9,Estado de México,"villa-de las flores, méxico-air-quality.csv"
2022/12/1, 43, 26, 14, 1, 7,Estado de México,"villa-de las flores, méxico-air-quality.csv"
2022/12/2, 32, 40, 15, 17, 6,Estado de México,"villa-de las flores, méxico-air-quality.csv"
2022/12/3, 41, 26, 14, 18, 6,Estado de México,"villa-de las flores, méxico-air-quality.csv"
2022/12/4, 44, 38, 12, 1, 6,Estado de México,"villa-de las flores, méxico-air-quality.csv"
2022/12/5, 30, 49, 28, 5, 12,Estado de México,"villa-de las flores, méxico-air-quality.csv"
2022/12/6, 44, 54, 31, 7, 14,Estado de México,"villa-de las flores, méxico-air-quality.csv"
2022/12/7, 68, 31, 25, 5, 13,Estado de México,"villa-de las flores, méxico-air-quality.csv"
2022/12/8, 70, 49, 21, 15, 8,Estado de México,"villa-de las flores, méxico-air-quality.csv"
2022/12/9, 58, 42, 18, 13, 5,Estado de México,"villa-de las flores, méxico-air-quality.csv"
2022/12/10, 51, 49, 18, 7, 7,Estado de México,"villa-de las flores, méxico-air-quality.csv"
2022/12/11, 51, 41, 18, 4, 7,Estado de México,"villa-de las flores, méxico-air-quality.csv"
2022/12/12, 57, 50, 27, 2, 8,Estado de México,"villa-de las flores, méxico-air-quality.csv"
2022/12/13, 62, 75, 34, 4, 12,Estado de México,"villa-de las flores, méxico-air-quality.csv"
2022/12/14, 77, 53, 37, 3, 12,Estado de México,"villa-de las flores, méxico-air-quality.csv"
2022/12/15, 70, 61, 39, 4, 14,Estado de México,"villa-de las flores, méxico-air-quality.csv"
2022/12/16, 79, 62, 37, 3, 13,Estado de México,"villa-de las flores, méxico-air-quality.csv"
2022/12/17, 85, 65, 31, 4, 10,Estado de México,"villa-de las flores, méxico-air-quality.csv"
2022/12/18, 88, 51, 25, 4, 5,Estado de México,"villa-de las flores, méxico-air-quality.csv"
2022/12/19, 58, 51, 33, 7, 8,Estado de México,"villa-de las flores, méxico-air-quality.csv"
2022/12/20, 63, 43, 25, 7, 8,Estado de México,"villa-de las flores, méxico-air-quality.csv"
2022/12/21, 74, 43, 27, 9, 6,Estado de México,"villa-de las flores, méxico-air-quality.csv"
2022/12/22, 49, 52, 25, 5, 8,Estado de México,"villa-de las flores, méxico-air-quality.csv"
2022/12/23, 65, 60, 17, 1, 3,Estado de México,"villa-de las flores, méxico-air-quality.csv"
2022/12/24, 51, 52, 26, 7, 6,Estado de México,"villa-de las flores, méxico-air-quality.csv"
2022/12/25, 56, 24, 16, 13, 4,Estado de México,"villa-de las flores, méxico-air-quality.csv"
2022/12/26, 39, 34, 18, 2, 4,Estado de México,"villa-de las flores, méxico-air-quality.csv"
2022/12/27, 24, 41, 21, 8, 5,Estado de México,"villa-de las flores, méxico-air-quality.csv"
2022/12/28, 37, 41, 26, 4, 8,Estado de México,"villa-de las flores, méxico-air-quality.csv"
2022/12/29, 52, 28, 26, 3, 11,Estado de México,"villa-de las flores, méxico-air-quality.csv"
2022/12/30, 59, 27, 22, 1, 5,Estado de México,"villa-de las flores, méxico-air-quality.csv"
2022/12/31, 38, 27, 21, 1, 7,Estado de México,"villa-de las flores, méxico-air-quality.csv"
2023/1/1, 32, 29, 20, 5, 15,Estado de México,"villa-de las flores, méxico-air-quality.csv"
2023/1/2, 107, 25, 18, 2, 8,Estado de México,"villa-de las flores, méxico-air-quality.csv"
2022/7/2, 43, 49, 12, 3, 3,Estado de México,"villa-de las flores, méxico-air-quality.csv"
2022/7/3, 40, 53, 4, 2, 1,Estado de México,"villa-de las flores, méxico-air-quality.csv"
2022/7/4, 27, 27, 6, 1, 1,Estado de México,"villa-de las flores, méxico-air-quality.csv"
2022/7/5, 23, 33, 14, 15, 3,Estado de México,"villa-de las flores, méxico-air-quality.csv"
2022/7/6, 33, 50, 9, 8, 2,Estado de México,"villa-de las flores, méxico-air-quality.csv"
2022/7/7, 35, 37, 10, 21, 2,Estado de México,"villa-de las flores, méxico-air-quality.csv"
2022/7/8, 33, 39, 7, 2, 1,Estado de México,"villa-de las flores, méxico-air-quality.csv"
2022/7/9, 27, 34, 9, 11, 2,Estado de México,"villa-de las flores, méxico-air-quality.csv"
2022/7/10, 28, 50, 9, 8, 2,Estado de México,"villa-de las flores, méxico-air-quality.csv"
2022/7/11, 28, 54, 14, 9, 3,Estado de México,"villa-de las flores, méxico-air-quality.csv"
2022/7/12, 41, 58, 15, 3, 4,Estado de México,"villa-de las flores, méxico-air-quality.csv"
2022/7/13, 42, 53, 10, 14, 2,Estado de México,"villa-de las flores, méxico-air-quality.csv"
2022/7/14, 35, 39, 15, 4, 3,Estado de México,"villa-de las flores, méxico-air-quality.csv"
2022/7/15, 26, 34, 10, 1, 1,Estado de México,"villa-de las flores, méxico-air-quality.csv"
2022/7/16, 22, 48, 9, 1, 2,Estado de México,"villa-de las flores, méxico-air-quality.csv"
2022/7/17, 21, 45, 10, 1, 2,Estado de México,"villa-de las flores, méxico-air-quality.csv"
2022/7/18, 30, 45, 21, 3, 5,Estado de México,"villa-de las flores, méxico-air-quality.csv"
2022/7/19, 31, 54, 17, 4, 4,Estado de México,"villa-de las flores, méxico-air-quality.csv"
2022/7/20, 38, 50, 16, 3, 5,Estado de México,"villa-de las flores, méxico-air-quality.csv"
2022/7/21, 37, 62, 14, 2, 3,Estado de México,"villa-de las flores, méxico-air-quality.csv"
2022/7/22, 38, 57, 13, 20, 2,Estado de México,"villa-de las flores, méxico-air-quality.csv"
2022/7/23, 42, 52, 10, 3, 2,Estado de México,"villa-de las flores, méxico-air-quality.csv"
2022/7/24, 33, 39, 8, 1, 1,Estado de México,"villa-de las flores, méxico-air-quality.csv"
2022/7/25, 14, 35, 7, 1, 2,Estado de México,"villa-de las flores, méxico-air-quality.csv"
2022/7/26, 20, 57, 12, 13, 2,Estado de México,"villa-de las flores, méxico-air-quality.csv"
2022/7/27, 33, 44, 12, 10, 2,Estado de México,"villa-de las flores, méxico-air-quality.csv"
2022/7/28, 27, 48, 18, 1, 3,Estado de México,"villa-de las flores, méxico-air-quality.csv"
2022/7/29, 28, 32, 14, 1, 2,Estado de México,"villa-de las flores, méxico-air-quality.csv"
2022/7/30, 23, 39, 5, 1, 1,Estado de México,"villa-de las flores, méxico-air-quality.csv"
2022/7/31, 20, 43, 5, 4, 1,Estado de México,"villa-de las flores, méxico-air-quality.csv"
2022/8/1, 19, 42, 10, 1, 2,Estado de México,"villa-de las flores, méxico-air-quality.csv"
2022/8/2, 17, 18, 12, 2, 2,Estado de México,"villa-de las flores, méxico-air-quality.csv"
2022/8/3, 25, , , , ,Estado de México,"villa-de las flores, méxico-air-quality.csv"
2022/8/5, 36, 53, 9, 2, 2,Estado de México,"villa-de las flores, méxico-air-quality.csv"
2022/8/6, 36, 48, 9, 4, 2,Estado de México,"villa-de las flores, méxico-air-quality.csv"
2022/8/7, 38, 33, 6, 1, 2,Estado de México,"villa-de las flores, méxico-air-quality.csv"
2022/8/8, 27, 32, 9, 1, 2,Estado de México,"villa-de las flores, méxico-air-quality.csv"
2022/8/9, 16, 39, 9, 13, 2,Estado de México,"villa-de las flores, méxico-air-quality.csv"
2022/8/10, 22, 42, 11, 1, 2,Estado de México,"villa-de las flores, méxico-air-quality.csv"
2022/8/11, 23, 37, 7, 11, 1,Estado de México,"villa-de las flores, méxico-air-quality.csv"
2022/8/12, 26, 39, 8, 16, 1,Estado de México,"villa-de las flores, méxico-air-quality.csv"
2022/8/13, 27, 41, 10, 3, 2,Estado de México,"villa-de las flores, méxico-air-quality.csv"
2022/8/14, 28, 48, 12, 1, 3,Estado de México,"villa-de las flores, méxico-air-quality.csv"
2022/8/15, 25, 34, 17, 1, 4,Estado de México,"villa-de las flores, méxico-air-quality.csv"
2022/8/16, 26, 32, 18, 1, 5,Estado de México,"villa-de las flores, méxico-air-quality.csv"
2022/8/17, 20, 54, 14, 2, 5,Estado de México,"villa-de las flores, méxico-air-quality.csv"
2022/8/18, 26, 44, 15, 4, 4,Estado de México,"villa-de las flores, méxico-air-quality.csv"
2022/8/19, 28, 52, 15, 2, 5,Estado de México,"villa-de las flores, méxico-air-quality.csv"
2022/8/20, 35, 37, 13, 1, 3,Estado de México,"villa-de las flores, méxico-air-quality.csv"
2022/8/21, 30, 41, 12, 1, 3,Estado de México,"villa-de las flores, méxico-air-quality.csv"
2022/8/22, 24, 50, 12, 14, 2,Estado de México,"villa-de las flores, méxico-air-quality.csv"
2022/8/23, 34, 41, 14, 1, 4,Estado de México,"villa-de las flores, méxico-air-quality.csv"
2022/8/24, 32, 48, 12, 17, 2,Estado de México,"villa-de las flores, méxico-air-quality.csv"
2022/8/25, 36, 40, 8, 1, 2,Estado de México,"villa-de las flores, méxico-air-quality.csv"
2022/8/26, 26, 37, 11, 1, 2,Estado de México,"villa-de las flores, méxico-air-quality.csv"
2022/8/27, 25, 48, 16, 15, 4,Estado de México,"villa-de las flores, méxico-air-quality.csv"
2022/8/28, 45, 56, 10, 3, 3,Estado de México,"villa-de las flores, méxico-air-quality.csv"
2022/8/29, 24, 56, 12, 1, 4,Estado de México,"villa-de las flores, méxico-air-quality.csv"
2022/8/30, 31, 44, 13, 1, 4,Estado de México,"villa-de las flores, méxico-air-quality.csv"
2022/8/31, 27, 45, 10, 1, 3,Estado de México,"villa-de las flores, méxico-air-quality.csv"
2022/9/1, 26, 30, 6, 7, 2,Estado de México,"villa-de las flores, méxico-air-quality.csv"
2022/9/2, 21, 28, 6, 1, 2,Estado de México,"villa-de las flores, méxico-air-quality.csv"
2022/9/3, 21, 23, 5, 1, 2,Estado de México,"villa-de las flores, méxico-air-quality.csv"
2022/9/4, 19, 27, 4, 1, 2,Estado de México,"villa-de las flores, méxico-air-quality.csv"
2022/9/5, 18, 28, 11, 1, 4,Estado de México,"villa-de las flores, méxico-air-quality.csv"
2022/9/6, 19, 34, 12, 1, 3,Estado de México,"villa-de las flores, méxico-air-quality.csv"
2022/9/7, 23, 30, 11, 2, 3,Estado de México,"villa-de las flores, méxico-air-quality.csv"
2022/9/8, 15, 26, 6, 1, 2,Estado de México,"villa-de las flores, méxico-air-quality.csv"
2022/9/9, 13, 56, 11, 3, 4,Estado de México,"villa-de las flores, méxico-air-quality.csv"
2022/9/10, 28, 57, 15, 1, 4,Estado de México,"villa-de las flores, méxico-air-quality.csv"
2022/9/11, 38, 45, 4, 1, 2,Estado de México,"villa-de las flores, méxico-air-quality.csv"
2022/9/12, 22, 40, 6, 1, 2,Estado de México,"villa-de las flores, méxico-air-quality.csv"
2022/9/13, 24, 38, 8, 1, 2,Estado de México,"villa-de las flores, méxico-air-quality.csv"
2022/9/14, 27, 38, 8, 1, 2,Estado de México,"villa-de las flores, méxico-air-quality.csv"
2022/9/15, 30, 26, 8, 1, 3,Estado de México,"villa-de las flores, méxico-air-quality.csv"
2022/9/16, 29, 24, 5, 1, 2,Estado de México,"villa-de las flores, méxico-air-quality.csv"
2022/9/17, 23, 28, 9, 1, 3,Estado de México,"villa-de las flores, méxico-air-quality.csv"
2022/9/18, 16, 29, 7, 1, 3,Estado de México,"villa-de las flores, méxico-air-quality.csv"
2022/9/19, 15, 27, 9, 1, 3,Estado de México,"villa-de las flores, méxico-air-quality.csv"
2022/9/20, 14, 27, 7, 1, 2,Estado de México,"villa-de las flores, méxico-air-quality.csv"
2022/9/21, 20, 39, 6, 1, 2,Estado de México,"villa-de las flores, méxico-air-quality.csv"
2022/9/22, 20, 37, 7, 1, 3,Estado de México,"villa-de las flores, méxico-air-quality.csv"
2022/9/23, 24, 36, 8, 4, 3,Estado de México,"villa-de las flores, méxico-air-quality.csv"
2022/9/24, 31, 43, 8, 3, 3,Estado de México,"villa-de las flores, méxico-air-quality.csv"
2022/9/25, 30, 35, 11, 20, 4,Estado de México,"villa-de las flores, méxico-air-quality.csv"
2022/9/26, 25, 26, 5, 1, 2,Estado de México,"villa-de las flores, méxico-air-quality.csv"
2022/9/27, 18, 28, 6, 1, 2,Estado de México,"villa-de las flores, méxico-air-quality.csv"
2022/9/28, 21, 32, 5, 1, 1,Estado de México,"villa-de las flores, méxico-air-quality.csv"
2022/9/29, 20, 40, 5, 1, 2,Estado de México,"villa-de las flores, méxico-air-quality.csv"
2022/9/30, 21, 43, 10, 3, 2,Estado de México,"villa-de las flores, méxico-air-quality.csv"
2022/10/1, 32, 51, 15, 16, 2,Estado de México,"villa-de las flores, méxico-air-quality.csv"
2022/4/2, 76, 52, 24, 6, 7,Estado de México,"villa-de las flores, méxico-air-quality.csv"
2022/4/3, 70, 45, 18, 22, 4,Estado de México,"villa-de las flores, méxico-air-quality.csv"
2022/4/4, 57, 67, 22, 11, 7,Estado de México,"villa-de las flores, méxico-air-quality.csv"
2022/4/5, 71, 51, 24, 4, 6,Estado de México,"villa-de las flores, méxico-air-quality.csv"
2022/4/6, 74, 59, 19, 5, 5,Estado de México,"villa-de las flores, méxico-air-quality.csv"
2022/4/7, 75, 64, 11, 2, 2,Estado de México,"villa-de las flores, méxico-air-quality.csv"
2022/4/8, 89, 53, 17, 13, 3,Estado de México,"villa-de las flores, méxico-air-quality.csv"
2022/4/9, 54, 75, 20, 24, 3,Estado de México,"villa-de las flores, méxico-air-quality.csv"
2022/4/13, 60, 84, 21, 4, 5,Estado de México,"villa-de las flores, méxico-air-quality.csv"
2022/4/14, 53, 86, 13, 5, 2,Estado de México,"villa-de las flores, méxico-air-quality.csv"
2022/4/15, 49, 68, 10, 15, 2,Estado de México,"villa-de las flores, méxico-air-quality.csv"
2022/4/16, 61, 71, 13, 3, 3,Estado de México,"villa-de las flores, méxico-air-quality.csv"
2022/4/17, 57, 59, 13, 2, 3,Estado de México,"villa-de las flores, méxico-air-quality.csv"
2022/4/18, 38, 60, 17, 2, 4,Estado de México,"villa-de las flores, méxico-air-quality.csv"
2022/4/19, 59, 53, 11, 14, 2,Estado de México,"villa-de las flores, méxico-air-quality.csv"
2022/4/20, 48, 70, 22, 3, 4,Estado de México,"villa-de las flores, méxico-air-quality.csv"
2022/4/21, 54, 69, 16, 4, 4,Estado de México,"villa-de las flores, méxico-air-quality.csv"
2022/4/22, 47, 55, 10, 1, 2,Estado de México,"villa-de las flores, méxico-air-quality.csv"
2022/4/23, 27, 59, 13, 3, 2,Estado de México,"villa-de las flores, méxico-air-quality.csv"
2022/4/24, 43, 63, 18, 5, 3,Estado de México,"villa-de las flores, méxico-air-quality.csv"
2022/4/25, 45, 51, 17, 3, 3,Estado de México,"villa-de las flores, méxico-air-quality.csv"
2022/4/26, 48, 33, 9, 3, 2,Estado de México,"villa-de las flores, méxico-air-quality.csv"
2022/4/27, 51, 43, 7, 1, 1,Estado de México,"villa-de las flores, méxico-air-quality.csv"
2022/4/28, 25, 59, 15, 4, 3,Estado de México,"villa-de las flores, méxico-air-quality.csv"
2022/4/29, 38, 79, 17, 2, 3,Estado de México,"villa-de las flores, méxico-air-quality.csv"
2022/4/30, 31, 100, 20, 2, 3,Estado de México,"villa-de las flores, méxico-air-quality.csv"
2022/5/1, 53, 94, 13, 2, 2,Estado de México,"villa-de las flores, méxico-air-quality.csv"
2022/5/2, 50, 83, 19, 2, 5,Estado de México,"villa-de las flores, méxico-air-quality.csv"
2022/5/3, 51, 82, 17, 5, 4,Estado de México,"villa-de las flores, méxico-air-quality.csv"
2022/5/4, 59, 98, 18, 3, 4,Estado de México,"villa-de las flores, méxico-air-quality.csv"
2022/5/5, 61, 91, 19, 4, 4,Estado de México,"villa-de las flores, méxico-air-quality.csv"
2022/5/6, 61, 77, 20, 3, 3,Estado de México,"villa-de las flores, méxico-air-quality.csv"
2022/5/7, 62, 67, 15, 2, 3,Estado de México,"villa-de las flores, méxico-air-quality.csv"
2022/5/8, 38, 71, 15, 3, 3,Estado de México,"villa-de las flores, méxico-air-quality.csv"
2022/5/9, 45, 66, 18, 3, 4,Estado de México,"villa-de las flores, méxico-air-quality.csv"
2022/5/10, 51, 49, 15, 3, 2,Estado de México,"villa-de las flores, méxico-air-quality.csv"
2022/5/11, 64, 36, 8, 1, ,Estado de México,"villa-de las flores, méxico-air-quality.csv"
2022/5/12, 43, 50, 8, 1, 1,Estado de México,"villa-de las flores, méxico-air-quality.csv"
2022/5/13, 43, 62, 12, 3, 3,Estado de México,"villa-de las flores, méxico-air-quality.csv"
2022/5/14, 49, 61, 17, 2, 3,Estado de México,"villa-de las flores, méxico-air-quality.csv"
2022/5/15, 54, 56, 9, 22, 2,Estado de México,"villa-de las flores, méxico-air-quality.csv"
2022/5/16, 46, 53, 14, 3, 2,Estado de México,"villa-de las flores, méxico-air-quality.csv"
2022/5/17, 44, 67, 14, 3, 3,Estado de México,"villa-de las flores, méxico-air-quality.csv"
2022/5/18, 52, 67, 20, 7, 4,Estado de México,"villa-de las flores, méxico-air-quality.csv"
2022/5/19, 60, 65, 17, 7, 4,Estado de México,"villa-de las flores, méxico-air-quality.csv"
2022/5/20, 56, 99, 17, 3, 3,Estado de México,"villa-de las flores, méxico-air-quality.csv"
2022/5/21, 51, 86, 17, 6, 4,Estado de México,"villa-de las flores, méxico-air-quality.csv"
2022/5/22, 62, 74, 17, 3, 4,Estado de México,"villa-de las flores, méxico-air-quality.csv"
2022/5/23, 56, 64, 18, 10, 3,Estado de México,"villa-de las flores, méxico-air-quality.csv"
2022/5/24, 49, 58, 19, 1, 3,Estado de México,"villa-de las flores, méxico-air-quality.csv"
2022/5/25, 34, 71, 31, 3, 7,Estado de México,"villa-de las flores, méxico-air-quality.csv"
2022/5/26, 63, 53, 9, 2, 1,Estado de México,"villa-de las flores, méxico-air-quality.csv"
2022/5/27, 51, 41, 8, 1, 2,Estado de México,"villa-de las flores, méxico-air-quality.csv"
2022/5/28, 46, 38, 8, 3, 1,Estado de México,"villa-de las flores, méxico-air-quality.csv"
2022/5/29, 34, 61, 8, 9, 2,Estado de México,"villa-de las flores, méxico-air-quality.csv"
2022/5/30, 40, 58, 8, 6, 2,Estado de México,"villa-de las flores, méxico-air-quality.csv"
2022/5/31, 50, 48, 11, 8, 2,Estado de México,"villa-de las flores, méxico-air-quality.csv"
2022/6/1, 46, 35, 8, 2, 1,Estado de México,"villa-de las flores, méxico-air-quality.csv"
2022/6/2, 37, 33, 8, 1, 2,Estado de México,"villa-de las flores, méxico-air-quality.csv"
2022/6/3, 31, 48, 8, 1, 2,Estado de México,"villa-de las flores, méxico-air-quality.csv"
2022/6/4, 40, 52, 9, 3, 2,Estado de México,"villa-de las flores, méxico-air-quality.csv"
2022/6/5, 40, 46, 8, 5, 2,Estado de México,"villa-de las flores, méxico-air-quality.csv"
2022/6/6, 38, 53, 14, 4, 4,Estado de México,"villa-de las flores, méxico-air-quality.csv"
2022/6/7, 52, 79, 15, 4, 3,Estado de México,"villa-de las flores, méxico-air-quality.csv"
2022/6/8, 53, 67, 12, 14, 2,Estado de México,"villa-de las flores, méxico-air-quality.csv"
2022/6/9, 57, 28, 10, 1, 2,Estado de México,"villa-de las flores, méxico-air-quality.csv"
2022/6/10, 33, 47, 12, 1, 2,Estado de México,"villa-de las flores, méxico-air-quality.csv"
2022/6/11, 27, 46, 14, 2, 3,Estado de México,"villa-de las flores, méxico-air-quality.csv"
2022/6/12, 34, 46, 10, 3, 2,Estado de México,"villa-de las flores, méxico-air-quality.csv"
2022/6/13, 36, 47, 13, 7, 2,Estado de México,"villa-de las flores, méxico-air-quality.csv"
2022/6/14, 41, 32, 9, 2, 2,Estado de México,"villa-de las flores, méxico-air-quality.csv"
2022/6/15, 30, 22, 8, 1, 1,Estado de México,"villa-de las flores, méxico-air-quality.csv"
2022/6/16, 19, 35, 9, 1, 3,Estado de México,"villa-de las flores, méxico-air-quality.csv"
2022/6/17, 45, 33, 10, 1, 2,Estado de México,"villa-de las flores, méxico-air-quality.csv"
2022/6/18, 29, 44, 8, 9, 2,Estado de México,"villa-de las flores, méxico-air-quality.csv"
2022/6/19, 26, 26, 6, 1, 1,Estado de México,"villa-de las flores, méxico-air-quality.csv"
2022/6/20, 20, 33, 8, 11, 2,Estado de México,"villa-de las flores, méxico-air-quality.csv"
2022/6/21, 26, 22, 5, 1, 1,Estado de México,"villa-de las flores, méxico-air-quality.csv"
2022/6/22, 16, 20, 8, 1, 2,Estado de México,"villa-de las flores, méxico-air-quality.csv"
2022/6/23, 12, 45, 9, 1, 2,Estado de México,"villa-de las flores, méxico-air-quality.csv"
2022/6/24, 28, 52, 13, 17, 3,Estado de México,"villa-de las flores, méxico-air-quality.csv"
2022/6/25, 52, 56, 18, 16, 3,Estado de México,"villa-de las flores, méxico-air-quality.csv"
2022/6/26, 43, 57, 13, 1, 3,Estado de México,"villa-de las flores, méxico-air-quality.csv"
2022/6/27, 25, 24, 7, 1, 2,Estado de México,"villa-de las flores, méxico-air-quality.csv"
2022/6/28, 20, 30, 11, 3, 2,Estado de México,"villa-de las flores, méxico-air-quality.csv"
2022/6/29, 18, 48, 10, 2, 2,Estado de México,"villa-de las flores, méxico-air-quality.csv"
2022/6/30, 28, 61, 9, 3, 2,Estado de México,"villa-de las flores, méxico-air-quality.csv"
2022/7/1, 32, 61, 12, 18, 2,Estado de México,"villa-de las flores, méxico-air-quality.csv"
2022/1/4, 51, 38, 30, 14, 11,Estado de México,"villa-de las flores, méxico-air-quality.csv"
2022/1/5, 81, 46, 32, 4, 11,Estado de México,"villa-de las flores, méxico-air-quality.csv"
2022/1/6, 72, 48, 36, 4, 13,Estado de México,"villa-de las flores, méxico-air-quality.csv"
2022/1/7, 83, 38, 25, 2, 8,Estado de México,"villa-de las flores, méxico-air-quality.csv"
2022/1/8, 43, 44, 16, 2, 7,Estado de México,"villa-de las flores, méxico-air-quality.csv"
2022/1/9, 54, 38, 15, 1, 6,Estado de México,"villa-de las flores, méxico-air-quality.csv"
2022/1/10, 34, 3, 27, 2, 10,Estado de México,"villa-de las flores, méxico-air-quality.csv"
2022/1/11, 51, , , , ,Estado de México,"villa-de las flores, méxico-air-quality.csv"
2022/1/15, 61, 32, 23, 4, 8,Estado de México,"villa-de las flores, méxico-air-quality.csv"
2022/1/16, 75, 34, 17, 16, 2,Estado de México,"villa-de las flores, méxico-air-quality.csv"
2022/1/17, 44, 41, 20, 2, 4,Estado de México,"villa-de las flores, méxico-air-quality.csv"
2022/1/18, 29, 37, 22, 4, 5,Estado de México,"villa-de las flores, méxico-air-quality.csv"
2022/1/26, 43, 54, 23, 2, 6,Estado de México,"villa-de las flores, méxico-air-quality.csv"
2022/1/27, 61, 46, 23, 4, 6,Estado de México,"villa-de las flores, méxico-air-quality.csv"
2022/1/28, 63, 35, 19, 9, 4,Estado de México,"villa-de las flores, méxico-air-quality.csv"
2022/1/29, 97, 49, 12, 4, 3,Estado de México,"villa-de las flores, méxico-air-quality.csv"
2022/1/30, 41, 40, 21, 7, 6,Estado de México,"villa-de las flores, méxico-air-quality.csv"
2022/1/31, 54, 26, 22, 3, 8,Estado de México,"villa-de las flores, méxico-air-quality.csv"
2022/2/1, 61, 35, 18, 2, 5,Estado de México,"villa-de las flores, méxico-air-quality.csv"
2022/2/2, 40, 51, 25, 3, 8,Estado de México,"villa-de las flores, méxico-air-quality.csv"
2022/2/3, 72, 38, 21, 2, 6,Estado de México,"villa-de las flores, méxico-air-quality.csv"
2022/2/4, 53, 37, 19, 2, 5,Estado de México,"villa-de las flores, méxico-air-quality.csv"
2022/2/5, 58, 42, 18, 24, 4,Estado de México,"villa-de las flores, méxico-air-quality.csv"
2022/2/6, 55, 46, 24, 3, 8,Estado de México,"villa-de las flores, méxico-air-quality.csv"
2022/2/7, 54, 34, 19, 3, 5,Estado de México,"villa-de las flores, méxico-air-quality.csv"
2022/2/8, 47, 42, 13, 9, 3,Estado de México,"villa-de las flores, méxico-air-quality.csv"
2022/2/9, 43, 37, 23, 11, 5,Estado de México,"villa-de las flores, méxico-air-quality.csv"
2022/2/10, 57, 33, 20, 14, 6,Estado de México,"villa-de las flores, méxico-air-quality.csv"
2022/2/11, 57, 32, 17, 3, 7,Estado de México,"villa-de las flores, méxico-air-quality.csv"
2022/2/12, 57, 28, 16, 4, 4,Estado de México,"villa-de las flores, méxico-air-quality.csv"
2022/2/18, 69, 56, 20, 5, 7,Estado de México,"villa-de las flores, méxico-air-quality.csv"
2022/2/19, 65, 54, 19, 30, 8,Estado de México,"villa-de las flores, méxico-air-quality.csv"
2022/2/20, 66, 51, 18, 20, 7,Estado de México,"villa-de las flores, méxico-air-quality.csv"
2022/2/21, 54, 58, 24, 4, 8,Estado de México,"villa-de las flores, méxico-air-quality.csv"
2022/2/22, 61, 50, 21, 3, 10,Estado de México,"villa-de las flores, méxico-air-quality.csv"
2022/2/23, 90, 40, 21, 3, 7,Estado de México,"villa-de las flores, méxico-air-quality.csv"
2022/2/24, 75, 54, 21, 12, 8,Estado de México,"villa-de las flores, méxico-air-quality.csv"
2022/2/25, 73, 53, 15, 6, 5,Estado de México,"villa-de las flores, méxico-air-quality.csv"
2022/2/26, 81, 43, 14, 24, 8,Estado de México,"villa-de las flores, méxico-air-quality.csv"
2022/2/27, 58, 41, 13, 7, 7,Estado de México,"villa-de las flores, méxico-air-quality.csv"
2022/2/28, 57, 35, 13, 22, 7,Estado de México,"villa-de las flores, méxico-air-quality.csv"
2022/3/1, 63, 40, 18, 22, 6,Estado de México,"villa-de las flores, méxico-air-quality.csv"
2022/3/2, 88, 47, 21, 15, 6,Estado de México,"villa-de las flores, méxico-air-quality.csv"
2022/3/3, 81, 52, 18, 10, 5,Estado de México,"villa-de las flores, méxico-air-quality.csv"
2022/3/4, 91, 47, 16, 8, 5,Estado de México,"villa-de las flores, méxico-air-quality.csv"
2022/3/5, 79, 41, 22, 11, 5,Estado de México,"villa-de las flores, méxico-air-quality.csv"
2022/3/6, 76, 53, 18, 4, 5,Estado de México,"villa-de las flores, méxico-air-quality.csv"
2022/3/7, 64, 38, 18, 5, 5,Estado de México,"villa-de las flores, méxico-air-quality.csv"
2022/3/8, 52, 36, 16, 4, 4,Estado de México,"villa-de las flores, méxico-air-quality.csv"
2022/3/20, 67, 56, 14, 25, 4,Estado de México,"villa-de las flores, méxico-air-quality.csv"
2022/3/21, 44, 49, 14, 3, 3,Estado de México,"villa-de las flores, méxico-air-quality.csv"
2022/3/22, 43, 39, 19, 1, 6,Estado de México,"villa-de las flores, méxico-air-quality.csv"
2022/3/23, 40, 40, 23, 11, 6,Estado de México,"villa-de las flores, méxico-air-quality.csv"
2022/3/24, 63, 49, 19, 19, 4,Estado de México,"villa-de las flores, méxico-air-quality.csv"
2022/3/25, 61, 48, 15, 17, 4,Estado de México,"villa-de las flores, méxico-air-quality.csv"
2022/3/26, 58, 42, 17, 19, 5,Estado de México,"villa-de las flores, méxico-air-quality.csv"
2022/3/27, 58, 52, 17, 4, 6,Estado de México,"villa-de las flores, méxico-air-quality.csv"
2022/3/28, 53, 56, 19, 6, 7,Estado de México,"villa-de las flores, méxico-air-quality.csv"
2022/3/29, 65, 69, 27, 4, 7,Estado de México,"villa-de las flores, méxico-air-quality.csv"
2022/3/30, 71, 64, , 4, 8,Estado de México,"villa-de las flores, méxico-air-quality.csv"
2022/3/31, 80, 56, 29, 5, 11,Estado de México,"villa-de las flores, méxico-air-quality.csv"
2022/4/1, 86, 53, 26, 30, 8,Estado de México,"villa-de las flores, méxico-air-quality.csv"
2021/10/2, 22, 56, 19, 2, 6,Estado de México,"villa-de las flores, méxico-air-quality.csv"
2021/10/3, 37, 33, 7, 6, 1,Estado de México,"villa-de las flores, méxico-air-quality.csv"
2021/10/4, 12, 28, 6, 1, 1,Estado de México,"villa-de las flores, méxico-air-quality.csv"
2021/10/5, 9, 22, 6, 1, 1,Estado de México,"villa-de las flores, méxico-air-quality.csv"
2021/10/6, 9, 27, 7, 1, 1,Estado de México,"villa-de las flores, méxico-air-quality.csv"
2021/10/7, 10, 36, 10, 14, 3,Estado de México,"villa-de las flores, méxico-air-quality.csv"
2021/10/8, 12, 32, 13, 12, 3,Estado de México,"villa-de las flores, méxico-air-quality.csv"
2021/10/9, 19, 42, 11, 15, 2,Estado de México,"villa-de las flores, méxico-air-quality.csv"
2021/10/10, 18, 56, 15, 2, 4,Estado de México,"villa-de las flores, méxico-air-quality.csv"
2021/10/11, 21, 59, 16, 3, 5,Estado de México,"villa-de las flores, méxico-air-quality.csv"
2021/10/12, 27, 69, 18, 2, 4,Estado de México,"villa-de las flores, méxico-air-quality.csv"
2021/10/13, 21, 58, 23, 3, 6,Estado de México,"villa-de las flores, méxico-air-quality.csv"
2021/10/14, 30, 40, 17, 4, 5,Estado de México,"villa-de las flores, méxico-air-quality.csv"
2021/10/16, 24, 26, 9, 2, 5,Estado de México,"villa-de las flores, méxico-air-quality.csv"
2021/10/17, 24, 26, 7, 2, 3,Estado de México,"villa-de las flores, méxico-air-quality.csv"
2021/10/18, 6, 35, 13, 1, 3,Estado de México,"villa-de las flores, méxico-air-quality.csv"
2021/10/19, 17, 43, 13, 2, 3,Estado de México,"villa-de las flores, méxico-air-quality.csv"
2021/10/20, 27, 45, 12, 14, 1,Estado de México,"villa-de las flores, méxico-air-quality.csv"
2021/10/21, 30, 22, 10, 12, 1,Estado de México,"villa-de las flores, méxico-air-quality.csv"
2021/10/22, 22, 21, 9, 1, 2,Estado de México,"villa-de las flores, méxico-air-quality.csv"
2021/10/23, 14, 42, 13, 11, 3,Estado de México,"villa-de las flores, méxico-air-quality.csv"
2021/10/24, 28, 28, 12, 2, 3,Estado de México,"villa-de las flores, méxico-air-quality.csv"
2021/10/25, 21, 26, 22, 3, 9,Estado de México,"villa-de las flores, méxico-air-quality.csv"
2021/10/26, 28, 45, 16, 2, 5,Estado de México,"villa-de las flores, méxico-air-quality.csv"
2021/10/27, 36, 38, 17, 3, 6,Estado de México,"villa-de las flores, méxico-air-quality.csv"
2021/10/28, 25, 47, 18, 2, 7,Estado de México,"villa-de las flores, méxico-air-quality.csv"
2021/10/29, 32, 38, 15, 2, 5,Estado de México,"villa-de las flores, méxico-air-quality.csv"
2021/10/30, 21, 43, 17, 13, 6,Estado de México,"villa-de las flores, méxico-air-quality.csv"
2021/10/31, 36, 52, 15, 3, 5,Estado de México,"villa-de las flores, méxico-air-quality.csv"
2021/11/1, 26, 40, 15, 6, 4,Estado de México,"villa-de las flores, méxico-air-quality.csv"
2021/11/2, 40, 33, 17, 16, 5,Estado de México,"villa-de las flores, méxico-air-quality.csv"
2021/11/3, 36, 38, 19, 22, 5,Estado de México,"villa-de las flores, méxico-air-quality.csv"
2021/11/4, 27, 33, 16, 18, 4,Estado de México,"villa-de las flores, méxico-air-quality.csv"
2021/11/5, 35, 39, 16, 4, 5,Estado de México,"villa-de las flores, méxico-air-quality.csv"
2021/11/6, 26, 38, 14, 5, 4,Estado de México,"villa-de las flores, méxico-air-quality.csv"
2021/11/7, 29, 44, 14, 18, 4,Estado de México,"villa-de las flores, méxico-air-quality.csv"
2021/11/8, 31, 51, 12, 5, 4,Estado de México,"villa-de las flores, méxico-air-quality.csv"
2021/11/9, 35, 48, 14, 18, 4,Estado de México,"villa-de las flores, méxico-air-quality.csv"
2021/11/10, 63, 67, 20, 8, 5,Estado de México,"villa-de las flores, méxico-air-quality.csv"
2021/11/11, 59, 44, 25, 4, 6,Estado de México,"villa-de las flores, méxico-air-quality.csv"
2021/11/12, 86, 40, 17, 4, 5,Estado de México,"villa-de las flores, méxico-air-quality.csv"
2021/11/13, 54, 34, 14, 1, 3,Estado de México,"villa-de las flores, méxico-air-quality.csv"
2021/11/14, 50, 40, 9, 1, 2,Estado de México,"villa-de las flores, méxico-air-quality.csv"
2021/11/15, 33, 39, 12, 11, 2,Estado de México,"villa-de las flores, méxico-air-quality.csv"
2021/11/16, 47, 53, 28, 6, 7,Estado de México,"villa-de las flores, méxico-air-quality.csv"
2021/11/17, 66, 67, 25, 4, 6,Estado de México,"villa-de las flores, méxico-air-quality.csv"
2021/11/18, 71, 48, 23, 3, 5,Estado de México,"villa-de las flores, méxico-air-quality.csv"
2021/11/19, 83, 22, 12, 1, 3,Estado de México,"villa-de las flores, méxico-air-quality.csv"
2021/11/20, 37, 38, 13, 1, 3,Estado de México,"villa-de las flores, méxico-air-quality.csv"
2021/11/21, 43, 45, 12, 10, 3,Estado de México,"villa-de las flores, méxico-air-quality.csv"
2021/11/22, 39, 28, 10, 12, 2,Estado de México,"villa-de las flores, méxico-air-quality.csv"
2021/11/23, 46, 34, 10, 1, 3,Estado de México,"villa-de las flores, méxico-air-quality.csv"
2021/11/24, 37, 35, 23, 13, 5,Estado de México,"villa-de las flores, méxico-air-quality.csv"
2021/11/25, 52, 44, 17, 13, 6,Estado de México,"villa-de las flores, méxico-air-quality.csv"
2021/11/26, 76, 32, 12, 4, 3,Estado de México,"villa-de las flores, méxico-air-quality.csv"
2021/11/27, 44, 71, 21, 17, ,Estado de México,"villa-de las flores, méxico-air-quality.csv"
2021/11/28, 60, 54, 14, 6, ,Estado de México,"villa-de las flores, méxico-air-quality.csv"
2021/11/29, 62, 42, 13, 4, ,Estado de México,"villa-de las flores, méxico-air-quality.csv"
2021/11/30, 52, 40, 18, 10, 3,Estado de México,"villa-de las flores, méxico-air-quality.csv"
2021/12/1, 63, 26, 21, 4, 5,Estado de México,"villa-de las flores, méxico-air-quality.csv"
2021/12/2, 83, 29, 17, 4, 4,Estado de México,"villa-de las flores, méxico-air-quality.csv"
2021/12/3, 70, 31, 21, 8, 5,Estado de México,"villa-de las flores, méxico-air-quality.csv"
2021/12/4, 61, 35, 17, 8, 5,Estado de México,"villa-de las flores, méxico-air-quality.csv"
2021/12/5, 66, 66, 22, 6, 6,Estado de México,"villa-de las flores, méxico-air-quality.csv"
2021/12/6, 59, 66, 29, 3, 8,Estado de México,"villa-de las flores, méxico-air-quality.csv"
2021/12/7, 78, 49, 33, 3, 7,Estado de México,"villa-de las flores, méxico-air-quality.csv"
2021/12/9, 78, 61, 35, 4, 8,Estado de México,"villa-de las flores, méxico-air-quality.csv"
2021/12/10, 93, 77, 36, 4, 8,Estado de México,"villa-de las flores, méxico-air-quality.csv"
2021/12/11, 87, 53, 25, 5, 8,Estado de México,"villa-de las flores, méxico-air-quality.csv"
2021/12/12, 112, 42, 12, 4, 2,Estado de México,"villa-de las flores, méxico-air-quality.csv"
2021/12/20, 55, 24, 17, 4, 7,Estado de México,"villa-de las flores, méxico-air-quality.csv"
2021/12/21, 46, 43, 20, 8, 5,Estado de México,"villa-de las flores, méxico-air-quality.csv"
2021/12/22, 63, 40, 27, 7, 9,Estado de México,"villa-de las flores, méxico-air-quality.csv"
2021/12/23, 79, 32, 28, 6, 10,Estado de México,"villa-de las flores, méxico-air-quality.csv"
2021/12/24, 82, 35, 25, 5, 12,Estado de México,"villa-de las flores, méxico-air-quality.csv"
2021/12/25, 93, 42, 19, 7, 14,Estado de México,"villa-de las flores, méxico-air-quality.csv"
2021/12/26, 107, 40, 18, 9, 8,Estado de México,"villa-de las flores, méxico-air-quality.csv"
2021/12/27, 60, 47, 26, 7, 10,Estado de México,"villa-de las flores, méxico-air-quality.csv"
2021/12/28, 77, 61, 27, 2, 9,Estado de México,"villa-de las flores, méxico-air-quality.csv"
2021/12/29, 80, 40, 29, 2, 9,Estado de México,"villa-de las flores, méxico-air-quality.csv"
2021/12/30, 66, 52, 37, 6, 15,Estado de México,"villa-de las flores, méxico-air-quality.csv"
2021/12/31, 97, 80, 37, 4, 13,Estado de México,"villa-de las flores, méxico-air-quality.csv"
2022/1/1, 85, 45, 23, 6, 17,Estado de México,"villa-de las flores, méxico-air-quality.csv"
2022/1/2, 128, 29, 10, 3, 7,Estado de México,"villa-de las flores, méxico-air-quality.csv"
2022/1/3, 87, 35, 15, 4, 4,Estado de México,"villa-de las flores, méxico-air-quality.csv"
2021/7/2, 17, 33, 13, 1, 8,Estado de México,"villa-de las flores, méxico-air-quality.csv"
2021/7/3, 14, 22, 16, 1, 10,Estado de México,"villa-de las flores, méxico-air-quality.csv"
2021/7/4, 20, 49, 14, 5, 12,Estado de México,"villa-de las flores, méxico-air-quality.csv"
2021/7/5, 22, 14, 18, 2, 10,Estado de México,"villa-de las flores, méxico-air-quality.csv"
2021/7/6, 18, , , , ,Estado de México,"villa-de las flores, méxico-air-quality.csv"
2021/7/8, 40, 37, 20, 2, 11,Estado de México,"villa-de las flores, méxico-air-quality.csv"
2021/7/9, 20, 36, 14, 6, 9,Estado de México,"villa-de las flores, méxico-air-quality.csv"
2021/7/10, 30, 44, 11, 1, 8,Estado de México,"villa-de las flores, méxico-air-quality.csv"
2021/7/11, 37, 51, 6, 17, 6,Estado de México,"villa-de las flores, méxico-air-quality.csv"
2021/7/12, 31, 46, 7, 2, 6,Estado de México,"villa-de las flores, méxico-air-quality.csv"
2021/7/13, 50, 32, 12, 8, 7,Estado de México,"villa-de las flores, méxico-air-quality.csv"
2021/7/14, 37, 31, 8, 1, 6,Estado de México,"villa-de las flores, méxico-air-quality.csv"
2021/7/15, 29, 24, 11, 7, 6,Estado de México,"villa-de las flores, méxico-air-quality.csv"
2021/7/16, 27, 42, 14, 1, 9,Estado de México,"villa-de las flores, méxico-air-quality.csv"
2021/7/17, 32, 37, 10, 11, 7,Estado de México,"villa-de las flores, méxico-air-quality.csv"
2021/7/18, 42, 39, 7, 7, 6,Estado de México,"villa-de las flores, méxico-air-quality.csv"
2021/7/19, 39, 45, 7, 5, 6,Estado de México,"villa-de las flores, méxico-air-quality.csv"
2021/7/20, 33, 45, 13, 11, 7,Estado de México,"villa-de las flores, méxico-air-quality.csv"
2021/7/21, 32, 47, 10, 2, 6,Estado de México,"villa-de las flores, méxico-air-quality.csv"
2021/7/22, 27, 43, 12, 2, 7,Estado de México,"villa-de las flores, méxico-air-quality.csv"
2021/7/23, 24, 53, 10, 9, 7,Estado de México,"villa-de las flores, méxico-air-quality.csv"
2021/7/24, 47, 62, 11, 11, 8,Estado de México,"villa-de las flores, méxico-air-quality.csv"
2021/7/25, 51, 48, 13, 1, 9,Estado de México,"villa-de las flores, méxico-air-quality.csv"
2021/7/26, 29, 50, 12, 1, 8,Estado de México,"villa-de las flores, méxico-air-quality.csv"
2021/7/27, 33, 48, 14, 5, 8,Estado de México,"villa-de las flores, méxico-air-quality.csv"
2021/7/28, 31, 32, 8, 1, 4,Estado de México,"villa-de las flores, méxico-air-quality.csv"
2021/7/29, 32, 40, 6, 1, 1,Estado de México,"villa-de las flores, méxico-air-quality.csv"
2021/7/30, 36, 25, 7, 1, 2,Estado de México,"villa-de las flores, méxico-air-quality.csv"
2021/7/31, 23, 43, 14, 8, 5,Estado de México,"villa-de las flores, méxico-air-quality.csv"
2021/8/1, 32, 44, 14, 4, 4,Estado de México,"villa-de las flores, méxico-air-quality.csv"
2021/8/29, 22, 31, 12, 5, 5,Estado de México,"villa-de las flores, méxico-air-quality.csv"
2021/8/30, 20, 26, 21, 1, 7,Estado de México,"villa-de las flores, méxico-air-quality.csv"
2021/8/31, 15, 36, 19, 1, 8,Estado de México,"villa-de las flores, méxico-air-quality.csv"
2021/9/1, 21, 41, 16, 3, 7,Estado de México,"villa-de las flores, méxico-air-quality.csv"
2021/9/2, 15, 27, 19, 2, 8,Estado de México,"villa-de las flores, méxico-air-quality.csv"
2021/9/3, 13, 28, 14, 1, 6,Estado de México,"villa-de las flores, méxico-air-quality.csv"
2021/9/4, 11, 43, 10, 1, 5,Estado de México,"villa-de las flores, méxico-air-quality.csv"
2021/9/5, 13, 47, 9, 12, 6,Estado de México,"villa-de las flores, méxico-air-quality.csv"
2021/9/15, 28, 58, 15, 2, 7,Estado de México,"villa-de las flores, méxico-air-quality.csv"
2021/9/16, 52, 47, 14, 2, 5,Estado de México,"villa-de las flores, méxico-air-quality.csv"
2021/9/17, 58, 51, 16, 3, 4,Estado de México,"villa-de las flores, méxico-air-quality.csv"
2021/9/18, 43, 30, 11, 1, 2,Estado de México,"villa-de las flores, méxico-air-quality.csv"
2021/9/19, 18, 32, 8, 1, 2,Estado de México,"villa-de las flores, méxico-air-quality.csv"
2021/9/20, 11, 42, 13, 2, 3,Estado de México,"villa-de las flores, méxico-air-quality.csv"
2021/9/21, 23, 45, 14, 7, 3,Estado de México,"villa-de las flores, méxico-air-quality.csv"
2021/9/22, 40, 28, 8, 1, 2,Estado de México,"villa-de las flores, méxico-air-quality.csv"
2021/9/23, 31, 31, 11, 1, 3,Estado de México,"villa-de las flores, méxico-air-quality.csv"
2021/9/24, 40, 40, 10, 5, 2,Estado de México,"villa-de las flores, méxico-air-quality.csv"
2021/9/25, 43, 37, 11, 7, 3,Estado de México,"villa-de las flores, méxico-air-quality.csv"
2021/9/26, 53, 45, 8, 17, 2,Estado de México,"villa-de las flores, méxico-air-quality.csv"
2021/9/27, 35, 42, 14, 2, 3,Estado de México,"villa-de las flores, méxico-air-quality.csv"
2021/9/28, 31, 53, 20, 2, 4,Estado de México,"villa-de las flores, méxico-air-quality.csv"
2021/9/29, 40, 59, 16, 6, 4,Estado de México,"villa-de las flores, méxico-air-quality.csv"
2021/9/30, 43, 54, 19, 2, 4,Estado de México,"villa-de las flores, méxico-air-quality.csv"
2021/10/1, 34, 42, 19, 1, 5,Estado de México,"villa-de las flores, méxico-air-quality.csv"
2021/4/16, 63, 62, 29, , 7,Estado de México,"villa-de las flores, méxico-air-quality.csv"
2021/4/17, 66, 82, 24, , 8,Estado de México,"villa-de las flores, méxico-air-quality.csv"
2021/4/18, 75, 64, 16, , 5,Estado de México,"villa-de las flores, méxico-air-quality.csv"
2021/4/19, 63, 55, 19, , 7,Estado de México,"villa-de las flores, méxico-air-quality.csv"
2021/4/20, 59, 82, 22, , 8,Estado de México,"villa-de las flores, méxico-air-quality.csv"
2021/4/21, 78, 88, 18, , 5,Estado de México,"villa-de las flores, méxico-air-quality.csv"
2021/4/22, 83, 105, 17, , 6,Estado de México,"villa-de las flores, méxico-air-quality.csv"
2021/4/23, 59, 118, 25, , 7,Estado de México,"villa-de las flores, méxico-air-quality.csv"
2021/4/24, 78, 17, 41, , 11,Estado de México,"villa-de las flores, méxico-air-quality.csv"
2021/4/25, 76, , , , ,Estado de México,"villa-de las flores, méxico-air-quality.csv"
2021/5/5, 57, 57, 14, 1, 5,Estado de México,"villa-de las flores, méxico-air-quality.csv"
2021/5/6, 49, 4, 39, 1, 7,Estado de México,"villa-de las flores, méxico-air-quality.csv"
2021/5/7, 10, , , , ,Estado de México,"villa-de las flores, méxico-air-quality.csv"
2021/5/13, 25, 29, 9, 1, 5,Estado de México,"villa-de las flores, méxico-air-quality.csv"
2021/5/14, 15, 35, 8, 1, 4,Estado de México,"villa-de las flores, méxico-air-quality.csv"
2021/5/15, 19, 45, 12, 11, 4,Estado de México,"villa-de las flores, méxico-air-quality.csv"
2021/5/16, 30, 59, 9, 5, 3,Estado de México,"villa-de las flores, méxico-air-quality.csv"
2021/5/17, 21, 67, 15, 1, 5,Estado de México,"villa-de las flores, méxico-air-quality.csv"
2021/5/18, 29, 70, 18, 2, 5,Estado de México,"villa-de las flores, méxico-air-quality.csv"
2021/5/19, 28, 69, 17, 2, 6,Estado de México,"villa-de las flores, méxico-air-quality.csv"
2021/5/20, 32, 67, 16, 16, 5,Estado de México,"villa-de las flores, méxico-air-quality.csv"
2021/5/21, 48, 71, 13, 7, 4,Estado de México,"villa-de las flores, méxico-air-quality.csv"
2021/5/22, 44, 64, 11, 3, 4,Estado de México,"villa-de las flores, méxico-air-quality.csv"
2021/5/23, 41, 63, 8, 5, 4,Estado de México,"villa-de las flores, méxico-air-quality.csv"
2021/5/24, 40, 57, 12, 4, 4,Estado de México,"villa-de las flores, méxico-air-quality.csv"
2021/5/25, 34, 53, 9, 2, 4,Estado de México,"villa-de las flores, méxico-air-quality.csv"
2021/5/26, 42, 51, 12, 12, 5,Estado de México,"villa-de las flores, méxico-air-quality.csv"
2021/5/27, 54, 56, 12, 14, 5,Estado de México,"villa-de las flores, méxico-air-quality.csv"
2021/5/28, 42, 79, 13, 14, 5,Estado de México,"villa-de las flores, méxico-air-quality.csv"
2021/5/29, 50, 64, 12, 5, 5,Estado de México,"villa-de las flores, méxico-air-quality.csv"
2021/5/30, 86, 50, 8, 2, 3,Estado de México,"villa-de las flores, méxico-air-quality.csv"
2021/5/31, 45, 23, 7, 1, 3,Estado de México,"villa-de las flores, méxico-air-quality.csv"
2021/6/1, 39, , , , ,Estado de México,"villa-de las flores, méxico-air-quality.csv"
2021/6/3, 52, 53, 17, , 6,Estado de México,"villa-de las flores, méxico-air-quality.csv"
2021/6/4, 32, 40, 24, 5, 8,Estado de México,"villa-de las flores, méxico-air-quality.csv"
2021/6/5, 21, 49, 21, 4, 12,Estado de México,"villa-de las flores, méxico-air-quality.csv"
2021/6/6, 34, , , , ,Estado de México,"villa-de las flores, méxico-air-quality.csv"
2021/6/18, 19, 28, 8, 1, 6,Estado de México,"villa-de las flores, méxico-air-quality.csv"
2021/6/19, 17, 15, 8, 1, 6,Estado de México,"villa-de las flores, méxico-air-quality.csv"
2021/6/20, 11, 46, 8, 1, 6,Estado de México,"villa-de las flores, méxico-air-quality.csv"
2021/6/21, 17, 43, 12, 1, 7,Estado de México,"villa-de las flores, méxico-air-quality.csv"
2021/6/22, 27, 51, 16, 2, 8,Estado de México,"villa-de las flores, méxico-air-quality.csv"
2021/6/23, 34, 44, 21, 1, 9,Estado de México,"villa-de las flores, méxico-air-quality.csv"
2021/6/24, 20, 32, 15, 6, 8,Estado de México,"villa-de las flores, méxico-air-quality.csv"
2021/6/25, 22, 23, 17, 1, 9,Estado de México,"villa-de las flores, méxico-air-quality.csv"
2021/6/26, 25, 28, 14, 1, 8,Estado de México,"villa-de las flores, méxico-air-quality.csv"
2021/6/27, 19, 16, 8, 1, 6,Estado de México,"villa-de las flores, méxico-air-quality.csv"
2021/6/28, 9, 24, 12, 1, 7,Estado de México,"villa-de las flores, méxico-air-quality.csv"
2021/6/29, 10, 29, 17, 1, 9,Estado de México,"villa-de las flores, méxico-air-quality.csv"
2021/6/30, 16, 32, 23, 1, 8,Estado de México,"villa-de las flores, méxico-air-quality.csv"
2021/7/1, 19, 23, 10, 1, 7,Estado de México,"villa-de las flores, méxico-air-quality.csv"
2021/1/5, 59, 60, 25, 11, 9,Estado de México,"villa-de las flores, méxico-air-quality.csv"
2021/1/6, 68, 50, 26, 16, 10,Estado de México,"villa-de las flores, méxico-air-quality.csv"
2021/1/7, 63, 44, 23, 13, 8,Estado de México,"villa-de las flores, méxico-air-quality.csv"
2021/1/8, 50, 60, 20, 9, 9,Estado de México,"villa-de las flores, méxico-air-quality.csv"
2021/1/9, 55, 37, 22, 4, 10,Estado de México,"villa-de las flores, méxico-air-quality.csv"
2021/1/10, 44, 29, 16, 2, 10,Estado de México,"villa-de las flores, méxico-air-quality.csv"
2021/1/11, 38, 23, 20, 4, 8,Estado de México,"villa-de las flores, méxico-air-quality.csv"
2021/1/12, 48, 33, 17, 3, 9,Estado de México,"villa-de las flores, méxico-air-quality.csv"
2021/1/13, 38, 39, 20, 6, 8,Estado de México,"villa-de las flores, méxico-air-quality.csv"
2021/1/14, 52, 27, 20, 18, 8,Estado de México,"villa-de las flores, méxico-air-quality.csv"
2021/1/15, 47, 42, 21, 19, 8,Estado de México,"villa-de las flores, méxico-air-quality.csv"
2021/1/16, 59, 45, 26, 22, 10,Estado de México,"villa-de las flores, méxico-air-quality.csv"
2021/1/17, 62, 22, 20, 2, 10,Estado de México,"villa-de las flores, méxico-air-quality.csv"
2021/1/18, 27, 44, 20, 2, 12,Estado de México,"villa-de las flores, méxico-air-quality.csv"
2021/1/19, 37, 47, 22, 3, 11,Estado de México,"villa-de las flores, méxico-air-quality.csv"
2021/1/20, 60, 39, 18, 22, 7,Estado de México,"villa-de las flores, méxico-air-quality.csv"
2021/1/21, 44, 32, 20, 3, 10,Estado de México,"villa-de las flores, méxico-air-quality.csv"
2021/1/22, 38, 55, 26, 5, 12,Estado de México,"villa-de las flores, méxico-air-quality.csv"
2021/1/23, 78, 56, 25, 4, 10,Estado de México,"villa-de las flores, méxico-air-quality.csv"
2021/1/24, 53, 47, 30, 3, 11,Estado de México,"villa-de las flores, méxico-air-quality.csv"
2021/1/25, 59, 57, 28, 3, 13,Estado de México,"villa-de las flores, méxico-air-quality.csv"
2021/1/26, 64, 48, 34, 4, 13,Estado de México,"villa-de las flores, méxico-air-quality.csv"
2021/1/27, 63, , , , ,Estado de México,"villa-de las flores, méxico-air-quality.csv"
2021/2/7, 74, , , , ,Estado de México,"villa-de las flores, méxico-air-quality.csv"
2021/2/8, 53, , , , ,Estado de México,"villa-de las flores, méxico-air-quality.csv"
2021/2/9, 52, , , , ,Estado de México,"villa-de las flores, méxico-air-quality.csv"
2021/2/12, 35, , , , ,Estado de México,"villa-de las flores, méxico-air-quality.csv"
2021/2/13, 50, , , , ,Estado de México,"villa-de las flores, méxico-air-quality.csv"
2021/2/14, 40, , , , ,Estado de México,"villa-de las flores, méxico-air-quality.csv"
2021/2/15, 49, , , , ,Estado de México,"villa-de las flores, méxico-air-quality.csv"
2021/2/16, 43, , , , ,Estado de México,"villa-de las flores, méxico-air-quality.csv"
2021/2/17, 46, , , , ,Estado de México,"villa-de las flores, méxico-air-quality.csv"
2021/2/18, 46, , , , ,Estado de México,"villa-de las flores, méxico-air-quality.csv"
2021/2/19, 63, , , , ,Estado de México,"villa-de las flores, méxico-air-quality.csv"
2021/2/20, 69, , , , ,Estado de México,"villa-de las flores, méxico-air-quality.csv"
2021/2/21, 69, , , , ,Estado de México,"villa-de las flores, méxico-air-quality.csv"
2021/2/22, 63, , , , ,Estado de México,"villa-de las flores, méxico-air-quality.csv"
2021/2/23, 71, , , , ,Estado de México,"villa-de las flores, méxico-air-quality.csv"
2021/2/24, 56, , , , ,Estado de México,"villa-de las flores, méxico-air-quality.csv"
2021/2/25, 85, , , , ,Estado de México,"villa-de las flores, méxico-air-quality.csv"
2021/2/26, 72, , , , ,Estado de México,"villa-de las flores, méxico-air-quality.csv"
2021/2/27, 70, , , , ,Estado de México,"villa-de las flores, méxico-air-quality.csv"
2021/2/28, 75, , , , ,Estado de México,"villa-de las flores, méxico-air-quality.csv"
2021/3/1, 71, , , , ,Estado de México,"villa-de las flores, méxico-air-quality.csv"
2021/3/2, 67, , , , ,Estado de México,"villa-de las flores, méxico-air-quality.csv"
2020/10/2, 34, 41, 12, 5, 3,Estado de México,"villa-de las flores, méxico-air-quality.csv"
2020/10/3, 35, 44, 9, 13, 3,Estado de México,"villa-de las flores, méxico-air-quality.csv"
2020/10/4, 32, 42, 6, 19, 3,Estado de México,"villa-de las flores, méxico-air-quality.csv"
2020/10/5, 30, 49, 12, 2, 5,Estado de México,"villa-de las flores, méxico-air-quality.csv"
2020/10/6, 45, 52, 14, 22, 4,Estado de México,"villa-de las flores, méxico-air-quality.csv"
2020/10/7, 41, 51, 16, 9, 5,Estado de México,"villa-de las flores, méxico-air-quality.csv"
2020/10/8, 43, 51, 17, 11, 6,Estado de México,"villa-de las flores, méxico-air-quality.csv"
2020/10/9, 47, 61, 15, 6, 6,Estado de México,"villa-de las flores, méxico-air-quality.csv"
2020/10/10, 39, 58, 14, 2, 6,Estado de México,"villa-de las flores, méxico-air-quality.csv"
2020/10/11, 41, 57, 12, 3, 5,Estado de México,"villa-de las flores, méxico-air-quality.csv"
2020/10/12, 38, 39, 16, 12, 6,Estado de México,"villa-de las flores, méxico-air-quality.csv"
2020/10/13, 31, 36, 10, 6, 4,Estado de México,"villa-de las flores, méxico-air-quality.csv"
2020/10/14, 34, 35, 10, 1, 4,Estado de México,"villa-de las flores, méxico-air-quality.csv"
2020/10/15, 28, 38, 11, 21, 4,Estado de México,"villa-de las flores, méxico-air-quality.csv"
2020/10/16, 42, 24, 10, 2, 4,Estado de México,"villa-de las flores, méxico-air-quality.csv"
2020/10/17, 40, 40, 8, 1, 4,Estado de México,"villa-de las flores, méxico-air-quality.csv"
2020/10/18, 28, 46, 15, 16, 6,Estado de México,"villa-de las flores, méxico-air-quality.csv"
2020/10/19, 46, 36, 12, 30, 5,Estado de México,"villa-de las flores, méxico-air-quality.csv"
2020/10/20, 43, 38, 10, 19, 5,Estado de México,"villa-de las flores, méxico-air-quality.csv"
2020/10/21, 37, 41, 9, 3, 4,Estado de México,"villa-de las flores, méxico-air-quality.csv"
2020/10/22, 37, 40, 14, 13, 5,Estado de México,"villa-de las flores, méxico-air-quality.csv"
2020/10/23, 45, 36, 20, 4, 8,Estado de México,"villa-de las flores, méxico-air-quality.csv"
2020/10/24, 65, 35, 15, 2, 8,Estado de México,"villa-de las flores, méxico-air-quality.csv"
2020/10/25, 58, 42, 13, 16, 6,Estado de México,"villa-de las flores, méxico-air-quality.csv"
2020/10/26, 38, 52, 21, 11, 8,Estado de México,"villa-de las flores, méxico-air-quality.csv"
2020/10/27, 57, 85, 27, 7, 9,Estado de México,"villa-de las flores, méxico-air-quality.csv"
2020/10/28, 68, 96, 25, 4, 8,Estado de México,"villa-de las flores, méxico-air-quality.csv"
2020/10/29, 62, 54, 23, 3, 8,Estado de México,"villa-de las flores, méxico-air-quality.csv"
2020/10/30, 67, 37, 9, 8, 4,Estado de México,"villa-de las flores, méxico-air-quality.csv"
2020/10/31, 31, 59, 18, 31, 5,Estado de México,"villa-de las flores, méxico-air-quality.csv"
2020/11/1, 43, 26, 11, 18, 4,Estado de México,"villa-de las flores, méxico-air-quality.csv"
2020/11/2, 52, 33, 5, 1, 3,Estado de México,"villa-de las flores, méxico-air-quality.csv"
2020/11/3, 29, 37, 10, 7, 4,Estado de México,"villa-de las flores, méxico-air-quality.csv"
2020/11/4, 34, 33, 13, 17, 3,Estado de México,"villa-de las flores, méxico-air-quality.csv"
2020/11/5, 37, 37, 12, 7, 5,Estado de México,"villa-de las flores, méxico-air-quality.csv"
2020/11/6, 42, 61, 15, 2, 6,Estado de México,"villa-de las flores, méxico-air-quality.csv"
2020/11/7, 48, 46, 19, 14, 6,Estado de México,"villa-de las flores, méxico-air-quality.csv"
2020/11/8, 56, 57, 21, 5, 8,Estado de México,"villa-de las flores, méxico-air-quality.csv"
2020/11/9, 56, 63, 23, 6, 8,Estado de México,"villa-de las flores, méxico-air-quality.csv"
2020/11/10, 58, 63, 27, 5, 10,Estado de México,"villa-de las flores, méxico-air-quality.csv"
2020/11/11, 63, 68, 26, 3, 10,Estado de México,"villa-de las flores, méxico-air-quality.csv"
2020/11/12, 60, 81, 29, 4, 8,Estado de México,"villa-de las flores, méxico-air-quality.csv"
2020/11/13, 78, 43, 27, 7, 9,Estado de México,"villa-de las flores, méxico-air-quality.csv"
2020/11/14, 69, 60, 24, 7, 10,Estado de México,"villa-de las flores, méxico-air-quality.csv"
2020/11/15, 80, 43, 16, 3, 7,Estado de México,"villa-de las flores, méxico-air-quality.csv"
2020/11/16, 73, 29, 6, 1, 3,Estado de México,"villa-de las flores, méxico-air-quality.csv"
2020/11/17, 45, 23, 6, 1, 3,Estado de México,"villa-de las flores, méxico-air-quality.csv"
2020/11/18, 30, 29, 7, 1, 3,Estado de México,"villa-de las flores, méxico-air-quality.csv"
2020/11/19, 37, 35, 13, 3, 6,Estado de México,"villa-de las flores, méxico-air-quality.csv"
2020/11/20, 35, 20, 15, 16, 4,Estado de México,"villa-de las flores, méxico-air-quality.csv"
2020/11/21, 43, 23, 9, 10, 4,Estado de México,"villa-de las flores, méxico-air-quality.csv"
2020/11/22, 27, 30, 9, 4, 4,Estado de México,"villa-de las flores, méxico-air-quality.csv"
2020/11/23, 36, 36, 13, 6, 4,Estado de México,"villa-de las flores, méxico-air-quality.csv"
2020/11/24, 36, 32, 23, 10, 10,Estado de México,"villa-de las flores, méxico-air-quality.csv"
2020/11/25, 111, 56, 25, 5, 11,Estado de México,"villa-de las flores, méxico-air-quality.csv"
2020/11/26, 78, 39, 23, 2, 10,Estado de México,"villa-de las flores, méxico-air-quality.csv"
2020/11/27, 67, 37, 22, 4, 10,Estado de México,"villa-de las flores, méxico-air-quality.csv"
2020/11/28, 64, 42, 26, 9, 14,Estado de México,"villa-de las flores, méxico-air-quality.csv"
2020/11/29, 79, 64, 21, 6, 11,Estado de México,"villa-de las flores, méxico-air-quality.csv"
2020/11/30, 72, 36, 15, 14, 5,Estado de México,"villa-de las flores, méxico-air-quality.csv"
2020/12/1, 51, 38, 22, 24, 7,Estado de México,"villa-de las flores, méxico-air-quality.csv"
2020/12/2, 42, 38, 26, 3, 9,Estado de México,"villa-de las flores, méxico-air-quality.csv"
2020/12/3, 48, 38, 26, 4, 10,Estado de México,"villa-de las flores, méxico-air-quality.csv"
2020/12/4, 49, 31, 25, 2, 11,Estado de México,"villa-de las flores, méxico-air-quality.csv"
2020/12/5, 55, 10, 25, 1, 13,Estado de México,"villa-de las flores, méxico-air-quality.csv"
2020/12/6, 53, 56, 20, 4, 9,Estado de México,"villa-de las flores, méxico-air-quality.csv"
2020/12/7, 46, 27, 17, 15, 6,Estado de México,"villa-de las flores, méxico-air-quality.csv"
2020/12/8, 26, 33, 18, 30, 6,Estado de México,"villa-de las flores, méxico-air-quality.csv"
2020/12/9, 35, 38, 20, 19, 6,Estado de México,"villa-de las flores, méxico-air-quality.csv"
2020/12/10, 41, 72, 26, 14, 10,Estado de México,"villa-de las flores, méxico-air-quality.csv"
2020/12/11, 57, 75, 26, 5, 9,Estado de México,"villa-de las flores, méxico-air-quality.csv"
2020/12/12, 66, 64, 25, 2, 10,Estado de México,"villa-de las flores, méxico-air-quality.csv"
2020/12/13, 40, 55, 24, 2, 13,Estado de México,"villa-de las flores, méxico-air-quality.csv"
2020/12/14, 48, 48, 20, 1, 7,Estado de México,"villa-de las flores, méxico-air-quality.csv"
2020/12/15, 51, 41, 29, 2, 11,Estado de México,"villa-de las flores, méxico-air-quality.csv"
2020/12/16, 56, 42, 25, 9, 10,Estado de México,"villa-de las flores, méxico-air-quality.csv"
2020/12/17, 52, 48, 25, 20, 9,Estado de México,"villa-de las flores, méxico-air-quality.csv"
2020/12/18, 55, 53, 26, 11, 10,Estado de México,"villa-de las flores, méxico-air-quality.csv"
2020/12/19, 50, 50, 21, 7, 9,Estado de México,"villa-de las flores, méxico-air-quality.csv"
2020/12/20, 56, 58, 18, 17, 6,Estado de México,"villa-de las flores, méxico-air-quality.csv"
2020/12/21, 47, 55, 24, 27, 8,Estado de México,"villa-de las flores, méxico-air-quality.csv"
2020/12/22, 55, 44, 26, 16, 9,Estado de México,"villa-de las flores, méxico-air-quality.csv"
2020/12/23, 67, 60, 38, 6, 15,Estado de México,"villa-de las flores, méxico-air-quality.csv"
2020/12/24, 83, 53, 26, 8, 13,Estado de México,"villa-de las flores, méxico-air-quality.csv"
2020/12/25, 79, 42, 12, 15, 6,Estado de México,"villa-de las flores, méxico-air-quality.csv"
2020/12/26, 53, 42, 20, 7, 9,Estado de México,"villa-de las flores, méxico-air-quality.csv"
2020/12/27, 54, 42, 19, 10, 8,Estado de México,"villa-de las flores, méxico-air-quality.csv"
2020/12/28, 47, 41, 27, 4, 11,Estado de México,"villa-de las flores, méxico-air-quality.csv"
2020/12/29, 68, 50, 30, 8, 11,Estado de México,"villa-de las flores, méxico-air-quality.csv"
2020/12/30, 72, 22, 31, 2, 11,Estado de México,"villa-de las flores, méxico-air-quality.csv"
2020/12/31, 73, 35, 14, 2, 7,Estado de México,"villa-de las flores, méxico-air-quality.csv"
2021/1/1, 62, 43, 20, 5, 15,Estado de México,"villa-de las flores, méxico-air-quality.csv"
2021/1/2, 94, 53, 23, 3, 9,Estado de México,"villa-de las flores, méxico-air-quality.csv"
2021/1/3, 54, 66, 25, 8, 10,Estado de México,"villa-de las flores, méxico-air-quality.csv"
2021/1/4, 57, 50, 23, 4, 9,Estado de México,"villa-de las flores, méxico-air-quality.csv"
2020/7/2, 40, 48, 9, 1, 3,Estado de México,"villa-de las flores, méxico-air-quality.csv"
2020/7/3, 45, 40, 6, 2, 3,Estado de México,"villa-de las flores, méxico-air-quality.csv"
2020/7/4, 41, 49, 6, 21, 3,Estado de México,"villa-de las flores, méxico-air-quality.csv"
2020/7/5, 34, 55, 11, 17, 5,Estado de México,"villa-de las flores, méxico-air-quality.csv"
2020/7/6, 34, 45, 15, 3, 5,Estado de México,"villa-de las flores, méxico-air-quality.csv"
2020/7/7, 27, 38, 13, 2, 5,Estado de México,"villa-de las flores, méxico-air-quality.csv"
2020/7/8, 22, 24, 10, , 4,Estado de México,"villa-de las flores, méxico-air-quality.csv"
2020/7/9, 25, , 14, 1, 5,Estado de México,"villa-de las flores, méxico-air-quality.csv"
2020/7/10, 24, 43, 9, 2, 7,Estado de México,"villa-de las flores, méxico-air-quality.csv"
2020/7/11, 32, 30, 5, 1, 3,Estado de México,"villa-de las flores, méxico-air-quality.csv"
2020/7/12, 21, 38, 7, 1, 4,Estado de México,"villa-de las flores, méxico-air-quality.csv"
2020/7/13, 20, 48, 10, 2, 4,Estado de México,"villa-de las flores, méxico-air-quality.csv"
2020/7/14, 27, 52, 10, 3, 4,Estado de México,"villa-de las flores, méxico-air-quality.csv"
2020/7/15, 36, 3, 12, 1, 5,Estado de México,"villa-de las flores, méxico-air-quality.csv"
2020/7/16, 45, , 11, 2, 5,Estado de México,"villa-de las flores, méxico-air-quality.csv"
2020/7/17, 46, 41, 9, 2, 4,Estado de México,"villa-de las flores, méxico-air-quality.csv"
2020/7/18, 58, 44, 11, 2, 5,Estado de México,"villa-de las flores, méxico-air-quality.csv"
2020/7/19, 39, 49, 9, 5, 4,Estado de México,"villa-de las flores, méxico-air-quality.csv"
2020/7/20, 42, 58, 13, 4, 5,Estado de México,"villa-de las flores, méxico-air-quality.csv"
2020/7/21, 30, 47, 9, 3, 4,Estado de México,"villa-de las flores, méxico-air-quality.csv"
2020/7/22, 31, 53, 10, 3, 4,Estado de México,"villa-de las flores, méxico-air-quality.csv"
2020/7/23, 32, 57, 11, 2, 4,Estado de México,"villa-de las flores, méxico-air-quality.csv"
2020/7/24, 30, 52, 10, 1, 4,Estado de México,"villa-de las flores, méxico-air-quality.csv"
2020/7/25, 31, 57, 9, 2, 4,Estado de México,"villa-de las flores, méxico-air-quality.csv"
2020/7/26, 27, 49, 11, 1, 6,Estado de México,"villa-de las flores, méxico-air-quality.csv"
2020/7/27, 19, 45, 15, 1, 7,Estado de México,"villa-de las flores, méxico-air-quality.csv"
2020/7/28, 24, 40, 14, 1, 6,Estado de México,"villa-de las flores, méxico-air-quality.csv"
2020/7/29, 20, 29, 16, 3, 6,Estado de México,"villa-de las flores, méxico-air-quality.csv"
2020/7/30, 18, 42, 11, 2, 5,Estado de México,"villa-de las flores, méxico-air-quality.csv"
2020/7/31, 18, 39, 10, 1, 5,Estado de México,"villa-de las flores, méxico-air-quality.csv"
2020/8/1, 20, 39, 15, 3, 6,Estado de México,"villa-de las flores, méxico-air-quality.csv"
2020/8/2, 21, 32, 8, 4, 4,Estado de México,"villa-de las flores, méxico-air-quality.csv"
2020/8/3, 21, 37, 14, 3, 6,Estado de México,"villa-de las flores, méxico-air-quality.csv"
2020/8/4, 25, 38, 12, 3, 5,Estado de México,"villa-de las flores, méxico-air-quality.csv"
2020/8/5, 21, 40, 7, 1, 4,Estado de México,"villa-de las flores, méxico-air-quality.csv"
2020/8/6, 23, 38, 7, 5, 4,Estado de México,"villa-de las flores, méxico-air-quality.csv"
2020/8/7, 29, 32, 7, 1, 4,Estado de México,"villa-de las flores, méxico-air-quality.csv"
2020/8/8, 32, 27, 7, 1, 4,Estado de México,"villa-de las flores, méxico-air-quality.csv"
2020/8/9, 22, 35, 8, 1, 5,Estado de México,"villa-de las flores, méxico-air-quality.csv"
2020/8/10, 14, 32, 12, 2, 5,Estado de México,"villa-de las flores, méxico-air-quality.csv"
2020/8/11, 14, 31, 10, 1, 5,Estado de México,"villa-de las flores, méxico-air-quality.csv"
2020/8/12, 17, 44, 9, 1, 4,Estado de México,"villa-de las flores, méxico-air-quality.csv"
2020/8/13, 13, 37, 13, 1, 5,Estado de México,"villa-de las flores, méxico-air-quality.csv"
2020/8/14, 32, 39, 15, 3, 5,Estado de México,"villa-de las flores, méxico-air-quality.csv"
2020/8/15, 22, 37, 13, 1, 5,Estado de México,"villa-de las flores, méxico-air-quality.csv"
2020/8/16, 26, 36, 8, 3, 4,Estado de México,"villa-de las flores, méxico-air-quality.csv"
2020/8/17, 18, 32, 8, 2, 4,Estado de México,"villa-de las flores, méxico-air-quality.csv"
2020/8/18, 24, 35, 11, 8, 4,Estado de México,"villa-de las flores, méxico-air-quality.csv"
2020/8/19, 22, 40, 10, 13, 4,Estado de México,"villa-de las flores, méxico-air-quality.csv"
2020/8/20, 27, 41, 10, 7, 4,Estado de México,"villa-de las flores, méxico-air-quality.csv"
2020/8/21, 24, 36, 11, 2, 4,Estado de México,"villa-de las flores, méxico-air-quality.csv"
2020/8/22, 34, 45, 8, 2, 3,Estado de México,"villa-de las flores, méxico-air-quality.csv"
2020/8/23, 34, 42, 5, 1, 2,Estado de México,"villa-de las flores, méxico-air-quality.csv"
2020/8/24, 25, 28, 8, 1, 2,Estado de México,"villa-de las flores, méxico-air-quality.csv"
2020/8/25, 33, 19, 6, 1, 2,Estado de México,"villa-de las flores, méxico-air-quality.csv"
2020/8/26, 16, 26, 8, 1, 3,Estado de México,"villa-de las flores, méxico-air-quality.csv"
2020/8/27, 17, 40, 11, 1, 4,Estado de México,"villa-de las flores, méxico-air-quality.csv"
2020/8/28, 17, 39, 12, 2, 4,Estado de México,"villa-de las flores, méxico-air-quality.csv"
2020/8/29, 18, 54, 12, 3, 5,Estado de México,"villa-de las flores, méxico-air-quality.csv"
2020/8/30, 35, 26, 13, 1, 6,Estado de México,"villa-de las flores, méxico-air-quality.csv"
2020/8/31, 17, 46, 17, 5, 6,Estado de México,"villa-de las flores, méxico-air-quality.csv"
2020/9/1, 29, 55, 16, 4, 5,Estado de México,"villa-de las flores, méxico-air-quality.csv"
2020/9/2, 33, 49, 12, 3, 4,Estado de México,"villa-de las flores, méxico-air-quality.csv"
2020/9/3, 34, 33, 9, 2, 2,Estado de México,"villa-de las flores, méxico-air-quality.csv"
2020/9/4, 42, 25, 7, 1, 1,Estado de México,"villa-de las flores, méxico-air-quality.csv"
2020/9/5, 31, 21, 8, 1, 2,Estado de México,"villa-de las flores, méxico-air-quality.csv"
2020/9/6, 21, 27, 6, 1, 1,Estado de México,"villa-de las flores, méxico-air-quality.csv"
2020/9/7, 11, 29, 9, 1, 2,Estado de México,"villa-de las flores, méxico-air-quality.csv"
2020/9/8, 15, 53, 13, 5, 3,Estado de México,"villa-de las flores, méxico-air-quality.csv"
2020/9/9, 29, 55, 14, 1, 4,Estado de México,"villa-de las flores, méxico-air-quality.csv"
2020/9/10, 26, 27, 10, 1, 3,Estado de México,"villa-de las flores, méxico-air-quality.csv"
2020/9/11, 18, 30, 8, 1, 3,Estado de México,"villa-de las flores, méxico-air-quality.csv"
2020/9/12, 16, 46, 7, 6, 2,Estado de México,"villa-de las flores, méxico-air-quality.csv"
2020/9/13, 23, 32, 5, 1, 2,Estado de México,"villa-de las flores, méxico-air-quality.csv"
2020/9/14, 13, 31, 11, 3, 4,Estado de México,"villa-de las flores, méxico-air-quality.csv"
2020/9/15, 29, 34, 6, 1, 1,Estado de México,"villa-de las flores, méxico-air-quality.csv"
2020/9/16, 19, 30, 3, 6, 1,Estado de México,"villa-de las flores, méxico-air-quality.csv"
2020/9/17, 18, 27, 6, 1, 1,Estado de México,"villa-de las flores, méxico-air-quality.csv"
2020/9/18, 15, 28, 6, 1, 1,Estado de México,"villa-de las flores, méxico-air-quality.csv"
2020/9/19, 13, 25, 7, 6, 3,Estado de México,"villa-de las flores, méxico-air-quality.csv"
2020/9/20, 18, 41, 7, 15, 2,Estado de México,"villa-de las flores, méxico-air-quality.csv"
2020/9/21, 21, 36, 16, 14, 5,Estado de México,"villa-de las flores, méxico-air-quality.csv"
2020/9/22, 31, 38, 17, 3, 5,Estado de México,"villa-de las flores, méxico-air-quality.csv"
2020/9/23, 31, 50, 10, 7, 4,Estado de México,"villa-de las flores, méxico-air-quality.csv"
2020/9/24, 33, 46, 16, 2, 5,Estado de México,"villa-de las flores, méxico-air-quality.csv"
2020/9/25, 26, 35, 19, , 6,Estado de México,"villa-de las flores, méxico-air-quality.csv"
2020/9/26, 26, 37, 21, , 7,Estado de México,"villa-de las flores, méxico-air-quality.csv"
2020/9/27, 33, 39, 12, , 5,Estado de México,"villa-de las flores, méxico-air-quality.csv"
2020/9/28, 28, 44, 10, , 5,Estado de México,"villa-de las flores, méxico-air-quality.csv"
2020/9/29, 28, 28, 7, , 3,Estado de México,"villa-de las flores, méxico-air-quality.csv"
2020/9/30, 21, 48, 12, , 3,Estado de México,"villa-de las flores, méxico-air-quality.csv"
2020/10/1, 30, 41, 16, 27, 4,Estado de México,"villa-de las flores, méxico-air-quality.csv"
2020/4/2, 52, , 14, 7, 6,Estado de México,"villa-de las flores, méxico-air-quality.csv"
2020/4/3, 46, 62, 17, 2, 6,Estado de México,"villa-de las flores, méxico-air-quality.csv"
2020/4/4, 39, 75, 14, 1, 5,Estado de México,"villa-de las flores, méxico-air-quality.csv"
2020/4/5, 31, 62, 11, 1, 5,Estado de México,"villa-de las flores, méxico-air-quality.csv"
2020/4/6, 24, 55, 19, 11, 7,Estado de México,"villa-de las flores, méxico-air-quality.csv"
2020/4/7, 47, 68, 14, 4, 5,Estado de México,"villa-de las flores, méxico-air-quality.csv"
2020/4/8, 40, 65, 18, 3, 6,Estado de México,"villa-de las flores, méxico-air-quality.csv"
2020/4/9, 47, 79, 16, 3, 6,Estado de México,"villa-de las flores, méxico-air-quality.csv"
2020/4/10, 36, 69, 13, 4, 5,Estado de México,"villa-de las flores, méxico-air-quality.csv"
2020/4/11, 40, 59, 14, 3, 6,Estado de México,"villa-de las flores, méxico-air-quality.csv"
2020/4/12, 49, 41, 10, 1, 4,Estado de México,"villa-de las flores, méxico-air-quality.csv"
2020/4/13, 38, 61, 13, 2, 6,Estado de México,"villa-de las flores, méxico-air-quality.csv"
2020/4/14, 48, 65, 17, 4, 7,Estado de México,"villa-de las flores, méxico-air-quality.csv"
2020/4/15, 57, 88, 13, 20, 6,Estado de México,"villa-de las flores, méxico-air-quality.csv"
2020/4/16, 57, 72, 17, 8, 7,Estado de México,"villa-de las flores, méxico-air-quality.csv"
2020/4/17, 62, 80, 15, 13, 6,Estado de México,"villa-de las flores, méxico-air-quality.csv"
2020/4/18, 43, 64, 18, 4, 8,Estado de México,"villa-de las flores, méxico-air-quality.csv"
2020/4/19, 45, 71, 11, 2, 7,Estado de México,"villa-de las flores, méxico-air-quality.csv"
2020/4/20, 50, 59, 12, 3, 7,Estado de México,"villa-de las flores, méxico-air-quality.csv"
2020/4/21, 49, 64, 16, 1, 6,Estado de México,"villa-de las flores, méxico-air-quality.csv"
2020/4/22, 45, 79, 16, 1, 7,Estado de México,"villa-de las flores, méxico-air-quality.csv"
2020/4/23, 36, 64, 22, 2, 7,Estado de México,"villa-de las flores, méxico-air-quality.csv"
2020/4/24, 36, 78, 16, 3, 6,Estado de México,"villa-de las flores, méxico-air-quality.csv"
2020/4/25, 51, 63, 18, 2, 7,Estado de México,"villa-de las flores, méxico-air-quality.csv"
2020/4/26, 47, 52, 5, 1, 4,Estado de México,"villa-de las flores, méxico-air-quality.csv"
2020/4/27, 24, 61, 7, 3, 4,Estado de México,"villa-de las flores, méxico-air-quality.csv"
2020/4/28, 28, 55, 14, 7, 6,Estado de México,"villa-de las flores, méxico-air-quality.csv"
2020/4/29, 45, 57, 15, 6, 6,Estado de México,"villa-de las flores, méxico-air-quality.csv"
2020/4/30, 60, 53, 12, 12, 5,Estado de México,"villa-de las flores, méxico-air-quality.csv"
2020/5/1, 38, 54, 14, 2, 7,Estado de México,"villa-de las flores, méxico-air-quality.csv"
2020/5/2, 27, 68, 13, 3, 6,Estado de México,"villa-de las flores, méxico-air-quality.csv"
2020/5/3, 29, 61, 8, 2, 5,Estado de México,"villa-de las flores, méxico-air-quality.csv"
2020/5/4, 33, 58, 13, 2, 6,Estado de México,"villa-de las flores, méxico-air-quality.csv"
2020/5/5, 54, 52, 12, 8, 5,Estado de México,"villa-de las flores, méxico-air-quality.csv"
2020/5/6, 47, 52, 12, 3, 4,Estado de México,"villa-de las flores, méxico-air-quality.csv"
2020/5/7, 42, 45, 12, 4, 5,Estado de México,"villa-de las flores, méxico-air-quality.csv"
2020/5/8, 30, 54, 17, 2, 6,Estado de México,"villa-de las flores, méxico-air-quality.csv"
2020/5/9, 35, 61, 11, 1, 5,Estado de México,"villa-de las flores, méxico-air-quality.csv"
2020/5/10, 33, 58, 9, 4, 4,Estado de México,"villa-de las flores, méxico-air-quality.csv"
2020/5/11, 25, 59, 10, 4, 5,Estado de México,"villa-de las flores, méxico-air-quality.csv"
2020/5/12, 18, 81, 14, 3, 6,Estado de México,"villa-de las flores, méxico-air-quality.csv"
2020/5/13, 30, 78, 21, 2, 8,Estado de México,"villa-de las flores, méxico-air-quality.csv"
2020/5/14, 47, 86, 16, 2, 7,Estado de México,"villa-de las flores, méxico-air-quality.csv"
2020/5/15, 47, 86, 17, 1, 8,Estado de México,"villa-de las flores, méxico-air-quality.csv"
2020/5/16, 49, 62, 17, 2, 8,Estado de México,"villa-de las flores, méxico-air-quality.csv"
2020/5/17, 48, 66, 12, 7, 7,Estado de México,"villa-de las flores, méxico-air-quality.csv"
2020/5/18, 47, 62, 10, 1, 5,Estado de México,"villa-de las flores, méxico-air-quality.csv"
2020/5/19, 43, 75, 16, 2, 7,Estado de México,"villa-de las flores, méxico-air-quality.csv"
2020/5/20, 44, 80, 15, 6, 7,Estado de México,"villa-de las flores, méxico-air-quality.csv"
2020/5/21, 59, 85, 18, 1, 8,Estado de México,"villa-de las flores, méxico-air-quality.csv"
2020/5/22, 50, 64, 17, 2, 6,Estado de México,"villa-de las flores, méxico-air-quality.csv"
2020/5/23, 42, 65, 17, 2, 7,Estado de México,"villa-de las flores, méxico-air-quality.csv"
2020/5/24, 43, 80, 11, 1, 6,Estado de México,"villa-de las flores, méxico-air-quality.csv"
2020/5/25, 44, 98, 16, 2, 7,Estado de México,"villa-de las flores, méxico-air-quality.csv"
2020/5/26, 38, 103, 19, 1, 7,Estado de México,"villa-de las flores, méxico-air-quality.csv"
2020/5/27, 45, 70, 13, 15, 7,Estado de México,"villa-de las flores, méxico-air-quality.csv"
2020/5/28, 54, 68, 18, 5, 8,Estado de México,"villa-de las flores, méxico-air-quality.csv"
2020/5/29, 46, 45, 14, 1, 6,Estado de México,"villa-de las flores, méxico-air-quality.csv"
2020/5/30, 27, 40, 11, 1, 5,Estado de México,"villa-de las flores, méxico-air-quality.csv"
2020/5/31, 23, 42, 6, 2, 5,Estado de México,"villa-de las flores, méxico-air-quality.csv"
2020/6/1, 21, 48, 8, 1, 6,Estado de México,"villa-de las flores, méxico-air-quality.csv"
2020/6/2, 32, 38, 6, 1, 5,Estado de México,"villa-de las flores, méxico-air-quality.csv"
2020/6/3, 28, 20, 4, 1, 4,Estado de México,"villa-de las flores, méxico-air-quality.csv"
2020/6/4, 18, 32, 6, 2, 5,Estado de México,"villa-de las flores, méxico-air-quality.csv"
2020/6/5, 28, 38, 7, 2, 5,Estado de México,"villa-de las flores, méxico-air-quality.csv"
2020/6/6, 33, 43, 6, 3, 4,Estado de México,"villa-de las flores, méxico-air-quality.csv"
2020/6/7, 30, 54, 7, 1, 5,Estado de México,"villa-de las flores, méxico-air-quality.csv"
2020/6/8, 31, 66, 12, 3, 6,Estado de México,"villa-de las flores, méxico-air-quality.csv"
2020/6/9, 30, 69, 16, 3, 7,Estado de México,"villa-de las flores, méxico-air-quality.csv"
2020/6/10, 28, 38, 17, 1, 5,Estado de México,"villa-de las flores, méxico-air-quality.csv"
2020/6/11, 38, 34, 6, 1, 2,Estado de México,"villa-de las flores, méxico-air-quality.csv"
2020/6/12, 39, 33, 5, 1, 3,Estado de México,"villa-de las flores, méxico-air-quality.csv"
2020/6/13, 27, 44, 5, 1, 3,Estado de México,"villa-de las flores, méxico-air-quality.csv"
2020/6/14, 24, 54, 6, 10, 2,Estado de México,"villa-de las flores, méxico-air-quality.csv"
2020/6/15, 28, 60, 7, 8, 3,Estado de México,"villa-de las flores, méxico-air-quality.csv"
2020/6/16, 38, 66, 8, 3, 3,Estado de México,"villa-de las flores, méxico-air-quality.csv"
2020/6/17, 39, 57, 8, 14, 3,Estado de México,"villa-de las flores, méxico-air-quality.csv"
2020/6/18, 42, 45, 9, 21, 3,Estado de México,"villa-de las flores, méxico-air-quality.csv"
2020/6/19, 42, 43, 9, 5, 3,Estado de México,"villa-de las flores, méxico-air-quality.csv"
2020/6/20, 44, 42, 8, 22, 3,Estado de México,"villa-de las flores, méxico-air-quality.csv"
2020/6/21, 37, 52, 9, 27, 4,Estado de México,"villa-de las flores, méxico-air-quality.csv"
2020/6/22, 32, 45, 11, 2, 4,Estado de México,"villa-de las flores, méxico-air-quality.csv"
2020/6/23, 22, 44, 14, 2, 5,Estado de México,"villa-de las flores, méxico-air-quality.csv"
2020/6/24, 27, 52, 16, 1, 5,Estado de México,"villa-de las flores, méxico-air-quality.csv"
2020/6/25, 20, 26, 12, 1, 5,Estado de México,"villa-de las flores, méxico-air-quality.csv"
2020/6/26, 16, 37, 10, 1, 4,Estado de México,"villa-de las flores, méxico-air-quality.csv"
2020/6/27, 18, 58, 9, 3, 4,Estado de México,"villa-de las flores, méxico-air-quality.csv"
2020/6/28, 35, 54, 11, 24, 4,Estado de México,"villa-de las flores, méxico-air-quality.csv"
2020/6/29, 54, 51, 10, 9, 4,Estado de México,"villa-de las flores, méxico-air-quality.csv"
2020/6/30, 43, 53, 14, 6, 5,Estado de México,"villa-de las flores, méxico-air-quality.csv"
2020/7/1, 38, 44, 11, 1, 4,Estado de México,"villa-de las flores, méxico-air-quality.csv"
2020/1/2, 54, 19, 7, 1, 3,Estado de México,"villa-de las flores, méxico-air-quality.csv"
2020/1/3, 37, 32, 23, 1, 6,Estado de México,"villa-de las flores, méxico-air-quality.csv"
2020/1/4, 37, 38, 16, 13, 5,Estado de México,"villa-de las flores, méxico-air-quality.csv"
2020/1/5, 50, 48, 17, 16, 5,Estado de México,"villa-de las flores, méxico-air-quality.csv"
2020/1/6, 40, 51, 30, 32, 11,Estado de México,"villa-de las flores, méxico-air-quality.csv"
2020/1/7, 57, 33, 23, 8, 9,Estado de México,"villa-de las flores, méxico-air-quality.csv"
2020/1/8, 60, 21, 26, , 11,Estado de México,"villa-de las flores, méxico-air-quality.csv"
2020/1/9, 56, , , , ,Estado de México,"villa-de las flores, méxico-air-quality.csv"
2020/1/10, 67, , , , ,Estado de México,"villa-de las flores, méxico-air-quality.csv"
2020/1/11, 66, , , , ,Estado de México,"villa-de las flores, méxico-air-quality.csv"
2020/1/12, 61, , , , ,Estado de México,"villa-de las flores, méxico-air-quality.csv"
2020/1/13, 45, , , , ,Estado de México,"villa-de las flores, méxico-air-quality.csv"
2020/1/14, 58, 51, 17, 5, 4,Estado de México,"villa-de las flores, méxico-air-quality.csv"
2020/1/15, 51, 60, 20, 27, 5,Estado de México,"villa-de las flores, méxico-air-quality.csv"
2020/1/16, 51, 48, 14, 10, 5,Estado de México,"villa-de las flores, méxico-air-quality.csv"
2020/1/17, 46, 33, 14, 7, 5,Estado de México,"villa-de las flores, méxico-air-quality.csv"
2020/1/18, 28, , , , ,Estado de México,"villa-de las flores, méxico-air-quality.csv"
2020/1/21, 16, 33, 17, 12, 7,Estado de México,"villa-de las flores, méxico-air-quality.csv"
2020/1/22, 34, 58, 25, 10, 13,Estado de México,"villa-de las flores, méxico-air-quality.csv"
2020/1/23, 53, 27, 24, 5, 11,Estado de México,"villa-de las flores, méxico-air-quality.csv"
2020/1/24, 52, 35, 20, 4, 6,Estado de México,"villa-de las flores, méxico-air-quality.csv"
2020/1/25, 39, 33, 19, 3, 6,Estado de México,"villa-de las flores, méxico-air-quality.csv"
2020/1/26, 43, 32, 15, 10, 8,Estado de México,"villa-de las flores, méxico-air-quality.csv"
2020/1/27, 42, 38, 21, 12, 7,Estado de México,"villa-de las flores, méxico-air-quality.csv"
2020/1/28, 36, 47, 31, 3, 9,Estado de México,"villa-de las flores, méxico-air-quality.csv"
2020/1/29, 45, 42, 24, 9, 7,Estado de México,"villa-de las flores, méxico-air-quality.csv"
2020/1/30, 52, 25, 18, 2, 8,Estado de México,"villa-de las flores, méxico-air-quality.csv"
2020/1/31, 36, 27, 19, 2, 7,Estado de México,"villa-de las flores, méxico-air-quality.csv"
2020/2/1, 36, 31, 13, 27, 5,Estado de México,"villa-de las flores, méxico-air-quality.csv"
2020/2/2, 44, 34, 23, 38, 8,Estado de México,"villa-de las flores, méxico-air-quality.csv"
2020/2/3, 40, 26, 15, 7, 6,Estado de México,"villa-de las flores, méxico-air-quality.csv"
2020/2/4, 38, 22, 11, 1, 5,Estado de México,"villa-de las flores, méxico-air-quality.csv"
2020/2/5, 21, 15, 12, 1, 5,Estado de México,"villa-de las flores, méxico-air-quality.csv"
2020/2/6, 22, 33, 13, 2, 6,Estado de México,"villa-de las flores, méxico-air-quality.csv"
2020/2/7, 30, 44, 32, 4, 10,Estado de México,"villa-de las flores, méxico-air-quality.csv"
2020/2/8, 53, 66, 29, 3, 11,Estado de México,"villa-de las flores, méxico-air-quality.csv"
2020/2/9, 60, 67, 25, 4, 9,Estado de México,"villa-de las flores, méxico-air-quality.csv"
2020/2/10, 53, 68, 27, 6, 11,Estado de México,"villa-de las flores, méxico-air-quality.csv"
2020/2/11, 58, 61, 27, 4, 10,Estado de México,"villa-de las flores, méxico-air-quality.csv"
2020/2/12, 55, 43, 25, 2, 8,Estado de México,"villa-de las flores, méxico-air-quality.csv"
2020/2/13, 53, 77, 21, 3, 9,Estado de México,"villa-de las flores, méxico-air-quality.csv"
2020/2/14, 55, , , , ,Estado de México,"villa-de las flores, méxico-air-quality.csv"
2020/3/13, 66, 43, 17, 3, 7,Estado de México,"villa-de las flores, méxico-air-quality.csv"
2020/3/14, 61, 50, 16, 7, 6,Estado de México,"villa-de las flores, méxico-air-quality.csv"
2020/3/15, 59, 35, 12, 10, 5,Estado de México,"villa-de las flores, méxico-air-quality.csv"
2020/3/16, 42, 39, 11, 23, 5,Estado de México,"villa-de las flores, méxico-air-quality.csv"
2020/3/17, 36, 40, 21, 2, 7,Estado de México,"villa-de las flores, méxico-air-quality.csv"
2020/3/18, 40, , , , ,Estado de México,"villa-de las flores, méxico-air-quality.csv"
2020/3/20, 40, 43, 14, 5, 6,Estado de México,"villa-de las flores, méxico-air-quality.csv"
2020/3/21, 45, 39, 9, 1, 5,Estado de México,"villa-de las flores, méxico-air-quality.csv"
2020/3/22, 37, 53, 13, 15, 6,Estado de México,"villa-de las flores, méxico-air-quality.csv"
2020/3/23, 31, 60, 18, 5, 7,Estado de México,"villa-de las flores, méxico-air-quality.csv"
2020/3/24, 49, 56, 19, 5, 6,Estado de México,"villa-de las flores, méxico-air-quality.csv"
2020/3/25, 55, 67, 18, 3, 6,Estado de México,"villa-de las flores, méxico-air-quality.csv"
2020/3/26, 65, 62, 24, 14, 9,Estado de México,"villa-de las flores, méxico-air-quality.csv"
2020/3/27, 62, 54, 25, 3, 9,Estado de México,"villa-de las flores, méxico-air-quality.csv"
2020/3/28, 71, 72, 20, 4, 8,Estado de México,"villa-de las flores, méxico-air-quality.csv"
2020/3/29, 67, 31, 9, 2, 5,Estado de México,"villa-de las flores, méxico-air-quality.csv"
2020/3/30, 57, , , , ,Estado de México,"villa-de las flores, méxico-air-quality.csv"
2019/10/2, 20, 38, 10, 3, 4,Estado de México,"villa-de las flores, méxico-air-quality.csv"
2019/10/3, 21, 39, 8, , 3,Estado de México,"villa-de las flores, méxico-air-quality.csv"
2019/10/4, 20, 37, 10, 1, 3,Estado de México,"villa-de las flores, méxico-air-quality.csv"
2019/10/5, 30, 44, 8, 7, 3,Estado de México,"villa-de las flores, méxico-air-quality.csv"
2019/10/6, 30, 42, 8, 1, 3,Estado de México,"villa-de las flores, méxico-air-quality.csv"
2019/10/7, 24, 36, 9, 1, 3,Estado de México,"villa-de las flores, méxico-air-quality.csv"
2019/10/8, 24, 26, 6, , 2,Estado de México,"villa-de las flores, méxico-air-quality.csv"
2019/10/9, 13, 38, 8, 1, 3,Estado de México,"villa-de las flores, méxico-air-quality.csv"
2019/10/10, 17, 48, 13, 4, 5,Estado de México,"villa-de las flores, méxico-air-quality.csv"
2019/10/11, 32, 39, 13, 7, 5,Estado de México,"villa-de las flores, méxico-air-quality.csv"
2019/10/12, 21, 31, 7, 1, 3,Estado de México,"villa-de las flores, méxico-air-quality.csv"
2019/10/13, 16, 45, 8, 8, 3,Estado de México,"villa-de las flores, méxico-air-quality.csv"
2019/10/14, 25, 36, 10, 16, 5,Estado de México,"villa-de las flores, méxico-air-quality.csv"
2019/10/15, 35, 50, 12, 20, 4,Estado de México,"villa-de las flores, méxico-air-quality.csv"
2019/10/16, 33, 18, 11, 14, 4,Estado de México,"villa-de las flores, méxico-air-quality.csv"
2019/10/17, 28, 11, 11, , 5,Estado de México,"villa-de las flores, méxico-air-quality.csv"
2019/10/18, 12, 32, 23, 2, 9,Estado de México,"villa-de las flores, méxico-air-quality.csv"
2019/10/19, 23, 46, 15, 7, 6,Estado de México,"villa-de las flores, méxico-air-quality.csv"
2019/10/20, 26, 24, 13, 2, 5,Estado de México,"villa-de las flores, méxico-air-quality.csv"
2019/10/21, 30, 46, 14, 7, 6,Estado de México,"villa-de las flores, méxico-air-quality.csv"
2019/10/22, 34, 30, 9, 3, 3,Estado de México,"villa-de las flores, méxico-air-quality.csv"
2019/10/23, 24, 38, 9, 19, 3,Estado de México,"villa-de las flores, méxico-air-quality.csv"
2019/10/24, 21, 38, 18, 4, 5,Estado de México,"villa-de las flores, méxico-air-quality.csv"
2019/10/25, 29, 35, 17, 14, 5,Estado de México,"villa-de las flores, méxico-air-quality.csv"
2019/10/26, 27, 47, 18, 5, 5,Estado de México,"villa-de las flores, méxico-air-quality.csv"
2019/10/27, 25, 50, 18, 4, 7,Estado de México,"villa-de las flores, méxico-air-quality.csv"
2019/10/28, 28, 61, 22, 2, 7,Estado de México,"villa-de las flores, méxico-air-quality.csv"
2019/10/29, 27, 63, 18, 2, 6,Estado de México,"villa-de las flores, méxico-air-quality.csv"
2019/10/30, 36, 55, 18, 4, 5,Estado de México,"villa-de las flores, méxico-air-quality.csv"
2019/10/31, 26, 22, 14, 5, 5,Estado de México,"villa-de las flores, méxico-air-quality.csv"
2019/11/1, 20, 39, 11, 14, 4,Estado de México,"villa-de las flores, méxico-air-quality.csv"
2019/11/2, 31, 20, 14, 37, 5,Estado de México,"villa-de las flores, méxico-air-quality.csv"
2019/11/3, 34, 35, 10, 17, 4,Estado de México,"villa-de las flores, méxico-air-quality.csv"
2019/11/4, 20, 41, 15, 6, 6,Estado de México,"villa-de las flores, méxico-air-quality.csv"
2019/11/5, 31, 35, 14, 3, 5,Estado de México,"villa-de las flores, méxico-air-quality.csv"
2019/11/6, 31, 29, 10, 11, 4,Estado de México,"villa-de las flores, méxico-air-quality.csv"
2019/11/7, 31, 36, 12, 20, 5,Estado de México,"villa-de las flores, méxico-air-quality.csv"
2019/11/8, 35, 29, 9, 20, 4,Estado de México,"villa-de las flores, méxico-air-quality.csv"
2019/11/9, 29, 28, 6, 1, 3,Estado de México,"villa-de las flores, méxico-air-quality.csv"
2019/11/10, 20, 39, 11, 15, 5,Estado de México,"villa-de las flores, méxico-air-quality.csv"
2019/11/11, 33, 45, 14, 3, 6,Estado de México,"villa-de las flores, méxico-air-quality.csv"
2019/11/12, 40, 39, 11, 14, 4,Estado de México,"villa-de las flores, méxico-air-quality.csv"
2019/11/13, 27, 29, 15, 38, 6,Estado de México,"villa-de las flores, méxico-air-quality.csv"
2019/11/14, 27, 40, 18, 3, 6,Estado de México,"villa-de las flores, méxico-air-quality.csv"
2019/11/15, 34, 37, 8, 7, 3,Estado de México,"villa-de las flores, méxico-air-quality.csv"
2019/11/16, 26, 37, 15, 22, 5,Estado de México,"villa-de las flores, méxico-air-quality.csv"
2019/11/17, 41, 39, 14, 15, 7,Estado de México,"villa-de las flores, méxico-air-quality.csv"
2019/11/18, 41, 54, 17, 6, 5,Estado de México,"villa-de las flores, méxico-air-quality.csv"
2019/11/19, 34, 41, 17, 15, 7,Estado de México,"villa-de las flores, méxico-air-quality.csv"
2019/11/20, 37, 41, 19, 8, 7,Estado de México,"villa-de las flores, méxico-air-quality.csv"
2019/11/21, 46, 43, 18, 6, 7,Estado de México,"villa-de las flores, méxico-air-quality.csv"
2019/11/22, 50, 43, 19, 7, 8,Estado de México,"villa-de las flores, méxico-air-quality.csv"
2019/11/23, 51, 48, 16, 10, 6,Estado de México,"villa-de las flores, méxico-air-quality.csv"
2019/11/24, 49, 41, 14, 22, 5,Estado de México,"villa-de las flores, méxico-air-quality.csv"
2019/11/25, 50, 46, 23, 4, 8,Estado de México,"villa-de las flores, méxico-air-quality.csv"
2019/11/26, 48, 48, 26, 3, 9,Estado de México,"villa-de las flores, méxico-air-quality.csv"
2019/11/27, 58, 49, 18, 2, 8,Estado de México,"villa-de las flores, méxico-air-quality.csv"
2019/11/28, 56, 36, 24, 17, 8,Estado de México,"villa-de las flores, méxico-air-quality.csv"
2019/11/29, 53, 53, 20, 25, 7,Estado de México,"villa-de las flores, méxico-air-quality.csv"
2019/11/30, 50, 49, 22, 9, 8,Estado de México,"villa-de las flores, méxico-air-quality.csv"
2019/12/1, 54, 38, 18, 3, 9,Estado de México,"villa-de las flores, méxico-air-quality.csv"
2019/12/2, 54, 44, 14, 11, 5,Estado de México,"villa-de las flores, méxico-air-quality.csv"
2019/12/3, 44, 39, 20, 15, 8,Estado de México,"villa-de las flores, méxico-air-quality.csv"
2019/12/4, 43, 47, 22, 3, 8,Estado de México,"villa-de las flores, méxico-air-quality.csv"
2019/12/5, 54, 49, 21, 3, 9,Estado de México,"villa-de las flores, méxico-air-quality.csv"
2019/12/6, 54, 33, 21, 6, 8,Estado de México,"villa-de las flores, méxico-air-quality.csv"
2019/12/7, 64, 41, 17, 9, 6,Estado de México,"villa-de las flores, méxico-air-quality.csv"
2019/12/8, 43, 52, 18, 17, 7,Estado de México,"villa-de las flores, méxico-air-quality.csv"
2019/12/9, 48, 58, 14, 4, 13,Estado de México,"villa-de las flores, méxico-air-quality.csv"
2019/12/10, 71, 52, 15, 3, 11,Estado de México,"villa-de las flores, méxico-air-quality.csv"
2019/12/11, 83, 54, 14, 8, 4,Estado de México,"villa-de las flores, méxico-air-quality.csv"
2019/12/12, 48, 35, 19, 14, 6,Estado de México,"villa-de las flores, méxico-air-quality.csv"
2019/12/13, 49, 33, 22, 4, 8,Estado de México,"villa-de las flores, méxico-air-quality.csv"
2019/12/14, 57, 45, 31, 5, 10,Estado de México,"villa-de las flores, méxico-air-quality.csv"
2019/12/15, 60, 76, 26, 4, 9,Estado de México,"villa-de las flores, méxico-air-quality.csv"
2019/12/16, 68, 52, 33, 2, 9,Estado de México,"villa-de las flores, méxico-air-quality.csv"
2019/12/17, 59, 55, 23, 6, 6,Estado de México,"villa-de las flores, méxico-air-quality.csv"
2019/12/18, 53, 27, 14, 17, 4,Estado de México,"villa-de las flores, méxico-air-quality.csv"
2019/12/19, 44, 47, 27, 39, 8,Estado de México,"villa-de las flores, méxico-air-quality.csv"
2019/12/20, 61, 30, 27, 34, 7,Estado de México,"villa-de las flores, méxico-air-quality.csv"
2019/12/21, 63, 31, 19, 21, 6,Estado de México,"villa-de las flores, méxico-air-quality.csv"
2019/12/22, 57, 27, 13, 19, 5,Estado de México,"villa-de las flores, méxico-air-quality.csv"
2019/12/23, 37, 35, 21, 11, 8,Estado de México,"villa-de las flores, méxico-air-quality.csv"
2019/12/24, 48, 29, 21, 8, 8,Estado de México,"villa-de las flores, méxico-air-quality.csv"
2019/12/25, 54, 41, 21, 8, 16,Estado de México,"villa-de las flores, méxico-air-quality.csv"
2019/12/26, 96, 35, 25, 9, 8,Estado de México,"villa-de las flores, méxico-air-quality.csv"
2019/12/27, 50, 52, 28, 5, 9,Estado de México,"villa-de las flores, méxico-air-quality.csv"
2019/12/28, 67, 2, 32, 3, 9,Estado de México,"villa-de las flores, méxico-air-quality.csv"
2019/12/29, 48, , , , ,Estado de México,"villa-de las flores, méxico-air-quality.csv"
2019/7/2, 34, 40, 20, 7, 5,Estado de México,"villa-de las flores, méxico-air-quality.csv"
2019/7/3, 30, 40, 15, 4, 5,Estado de México,"villa-de las flores, méxico-air-quality.csv"
2019/7/4, 13, 45, 13, 11, 5,Estado de México,"villa-de las flores, méxico-air-quality.csv"
2019/7/5, 30, 57, 12, 19, 4,Estado de México,"villa-de las flores, méxico-air-quality.csv"
2019/7/6, 41, 35, 11, 13, 4,Estado de México,"villa-de las flores, méxico-air-quality.csv"
2019/7/7, 30, 57, 7, 3, 2,Estado de México,"villa-de las flores, méxico-air-quality.csv"
2019/7/8, 24, 53, 14, 8, 4,Estado de México,"villa-de las flores, méxico-air-quality.csv"
2019/7/9, 30, 58, 17, 2, 5,Estado de México,"villa-de las flores, méxico-air-quality.csv"
2019/7/10, 33, 38, 13, 25, 4,Estado de México,"villa-de las flores, méxico-air-quality.csv"
2019/7/11, 24, 40, 16, 4, 4,Estado de México,"villa-de las flores, méxico-air-quality.csv"
2019/7/12, 24, 50, 14, 2, 4,Estado de México,"villa-de las flores, méxico-air-quality.csv"
2019/7/13, 15, 54, 15, 3, 4,Estado de México,"villa-de las flores, méxico-air-quality.csv"
2019/7/14, 20, 49, 9, 2, 4,Estado de México,"villa-de las flores, méxico-air-quality.csv"
2019/7/15, 29, 50, 10, 6, 3,Estado de México,"villa-de las flores, méxico-air-quality.csv"
2019/7/16, 23, 48, 8, 2, 2,Estado de México,"villa-de las flores, méxico-air-quality.csv"
2019/7/17, 25, 41, 13, 5, 3,Estado de México,"villa-de las flores, méxico-air-quality.csv"
2019/7/18, 25, 49, 11, 17, 4,Estado de México,"villa-de las flores, méxico-air-quality.csv"
2019/7/19, 30, 44, 15, 2, 4,Estado de México,"villa-de las flores, méxico-air-quality.csv"
2019/7/20, 18, 53, 10, 2, 3,Estado de México,"villa-de las flores, méxico-air-quality.csv"
2019/7/21, 22, 50, 12, 9, 4,Estado de México,"villa-de las flores, méxico-air-quality.csv"
2019/7/22, 24, 49, 12, 2, 4,Estado de México,"villa-de las flores, méxico-air-quality.csv"
2019/7/23, 20, 41, 8, 7, 2,Estado de México,"villa-de las flores, méxico-air-quality.csv"
2019/7/24, 25, 39, 14, 1, 3,Estado de México,"villa-de las flores, méxico-air-quality.csv"
2019/7/25, 20, 34, 14, 2, 3,Estado de México,"villa-de las flores, méxico-air-quality.csv"
2019/7/26, 20, 34, 9, 2, 3,Estado de México,"villa-de las flores, méxico-air-quality.csv"
2019/7/27, 15, 46, 8, 1, 3,Estado de México,"villa-de las flores, méxico-air-quality.csv"
2019/7/28, 13, 46, 7, 2, 2,Estado de México,"villa-de las flores, méxico-air-quality.csv"
2019/7/29, 11, 41, 14, 2, 4,Estado de México,"villa-de las flores, méxico-air-quality.csv"
2019/7/30, 25, 45, 9, 2, 3,Estado de México,"villa-de las flores, méxico-air-quality.csv"
2019/7/31, 33, 48, 8, 22, 3,Estado de México,"villa-de las flores, méxico-air-quality.csv"
2019/8/1, 36, 45, 9, 17, 3,Estado de México,"villa-de las flores, méxico-air-quality.csv"
2019/8/2, 29, 50, 10, 8, 2,Estado de México,"villa-de las flores, méxico-air-quality.csv"
2019/8/3, 27, 46, 9, 2, 3,Estado de México,"villa-de las flores, méxico-air-quality.csv"
2019/8/4, 27, 53, 7, 7, 3,Estado de México,"villa-de las flores, méxico-air-quality.csv"
2019/8/5, 29, 43, 19, 2, 4,Estado de México,"villa-de las flores, méxico-air-quality.csv"
2019/8/6, 28, 50, 18, 2, 6,Estado de México,"villa-de las flores, méxico-air-quality.csv"
2019/8/7, 20, 43, 15, 1, 4,Estado de México,"villa-de las flores, méxico-air-quality.csv"
2019/8/8, 18, 49, 13, 4, 4,Estado de México,"villa-de las flores, méxico-air-quality.csv"
2019/8/9, 20, 47, 10, 3, 3,Estado de México,"villa-de las flores, méxico-air-quality.csv"
2019/8/10, 32, 42, 9, 1, 3,Estado de México,"villa-de las flores, méxico-air-quality.csv"
2019/8/11, 22, 40, 6, 1, 2,Estado de México,"villa-de las flores, méxico-air-quality.csv"
2019/8/12, 15, 38, 9, 1, 3,Estado de México,"villa-de las flores, méxico-air-quality.csv"
2019/8/13, 13, 55, 10, 3, 3,Estado de México,"villa-de las flores, méxico-air-quality.csv"
2019/8/14, 27, 40, 12, 3, 4,Estado de México,"villa-de las flores, méxico-air-quality.csv"
2019/8/15, 38, 58, 9, 3, 3,Estado de México,"villa-de las flores, méxico-air-quality.csv"
2019/8/16, 34, 51, 9, 3, 2,Estado de México,"villa-de las flores, méxico-air-quality.csv"
2019/8/17, 29, 59, 12, 3, 4,Estado de México,"villa-de las flores, méxico-air-quality.csv"
2019/8/18, 34, 51, 12, 16, 4,Estado de México,"villa-de las flores, méxico-air-quality.csv"
2019/8/19, 31, 28, 7, 5, 2,Estado de México,"villa-de las flores, méxico-air-quality.csv"
2019/8/20, 20, 35, 6, , 2,Estado de México,"villa-de las flores, méxico-air-quality.csv"
2019/8/21, 23, 54, 12, 11, 4,Estado de México,"villa-de las flores, méxico-air-quality.csv"
2019/8/22, 31, 56, 17, 2, 5,Estado de México,"villa-de las flores, méxico-air-quality.csv"
2019/8/23, 42, 44, 14, 4, 4,Estado de México,"villa-de las flores, méxico-air-quality.csv"
2019/8/24, 34, 58, 15, 2, 5,Estado de México,"villa-de las flores, méxico-air-quality.csv"
2019/8/25, 29, 56, 12, 2, 4,Estado de México,"villa-de las flores, méxico-air-quality.csv"
2019/8/26, 26, 55, 16, 2, 5,Estado de México,"villa-de las flores, méxico-air-quality.csv"
2019/8/27, 32, 62, 20, 14, 5,Estado de México,"villa-de las flores, méxico-air-quality.csv"
2019/8/28, 36, 45, 9, 1, 3,Estado de México,"villa-de las flores, méxico-air-quality.csv"
2019/8/29, 28, 47, 10, 5, 4,Estado de México,"villa-de las flores, méxico-air-quality.csv"
2019/8/30, 33, 51, 9, 1, 3,Estado de México,"villa-de las flores, méxico-air-quality.csv"
2019/8/31, 28, 45, 9, 4, 3,Estado de México,"villa-de las flores, méxico-air-quality.csv"
2019/9/1, 30, 47, 7, 7, 3,Estado de México,"villa-de las flores, méxico-air-quality.csv"
2019/9/2, 31, 36, 8, 2, 3,Estado de México,"villa-de las flores, méxico-air-quality.csv"
2019/9/3, 33, 42, 9, 2, 2,Estado de México,"villa-de las flores, méxico-air-quality.csv"
2019/9/4, 26, 52, 21, 3, 7,Estado de México,"villa-de las flores, méxico-air-quality.csv"
2019/9/5, 39, 50, 13, 1, 5,Estado de México,"villa-de las flores, méxico-air-quality.csv"
2019/9/6, 24, 49, 9, 5, 3,Estado de México,"villa-de las flores, méxico-air-quality.csv"
2019/9/7, 29, 42, 13, 19, 4,Estado de México,"villa-de las flores, méxico-air-quality.csv"
2019/9/8, 34, 48, 9, 20, 3,Estado de México,"villa-de las flores, méxico-air-quality.csv"
2019/9/9, 23, 50, 9, 2, 3,Estado de México,"villa-de las flores, méxico-air-quality.csv"
2019/9/10, 22, 40, 10, 7, 4,Estado de México,"villa-de las flores, méxico-air-quality.csv"
2019/9/11, 31, 29, 8, 1, 3,Estado de México,"villa-de las flores, méxico-air-quality.csv"
2019/9/12, 21, 31, 8, 10, 3,Estado de México,"villa-de las flores, méxico-air-quality.csv"
2019/9/13, 20, 29, 8, , 3,Estado de México,"villa-de las flores, méxico-air-quality.csv"
2019/9/14, 17, 35, 6, , 2,Estado de México,"villa-de las flores, méxico-air-quality.csv"
2019/9/15, 12, 44, 6, 1, 3,Estado de México,"villa-de las flores, méxico-air-quality.csv"
2019/9/16, 17, 45, 7, 12, 3,Estado de México,"villa-de las flores, méxico-air-quality.csv"
2019/9/17, 26, 48, 9, 4, 4,Estado de México,"villa-de las flores, méxico-air-quality.csv"
2019/9/18, 22, 39, 13, 1, 4,Estado de México,"villa-de las flores, méxico-air-quality.csv"
2019/9/19, 18, 45, 18, 1, 6,Estado de México,"villa-de las flores, méxico-air-quality.csv"
2019/9/20, 25, 5, 21, 4, 7,Estado de México,"villa-de las flores, méxico-air-quality.csv"
2019/9/21, 37, , , , ,Estado de México,"villa-de las flores, méxico-air-quality.csv"
2019/9/22, 20, 42, 4, 1, 2,Estado de México,"villa-de las flores, méxico-air-quality.csv"
2019/9/23, 23, 33, 9, 1, 3,Estado de México,"villa-de las flores, méxico-air-quality.csv"
2019/9/24, 32, 17, 9, 15, 2,Estado de México,"villa-de las flores, méxico-air-quality.csv"
2019/9/25, 15, 50, 14, 1, 4,Estado de México,"villa-de las flores, méxico-air-quality.csv"
2019/9/26, 33, 49, 14, 2, 5,Estado de México,"villa-de las flores, méxico-air-quality.csv"
2019/9/27, 25, 20, 7, , 3,Estado de México,"villa-de las flores, méxico-air-quality.csv"
2019/9/28, 30, 36, 8, 3, 3,Estado de México,"villa-de las flores, méxico-air-quality.csv"
2019/9/29, 20, 18, 7, , 3,Estado de México,"villa-de las flores, méxico-air-quality.csv"
2019/9/30, 10, 33, 10, , 4,Estado de México,"villa-de las flores, méxico-air-quality.csv"
2019/10/1, 14, 37, 10, 1, 6,Estado de México,"villa-de las flores, méxico-air-quality.csv"
2019/4/2, 51, 52, 22, 23, 4,Estado de México,"villa-de las flores, méxico-air-quality.csv"
2019/4/3, 55, 40, 23, 6, 4,Estado de México,"villa-de las flores, méxico-air-quality.csv"
2019/4/4, 56, 26, 20, 8, 4,Estado de México,"villa-de las flores, méxico-air-quality.csv"
2019/4/5, 44, , , , ,Estado de México,"villa-de las flores, méxico-air-quality.csv"
2019/4/12, 70, 54, 23, 2, 7,Estado de México,"villa-de las flores, méxico-air-quality.csv"
2019/4/13, 70, 47, 21, 1, 6,Estado de México,"villa-de las flores, méxico-air-quality.csv"
2019/4/14, 46, 76, 18, 2, 6,Estado de México,"villa-de las flores, méxico-air-quality.csv"
2019/4/15, 64, 63, 21, 29, 5,Estado de México,"villa-de las flores, méxico-air-quality.csv"
2019/4/16, 58, 64, 22, 21, 6,Estado de México,"villa-de las flores, méxico-air-quality.csv"
2019/4/17, 65, 49, 19, 5, 6,Estado de México,"villa-de las flores, méxico-air-quality.csv"
2019/4/18, 60, 36, 19, 3, 6,Estado de México,"villa-de las flores, méxico-air-quality.csv"
2019/4/19, 48, 37, 4, 1, 1,Estado de México,"villa-de las flores, méxico-air-quality.csv"
2019/4/20, 35, 43, 8, 3, 3,Estado de México,"villa-de las flores, méxico-air-quality.csv"
2019/4/21, 34, 44, 12, 4, 4,Estado de México,"villa-de las flores, méxico-air-quality.csv"
2019/4/22, 50, 47, 18, 10, 6,Estado de México,"villa-de las flores, méxico-air-quality.csv"
2019/4/23, 59, 52, 25, 3, 7,Estado de México,"villa-de las flores, méxico-air-quality.csv"
2019/4/24, 56, 55, 22, 4, 5,Estado de México,"villa-de las flores, méxico-air-quality.csv"
2019/4/25, 53, 74, 23, 2, 8,Estado de México,"villa-de las flores, méxico-air-quality.csv"
2019/4/26, 66, 42, 11, 8, 4,Estado de México,"villa-de las flores, méxico-air-quality.csv"
2019/4/27, 49, 45, 15, 5, 5,Estado de México,"villa-de las flores, méxico-air-quality.csv"
2019/4/28, 46, 50, 16, 2, 5,Estado de México,"villa-de las flores, méxico-air-quality.csv"
2019/5/24, 65, 49, 10, , 4,Estado de México,"villa-de las flores, méxico-air-quality.csv"
2019/5/25, 48, 47, 9, , 3,Estado de México,"villa-de las flores, méxico-air-quality.csv"
2019/5/26, 46, 45, 7, , 3,Estado de México,"villa-de las flores, méxico-air-quality.csv"
2019/5/27, 34, 52, 10, , 3,Estado de México,"villa-de las flores, méxico-air-quality.csv"
2019/5/28, 41, 54, 13, 18, 4,Estado de México,"villa-de las flores, méxico-air-quality.csv"
2019/5/29, 46, 58, 13, 4, 5,Estado de México,"villa-de las flores, méxico-air-quality.csv"
2019/5/30, 50, 56, 15, 3, 6,Estado de México,"villa-de las flores, méxico-air-quality.csv"
2019/5/31, 55, 36, 7, 1, 3,Estado de México,"villa-de las flores, méxico-air-quality.csv"
2019/6/1, 34, 27, 4, 2, 2,Estado de México,"villa-de las flores, méxico-air-quality.csv"
2019/6/2, 25, 23, 3, 1, 2,Estado de México,"villa-de las flores, méxico-air-quality.csv"
2019/6/3, 15, 20, 6, 2, 2,Estado de México,"villa-de las flores, méxico-air-quality.csv"
2019/6/4, 17, 30, 14, 3, 4,Estado de México,"villa-de las flores, méxico-air-quality.csv"
2019/6/5, 16, 45, 21, 1, 7,Estado de México,"villa-de las flores, méxico-air-quality.csv"
2019/6/6, 22, 51, 21, 2, 6,Estado de México,"villa-de las flores, méxico-air-quality.csv"
2019/6/7, 24, 50, 22, 1, 7,Estado de México,"villa-de las flores, méxico-air-quality.csv"
2019/6/8, 25, 51, 15, 1, 6,Estado de México,"villa-de las flores, méxico-air-quality.csv"
2019/6/9, 36, 60, 10, 1, 4,Estado de México,"villa-de las flores, méxico-air-quality.csv"
2019/6/10, 31, 49, 10, 2, 4,Estado de México,"villa-de las flores, méxico-air-quality.csv"
2019/6/11, 41, 45, 4, 1, 2,Estado de México,"villa-de las flores, méxico-air-quality.csv"
2019/6/12, 17, 50, 10, 4, 3,Estado de México,"villa-de las flores, méxico-air-quality.csv"
2019/6/13, 31, 40, 8, 3, 3,Estado de México,"villa-de las flores, méxico-air-quality.csv"
2019/6/14, 26, 44, 6, 1, 2,Estado de México,"villa-de las flores, méxico-air-quality.csv"
2019/6/15, 17, 62, 9, 15, 3,Estado de México,"villa-de las flores, méxico-air-quality.csv"
2019/6/16, 33, 64, 11, 3, 4,Estado de México,"villa-de las flores, méxico-air-quality.csv"
2019/6/17, 34, 56, 15, 8, 4,Estado de México,"villa-de las flores, méxico-air-quality.csv"
2019/6/18, 44, 68, 12, 2, 3,Estado de México,"villa-de las flores, méxico-air-quality.csv"
2019/6/19, 38, 60, 15, 2, 4,Estado de México,"villa-de las flores, méxico-air-quality.csv"
2019/6/20, 23, 63, 19, 4, 6,Estado de México,"villa-de las flores, méxico-air-quality.csv"
2019/6/21, 33, 65, 19, 3, 6,Estado de México,"villa-de las flores, méxico-air-quality.csv"
2019/6/22, 32, 60, 18, 8, 5,Estado de México,"villa-de las flores, méxico-air-quality.csv"
2019/6/23, 34, 56, 13, 6, 4,Estado de México,"villa-de las flores, méxico-air-quality.csv"
2019/6/24, 32, 32, 19, 2, 5,Estado de México,"villa-de las flores, méxico-air-quality.csv"
2019/6/25, 15, 39, 17, 4, 5,Estado de México,"villa-de las flores, méxico-air-quality.csv"
2019/6/26, 24, 39, 13, 4, 3,Estado de México,"villa-de las flores, méxico-air-quality.csv"
2019/6/27, 24, 32, 6, 1, 2,Estado de México,"villa-de las flores, méxico-air-quality.csv"
2019/6/28, 21, 38, 7, 5, 2,Estado de México,"villa-de las flores, méxico-air-quality.csv"
2019/6/29, 23, 24, 6, 1, 1,Estado de México,"villa-de las flores, méxico-air-quality.csv"
2019/6/30, 7, , , , ,Estado de México,"villa-de las flores, méxico-air-quality.csv"
2019/1/2, 177, 35, 26, 38, 9,Estado de México,"villa-de las flores, méxico-air-quality.csv"
2019/1/3, 47, 44, 36, 11, 12,Estado de México,"villa-de las flores, méxico-air-quality.csv"
2019/1/4, 77, 60, 27, 11, 11,Estado de México,"villa-de las flores, méxico-air-quality.csv"
2019/1/5, 74, 16, 26, 6, 6,Estado de México,"villa-de las flores, méxico-air-quality.csv"
2019/1/6, 56, , , , ,Estado de México,"villa-de las flores, méxico-air-quality.csv"
2019/1/8, 58, 38, 24, 5, 7,Estado de México,"villa-de las flores, méxico-air-quality.csv"
2019/1/9, 54, 33, 16, 26, 5,Estado de México,"villa-de las flores, méxico-air-quality.csv"
2019/1/10, 50, 42, 17, 11, 6,Estado de México,"villa-de las flores, méxico-air-quality.csv"
2019/1/11, 42, 58, 23, 8, 8,Estado de México,"villa-de las flores, méxico-air-quality.csv"
2019/1/12, 65, 37, 16, 14, 6,Estado de México,"villa-de las flores, méxico-air-quality.csv"
2019/1/13, 37, 29, 7, 4, 3,Estado de México,"villa-de las flores, méxico-air-quality.csv"
2019/1/14, 15, 27, 11, 14, 5,Estado de México,"villa-de las flores, méxico-air-quality.csv"
2019/1/15, 26, 36, 17, 27, 7,Estado de México,"villa-de las flores, méxico-air-quality.csv"
2019/1/16, 44, 45, 17, 23, 7,Estado de México,"villa-de las flores, méxico-air-quality.csv"
2019/1/17, 44, 38, 19, 29, 7,Estado de México,"villa-de las flores, méxico-air-quality.csv"
2019/1/18, 43, 47, 21, 29, 7,Estado de México,"villa-de las flores, méxico-air-quality.csv"
2019/1/19, 46, 29, 14, 10, 7,Estado de México,"villa-de las flores, méxico-air-quality.csv"
2019/1/20, 43, 32, 10, 7, 4,Estado de México,"villa-de las flores, méxico-air-quality.csv"
2019/1/21, 34, 47, 28, 38, 10,Estado de México,"villa-de las flores, méxico-air-quality.csv"
2019/1/22, 53, 42, 33, 7, 12,Estado de México,"villa-de las flores, méxico-air-quality.csv"
2019/1/23, 82, 26, 28, 9, 9,Estado de México,"villa-de las flores, méxico-air-quality.csv"
2019/1/24, 59, 33, 26, 4, 8,Estado de México,"villa-de las flores, méxico-air-quality.csv"
2019/1/25, 71, 37, 26, 5, 7,Estado de México,"villa-de las flores, méxico-air-quality.csv"
2019/1/26, 65, 27, 21, 12, 5,Estado de México,"villa-de las flores, méxico-air-quality.csv"
2019/1/27, 62, 34, 12, 8, 2,Estado de México,"villa-de las flores, méxico-air-quality.csv"
2019/1/28, 30, 39, 22, 10, 4,Estado de México,"villa-de las flores, méxico-air-quality.csv"
2019/1/29, 55, 47, 25, 6, 5,Estado de México,"villa-de las flores, méxico-air-quality.csv"
2019/1/30, 64, 36, 28, 37, 7,Estado de México,"villa-de las flores, méxico-air-quality.csv"
2019/1/31, 64, , , , ,Estado de México,"villa-de las flores, méxico-air-quality.csv"
2019/2/2, 57, 41, 22, 5, 6,Estado de México,"villa-de las flores, méxico-air-quality.csv"
2019/2/3, 59, 66, 27, 6, 6,Estado de México,"villa-de las flores, méxico-air-quality.csv"
2019/2/4, 63, 60, 26, 5, 7,Estado de México,"villa-de las flores, méxico-air-quality.csv"
2019/2/5, 63, 40, 22, 12, 5,Estado de México,"villa-de las flores, méxico-air-quality.csv"
2019/2/6, 53, 68, 27, 6, 8,Estado de México,"villa-de las flores, méxico-air-quality.csv"
2019/2/7, 72, 39, 29, 7, 7,Estado de México,"villa-de las flores, méxico-air-quality.csv"
2019/2/8, 79, 25, 10, 3, 2,Estado de México,"villa-de las flores, méxico-air-quality.csv"
2019/2/9, 48, 41, 14, 16, 3,Estado de México,"villa-de las flores, méxico-air-quality.csv"
2019/2/10, 28, 47, 16, 19, 5,Estado de México,"villa-de las flores, méxico-air-quality.csv"
2019/2/13, 68, 38, 19, 27, 4,Estado de México,"villa-de las flores, méxico-air-quality.csv"
2019/2/14, 41, 74, 27, 3, 9,Estado de México,"villa-de las flores, méxico-air-quality.csv"
2019/2/15, 47, 61, 25, 3, 8,Estado de México,"villa-de las flores, méxico-air-quality.csv"
2019/2/16, 58, 81, 27, 6, 8,Estado de México,"villa-de las flores, méxico-air-quality.csv"
2019/2/17, 67, 64, 22, 4, 6,Estado de México,"villa-de las flores, méxico-air-quality.csv"
2019/2/18, 53, 35, 20, 3, 6,Estado de México,"villa-de las flores, méxico-air-quality.csv"
2019/2/19, 53, 32, 20, 2, 7,Estado de México,"villa-de las flores, méxico-air-quality.csv"
2019/2/20, 52, 28, 18, 2, 7,Estado de México,"villa-de las flores, méxico-air-quality.csv"
2019/2/21, 50, 26, 15, 1, 7,Estado de México,"villa-de las flores, méxico-air-quality.csv"
2019/2/22, 44, 29, 17, 3, 6,Estado de México,"villa-de las flores, méxico-air-quality.csv"
2019/2/23, 50, 38, 14, 8, 5,Estado de México,"villa-de las flores, méxico-air-quality.csv"
2019/2/24, 51, 29, 8, 2, 2,Estado de México,"villa-de las flores, méxico-air-quality.csv"
2019/2/25, 24, 31, 13, 3, 5,Estado de México,"villa-de las flores, méxico-air-quality.csv"
2019/2/26, 24, 34, 16, 2, 6,Estado de México,"villa-de las flores, méxico-air-quality.csv"
2019/2/27, 37, 43, 19, 4, 6,Estado de México,"villa-de las flores, méxico-air-quality.csv"
2019/2/28, 47, , , , ,Estado de México,"villa-de las flores, méxico-air-quality.csv"
2019/3/30, 43, 52, 20, 4, 5,Estado de México,"villa-de las flores, méxico-air-quality.csv"
2019/3/31, 57, 52, 12, 27, 3,Estado de México,"villa-de las flores, méxico-air-quality.csv"
2019/4/1, 55, 59, 19, 13, 5,Estado de México,"villa-de las flores, méxico-air-quality.csv"
2018/10/2, 19, 32, 9, 2, 2,Estado de México,"villa-de las flores, méxico-air-quality.csv"
2018/10/3, 22, 31, 8, 1, 2,Estado de México,"villa-de las flores, méxico-air-quality.csv"
2018/10/4, 17, 32, 10, 2, 2,Estado de México,"villa-de las flores, méxico-air-quality.csv"
2018/10/5, 21, 42, 9, 1, 2,Estado de México,"villa-de las flores, méxico-air-quality.csv"
2018/10/6, 22, 51, 14, 6, 3,Estado de México,"villa-de las flores, méxico-air-quality.csv"
2018/10/7, 34, 59, 15, 4, 4,Estado de México,"villa-de las flores, méxico-air-quality.csv"
2018/10/8, 27, 46, 22, 3, 5,Estado de México,"villa-de las flores, méxico-air-quality.csv"
2018/10/9, 33, 76, 21, 2, 8,Estado de México,"villa-de las flores, méxico-air-quality.csv"
2018/10/10, 46, 49, 20, 2, 5,Estado de México,"villa-de las flores, méxico-air-quality.csv"
2018/10/11, 26, 43, 13, 4, 4,Estado de México,"villa-de las flores, méxico-air-quality.csv"
2018/10/12, 21, 41, 11, 3, 3,Estado de México,"villa-de las flores, méxico-air-quality.csv"
2018/10/13, 24, 45, 19, 3, 6,Estado de México,"villa-de las flores, méxico-air-quality.csv"
2018/10/14, 42, 35, 14, 11, 5,Estado de México,"villa-de las flores, méxico-air-quality.csv"
2018/10/15, 30, 30, 14, 4, 5,Estado de México,"villa-de las flores, méxico-air-quality.csv"
2018/10/16, 37, 32, 9, 2, 3,Estado de México,"villa-de las flores, méxico-air-quality.csv"
2018/10/17, 21, 20, 9, 13, 3,Estado de México,"villa-de las flores, méxico-air-quality.csv"
2018/10/18, 19, 18, 8, 2, 3,Estado de México,"villa-de las flores, méxico-air-quality.csv"
2018/10/19, 14, 15, 10, 3, 1,Estado de México,"villa-de las flores, méxico-air-quality.csv"
2018/10/20, 19, , , , ,Estado de México,"villa-de las flores, méxico-air-quality.csv"
2018/11/8, 49, 41, 18, 11, 7,Estado de México,"villa-de las flores, méxico-air-quality.csv"
2018/11/9, 53, 44, 18, 5, 7,Estado de México,"villa-de las flores, méxico-air-quality.csv"
2018/11/10, 56, 42, 11, 3, 3,Estado de México,"villa-de las flores, méxico-air-quality.csv"
2018/11/11, 30, 50, 15, 29, 5,Estado de México,"villa-de las flores, méxico-air-quality.csv"
2018/11/12, 38, 58, 20, 6, 7,Estado de México,"villa-de las flores, méxico-air-quality.csv"
2018/11/13, 42, 31, 21, 11, 6,Estado de México,"villa-de las flores, méxico-air-quality.csv"
2018/11/14, 40, 7, 20, 24, 10,Estado de México,"villa-de las flores, méxico-air-quality.csv"
2018/11/15, 25, 31, 29, 12, 10,Estado de México,"villa-de las flores, méxico-air-quality.csv"
2018/11/16, 36, 45, 24, 4, 9,Estado de México,"villa-de las flores, méxico-air-quality.csv"
2018/11/17, 54, 56, 27, 3, 8,Estado de México,"villa-de las flores, méxico-air-quality.csv"
2018/11/18, 60, 62, 30, 3, 13,Estado de México,"villa-de las flores, méxico-air-quality.csv"
2018/11/19, 63, 72, 32, 3, 12,Estado de México,"villa-de las flores, méxico-air-quality.csv"
2018/11/20, 69, 68, 24, 3, 9,Estado de México,"villa-de las flores, méxico-air-quality.csv"
2018/11/21, 59, 42, 22, 17, 7,Estado de México,"villa-de las flores, méxico-air-quality.csv"
2018/11/22, 58, 56, 29, 5, 10,Estado de México,"villa-de las flores, méxico-air-quality.csv"
2018/11/23, 64, 68, 34, 4, 12,Estado de México,"villa-de las flores, méxico-air-quality.csv"
2018/11/24, 75, 82, 32, 4, 11,Estado de México,"villa-de las flores, méxico-air-quality.csv"
2018/11/25, 76, 50, 28, 2, 9,Estado de México,"villa-de las flores, méxico-air-quality.csv"
2018/11/26, 68, 38, 21, 17, 5,Estado de México,"villa-de las flores, méxico-air-quality.csv"
2018/11/27, 60, 38, 21, 20, 5,Estado de México,"villa-de las flores, méxico-air-quality.csv"
2018/11/28, 54, 23, 20, 7, 4,Estado de México,"villa-de las flores, méxico-air-quality.csv"
2018/11/29, 40, 20, 14, 1, 5,Estado de México,"villa-de las flores, méxico-air-quality.csv"
2018/11/30, 24, 15, , 2, 5,Estado de México,"villa-de las flores, méxico-air-quality.csv"
2018/12/1, 23, 46, 19, 2, 8,Estado de México,"villa-de las flores, méxico-air-quality.csv"
2018/12/2, 40, 60, 22, 2, 7,Estado de México,"villa-de las flores, méxico-air-quality.csv"
2018/12/3, 47, 60, 25, 6, 7,Estado de México,"villa-de las flores, méxico-air-quality.csv"
2018/12/4, 53, 47, 19, 24, 4,Estado de México,"villa-de las flores, méxico-air-quality.csv"
2018/12/5, 50, 26, 15, 29, 3,Estado de México,"villa-de las flores, méxico-air-quality.csv"
2018/12/6, 36, 36, 18, 9, 5,Estado de México,"villa-de las flores, méxico-air-quality.csv"
2018/12/7, 37, 39, 21, 2, 9,Estado de México,"villa-de las flores, méxico-air-quality.csv"
2018/12/8, 34, 49, 25, 3, 10,Estado de México,"villa-de las flores, méxico-air-quality.csv"
2018/12/9, 64, 68, 20, 5, 8,Estado de México,"villa-de las flores, méxico-air-quality.csv"
2018/12/10, 56, 27, 19, 59, 5,Estado de México,"villa-de las flores, méxico-air-quality.csv"
2018/12/11, 42, 32, , 39, 6,Estado de México,"villa-de las flores, méxico-air-quality.csv"
2018/12/12, 58, 39, 27, 8, 11,Estado de México,"villa-de las flores, méxico-air-quality.csv"
2018/12/13, 66, 27, 24, 4, 8,Estado de México,"villa-de las flores, méxico-air-quality.csv"
2018/12/14, 45, 43, 27, 14, 9,Estado de México,"villa-de las flores, méxico-air-quality.csv"
2018/12/15, 56, 44, 23, 33, 6,Estado de México,"villa-de las flores, méxico-air-quality.csv"
2018/12/16, 57, 49, 25, 29, 7,Estado de México,"villa-de las flores, méxico-air-quality.csv"
2018/12/17, 56, 51, 38, 30, 11,Estado de México,"villa-de las flores, méxico-air-quality.csv"
2018/12/18, 63, 78, 43, 11, 15,Estado de México,"villa-de las flores, méxico-air-quality.csv"
2018/12/19, 91, 30, 24, 4, 7,Estado de México,"villa-de las flores, méxico-air-quality.csv"
2018/12/20, 39, 39, 24, 23, 9,Estado de México,"villa-de las flores, méxico-air-quality.csv"
2018/12/21, 50, 37, 31, 15, 10,Estado de México,"villa-de las flores, méxico-air-quality.csv"
2018/12/22, 64, 52, 40, 14, 14,Estado de México,"villa-de las flores, méxico-air-quality.csv"
2018/12/23, 83, 64, 31, 15, 12,Estado de México,"villa-de las flores, méxico-air-quality.csv"
2018/12/24, 73, 52, 30, 40, 9,Estado de México,"villa-de las flores, méxico-air-quality.csv"
2018/12/25, 60, 86, 45, 20, 18,Estado de México,"villa-de las flores, méxico-air-quality.csv"
2018/12/26, 136, 40, , 8, 10,Estado de México,"villa-de las flores, méxico-air-quality.csv"
2018/12/27, 64, 34, 25, 6, 11,Estado de México,"villa-de las flores, méxico-air-quality.csv"
2018/12/28, 66, 32, 38, 7, 12,Estado de México,"villa-de las flores, méxico-air-quality.csv"
2018/12/29, 56, 50, 35, 9, 12,Estado de México,"villa-de las flores, méxico-air-quality.csv"
2018/12/30, 66, 30, 20, 23, 8,Estado de México,"villa-de las flores, méxico-air-quality.csv"
2018/12/31, 52, , , , ,Estado de México,"villa-de las flores, méxico-air-quality.csv"
2018/7/3, 43, 47, 13, 20, 2,Estado de México,"villa-de las flores, méxico-air-quality.csv"
2018/7/4, 42, 41, 17, 12, 4,Estado de México,"villa-de las flores, méxico-air-quality.csv"
2018/7/5, 44, 33, 7, 2, 3,Estado de México,"villa-de las flores, méxico-air-quality.csv"
2018/7/6, 40, 28, 7, 7, 2,Estado de México,"villa-de las flores, méxico-air-quality.csv"
2018/7/7, 26, 40, 8, 2, 2,Estado de México,"villa-de las flores, méxico-air-quality.csv"
2018/7/8, 22, 40, 12, 21, 3,Estado de México,"villa-de las flores, méxico-air-quality.csv"
2018/7/9, 24, 41, 13, 4, 4,Estado de México,"villa-de las flores, méxico-air-quality.csv"
2018/7/10, 36, 38, 10, 3, 3,Estado de México,"villa-de las flores, méxico-air-quality.csv"
2018/7/11, 22, 43, 17, 11, 4,Estado de México,"villa-de las flores, méxico-air-quality.csv"
2018/7/12, 30, 39, 15, 2, 5,Estado de México,"villa-de las flores, méxico-air-quality.csv"
2018/7/13, 29, 41, 10, 26, 2,Estado de México,"villa-de las flores, méxico-air-quality.csv"
2018/7/14, 43, 37, 18, 3, 5,Estado de México,"villa-de las flores, méxico-air-quality.csv"
2018/7/15, 25, 61, 9, 2, 3,Estado de México,"villa-de las flores, méxico-air-quality.csv"
2018/7/16, 52, 54, 12, 21, 2,Estado de México,"villa-de las flores, méxico-air-quality.csv"
2018/7/17, 62, 37, 13, 10, 3,Estado de México,"villa-de las flores, méxico-air-quality.csv"
2018/7/18, 36, 56, 14, 5, ,Estado de México,"villa-de las flores, méxico-air-quality.csv"
2018/7/19, 38, 47, 12, 19, ,Estado de México,"villa-de las flores, méxico-air-quality.csv"
2018/7/20, 39, 49, 15, 16, 3,Estado de México,"villa-de las flores, méxico-air-quality.csv"
2018/7/21, 41, 40, 10, 2, 2,Estado de México,"villa-de las flores, méxico-air-quality.csv"
2018/7/22, 31, 51, 7, 7, 1,Estado de México,"villa-de las flores, méxico-air-quality.csv"
2018/7/23, 37, 50, 11, 15, 3,Estado de México,"villa-de las flores, méxico-air-quality.csv"
2018/7/24, 36, 57, 14, 4, 3,Estado de México,"villa-de las flores, méxico-air-quality.csv"
2018/7/25, 42, 46, 18, 6, 4,Estado de México,"villa-de las flores, méxico-air-quality.csv"
2018/7/26, 53, 61, 21, 4, 5,Estado de México,"villa-de las flores, méxico-air-quality.csv"
2018/7/27, 46, 53, 17, 5, 4,Estado de México,"villa-de las flores, méxico-air-quality.csv"
2018/7/28, 38, 55, 13, 3, 3,Estado de México,"villa-de las flores, méxico-air-quality.csv"
2018/7/29, 28, 20, 12, 1, 3,Estado de México,"villa-de las flores, méxico-air-quality.csv"
2018/7/31, 38, 58, 13, 4, 2,Estado de México,"villa-de las flores, méxico-air-quality.csv"
2018/8/1, 28, 41, 13, 1, 2,Estado de México,"villa-de las flores, méxico-air-quality.csv"
2018/8/2, 23, 33, 9, 2, 2,Estado de México,"villa-de las flores, méxico-air-quality.csv"
2018/8/3, 20, 37, 9, 1, 2,Estado de México,"villa-de las flores, méxico-air-quality.csv"
2018/8/4, 21, 34, 10, 3, 2,Estado de México,"villa-de las flores, méxico-air-quality.csv"
2018/8/5, 21, 36, 7, 1, 1,Estado de México,"villa-de las flores, méxico-air-quality.csv"
2018/8/6, 13, 29, 9, 1, 2,Estado de México,"villa-de las flores, méxico-air-quality.csv"
2018/8/7, 20, 35, 11, 14, 3,Estado de México,"villa-de las flores, méxico-air-quality.csv"
2018/8/8, 26, 45, 13, 6, 3,Estado de México,"villa-de las flores, méxico-air-quality.csv"
2018/8/9, 30, 48, 11, 9, 2,Estado de México,"villa-de las flores, méxico-air-quality.csv"
2018/8/10, 29, 47, 16, 4, 3,Estado de México,"villa-de las flores, méxico-air-quality.csv"
2018/8/11, 20, 57, 17, 3, 4,Estado de México,"villa-de las flores, méxico-air-quality.csv"
2018/8/12, 27, 39, 16, 10, 4,Estado de México,"villa-de las flores, méxico-air-quality.csv"
2018/8/13, 23, 58, 26, 2, 8,Estado de México,"villa-de las flores, méxico-air-quality.csv"
2018/8/14, 38, 75, 17, 9, 4,Estado de México,"villa-de las flores, méxico-air-quality.csv"
2018/8/15, 39, 47, 14, 4, 3,Estado de México,"villa-de las flores, méxico-air-quality.csv"
2018/8/16, 27, 42, 19, 2, 6,Estado de México,"villa-de las flores, méxico-air-quality.csv"
2018/8/17, 28, 54, 12, 6, 3,Estado de México,"villa-de las flores, méxico-air-quality.csv"
2018/8/18, 28, 41, 13, 2, 3,Estado de México,"villa-de las flores, méxico-air-quality.csv"
2018/8/19, 24, 59, 9, 7, 2,Estado de México,"villa-de las flores, méxico-air-quality.csv"
2018/8/20, 26, 38, 12, 4, 2,Estado de México,"villa-de las flores, méxico-air-quality.csv"
2018/8/21, 26, 31, 17, 1, 4,Estado de México,"villa-de las flores, méxico-air-quality.csv"
2018/8/22, 26, 30, 7, 1, 2,Estado de México,"villa-de las flores, méxico-air-quality.csv"
2018/8/23, 19, 36, 10, 22, 3,Estado de México,"villa-de las flores, méxico-air-quality.csv"
2018/8/24, 28, 45, 13, 2, 3,Estado de México,"villa-de las flores, méxico-air-quality.csv"
2018/8/25, 32, 43, 10, 27, 2,Estado de México,"villa-de las flores, méxico-air-quality.csv"
2018/8/26, 29, 40, 6, 2, 1,Estado de México,"villa-de las flores, méxico-air-quality.csv"
2018/8/27, 18, 41, 8, 11, 2,Estado de México,"villa-de las flores, méxico-air-quality.csv"
2018/8/28, 20, 38, 18, 21, 4,Estado de México,"villa-de las flores, méxico-air-quality.csv"
2018/8/29, 27, 36, 17, 3, 4,Estado de México,"villa-de las flores, méxico-air-quality.csv"
2018/8/30, 21, 43, 10, 2, 3,Estado de México,"villa-de las flores, méxico-air-quality.csv"
2018/8/31, 17, 51, 11, 11, 3,Estado de México,"villa-de las flores, méxico-air-quality.csv"
2018/9/1, 20, 18, 16, 4, 4,Estado de México,"villa-de las flores, méxico-air-quality.csv"
2018/9/2, 9, , , , ,Estado de México,"villa-de las flores, méxico-air-quality.csv"
2018/9/4, 30, 50, 11, 10, 3,Estado de México,"villa-de las flores, méxico-air-quality.csv"
2018/9/5, 28, 37, 11, 11, 3,Estado de México,"villa-de las flores, méxico-air-quality.csv"
2018/9/6, 24, 33, 21, 2, 6,Estado de México,"villa-de las flores, méxico-air-quality.csv"
2018/9/7, 27, 44, 13, 12, 4,Estado de México,"villa-de las flores, méxico-air-quality.csv"
2018/9/8, 27, 48, 14, 27, 4,Estado de México,"villa-de las flores, méxico-air-quality.csv"
2018/9/9, 26, 36, 11, 6, 2,Estado de México,"villa-de las flores, méxico-air-quality.csv"
2018/9/10, 37, 58, 17, 9, 4,Estado de México,"villa-de las flores, méxico-air-quality.csv"
2018/9/11, 36, 50, 21, 4, 5,Estado de México,"villa-de las flores, méxico-air-quality.csv"
2018/9/12, 42, 46, 19, 6, 4,Estado de México,"villa-de las flores, méxico-air-quality.csv"
2018/9/13, 27, 29, 9, 1, 6,Estado de México,"villa-de las flores, méxico-air-quality.csv"
2018/9/14, 29, 55, , 2, 4,Estado de México,"villa-de las flores, méxico-air-quality.csv"
2018/9/15, 28, 48, , 5, 6,Estado de México,"villa-de las flores, méxico-air-quality.csv"
2018/9/16, 31, 45, , 6, 5,Estado de México,"villa-de las flores, méxico-air-quality.csv"
2018/9/17, 42, 40, , 7, 4,Estado de México,"villa-de las flores, méxico-air-quality.csv"
2018/9/18, 24, 48, 9, 3, 5,Estado de México,"villa-de las flores, méxico-air-quality.csv"
2018/9/19, 34, 48, , 12, 3,Estado de México,"villa-de las flores, méxico-air-quality.csv"
2018/9/20, 29, 46, 10, 13, 3,Estado de México,"villa-de las flores, méxico-air-quality.csv"
2018/9/21, 25, 74, 14, 4, 4,Estado de México,"villa-de las flores, méxico-air-quality.csv"
2018/9/22, 36, 36, 11, 9, 3,Estado de México,"villa-de las flores, méxico-air-quality.csv"
2018/9/23, 23, 28, 10, 8, 2,Estado de México,"villa-de las flores, méxico-air-quality.csv"
2018/9/24, 18, 37, 12, 4, 3,Estado de México,"villa-de las flores, méxico-air-quality.csv"
2018/9/25, 24, 36, 11, 4, 3,Estado de México,"villa-de las flores, méxico-air-quality.csv"
2018/9/26, 20, 31, 12, 3, 3,Estado de México,"villa-de las flores, méxico-air-quality.csv"
2018/9/27, 23, 39, 11, 3, 4,Estado de México,"villa-de las flores, méxico-air-quality.csv"
2018/9/28, 21, 33, 10, 2, 2,Estado de México,"villa-de las flores, méxico-air-quality.csv"
2018/9/29, 18, 35, 9, 11, 3,Estado de México,"villa-de las flores, méxico-air-quality.csv"
2018/9/30, 26, 38, 6, 4, 2,Estado de México,"villa-de las flores, méxico-air-quality.csv"
2018/10/1, 21, 33, 8, 6, 2,Estado de México,"villa-de las flores, méxico-air-quality.csv"
2018/4/2, 39, 64, 20, 8, 5,Estado de México,"villa-de las flores, méxico-air-quality.csv"
2018/4/3, 52, 89, 19, 2, 3,Estado de México,"villa-de las flores, méxico-air-quality.csv"
2018/4/4, 58, 53, 19, 3, 4,Estado de México,"villa-de las flores, méxico-air-quality.csv"
2018/4/5, 49, 77, 16, 1, 5,Estado de México,"villa-de las flores, méxico-air-quality.csv"
2018/4/6, 45, 53, 21, 3, 4,Estado de México,"villa-de las flores, méxico-air-quality.csv"
2018/4/7, 42, 62, 23, 3, 6,Estado de México,"villa-de las flores, méxico-air-quality.csv"
2018/4/8, 43, 81, 17, 3, 4,Estado de México,"villa-de las flores, méxico-air-quality.csv"
2018/4/9, 43, 71, 22, 2, 5,Estado de México,"villa-de las flores, méxico-air-quality.csv"
2018/4/10, 55, 51, 14, , 6,Estado de México,"villa-de las flores, méxico-air-quality.csv"
2018/4/11, 43, 55, 15, 1, 3,Estado de México,"villa-de las flores, méxico-air-quality.csv"
2018/4/12, 23, 9, 25, , 4,Estado de México,"villa-de las flores, méxico-air-quality.csv"
2018/4/13, 21, 65, 19, 2, 4,Estado de México,"villa-de las flores, méxico-air-quality.csv"
2018/4/14, 46, 61, 21, 1, 5,Estado de México,"villa-de las flores, méxico-air-quality.csv"
2018/4/15, 50, 60, 12, 37, 1,Estado de México,"villa-de las flores, méxico-air-quality.csv"
2018/4/16, 63, 62, 17, 40, 2,Estado de México,"villa-de las flores, méxico-air-quality.csv"
2018/4/17, 46, 83, 19, 12, 4,Estado de México,"villa-de las flores, méxico-air-quality.csv"
2018/4/18, 51, 60, 20, 6, 5,Estado de México,"villa-de las flores, méxico-air-quality.csv"
2018/4/19, 61, 55, 20, 9, 5,Estado de México,"villa-de las flores, méxico-air-quality.csv"
2018/4/20, 54, 24, 10, , 2,Estado de México,"villa-de las flores, méxico-air-quality.csv"
2018/4/21, 34, , , , ,Estado de México,"villa-de las flores, méxico-air-quality.csv"
2018/4/25, 50, 61, 20, 4, 6,Estado de México,"villa-de las flores, méxico-air-quality.csv"
2018/4/26, 31, 68, 17, 18, 6,Estado de México,"villa-de las flores, méxico-air-quality.csv"
2018/4/27, 47, 72, 24, 8, 8,Estado de México,"villa-de las flores, méxico-air-quality.csv"
2018/4/28, 46, 92, 21, 7, 7,Estado de México,"villa-de las flores, méxico-air-quality.csv"
2018/4/29, 44, 77, 15, 11, 6,Estado de México,"villa-de las flores, méxico-air-quality.csv"
2018/4/30, 35, 65, 20, 2, 7,Estado de México,"villa-de las flores, méxico-air-quality.csv"
2018/5/1, 45, 54, 17, 1, 5,Estado de México,"villa-de las flores, méxico-air-quality.csv"
2018/5/2, 32, 43, 19, 5, 7,Estado de México,"villa-de las flores, méxico-air-quality.csv"
2018/5/3, 29, 60, 22, 17, 8,Estado de México,"villa-de las flores, méxico-air-quality.csv"
2018/5/4, 51, 55, 21, 4, 6,Estado de México,"villa-de las flores, méxico-air-quality.csv"
2018/5/5, 38, 38, 10, 2, 4,Estado de México,"villa-de las flores, méxico-air-quality.csv"
2018/5/6, 18, 34, 8, 43, 3,Estado de México,"villa-de las flores, méxico-air-quality.csv"
2018/5/7, 19, 37, 7, 10, 3,Estado de México,"villa-de las flores, méxico-air-quality.csv"
2018/5/8, 21, 22, 18, 36, 4,Estado de México,"villa-de las flores, méxico-air-quality.csv"
2018/5/9, 34, 3, 32, 6, 8,Estado de México,"villa-de las flores, méxico-air-quality.csv"
2018/5/10, 15, , , , ,Estado de México,"villa-de las flores, méxico-air-quality.csv"
2018/5/13, 38, 77, 16, 3, 8,Estado de México,"villa-de las flores, méxico-air-quality.csv"
2018/5/14, 35, 61, 12, 36, 6,Estado de México,"villa-de las flores, méxico-air-quality.csv"
2018/5/15, 36, 24, 11, 37, 5,Estado de México,"villa-de las flores, méxico-air-quality.csv"
2018/5/16, 44, , , , ,Estado de México,"villa-de las flores, méxico-air-quality.csv"
2018/5/22, 38, 61, 19, 26, 9,Estado de México,"villa-de las flores, méxico-air-quality.csv"
2018/5/23, 48, 65, 17, 9, 9,Estado de México,"villa-de las flores, méxico-air-quality.csv"
2018/5/24, 43, 57, 13, 15, 8,Estado de México,"villa-de las flores, méxico-air-quality.csv"
2018/5/25, 43, 48, 11, 27, 7,Estado de México,"villa-de las flores, méxico-air-quality.csv"
2018/5/26, 39, 61, 12, 3, 7,Estado de México,"villa-de las flores, méxico-air-quality.csv"
2018/5/27, 39, 70, 13, 6, 8,Estado de México,"villa-de las flores, méxico-air-quality.csv"
2018/5/28, 34, 53, 19, 3, 10,Estado de México,"villa-de las flores, méxico-air-quality.csv"
2018/5/29, 48, 50, 18, 9, 10,Estado de México,"villa-de las flores, méxico-air-quality.csv"
2018/5/30, 56, 47, 18, 12, 10,Estado de México,"villa-de las flores, méxico-air-quality.csv"
2018/5/31, 64, 44, 20, 4, 9,Estado de México,"villa-de las flores, méxico-air-quality.csv"
2018/6/1, 54, 59, 13, 4, 4,Estado de México,"villa-de las flores, méxico-air-quality.csv"
2018/6/2, 48, 49, 8, , 3,Estado de México,"villa-de las flores, méxico-air-quality.csv"
2018/6/3, 36, 31, 5, 8, 3,Estado de México,"villa-de las flores, méxico-air-quality.csv"
2018/6/4, 31, 43, 7, 1, 3,Estado de México,"villa-de las flores, méxico-air-quality.csv"
2018/6/5, 29, 84, 13, 19, 4,Estado de México,"villa-de las flores, méxico-air-quality.csv"
2018/6/6, 40, 80, 14, 28, 5,Estado de México,"villa-de las flores, méxico-air-quality.csv"
2018/6/7, 49, 63, 13, 21, 5,Estado de México,"villa-de las flores, méxico-air-quality.csv"
2018/6/8, 46, 45, 9, 5, 4,Estado de México,"villa-de las flores, méxico-air-quality.csv"
2018/6/9, 32, 39, 10, 10, 4,Estado de México,"villa-de las flores, méxico-air-quality.csv"
2018/6/10, 27, 65, 11, 2, 4,Estado de México,"villa-de las flores, méxico-air-quality.csv"
2018/6/11, 26, 54, 19, 13, 6,Estado de México,"villa-de las flores, méxico-air-quality.csv"
2018/6/12, 35, 45, 22, 17, 6,Estado de México,"villa-de las flores, méxico-air-quality.csv"
2018/6/13, 37, 32, 19, 2, 7,Estado de México,"villa-de las flores, méxico-air-quality.csv"
2018/6/14, 17, 24, 20, 4, 8,Estado de México,"villa-de las flores, méxico-air-quality.csv"
2018/6/15, 13, 45, 19, 2, 6,Estado de México,"villa-de las flores, méxico-air-quality.csv"
2018/6/16, 21, 37, 13, 1, 5,Estado de México,"villa-de las flores, méxico-air-quality.csv"
2018/6/17, 18, 42, 10, 1, 4,Estado de México,"villa-de las flores, méxico-air-quality.csv"
2018/6/18, 15, 15, 17, 2, 5,Estado de México,"villa-de las flores, méxico-air-quality.csv"
2018/6/19, 20, 45, 16, 7, 4,Estado de México,"villa-de las flores, méxico-air-quality.csv"
2018/6/20, 17, 29, 19, 3, 5,Estado de México,"villa-de las flores, méxico-air-quality.csv"
2018/6/21, 22, 30, 20, 2, 6,Estado de México,"villa-de las flores, méxico-air-quality.csv"
2018/6/22, 28, 32, 14, 7, 6,Estado de México,"villa-de las flores, méxico-air-quality.csv"
2018/6/23, 21, , , , ,Estado de México,"villa-de las flores, méxico-air-quality.csv"
2018/6/26, 34, 44, 15, 4, 3,Estado de México,"villa-de las flores, méxico-air-quality.csv"
2018/6/27, 22, 53, 13, 2, 4,Estado de México,"villa-de las flores, méxico-air-quality.csv"
2018/6/28, 27, 49, 14, 2, 4,Estado de México,"villa-de las flores, méxico-air-quality.csv"
2018/6/29, 12, 13, 21, 23, 7,Estado de México,"villa-de las flores, méxico-air-quality.csv"
2018/6/30, 37, , , , ,Estado de México,"villa-de las flores, méxico-air-quality.csv"
2018/1/9, 55, 34, 25, 9, 6,Estado de México,"villa-de las flores, méxico-air-quality.csv"
2018/1/10, 58, 41, 41, 14, 13,Estado de México,"villa-de las flores, méxico-air-quality.csv"
2018/1/11, 88, 42, 37, 7, 11,Estado de México,"villa-de las flores, méxico-air-quality.csv"
2018/1/12, 86, 36, 20, 20, 5,Estado de México,"villa-de las flores, méxico-air-quality.csv"
2018/1/13, 59, 31, 22, 11, 6,Estado de México,"villa-de las flores, méxico-air-quality.csv"
2018/1/14, 61, 28, 17, 19, 2,Estado de México,"villa-de las flores, méxico-air-quality.csv"
2018/1/15, 45, 32, 26, 27, 3,Estado de México,"villa-de las flores, méxico-air-quality.csv"
2018/1/16, 50, 30, 23, 22, 7,Estado de México,"villa-de las flores, méxico-air-quality.csv"
2018/1/17, 69, 35, 21, 2, 4,Estado de México,"villa-de las flores, méxico-air-quality.csv"
2018/1/18, 50, 43, 32, 20, 6,Estado de México,"villa-de las flores, méxico-air-quality.csv"
2018/1/19, 55, 51, 37, 4, 8,Estado de México,"villa-de las flores, méxico-air-quality.csv"
2018/1/20, 77, 38, 33, 4, 8,Estado de México,"villa-de las flores, méxico-air-quality.csv"
2018/1/21, 59, 41, 26, 12, 6,Estado de México,"villa-de las flores, méxico-air-quality.csv"
2018/1/22, 54, 40, 26, 6, 7,Estado de México,"villa-de las flores, méxico-air-quality.csv"
2018/1/23, 66, 44, 21, 24, 3,Estado de México,"villa-de las flores, méxico-air-quality.csv"
2018/1/24, 62, 27, 15, 6, 3,Estado de México,"villa-de las flores, méxico-air-quality.csv"
2018/1/25, 41, 27, 12, 6, 2,Estado de México,"villa-de las flores, méxico-air-quality.csv"
2018/1/26, 27, 35, 17, 7, 3,Estado de México,"villa-de las flores, méxico-air-quality.csv"
2018/1/27, 40, 34, 19, 14, 4,Estado de México,"villa-de las flores, méxico-air-quality.csv"
2018/1/28, 43, 16, 9, 8, 1,Estado de México,"villa-de las flores, méxico-air-quality.csv"
2018/1/29, 23, 22, 8, , 1,Estado de México,"villa-de las flores, méxico-air-quality.csv"
2018/1/30, 15, 31, 15, 18, 2,Estado de México,"villa-de las flores, méxico-air-quality.csv"
2018/1/31, 42, 16, 26, 24, 6,Estado de México,"villa-de las flores, méxico-air-quality.csv"
2018/2/1, 45, 28, 27, 3, 12,Estado de México,"villa-de las flores, méxico-air-quality.csv"
2018/2/2, 62, 34, 9, 2, 3,Estado de México,"villa-de las flores, méxico-air-quality.csv"
2018/2/3, 49, 42, 24, 18, 6,Estado de México,"villa-de las flores, méxico-air-quality.csv"
2018/2/4, 57, 48, 23, 6, 8,Estado de México,"villa-de las flores, méxico-air-quality.csv"
2018/2/5, 58, 56, 20, 19, 6,Estado de México,"villa-de las flores, méxico-air-quality.csv"
2018/2/6, 46, 57, 22, 10, 6,Estado de México,"villa-de las flores, méxico-air-quality.csv"
2018/2/7, 55, 43, 18, 4, 6,Estado de México,"villa-de las flores, méxico-air-quality.csv"
2018/2/8, 57, 24, 10, 2, 3,Estado de México,"villa-de las flores, méxico-air-quality.csv"
2018/2/9, 34, 25, 20, 28, 5,Estado de México,"villa-de las flores, méxico-air-quality.csv"
2018/2/10, 40, 26, 18, 5, 5,Estado de México,"villa-de las flores, méxico-air-quality.csv"
2018/2/11, 20, 19, 22, 5, 9,Estado de México,"villa-de las flores, méxico-air-quality.csv"
2018/2/12, 46, , , , ,Estado de México,"villa-de las flores, méxico-air-quality.csv"
2018/2/16, 58, , , , ,Estado de México,"villa-de las flores, méxico-air-quality.csv"
2018/3/6, 105, , , , ,Estado de México,"villa-de las flores, méxico-air-quality.csv"
2018/3/7, 63, , , , ,Estado de México,"villa-de las flores, méxico-air-quality.csv"
2018/3/8, 46, , , , ,Estado de México,"villa-de las flores, méxico-air-quality.csv"
2018/3/9, 29, , , , ,Estado de México,"villa-de las flores, méxico-air-quality.csv"
2018/3/10, 50, , , , ,Estado de México,"villa-de las flores, méxico-air-quality.csv"
2018/3/11, 52, , , , ,Estado de México,"villa-de las flores, méxico-air-quality.csv"
2018/3/12, 45, , , , ,Estado de México,"villa-de las flores, méxico-air-quality.csv"
2018/3/13, 45, , , , ,Estado de México,"villa-de las flores, méxico-air-quality.csv"
2018/3/14, 47, , , , ,Estado de México,"villa-de las flores, méxico-air-quality.csv"
2018/3/15, 57, , , , ,Estado de México,"villa-de las flores, méxico-air-quality.csv"
2018/3/16, 50, 70, 26, 2, 9,Estado de México,"villa-de las flores, méxico-air-quality.csv"
2018/3/17, 57, 71, 23, 9, 9,Estado de México,"villa-de las flores, méxico-air-quality.csv"
2018/3/18, 54, 62, 20, 2, 6,Estado de México,"villa-de las flores, méxico-air-quality.csv"
2018/3/19, 45, 51, 17, 6, 6,Estado de México,"villa-de las flores, méxico-air-quality.csv"
2018/3/20, 48, 58, 17, 9, 7,Estado de México,"villa-de las flores, méxico-air-quality.csv"
2018/3/21, 62, 54, 16, 6, 6,Estado de México,"villa-de las flores, méxico-air-quality.csv"
2018/3/22, 54, 47, 18, 28, 5,Estado de México,"villa-de las flores, méxico-air-quality.csv"
2018/3/23, 52, 41, 13, 13, 4,Estado de México,"villa-de las flores, méxico-air-quality.csv"
2018/3/24, 37, 29, 17, 12, 5,Estado de México,"villa-de las flores, méxico-air-quality.csv"
2018/3/25, 46, 53, 15, 4, 6,Estado de México,"villa-de las flores, méxico-air-quality.csv"
2018/3/26, 48, 78, 19, 5, 5,Estado de México,"villa-de las flores, méxico-air-quality.csv"
2018/3/27, 57, 77, 22, 2, 4,Estado de México,"villa-de las flores, méxico-air-quality.csv"
2018/3/28, 64, 54, 20, 2, 3,Estado de México,"villa-de las flores, méxico-air-quality.csv"
2018/3/29, 68, 70, 20, 4, 4,Estado de México,"villa-de las flores, méxico-air-quality.csv"
2018/3/30, 54, 43, 8, 27, 2,Estado de México,"villa-de las flores, méxico-air-quality.csv"
2018/3/31, 33, 52, 13, 20, 2,Estado de México,"villa-de las flores, méxico-air-quality.csv"
2018/4/1, 31, 50, 17, 2, 4,Estado de México,"villa-de las flores, méxico-air-quality.csv"
2017/10/2, 15, 25, 9, 2, 3,Estado de México,"villa-de las flores, méxico-air-quality.csv"
2017/10/3, 13, 23, 10, 2, 3,Estado de México,"villa-de las flores, méxico-air-quality.csv"
2017/10/4, 20, 18, 9, 2, 3,Estado de México,"villa-de las flores, méxico-air-quality.csv"
2017/10/5, 21, 22, 9, 4, 3,Estado de México,"villa-de las flores, méxico-air-quality.csv"
2017/10/6, 28, 28, 11, 7, 5,Estado de México,"villa-de las flores, méxico-air-quality.csv"
2017/10/7, 27, 45, 19, 10, 7,Estado de México,"villa-de las flores, méxico-air-quality.csv"
2017/10/8, 50, 50, 15, 3, 5,Estado de México,"villa-de las flores, méxico-air-quality.csv"
2017/10/9, 32, 45, 20, 3, 6,Estado de México,"villa-de las flores, méxico-air-quality.csv"
2017/10/10, 28, 32, 12, 4, 3,Estado de México,"villa-de las flores, méxico-air-quality.csv"
2017/10/11, 27, 23, 11, 8, 3,Estado de México,"villa-de las flores, méxico-air-quality.csv"
2017/10/12, 20, 23, 12, 3, 4,Estado de México,"villa-de las flores, méxico-air-quality.csv"
2017/10/13, 21, 26, 9, 2, 3,Estado de México,"villa-de las flores, méxico-air-quality.csv"
2017/10/14, 20, 34, 9, 4, 3,Estado de México,"villa-de las flores, méxico-air-quality.csv"
2017/10/15, 22, 36, 10, 14, 5,Estado de México,"villa-de las flores, méxico-air-quality.csv"
2017/10/16, 29, 22, 6, , 3,Estado de México,"villa-de las flores, méxico-air-quality.csv"
2017/10/17, 12, 28, 13, 3, 4,Estado de México,"villa-de las flores, méxico-air-quality.csv"
2017/10/18, 21, 31, 13, 4, 4,Estado de México,"villa-de las flores, méxico-air-quality.csv"
2017/10/19, 30, 44, 19, 26, 5,Estado de México,"villa-de las flores, méxico-air-quality.csv"
2017/10/20, 45, 51, 19, 11, 6,Estado de México,"villa-de las flores, méxico-air-quality.csv"
2017/10/21, 42, 54, 24, 4, 7,Estado de México,"villa-de las flores, méxico-air-quality.csv"
2017/10/22, 55, 38, 18, 3, 6,Estado de México,"villa-de las flores, méxico-air-quality.csv"
2017/10/23, 49, 24, 12, 3, 3,Estado de México,"villa-de las flores, méxico-air-quality.csv"
2017/10/24, 28, 28, 10, 2, 2,Estado de México,"villa-de las flores, méxico-air-quality.csv"
2017/10/25, 21, 33, 9, 2, 2,Estado de México,"villa-de las flores, méxico-air-quality.csv"
2017/10/26, 18, 51, 22, 17, 7,Estado de México,"villa-de las flores, méxico-air-quality.csv"
2017/10/27, 43, 47, 25, 10, 7,Estado de México,"villa-de las flores, méxico-air-quality.csv"
2017/10/28, 52, 67, 19, 4, 5,Estado de México,"villa-de las flores, méxico-air-quality.csv"
2017/10/29, 43, 54, 19, 9, 5,Estado de México,"villa-de las flores, méxico-air-quality.csv"
2017/10/30, 42, 49, 20, 5, 6,Estado de México,"villa-de las flores, méxico-air-quality.csv"
2017/10/31, 49, 62, 20, 4, 7,Estado de México,"villa-de las flores, méxico-air-quality.csv"
2017/11/1, 35, 16, 22, 6, 6,Estado de México,"villa-de las flores, méxico-air-quality.csv"
2017/11/2, 62, 42, 18, 8, 5,Estado de México,"villa-de las flores, méxico-air-quality.csv"
2017/11/3, 34, 32, 19, 3, 7,Estado de México,"villa-de las flores, méxico-air-quality.csv"
2017/11/4, 41, 32, 18, 13, 6,Estado de México,"villa-de las flores, méxico-air-quality.csv"
2017/11/5, 50, 42, 16, 15, 5,Estado de México,"villa-de las flores, méxico-air-quality.csv"
2017/11/6, 43, 42, 22, 17, 6,Estado de México,"villa-de las flores, méxico-air-quality.csv"
2017/11/7, 49, 34, 20, 13, 6,Estado de México,"villa-de las flores, méxico-air-quality.csv"
2017/11/8, 53, 31, 24, 19, 7,Estado de México,"villa-de las flores, méxico-air-quality.csv"
2017/11/9, 55, 36, 17, 28, 4,Estado de México,"villa-de las flores, méxico-air-quality.csv"
2017/11/10, 46, 30, 14, 17, 5,Estado de México,"villa-de las flores, méxico-air-quality.csv"
2017/11/11, 33, 33, 11, 15, 6,Estado de México,"villa-de las flores, méxico-air-quality.csv"
2017/11/12, 31, 29, 12, 37, 7,Estado de México,"villa-de las flores, méxico-air-quality.csv"
2017/11/13, 36, 27, 9, 2, 5,Estado de México,"villa-de las flores, méxico-air-quality.csv"
2017/11/14, 27, 25, 11, , 8,Estado de México,"villa-de las flores, méxico-air-quality.csv"
2017/11/15, 21, 29, 18, 20, 10,Estado de México,"villa-de las flores, méxico-air-quality.csv"
2017/11/16, 41, 32, 20, 11, 12,Estado de México,"villa-de las flores, méxico-air-quality.csv"
2017/11/17, 52, 33, 19, 26, 10,Estado de México,"villa-de las flores, méxico-air-quality.csv"
2017/11/18, 49, 34, 25, 12, 14,Estado de México,"villa-de las flores, méxico-air-quality.csv"
2017/11/19, 60, 25, 13, 5, 11,Estado de México,"villa-de las flores, méxico-air-quality.csv"
2017/11/20, 41, 34, 19, 21, 11,Estado de México,"villa-de las flores, méxico-air-quality.csv"
2017/11/21, 47, 8, 32, 5, 17,Estado de México,"villa-de las flores, méxico-air-quality.csv"
2017/11/22, 62, 38, 10, 3, 10,Estado de México,"villa-de las flores, méxico-air-quality.csv"
2017/11/23, 42, 36, 21, 15, 55,Estado de México,"villa-de las flores, méxico-air-quality.csv"
2017/11/24, 43, 29, 46, 10, ,Estado de México,"villa-de las flores, méxico-air-quality.csv"
2017/11/25, 76, 50, 32, 13, 9,Estado de México,"villa-de las flores, méxico-air-quality.csv"
2017/11/26, 82, 34, 22, 8, 9,Estado de México,"villa-de las flores, méxico-air-quality.csv"
2017/11/27, 49, 38, 23, 8, 7,Estado de México,"villa-de las flores, méxico-air-quality.csv"
2017/11/28, 44, 44, 27, 14, 7,Estado de México,"villa-de las flores, méxico-air-quality.csv"
2017/11/29, 54, 36, 26, 12, 10,Estado de México,"villa-de las flores, méxico-air-quality.csv"
2017/11/30, 67, 35, 21, 16, 6,Estado de México,"villa-de las flores, méxico-air-quality.csv"
2017/12/1, 51, 35, 22, 19, 6,Estado de México,"villa-de las flores, méxico-air-quality.csv"
2017/12/2, 55, 5, 25, 4, 7,Estado de México,"villa-de las flores, méxico-air-quality.csv"
2017/12/3, 69, , , , ,Estado de México,"villa-de las flores, méxico-air-quality.csv"
2017/12/6, 76, 37, 29, 19, 9,Estado de México,"villa-de las flores, méxico-air-quality.csv"
2017/12/7, 63, 39, 26, 4, 11,Estado de México,"villa-de las flores, méxico-air-quality.csv"
2017/12/8, 69, 26, 16, 4, 6,Estado de México,"villa-de las flores, méxico-air-quality.csv"
2017/12/9, 43, 31, 18, 32, 6,Estado de México,"villa-de las flores, méxico-air-quality.csv"
2017/12/10, 38, 33, 20, 41, 6,Estado de México,"villa-de las flores, méxico-air-quality.csv"
2017/12/11, 43, 44, 28, 27, 8,Estado de México,"villa-de las flores, méxico-air-quality.csv"
2017/12/12, 58, 14, 27, 29, 8,Estado de México,"villa-de las flores, méxico-air-quality.csv"
2017/12/13, 69, 48, 39, 29, 12,Estado de México,"villa-de las flores, méxico-air-quality.csv"
2017/12/14, 65, 63, 48, 10, 18,Estado de México,"villa-de las flores, méxico-air-quality.csv"
2017/12/15, 108, 34, 40, 7, 14,Estado de México,"villa-de las flores, méxico-air-quality.csv"
2017/12/16, 92, 23, 24, 33, 7,Estado de México,"villa-de las flores, méxico-air-quality.csv"
2017/12/17, 45, 34, 26, 2, 11,Estado de México,"villa-de las flores, méxico-air-quality.csv"
2017/12/18, 48, 55, 30, 3, 10,Estado de México,"villa-de las flores, méxico-air-quality.csv"
2017/12/19, 62, 51, 33, 7, 12,Estado de México,"villa-de las flores, méxico-air-quality.csv"
2017/12/20, 65, 50, 28, 7, 9,Estado de México,"villa-de las flores, méxico-air-quality.csv"
2017/12/21, 60, , , , ,Estado de México,"villa-de las flores, méxico-air-quality.csv"
2017/7/2, 18, 35, 11, 3, 3,Estado de México,"villa-de las flores, méxico-air-quality.csv"
2017/7/3, 19, 32, 13, 10, 3,Estado de México,"villa-de las flores, méxico-air-quality.csv"
2017/7/4, 22, 11, 13, 6, 4,Estado de México,"villa-de las flores, méxico-air-quality.csv"
2017/7/5, 24, , , , ,Estado de México,"villa-de las flores, méxico-air-quality.csv"
2017/7/18, 36, 21, 23, 23, 5,Estado de México,"villa-de las flores, méxico-air-quality.csv"
2017/7/19, 39, 31, 14, 7, 5,Estado de México,"villa-de las flores, méxico-air-quality.csv"
2017/7/20, 38, 31, 17, 4, 5,Estado de México,"villa-de las flores, méxico-air-quality.csv"
2017/7/21, 37, 33, 18, 3, 7,Estado de México,"villa-de las flores, méxico-air-quality.csv"
2017/7/22, 29, 38, 17, 10, 5,Estado de México,"villa-de las flores, méxico-air-quality.csv"
2017/7/23, 42, 35, 18, 16, 5,Estado de México,"villa-de las flores, méxico-air-quality.csv"
2017/7/24, 43, 27, 29, 4, 7,Estado de México,"villa-de las flores, méxico-air-quality.csv"
2017/7/25, 46, 37, , 4, 7,Estado de México,"villa-de las flores, méxico-air-quality.csv"
2017/7/31, 31, 40, 10, 8, 3,Estado de México,"villa-de las flores, méxico-air-quality.csv"
2017/8/1, 27, 44, 12, 11, 3,Estado de México,"villa-de las flores, méxico-air-quality.csv"
2017/8/2, 36, 31, 9, 5, 2,Estado de México,"villa-de las flores, méxico-air-quality.csv"
2017/8/3, 31, 45, 15, 4, 4,Estado de México,"villa-de las flores, méxico-air-quality.csv"
2017/8/4, 32, 42, 14, 3, 3,Estado de México,"villa-de las flores, méxico-air-quality.csv"
2017/8/5, 22, 53, 14, 9, 4,Estado de México,"villa-de las flores, méxico-air-quality.csv"
2017/8/6, 28, 58, 13, 8, 4,Estado de México,"villa-de las flores, méxico-air-quality.csv"
2017/8/7, 35, 47, 12, 20, 3,Estado de México,"villa-de las flores, méxico-air-quality.csv"
2017/8/8, 37, 46, 10, 16, 3,Estado de México,"villa-de las flores, méxico-air-quality.csv"
2017/8/9, 31, 26, 11, 9, 3,Estado de México,"villa-de las flores, méxico-air-quality.csv"
2017/8/10, 32, 14, 13, 9, 4,Estado de México,"villa-de las flores, méxico-air-quality.csv"
2017/8/11, 7, 45, 13, 3, 5,Estado de México,"villa-de las flores, méxico-air-quality.csv"
2017/8/12, 22, 35, 11, 12, 3,Estado de México,"villa-de las flores, méxico-air-quality.csv"
2017/8/13, 23, 44, 9, 6, 3,Estado de México,"villa-de las flores, méxico-air-quality.csv"
2017/8/14, 25, 45, 16, 3, 5,Estado de México,"villa-de las flores, méxico-air-quality.csv"
2017/8/15, 35, 42, 18, 7, 6,Estado de México,"villa-de las flores, méxico-air-quality.csv"
2017/8/16, 45, 35, 17, 5, 5,Estado de México,"villa-de las flores, méxico-air-quality.csv"
2017/8/17, 36, 36, 11, 4, 4,Estado de México,"villa-de las flores, méxico-air-quality.csv"
2017/8/18, 28, 38, 11, 20, 3,Estado de México,"villa-de las flores, méxico-air-quality.csv"
2017/8/19, 27, 37, 10, 15, 4,Estado de México,"villa-de las flores, méxico-air-quality.csv"
2017/8/20, 27, 35, 6, 9, 2,Estado de México,"villa-de las flores, méxico-air-quality.csv"
2017/8/21, 22, 31, 7, 13, 2,Estado de México,"villa-de las flores, méxico-air-quality.csv"
2017/8/22, 24, 32, 8, 3, 3,Estado de México,"villa-de las flores, méxico-air-quality.csv"
2017/8/23, 28, 29, 7, 5, 2,Estado de México,"villa-de las flores, méxico-air-quality.csv"
2017/8/24, 24, 34, 7, 2, 3,Estado de México,"villa-de las flores, méxico-air-quality.csv"
2017/8/25, 18, 43, 19, 5, 5,Estado de México,"villa-de las flores, méxico-air-quality.csv"
2017/8/26, 39, 45, 15, 4, 4,Estado de México,"villa-de las flores, méxico-air-quality.csv"
2017/8/27, 34, 36, 10, 16, 4,Estado de México,"villa-de las flores, méxico-air-quality.csv"
2017/8/28, 25, 31, 12, 4, 4,Estado de México,"villa-de las flores, méxico-air-quality.csv"
2017/8/29, 20, 23, 12, , 4,Estado de México,"villa-de las flores, méxico-air-quality.csv"
2017/8/30, 14, 24, 13, 5, 3,Estado de México,"villa-de las flores, méxico-air-quality.csv"
2017/8/31, 21, 28, 16, 9, 4,Estado de México,"villa-de las flores, méxico-air-quality.csv"
2017/9/1, 29, 31, 11, 6, 3,Estado de México,"villa-de las flores, méxico-air-quality.csv"
2017/9/17, 60, 48, 8, 3, 2,Estado de México,"villa-de las flores, méxico-air-quality.csv"
2017/9/18, 28, 27, 10, 5, 3,Estado de México,"villa-de las flores, méxico-air-quality.csv"
2017/9/19, 25, 36, 10, 9, 3,Estado de México,"villa-de las flores, méxico-air-quality.csv"
2017/9/20, 29, 30, 11, 27, 4,Estado de México,"villa-de las flores, méxico-air-quality.csv"
2017/9/21, 36, 33, 12, 4, 3,Estado de México,"villa-de las flores, méxico-air-quality.csv"
2017/9/22, 24, 33, 12, 3, 3,Estado de México,"villa-de las flores, méxico-air-quality.csv"
2017/9/23, 23, 30, 16, , 5,Estado de México,"villa-de las flores, méxico-air-quality.csv"
2017/9/24, 30, 30, 13, 6, 4,Estado de México,"villa-de las flores, méxico-air-quality.csv"
2017/9/25, 27, 32, 19, 16, 5,Estado de México,"villa-de las flores, méxico-air-quality.csv"
2017/9/26, 25, 35, 18, 4, 5,Estado de México,"villa-de las flores, méxico-air-quality.csv"
2017/9/27, 29, 32, 20, 10, 6,Estado de México,"villa-de las flores, méxico-air-quality.csv"
2017/9/28, 19, 22, 9, 3, 3,Estado de México,"villa-de las flores, méxico-air-quality.csv"
2017/9/29, 28, 19, 10, , 2,Estado de México,"villa-de las flores, méxico-air-quality.csv"
2017/9/30, 16, 19, 8, 4, 2,Estado de México,"villa-de las flores, méxico-air-quality.csv"
2017/10/1, 15, 22, 8, 2, 3,Estado de México,"villa-de las flores, méxico-air-quality.csv"
2017/4/2, 59, , , , ,Estado de México,"villa-de las flores, méxico-air-quality.csv"
2017/4/5, 53, 52, 23, 7, 8,Estado de México,"villa-de las flores, méxico-air-quality.csv"
2017/4/6, 76, 61, 12, 4, 4,Estado de México,"villa-de las flores, méxico-air-quality.csv"
2017/4/7, 47, 57, 23, 6, 7,Estado de México,"villa-de las flores, méxico-air-quality.csv"
2017/4/8, 57, 57, 20, 7, 5,Estado de México,"villa-de las flores, méxico-air-quality.csv"
2017/4/9, 53, 57, 20, 5, 6,Estado de México,"villa-de las flores, méxico-air-quality.csv"
2017/4/10, 58, 59, 20, 7, 5,Estado de México,"villa-de las flores, méxico-air-quality.csv"
2017/4/11, 51, 46, 17, 18, 4,Estado de México,"villa-de las flores, méxico-air-quality.csv"
2017/4/12, 52, 46, 11, 3, 3,Estado de México,"villa-de las flores, méxico-air-quality.csv"
2017/4/13, 33, 44, 12, 5, 5,Estado de México,"villa-de las flores, méxico-air-quality.csv"
2017/4/14, 41, 48, 9, 5, 2,Estado de México,"villa-de las flores, méxico-air-quality.csv"
2017/4/15, 33, 50, 7, 7, 2,Estado de México,"villa-de las flores, méxico-air-quality.csv"
2017/4/16, 36, 46, 9, 22, 3,Estado de México,"villa-de las flores, méxico-air-quality.csv"
2017/4/17, 40, 50, 18, 9, 5,Estado de México,"villa-de las flores, méxico-air-quality.csv"
2017/4/18, 30, 51, 16, 4, 3,Estado de México,"villa-de las flores, méxico-air-quality.csv"
2017/4/19, 30, 52, 19, 15, 6,Estado de México,"villa-de las flores, méxico-air-quality.csv"
2017/4/20, 31, 56, 18, 10, 5,Estado de México,"villa-de las flores, méxico-air-quality.csv"
2017/4/21, 41, 55, 14, 11, 4,Estado de México,"villa-de las flores, méxico-air-quality.csv"
2017/4/22, 38, 58, 17, 10, 5,Estado de México,"villa-de las flores, méxico-air-quality.csv"
2017/4/23, 44, 45, 11, 3, 3,Estado de México,"villa-de las flores, méxico-air-quality.csv"
2017/4/24, 36, 58, 20, 5, 7,Estado de México,"villa-de las flores, méxico-air-quality.csv"
2017/4/25, 50, 62, 30, 5, 10,Estado de México,"villa-de las flores, méxico-air-quality.csv"
2017/4/26, 64, 73, 14, 9, 4,Estado de México,"villa-de las flores, méxico-air-quality.csv"
2017/4/27, 50, 85, 36, 8, 10,Estado de México,"villa-de las flores, méxico-air-quality.csv"
2017/4/28, 81, 33, 30, 6, 8,Estado de México,"villa-de las flores, méxico-air-quality.csv"
2017/4/29, 70, 32, 16, 4, 4,Estado de México,"villa-de las flores, méxico-air-quality.csv"
2017/4/30, 52, 75, 24, 6, 8,Estado de México,"villa-de las flores, méxico-air-quality.csv"
2017/5/1, 58, 63, 19, 16, 6,Estado de México,"villa-de las flores, méxico-air-quality.csv"
2017/5/2, 65, 11, 34, 6, 11,Estado de México,"villa-de las flores, méxico-air-quality.csv"
2017/5/3, 69, 23, 34, 22, 10,Estado de México,"villa-de las flores, méxico-air-quality.csv"
2017/5/4, 66, 43, 22, 9, 8,Estado de México,"villa-de las flores, méxico-air-quality.csv"
2017/5/5, 80, 50, 18, 7, 6,Estado de México,"villa-de las flores, méxico-air-quality.csv"
2017/5/6, 34, 66, 23, 10, 6,Estado de México,"villa-de las flores, méxico-air-quality.csv"
2017/5/7, 41, 62, 16, 8, 6,Estado de México,"villa-de las flores, méxico-air-quality.csv"
2017/5/8, 53, 75, 20, 12, 7,Estado de México,"villa-de las flores, méxico-air-quality.csv"
2017/5/9, 47, 67, 21, 5, 7,Estado de México,"villa-de las flores, méxico-air-quality.csv"
2017/5/10, 42, 67, 19, 27, 6,Estado de México,"villa-de las flores, méxico-air-quality.csv"
2017/5/11, 46, 67, 23, 12, 8,Estado de México,"villa-de las flores, méxico-air-quality.csv"
2017/5/12, 55, 63, 17, 9, 6,Estado de México,"villa-de las flores, méxico-air-quality.csv"
2017/5/13, 33, 56, 18, 6, 5,Estado de México,"villa-de las flores, méxico-air-quality.csv"
2017/5/14, 28, 55, 14, 14, 5,Estado de México,"villa-de las flores, méxico-air-quality.csv"
2017/5/15, 39, 72, 20, 13, 7,Estado de México,"villa-de las flores, méxico-air-quality.csv"
2017/5/16, 57, 79, 17, 12, 5,Estado de México,"villa-de las flores, méxico-air-quality.csv"
2017/5/17, 59, 80, 20, 10, 6,Estado de México,"villa-de las flores, méxico-air-quality.csv"
2017/5/18, 66, 78, 16, 7, 5,Estado de México,"villa-de las flores, méxico-air-quality.csv"
2017/5/19, 55, 88, 20, 11, 6,Estado de México,"villa-de las flores, méxico-air-quality.csv"
2017/5/20, 58, 81, 23, 12, 6,Estado de México,"villa-de las flores, méxico-air-quality.csv"
2017/5/21, 62, 62, 10, 19, 4,Estado de México,"villa-de las flores, méxico-air-quality.csv"
2017/5/22, 58, 70, 13, 20, 5,Estado de México,"villa-de las flores, méxico-air-quality.csv"
2017/5/23, 53, 68, 19, 7, 5,Estado de México,"villa-de las flores, méxico-air-quality.csv"
2017/5/24, 54, 72, 16, 9, 5,Estado de México,"villa-de las flores, méxico-air-quality.csv"
2017/5/25, 65, 64, 23, 7, 7,Estado de México,"villa-de las flores, méxico-air-quality.csv"
2017/5/26, 48, 69, 26, 5, 7,Estado de México,"villa-de las flores, méxico-air-quality.csv"
2017/5/27, 46, 69, 18, 15, 4,Estado de México,"villa-de las flores, méxico-air-quality.csv"
2017/5/28, 51, 62, 9, 12, 3,Estado de México,"villa-de las flores, méxico-air-quality.csv"
2017/5/29, 49, 40, 11, 7, 3,Estado de México,"villa-de las flores, méxico-air-quality.csv"
2017/5/30, 42, 32, 6, 3, 2,Estado de México,"villa-de las flores, méxico-air-quality.csv"
2017/5/31, 24, 26, 9, 28, 3,Estado de México,"villa-de las flores, méxico-air-quality.csv"
2017/6/1, 29, 23, 10, 5, 3,Estado de México,"villa-de las flores, méxico-air-quality.csv"
2017/6/2, 23, 32, 10, 20, 3,Estado de México,"villa-de las flores, méxico-air-quality.csv"
2017/6/3, 24, 46, 9, 10, 3,Estado de México,"villa-de las flores, méxico-air-quality.csv"
2017/6/4, 38, 59, 7, 7, 3,Estado de México,"villa-de las flores, méxico-air-quality.csv"
2017/6/5, 36, 76, 14, 18, 4,Estado de México,"villa-de las flores, méxico-air-quality.csv"
2017/6/6, 49, 58, 24, 7, 6,Estado de México,"villa-de las flores, méxico-air-quality.csv"
2017/6/7, 54, 61, 21, 8, 5,Estado de México,"villa-de las flores, méxico-air-quality.csv"
2017/6/8, 49, 48, 14, 5, 4,Estado de México,"villa-de las flores, méxico-air-quality.csv"
2017/6/9, 23, 56, 12, 10, 3,Estado de México,"villa-de las flores, méxico-air-quality.csv"
2017/6/10, 36, 58, 17, 10, 5,Estado de México,"villa-de las flores, méxico-air-quality.csv"
2017/6/11, 40, 55, 12, 4, 4,Estado de México,"villa-de las flores, méxico-air-quality.csv"
2017/6/12, 24, 52, 16, 18, 4,Estado de México,"villa-de las flores, méxico-air-quality.csv"
2017/6/13, 30, 49, 14, 5, 3,Estado de México,"villa-de las flores, méxico-air-quality.csv"
2017/6/14, 48, 27, 6, 3, 2,Estado de México,"villa-de las flores, méxico-air-quality.csv"
2017/6/15, 26, 38, 9, 3, 3,Estado de México,"villa-de las flores, méxico-air-quality.csv"
2017/6/16, 18, 44, 11, 12, 4,Estado de México,"villa-de las flores, méxico-air-quality.csv"
2017/6/17, 29, 47, 10, 13, 3,Estado de México,"villa-de las flores, méxico-air-quality.csv"
2017/6/18, 34, 58, 11, 15, 3,Estado de México,"villa-de las flores, méxico-air-quality.csv"
2017/6/19, 42, 40, 7, 3, 2,Estado de México,"villa-de las flores, méxico-air-quality.csv"
2017/6/20, 29, 35, 9, 4, 3,Estado de México,"villa-de las flores, méxico-air-quality.csv"
2017/6/21, 35, 33, 15, 3, 4,Estado de México,"villa-de las flores, méxico-air-quality.csv"
2017/6/22, 42, 47, 13, 4, 4,Estado de México,"villa-de las flores, méxico-air-quality.csv"
2017/6/23, 47, 48, 17, 15, 4,Estado de México,"villa-de las flores, méxico-air-quality.csv"
2017/6/24, 53, 33, 10, 3, 2,Estado de México,"villa-de las flores, méxico-air-quality.csv"
2017/6/25, 38, 25, 7, 4, 2,Estado de México,"villa-de las flores, méxico-air-quality.csv"
2017/6/26, 23, 30, 13, 3, 3,Estado de México,"villa-de las flores, méxico-air-quality.csv"
2017/6/27, 20, 33, 14, 31, 4,Estado de México,"villa-de las flores, méxico-air-quality.csv"
2017/6/28, 37, 48, 19, 4, 4,Estado de México,"villa-de las flores, méxico-air-quality.csv"
2017/6/29, 27, 36, 30, 8, 6,Estado de México,"villa-de las flores, méxico-air-quality.csv"
2017/6/30, 32, 40, 17, 20, 4,Estado de México,"villa-de las flores, méxico-air-quality.csv"
2017/7/1, 27, 33, 12, 5, 3,Estado de México,"villa-de las flores, méxico-air-quality.csv"
2017/1/3, 60, 48, , , ,Estado de México,"villa-de las flores, méxico-air-quality.csv"
2017/1/4, 58, 39, , , ,Estado de México,"villa-de las flores, méxico-air-quality.csv"
2017/1/5, 60, 36, , , ,Estado de México,"villa-de las flores, méxico-air-quality.csv"
2017/1/6, 65, 47, , , ,Estado de México,"villa-de las flores, méxico-air-quality.csv"
2017/1/7, 109, 43, , , ,Estado de México,"villa-de las flores, méxico-air-quality.csv"
2017/1/8, 65, 31, 15, 31, 4,Estado de México,"villa-de las flores, méxico-air-quality.csv"
2017/1/9, 45, 32, 25, 51, 6,Estado de México,"villa-de las flores, méxico-air-quality.csv"
2017/1/10, 55, 40, 27, 44, 8,Estado de México,"villa-de las flores, méxico-air-quality.csv"
2017/1/11, 58, 56, 33, 9, 11,Estado de México,"villa-de las flores, méxico-air-quality.csv"
2017/1/12, 75, 47, 30, 9, 9,Estado de México,"villa-de las flores, méxico-air-quality.csv"
2017/1/13, 70, 25, 28, 7, 9,Estado de México,"villa-de las flores, méxico-air-quality.csv"
2017/1/14, 68, 10, 21, 24, 6,Estado de México,"villa-de las flores, méxico-air-quality.csv"
2017/1/15, 52, , , , ,Estado de México,"villa-de las flores, méxico-air-quality.csv"
2017/1/17, 88, 9, 42, 14, 15,Estado de México,"villa-de las flores, méxico-air-quality.csv"
2017/1/18, 90, , , , ,Estado de México,"villa-de las flores, méxico-air-quality.csv"
2017/1/19, 73, , , , ,Estado de México,"villa-de las flores, méxico-air-quality.csv"
2017/1/20, 76, , , , ,Estado de México,"villa-de las flores, méxico-air-quality.csv"
2017/1/21, 55, , , , ,Estado de México,"villa-de las flores, méxico-air-quality.csv"
2017/1/22, 47, , , , ,Estado de México,"villa-de las flores, méxico-air-quality.csv"
2017/1/23, 49, , , , ,Estado de México,"villa-de las flores, méxico-air-quality.csv"
2017/1/24, 62, , , , ,Estado de México,"villa-de las flores, méxico-air-quality.csv"
2017/1/25, 94, , , , ,Estado de México,"villa-de las flores, méxico-air-quality.csv"
2017/1/26, 66, , , , ,Estado de México,"villa-de las flores, méxico-air-quality.csv"
2017/1/27, 92, , , , ,Estado de México,"villa-de las flores, méxico-air-quality.csv"
2017/1/28, 86, 63, 25, 5, 9,Estado de México,"villa-de las flores, méxico-air-quality.csv"
2017/1/29, 77, 47, 14, 29, 5,Estado de México,"villa-de las flores, méxico-air-quality.csv"
2017/1/30, 52, 66, 23, 43, 7,Estado de México,"villa-de las flores, méxico-air-quality.csv"
2017/1/31, 53, 66, 27, 8, 8,Estado de México,"villa-de las flores, méxico-air-quality.csv"
2017/2/1, 78, 59, 22, 13, 8,Estado de México,"villa-de las flores, méxico-air-quality.csv"
2017/2/2, 70, 50, 17, 11, 6,Estado de México,"villa-de las flores, méxico-air-quality.csv"
2017/2/3, 55, 47, 18, 8, 5,Estado de México,"villa-de las flores, méxico-air-quality.csv"
2017/2/4, 57, 46, 11, 14, 4,Estado de México,"villa-de las flores, méxico-air-quality.csv"
2017/2/5, 47, 60, 16, 11, 6,Estado de México,"villa-de las flores, méxico-air-quality.csv"
2017/2/6, 45, 56, 20, 14, 7,Estado de México,"villa-de las flores, méxico-air-quality.csv"
2017/2/7, 47, 56, 27, 3, 9,Estado de México,"villa-de las flores, méxico-air-quality.csv"
2017/2/8, 67, 54, 21, 3, 8,Estado de México,"villa-de las flores, méxico-air-quality.csv"
2017/2/9, 62, 33, 18, 1, 8,Estado de México,"villa-de las flores, méxico-air-quality.csv"
2017/2/10, 68, 41, 19, 8, 7,Estado de México,"villa-de las flores, méxico-air-quality.csv"
2017/2/11, 60, 69, 28, 23, 10,Estado de México,"villa-de las flores, méxico-air-quality.csv"
2017/2/12, 75, 62, 25, 22, 9,Estado de México,"villa-de las flores, méxico-air-quality.csv"
2017/2/13, 72, 67, 20, 9, 8,Estado de México,"villa-de las flores, méxico-air-quality.csv"
2017/2/14, 67, 28, 28, 3, 9,Estado de México,"villa-de las flores, méxico-air-quality.csv"
2017/2/15, 47, 41, 25, 5, 9,Estado de México,"villa-de las flores, méxico-air-quality.csv"
2017/2/16, 72, 34, 15, 3, 4,Estado de México,"villa-de las flores, méxico-air-quality.csv"
2017/2/17, 54, 30, 9, 4, 3,Estado de México,"villa-de las flores, méxico-air-quality.csv"
2017/2/18, 36, , , , ,Estado de México,"villa-de las flores, méxico-air-quality.csv"
2017/2/25, 48, 84, 23, 6, 4,Estado de México,"villa-de las flores, méxico-air-quality.csv"
2017/2/26, 70, 53, 23, 7, 5,Estado de México,"villa-de las flores, méxico-air-quality.csv"
2017/2/27, 63, 63, 23, 5, 5,Estado de México,"villa-de las flores, méxico-air-quality.csv"
2017/2/28, 68, 73, 30, 6, 6,Estado de México,"villa-de las flores, méxico-air-quality.csv"
2017/3/1, 67, 51, 20, 12, 4,Estado de México,"villa-de las flores, méxico-air-quality.csv"
2017/3/2, 73, 42, 12, 3, 3,Estado de México,"villa-de las flores, méxico-air-quality.csv"
2017/3/3, 57, 33, 8, 3, 2,Estado de México,"villa-de las flores, méxico-air-quality.csv"
2017/3/4, 46, 41, 12, 24, 2,Estado de México,"villa-de las flores, méxico-air-quality.csv"
2017/3/5, 42, 38, 13, 29, 2,Estado de México,"villa-de las flores, méxico-air-quality.csv"
2017/3/6, 34, 50, 16, 19, 4,Estado de México,"villa-de las flores, méxico-air-quality.csv"
2017/3/7, 35, 46, 21, 4, 5,Estado de México,"villa-de las flores, méxico-air-quality.csv"
2017/3/8, 57, 40, 12, 7, 2,Estado de México,"villa-de las flores, méxico-air-quality.csv"
2017/3/9, 46, 42, 15, 10, 4,Estado de México,"villa-de las flores, méxico-air-quality.csv"
2017/3/10, 39, 44, 17, 11, 5,Estado de México,"villa-de las flores, méxico-air-quality.csv"
2017/3/11, 50, 71, 25, 8, 4,Estado de México,"villa-de las flores, méxico-air-quality.csv"
2017/3/12, 50, 36, 12, 24, 2,Estado de México,"villa-de las flores, méxico-air-quality.csv"
2017/3/13, 31, 36, 12, 15, 5,Estado de México,"villa-de las flores, méxico-air-quality.csv"
2017/3/14, 36, 42, 12, 4, 2,Estado de México,"villa-de las flores, méxico-air-quality.csv"
2017/3/15, 46, 32, 21, 6, 4,Estado de México,"villa-de las flores, méxico-air-quality.csv"
2017/3/16, 37, 42, 18, 4, 5,Estado de México,"villa-de las flores, méxico-air-quality.csv"
2017/3/17, 38, 45, 11, 8, 4,Estado de México,"villa-de las flores, méxico-air-quality.csv"
2017/3/18, 56, 43, 12, 20, 2,Estado de México,"villa-de las flores, méxico-air-quality.csv"
2017/3/19, 44, 43, 9, 4, 2,Estado de México,"villa-de las flores, méxico-air-quality.csv"
2017/3/20, 31, 45, 13, 23, 3,Estado de México,"villa-de las flores, méxico-air-quality.csv"
2017/3/21, 36, 37, 20, 7, 5,Estado de México,"villa-de las flores, méxico-air-quality.csv"
2017/3/22, 52, 31, 24, 4, 6,Estado de México,"villa-de las flores, méxico-air-quality.csv"
2017/3/23, 56, 52, 21, 6, 6,Estado de México,"villa-de las flores, méxico-air-quality.csv"
2017/3/24, 56, 64, 25, 11, 8,Estado de México,"villa-de las flores, méxico-air-quality.csv"
2017/3/25, 71, 51, 23, 17, 6,Estado de México,"villa-de las flores, méxico-air-quality.csv"
2017/3/26, 49, 49, 20, 5, 5,Estado de México,"villa-de las flores, méxico-air-quality.csv"
2017/3/27, 40, 59, 17, 5, 4,Estado de México,"villa-de las flores, méxico-air-quality.csv"
2017/3/28, 38, 63, 26, 6, 6,Estado de México,"villa-de las flores, méxico-air-quality.csv"
2017/3/29, 55, , , , ,Estado de México,"villa-de las flores, méxico-air-quality.csv"
2017/3/31, 53, 53, 26, 11, 6,Estado de México,"villa-de las flores, méxico-air-quality.csv"
2017/4/1, 63, 22, 25, 4, 7,Estado de México,"villa-de las flores, méxico-air-quality.csv"
2016/10/29, 33, 36, 11, , 3,Estado de México,"villa-de las flores, méxico-air-quality.csv"
2016/10/30, 26, 34, 8, 4, 3,Estado de México,"villa-de las flores, méxico-air-quality.csv"
2016/10/31, 24, 26, 16, 12, 4,Estado de México,"villa-de las flores, méxico-air-quality.csv"
2016/11/1, 29, 34, 16, 3, 6,Estado de México,"villa-de las flores, méxico-air-quality.csv"
2016/11/2, 29, 33, 15, 21, 4,Estado de México,"villa-de las flores, méxico-air-quality.csv"
2016/11/3, 37, 24, 12, 10, 4,Estado de México,"villa-de las flores, méxico-air-quality.csv"
2016/11/4, 34, 22, 12, 5, 3,Estado de México,"villa-de las flores, méxico-air-quality.csv"
2016/11/5, 24, 9, 13, 2, 2,Estado de México,"villa-de las flores, méxico-air-quality.csv"
2016/11/6, 20, 37, 12, 9, 4,Estado de México,"villa-de las flores, méxico-air-quality.csv"
2016/11/7, 32, 33, 16, 8, 5,Estado de México,"villa-de las flores, méxico-air-quality.csv"
2016/11/8, 38, 30, 14, 29, 4,Estado de México,"villa-de las flores, méxico-air-quality.csv"
2016/11/9, 40, 18, 14, 10, 3,Estado de México,"villa-de las flores, méxico-air-quality.csv"
2016/11/10, 12, 16, 17, 35, 4,Estado de México,"villa-de las flores, méxico-air-quality.csv"
2016/11/11, 26, 21, 16, 17, 4,Estado de México,"villa-de las flores, méxico-air-quality.csv"
2016/11/12, 31, 9, 12, 19, 3,Estado de México,"villa-de las flores, méxico-air-quality.csv"
2016/11/13, 14, , , , ,Estado de México,"villa-de las flores, méxico-air-quality.csv"
2016/11/15, 45, 27, 13, 32, 4,Estado de México,"villa-de las flores, méxico-air-quality.csv"
2016/11/16, 34, 9, 27, 4, 11,Estado de México,"villa-de las flores, méxico-air-quality.csv"
2016/11/17, 31, 34, 28, 7, 13,Estado de México,"villa-de las flores, méxico-air-quality.csv"
2016/11/18, 43, 35, 18, 8, 9,Estado de México,"villa-de las flores, méxico-air-quality.csv"
2016/11/19, 50, 25, 11, 2, 3,Estado de México,"villa-de las flores, méxico-air-quality.csv"
2016/11/20, 19, 28, 11, 3, 3,Estado de México,"villa-de las flores, méxico-air-quality.csv"
2016/11/21, 17, 38, 16, 3, 5,Estado de México,"villa-de las flores, méxico-air-quality.csv"
2016/11/22, 28, 43, 22, 13, 7,Estado de México,"villa-de las flores, méxico-air-quality.csv"
2016/11/23, 48, 38, 20, 9, 8,Estado de México,"villa-de las flores, méxico-air-quality.csv"
2016/11/24, 56, 41, 16, 10, 4,Estado de México,"villa-de las flores, méxico-air-quality.csv"
2016/11/25, 39, 32, 19, 36, 3,Estado de México,"villa-de las flores, méxico-air-quality.csv"
2016/11/26, 50, 28, 16, 5, 5,Estado de México,"villa-de las flores, méxico-air-quality.csv"
2016/11/27, 39, 53, 29, 16, 9,Estado de México,"villa-de las flores, méxico-air-quality.csv"
2016/11/28, 53, 38, 28, 2, 10,Estado de México,"villa-de las flores, méxico-air-quality.csv"
2016/11/29, 54, 11, 26, 2, 12,Estado de México,"villa-de las flores, méxico-air-quality.csv"
2016/11/30, 60, 36, 19, 7, 7,Estado de México,"villa-de las flores, méxico-air-quality.csv"
2016/12/1, 53, 53, 24, 3, 8,Estado de México,"villa-de las flores, méxico-air-quality.csv"
2016/12/2, 57, 12, 33, 2, 10,Estado de México,"villa-de las flores, méxico-air-quality.csv"
2016/12/3, 71, 38, 29, 2, 9,Estado de México,"villa-de las flores, méxico-air-quality.csv"
2016/12/4, 62, 22, 18, 2, 6,Estado de México,"villa-de las flores, méxico-air-quality.csv"
2016/12/5, 38, 20, 14, , 4,Estado de México,"villa-de las flores, méxico-air-quality.csv"
2016/12/6, 29, 54, 33, 3, 11,Estado de México,"villa-de las flores, méxico-air-quality.csv"
2016/12/7, 67, 55, 36, 4, 11,Estado de México,"villa-de las flores, méxico-air-quality.csv"
2016/12/8, 76, 48, 26, 5, 11,Estado de México,"villa-de las flores, méxico-air-quality.csv"
2016/12/9, 73, 24, 8, 3, 3,Estado de México,"villa-de las flores, méxico-air-quality.csv"
2016/12/10, 28, 23, 13, 11, 4,Estado de México,"villa-de las flores, méxico-air-quality.csv"
2016/12/11, 30, 33, 17, 17, 5,Estado de México,"villa-de las flores, méxico-air-quality.csv"
2016/12/12, 42, 43, 20, 8, 8,Estado de México,"villa-de las flores, méxico-air-quality.csv"
2016/12/13, 54, 49, 23, 10, 7,Estado de México,"villa-de las flores, méxico-air-quality.csv"
2016/12/14, 56, 51, 26, 7, 8,Estado de México,"villa-de las flores, méxico-air-quality.csv"
2016/12/15, 64, 14, 14, 14, 5,Estado de México,"villa-de las flores, méxico-air-quality.csv"
2016/12/16, 45, 25, 24, 10, 7,Estado de México,"villa-de las flores, méxico-air-quality.csv"
2016/12/17, 48, 38, 31, 10, 10,Estado de México,"villa-de las flores, méxico-air-quality.csv"
2016/12/18, 58, 35, 15, 6, 7,Estado de México,"villa-de las flores, méxico-air-quality.csv"
2016/12/19, 54, 8, 17, 6, 4,Estado de México,"villa-de las flores, méxico-air-quality.csv"
2016/12/20, 24, 23, 9, 10, 2,Estado de México,"villa-de las flores, méxico-air-quality.csv"
2016/12/21, 35, 30, 17, 22, 4,Estado de México,"villa-de las flores, méxico-air-quality.csv"
2016/12/22, 39, 27, 18, 24, 5,Estado de México,"villa-de las flores, méxico-air-quality.csv"
2016/12/23, 51, 51, 28, 37, 6,Estado de México,"villa-de las flores, méxico-air-quality.csv"
2016/12/24, 62, 52, 33, 10, 12,Estado de México,"villa-de las flores, méxico-air-quality.csv"
2016/12/25, 69, 56, 28, 13, 14,Estado de México,"villa-de las flores, méxico-air-quality.csv"
2016/12/26, 117, 45, 25, 7, 7,Estado de México,"villa-de las flores, méxico-air-quality.csv"
2016/12/27, 58, 34, 19, 21, 4,Estado de México,"villa-de las flores, méxico-air-quality.csv"
2016/12/28, 51, 34, 15, 9, 4,Estado de México,"villa-de las flores, méxico-air-quality.csv"
2016/12/29, 36, 24, 14, 25, 4,Estado de México,"villa-de las flores, méxico-air-quality.csv"
2016/12/30, 47, 19, 12, 9, 3,Estado de México,"villa-de las flores, méxico-air-quality.csv"
2016/12/31, 27, 42, 21, 18, 8,Estado de México,"villa-de las flores, méxico-air-quality.csv"
2017/1/1, 54, 54, , 7, ,Estado de México,"villa-de las flores, méxico-air-quality.csv"
2017/1/2, 97, 38, , 8, ,Estado de México,"villa-de las flores, méxico-air-quality.csv"
2025/8/13, , 40, 14, 6, 3,Estado de México,"villa-de las flores, méxico-air-quality.csv"
2025/8/14, , 52, 13, 10, 3,Estado de México,"villa-de las flores, méxico-air-quality.csv"
2025/8/15, , 42, 14, 5, 3,Estado de México,"villa-de las flores, méxico-air-quality.csv"
2025/8/16, , 36, 11, 2, 3,Estado de México,"villa-de las flores, méxico-air-quality.csv"
2025/7/7, , 27, 12, 3, 3,Estado de México,"villa-de las flores, méxico-air-quality.csv"
2025/5/16, , 66, 11, 1, 3,Estado de México,"villa-de las flores, méxico-air-quality.csv"
2025/5/21, , 72, 14, 3, 3,Estado de México,"villa-de las flores, méxico-air-quality.csv"
2025/5/22, , 65, 13, 1, 3,Estado de México,"villa-de las flores, méxico-air-quality.csv"
2025/5/23, , 63, 10, 8, 2,Estado de México,"villa-de las flores, méxico-air-quality.csv"
2025/5/24, , 81, 16, 11, 4,Estado de México,"villa-de las flores, méxico-air-quality.csv"
2025/5/25, , 46, 13, 3, 4,Estado de México,"villa-de las flores, méxico-air-quality.csv"
2025/5/26, , 51, 23, 3, 6,Estado de México,"villa-de las flores, méxico-air-quality.csv"
2025/5/27, , 76, 21, 3, 5,Estado de México,"villa-de las flores, méxico-air-quality.csv"
2025/6/24, , 9, 13, 3, 3,Estado de México,"villa-de las flores, méxico-air-quality.csv"
2025/6/25, , 26, 12, 3, 2,Estado de México,"villa-de las flores, méxico-air-quality.csv"
2025/1/1, , 58, 25, 7, 14,Estado de México,"villa-de las flores, méxico-air-quality.csv"
2025/3/19, , 60, 8, 6, 1,Estado de México,"villa-de las flores, méxico-air-quality.csv"
2025/3/20, , 46, 8, 2, 1,Estado de México,"villa-de las flores, méxico-air-quality.csv"
2025/3/21, , 63, 15, 11, 3,Estado de México,"villa-de las flores, méxico-air-quality.csv"
2025/3/22, , 60, 22, 1, 5,Estado de México,"villa-de las flores, méxico-air-quality.csv"
2024/10/18, , 36, 9, 5, 2,Estado de México,"villa-de las flores, méxico-air-quality.csv"
2024/11/27, , 47, 26, 4, 14,Estado de México,"villa-de las flores, méxico-air-quality.csv"
2023/7/2, , 49, 11, 1, 3,Estado de México,"villa-de las flores, méxico-air-quality.csv"
2023/7/3, , 49, 11, 1, 3,Estado de México,"villa-de las flores, méxico-air-quality.csv"
2023/7/4, , 33, 16, 7, 3,Estado de México,"villa-de las flores, méxico-air-quality.csv"
2023/8/19, , 43, , 2, 4,Estado de México,"villa-de las flores, méxico-air-quality.csv"
2023/8/20, , 43, , 2, 4,Estado de México,"villa-de las flores, méxico-air-quality.csv"
2023/8/21, , 16, , 8, 2,Estado de México,"villa-de las flores, méxico-air-quality.csv"
2023/8/23, , 37, , 1, 2,Estado de México,"villa-de las flores, méxico-air-quality.csv"
2023/8/24, , 33, , 2, 2,Estado de México,"villa-de las flores, méxico-air-quality.csv"
2023/8/25, , 27, , 1, 2,Estado de México,"villa-de las flores, méxico-air-quality.csv"
2023/4/1, , 78, 19, 11, 5,Estado de México,"villa-de las flores, méxico-air-quality.csv"
2023/5/16, , 46, 18, 2, 4,Estado de México,"villa-de las flores, méxico-air-quality.csv"
2023/5/17, , 62, 22, 2, 5,Estado de México,"villa-de las flores, méxico-air-quality.csv"
2023/5/18, , 70, 15, 2, 4,Estado de México,"villa-de las flores, méxico-air-quality.csv"
2023/5/19, , 63, 20, 4, 4,Estado de México,"villa-de las flores, méxico-air-quality.csv"
2023/5/20, , 50, 16, 2, 4,Estado de México,"villa-de las flores, méxico-air-quality.csv"
2023/6/29, , 29, 12, 1, 4,Estado de México,"villa-de las flores, méxico-air-quality.csv"
2023/6/30, , 29, 13, 2, 3,Estado de México,"villa-de las flores, méxico-air-quality.csv"
2023/7/1, , 41, 14, 1, 4,Estado de México,"villa-de las flores, méxico-air-quality.csv"
2023/2/6, , 47, 17, 3, 5,Estado de México,"villa-de las flores, méxico-air-quality.csv"
2023/2/23, , 57, 27, 3, 9,Estado de México,"villa-de las flores, méxico-air-quality.csv"
2023/2/24, , 58, 20, 6, 5,Estado de México,"villa-de las flores, méxico-air-quality.csv"
2023/3/26, , 83, 23, 3, 7,Estado de México,"villa-de las flores, méxico-air-quality.csv"
2023/3/27, , 76, 20, 3, 6,Estado de México,"villa-de las flores, méxico-air-quality.csv"
2023/3/28, , 57, 19, 4, 5,Estado de México,"villa-de las flores, méxico-air-quality.csv"
2023/3/29, , 51, 14, 4, 4,Estado de México,"villa-de las flores, méxico-air-quality.csv"
2023/3/30, , 78, 24, 4, 7,Estado de México,"villa-de las flores, méxico-air-quality.csv"
2023/3/31, , 66, 21, 5, 6,Estado de México,"villa-de las flores, méxico-air-quality.csv"
2022/8/4, , 45, 12, 3, 2,Estado de México,"villa-de las flores, méxico-air-quality.csv"
2022/4/10, , 90, 22, 2, 5,Estado de México,"villa-de las flores, méxico-air-quality.csv"
2022/4/11, , 80, 19, 5, 4,Estado de México,"villa-de las flores, méxico-air-quality.csv"
2022/4/12, , 91, 24, 4, 4,Estado de México,"villa-de las flores, méxico-air-quality.csv"
2022/1/12, , 31, 22, 7, 5,Estado de México,"villa-de las flores, méxico-air-quality.csv"
2022/1/13, , 30, 19, 6, 4,Estado de México,"villa-de las flores, méxico-air-quality.csv"
2022/1/14, , 36, 26, 6, 9,Estado de México,"villa-de las flores, méxico-air-quality.csv"
2022/1/19, , 41, 27, 2, 5,Estado de México,"villa-de las flores, méxico-air-quality.csv"
2022/1/20, , 45, 19, 3, 5,Estado de México,"villa-de las flores, méxico-air-quality.csv"
2022/1/21, , 27, 21, 2, 4,Estado de México,"villa-de las flores, méxico-air-quality.csv"
2022/1/22, , 37, 19, 7, 3,Estado de México,"villa-de las flores, méxico-air-quality.csv"
2022/1/23, , 43, 17, 25, 3,Estado de México,"villa-de las flores, méxico-air-quality.csv"
2022/1/24, , 30, 20, 4, 5,Estado de México,"villa-de las flores, méxico-air-quality.csv"
2022/1/25, , 26, 21, 2, 5,Estado de México,"villa-de las flores, méxico-air-quality.csv"
2022/2/13, , 40, 5, 1, 3,Estado de México,"villa-de las flores, méxico-air-quality.csv"
2022/2/14, , 39, 18, 38, 7,Estado de México,"villa-de las flores, méxico-air-quality.csv"
2022/2/15, , 42, 14, 5, 5,Estado de México,"villa-de las flores, méxico-air-quality.csv"
2022/2/16, , 54, 19, 3, 7,Estado de México,"villa-de las flores, méxico-air-quality.csv"
2022/2/17, , 52, 22, 3, 9,Estado de México,"villa-de las flores, méxico-air-quality.csv"
2022/3/9, , 33, 16, 2, 5,Estado de México,"villa-de las flores, méxico-air-quality.csv"
2022/3/10, , 37, 16, 2, 6,Estado de México,"villa-de las flores, méxico-air-quality.csv"
2022/3/11, , 39, 22, 2, 6,Estado de México,"villa-de las flores, méxico-air-quality.csv"
2022/3/12, , 60, 12, 2, 3,Estado de México,"villa-de las flores, méxico-air-quality.csv"
2022/3/13, , 59, 19, 12, 4,Estado de México,"villa-de las flores, méxico-air-quality.csv"
2022/3/14, , 60, 25, 3, 6,Estado de México,"villa-de las flores, méxico-air-quality.csv"
2022/3/15, , 42, 21, 3, 5,Estado de México,"villa-de las flores, méxico-air-quality.csv"
2022/3/16, , 40, 18, 3, 4,Estado de México,"villa-de las flores, méxico-air-quality.csv"
2022/3/17, , 44, 20, 2, 5,Estado de México,"villa-de las flores, méxico-air-quality.csv"
2022/3/18, , 56, 15, 2, 4,Estado de México,"villa-de las flores, méxico-air-quality.csv"
2022/3/19, , 47, 15, 15, 4,Estado de México,"villa-de las flores, méxico-air-quality.csv"
2021/10/15, , 36, 13, 2, 4,Estado de México,"villa-de las flores, méxico-air-quality.csv"
2021/12/8, , 54, 32, 3, 8,Estado de México,"villa-de las flores, méxico-air-quality.csv"
2021/12/13, , 36, 16, 3, 4,Estado de México,"villa-de las flores, méxico-air-quality.csv"
2021/12/14, , 33, 16, 13, 3,Estado de México,"villa-de las flores, méxico-air-quality.csv"
2021/12/15, , 28, 24, 23, 5,Estado de México,"villa-de las flores, méxico-air-quality.csv"
2021/12/16, , 19, 28, 5, 6,Estado de México,"villa-de las flores, méxico-air-quality.csv"
2021/12/17, , 49, 31, 4, 8,Estado de México,"villa-de las flores, méxico-air-quality.csv"
2021/12/18, , 48, 27, 2, 6,Estado de México,"villa-de las flores, méxico-air-quality.csv"
2021/12/19, , 46, 17, 5, 4,Estado de México,"villa-de las flores, méxico-air-quality.csv"
2021/7/7, , 59, 23, 7, 11,Estado de México,"villa-de las flores, méxico-air-quality.csv"
2021/8/2, , 41, 16, 2, 4,Estado de México,"villa-de las flores, méxico-air-quality.csv"
2021/8/3, , 58, 16, 1, 4,Estado de México,"villa-de las flores, méxico-air-quality.csv"
2021/8/4, , 41, 13, 1, 3,Estado de México,"villa-de las flores, méxico-air-quality.csv"
2021/8/5, , 51, 9, 1, 2,Estado de México,"villa-de las flores, méxico-air-quality.csv"
2021/8/6, , 42, 10, 1, 2,Estado de México,"villa-de las flores, méxico-air-quality.csv"
2021/8/7, , 49, 9, 4, 2,Estado de México,"villa-de las flores, méxico-air-quality.csv"
2021/8/8, , 36, 11, 3, 2,Estado de México,"villa-de las flores, méxico-air-quality.csv"
2021/8/9, , 39, 14, 1, 4,Estado de México,"villa-de las flores, méxico-air-quality.csv"
2021/8/10, , 41, 8, 1, 2,Estado de México,"villa-de las flores, méxico-air-quality.csv"
2021/8/11, , 47, 8, 1, 1,Estado de México,"villa-de las flores, méxico-air-quality.csv"
2021/8/12, , 53, 10, 3, 3,Estado de México,"villa-de las flores, méxico-air-quality.csv"
2021/8/13, , 44, 12, 11, 2,Estado de México,"villa-de las flores, méxico-air-quality.csv"
2021/8/16, , 44, 6, 2, 1,Estado de México,"villa-de las flores, méxico-air-quality.csv"
2021/8/17, , 50, 11, 3, 2,Estado de México,"villa-de las flores, méxico-air-quality.csv"
2021/8/18, , 65, 16, 2, 4,Estado de México,"villa-de las flores, méxico-air-quality.csv"
2021/8/19, , 44, 8, 1, 2,Estado de México,"villa-de las flores, méxico-air-quality.csv"
2021/8/20, , 28, 9, 12, 4,Estado de México,"villa-de las flores, méxico-air-quality.csv"
2021/8/21, , 22, 11, 2, 4,Estado de México,"villa-de las flores, méxico-air-quality.csv"
2021/8/22, , 28, 7, 1, 3,Estado de México,"villa-de las flores, méxico-air-quality.csv"
2021/8/23, , 35, 6, 1, 2,Estado de México,"villa-de las flores, méxico-air-quality.csv"
2021/8/24, , 25, 7, 1, 2,Estado de México,"villa-de las flores, méxico-air-quality.csv"
2021/8/25, , 27, 6, 1, 2,Estado de México,"villa-de las flores, méxico-air-quality.csv"
2021/8/26, , 27, 6, 1, 3,Estado de México,"villa-de las flores, méxico-air-quality.csv"
2021/8/27, , 33, 10, 1, 4,Estado de México,"villa-de las flores, méxico-air-quality.csv"
2021/8/28, , 23, 9, 1, 4,Estado de México,"villa-de las flores, méxico-air-quality.csv"
2021/9/6, , 41, 12, 4, 5,Estado de México,"villa-de las flores, méxico-air-quality.csv"
2021/9/7, , 33, 13, 1, 5,Estado de México,"villa-de las flores, méxico-air-quality.csv"
2021/9/8, , 49, 10, 1, 5,Estado de México,"villa-de las flores, méxico-air-quality.csv"
2021/9/9, , 34, 8, 1, 3,Estado de México,"villa-de las flores, méxico-air-quality.csv"
2021/9/10, , 40, 6, 1, ,Estado de México,"villa-de las flores, méxico-air-quality.csv"
2021/9/11, , 35, 7, 1, ,Estado de México,"villa-de las flores, méxico-air-quality.csv"
2021/9/12, , 30, 4, 1, ,Estado de México,"villa-de las flores, méxico-air-quality.csv"
2021/9/13, , 17, 3, 1, ,Estado de México,"villa-de las flores, méxico-air-quality.csv"
2021/9/14, , 29, 10, 1, 5,Estado de México,"villa-de las flores, méxico-air-quality.csv"
2021/5/4, , 87, 17, 2, 6,Estado de México,"villa-de las flores, méxico-air-quality.csv"
2021/5/12, , 27, 6, 1, 5,Estado de México,"villa-de las flores, méxico-air-quality.csv"
2021/6/2, , 40, 14, 2, 4,Estado de México,"villa-de las flores, méxico-air-quality.csv"
2021/6/17, , 26, 4, 1, 5,Estado de México,"villa-de las flores, méxico-air-quality.csv"
2020/1/1, , 15, 9, 2, 3,Estado de México,"villa-de las flores, méxico-air-quality.csv"
2020/1/20, , 19, 10, 1, 3,Estado de México,"villa-de las flores, méxico-air-quality.csv"
2020/2/17, , 27, 21, 3, 6,Estado de México,"villa-de las flores, méxico-air-quality.csv"
2020/2/18, , 58, 21, 17, 8,Estado de México,"villa-de las flores, méxico-air-quality.csv"
2020/2/19, , 43, 18, 13, 8,Estado de México,"villa-de las flores, méxico-air-quality.csv"
2020/2/20, , 41, 17, 25, 6,Estado de México,"villa-de las flores, méxico-air-quality.csv"
2020/2/21, , 37, 9, 3, 4,Estado de México,"villa-de las flores, méxico-air-quality.csv"
2020/2/22, , 51, 15, 20, 6,Estado de México,"villa-de las flores, méxico-air-quality.csv"
2020/2/23, , 80, 20, 4, 7,Estado de México,"villa-de las flores, méxico-air-quality.csv"
2020/2/24, , 58, 26, 5, 9,Estado de México,"villa-de las flores, méxico-air-quality.csv"
2020/2/25, , 40, 21, 3, 8,Estado de México,"villa-de las flores, méxico-air-quality.csv"
2020/2/26, , 35, 15, 3, 5,Estado de México,"villa-de las flores, méxico-air-quality.csv"
2020/2/27, , 51, 17, 25, 6,Estado de México,"villa-de las flores, méxico-air-quality.csv"
2020/2/28, , 45, 18, 20, 7,Estado de México,"villa-de las flores, méxico-air-quality.csv"
2020/2/29, , 46, 22, 25, 7,Estado de México,"villa-de las flores, méxico-air-quality.csv"
2020/3/1, , 49, 25, 6, 10,Estado de México,"villa-de las flores, méxico-air-quality.csv"
2020/3/2, , 55, 28, 5, 11,Estado de México,"villa-de las flores, méxico-air-quality.csv"
2020/3/3, , 35, 17, 3, 8,Estado de México,"villa-de las flores, méxico-air-quality.csv"
2020/3/4, , 64, 24, 3, 8,Estado de México,"villa-de las flores, méxico-air-quality.csv"
2020/3/5, , 57, 20, 5, 7,Estado de México,"villa-de las flores, méxico-air-quality.csv"
2020/3/6, , 33, 9, 9, 4,Estado de México,"villa-de las flores, méxico-air-quality.csv"
2020/3/7, , 44, 12, 12, 5,Estado de México,"villa-de las flores, méxico-air-quality.csv"
2020/3/8, , 43, 16, 18, 6,Estado de México,"villa-de las flores, méxico-air-quality.csv"
2020/3/9, , 48, 16, 29, 7,Estado de México,"villa-de las flores, méxico-air-quality.csv"
2020/3/10, , 45, 10, 20, 5,Estado de México,"villa-de las flores, méxico-air-quality.csv"
2020/3/11, , 35, 16, 21, 7,Estado de México,"villa-de las flores, méxico-air-quality.csv"
2020/3/12, , 54, 22, 4, 9,Estado de México,"villa-de las flores, méxico-air-quality.csv"
2020/3/19, , 29, 3, 1, 3,Estado de México,"villa-de las flores, méxico-air-quality.csv"
2019/7/1, , 43, 21, 13, 5,Estado de México,"villa-de las flores, méxico-air-quality.csv"
2019/4/11, , 64, 15, 2, 5,Estado de México,"villa-de las flores, méxico-air-quality.csv"
2019/4/29, , 47, 23, 3, 8,Estado de México,"villa-de las flores, méxico-air-quality.csv"
2019/4/30, , 46, 20, 2, 7,Estado de México,"villa-de las flores, méxico-air-quality.csv"
2019/5/1, , 5, 21, 1, 7,Estado de México,"villa-de las flores, méxico-air-quality.csv"
2019/5/2, , 36, 8, 3, 3,Estado de México,"villa-de las flores, méxico-air-quality.csv"
2019/5/3, , 42, 25, 2, 7,Estado de México,"villa-de las flores, méxico-air-quality.csv"
2019/5/4, , 40, 25, 3, 6,Estado de México,"villa-de las flores, méxico-air-quality.csv"
2019/5/5, , 45, 18, 2, 6,Estado de México,"villa-de las flores, méxico-air-quality.csv"
2019/5/6, , 40, 19, 1, 7,Estado de México,"villa-de las flores, méxico-air-quality.csv"
2019/5/7, , 46, 24, 2, 8,Estado de México,"villa-de las flores, méxico-air-quality.csv"
2019/5/8, , 38, 23, 2, 8,Estado de México,"villa-de las flores, méxico-air-quality.csv"
2019/5/9, , 35, 24, 2, 8,Estado de México,"villa-de las flores, méxico-air-quality.csv"
2019/5/10, , 60, 24, 2, 7,Estado de México,"villa-de las flores, méxico-air-quality.csv"
2019/5/11, , 50, 17, 29, 6,Estado de México,"villa-de las flores, méxico-air-quality.csv"
2019/5/12, , 67, 19, 3, 8,Estado de México,"villa-de las flores, méxico-air-quality.csv"
2019/5/13, , 70, 19, 5, 8,Estado de México,"villa-de las flores, méxico-air-quality.csv"
2019/5/14, , 68, 28, 4, 9,Estado de México,"villa-de las flores, méxico-air-quality.csv"
2019/5/15, , 48, 9, 2, 5,Estado de México,"villa-de las flores, méxico-air-quality.csv"
2019/5/16, , 59, 13, 4, 5,Estado de México,"villa-de las flores, méxico-air-quality.csv"
2019/5/17, , 51, 21, 2, 6,Estado de México,"villa-de las flores, méxico-air-quality.csv"
2019/5/18, , 58, 23, 1, 8,Estado de México,"villa-de las flores, méxico-air-quality.csv"
2019/5/19, , 56, 12, 3, 5,Estado de México,"villa-de las flores, méxico-air-quality.csv"
2019/5/20, , 61, 18, 2, 5,Estado de México,"villa-de las flores, méxico-air-quality.csv"
2019/5/21, , 67, 16, 3, 6,Estado de México,"villa-de las flores, méxico-air-quality.csv"
2019/5/22, , 68, 15, 2, 6,Estado de México,"villa-de las flores, méxico-air-quality.csv"
2019/5/23, , 57, 13, , 5,Estado de México,"villa-de las flores, méxico-air-quality.csv"
2019/1/1, , 61, 19, 11, 16,Estado de México,"villa-de las flores, méxico-air-quality.csv"
2019/1/7, , 40, 18, 9, 6,Estado de México,"villa-de las flores, méxico-air-quality.csv"
2019/2/11, , 70, 26, 7, 6,Estado de México,"villa-de las flores, méxico-air-quality.csv"
2019/2/12, , 31, 17, 7, 8,Estado de México,"villa-de las flores, méxico-air-quality.csv"
2019/3/12, , 39, 19, 15, 3,Estado de México,"villa-de las flores, méxico-air-quality.csv"
2019/3/13, , 57, 24, 4, 5,Estado de México,"villa-de las flores, méxico-air-quality.csv"
2019/3/14, , 52, 21, 6, 6,Estado de México,"villa-de las flores, méxico-air-quality.csv"
2019/3/15, , 44, 11, 8, 2,Estado de México,"villa-de las flores, méxico-air-quality.csv"
2019/3/16, , 39, 14, 19, 2,Estado de México,"villa-de las flores, méxico-air-quality.csv"
2019/3/17, , 37, 15, 34, 2,Estado de México,"villa-de las flores, méxico-air-quality.csv"
2019/3/18, , 33, 12, 31, 2,Estado de México,"villa-de las flores, méxico-air-quality.csv"
2019/3/19, , 34, 14, 26, 2,Estado de México,"villa-de las flores, méxico-air-quality.csv"
2019/3/20, , 40, 13, 21, 2,Estado de México,"villa-de las flores, méxico-air-quality.csv"
2019/3/21, , 39, 10, 22, 2,Estado de México,"villa-de las flores, méxico-air-quality.csv"
2019/3/22, , 46, 17, 11, 3,Estado de México,"villa-de las flores, méxico-air-quality.csv"
2019/3/23, , 40, 17, 5, 3,Estado de México,"villa-de las flores, méxico-air-quality.csv"
2019/3/24, , 46, 10, 5, 2,Estado de México,"villa-de las flores, méxico-air-quality.csv"
2019/3/25, , 37, 17, 3, 3,Estado de México,"villa-de las flores, méxico-air-quality.csv"
2019/3/26, , 35, 14, 4, 4,Estado de México,"villa-de las flores, méxico-air-quality.csv"
2019/3/27, , 33, 12, 11, 2,Estado de México,"villa-de las flores, méxico-air-quality.csv"
2019/3/28, , 39, 17, 34, 2,Estado de México,"villa-de las flores, méxico-air-quality.csv"
2019/3/29, , 40, 22, 9, 5,Estado de México,"villa-de las flores, méxico-air-quality.csv"
2018/11/7, , 25, 18, 4, 5,Estado de México,"villa-de las flores, méxico-air-quality.csv"
2018/7/2, , 45, 6, 8, 1,Estado de México,"villa-de las flores, méxico-air-quality.csv"
2018/7/30, , 51, 10, 3, 3,Estado de México,"villa-de las flores, méxico-air-quality.csv"
2018/9/3, , 44, 9, 5, 3,Estado de México,"villa-de las flores, méxico-air-quality.csv"
2018/4/24, , 57, 17, 15, 6,Estado de México,"villa-de las flores, méxico-air-quality.csv"
2018/5/12, , 43, , , 6,Estado de México,"villa-de las flores, méxico-air-quality.csv"
2018/5/21, , 37, 14, , 8,Estado de México,"villa-de las flores, méxico-air-quality.csv"
2018/6/25, , 55, 16, 4, 4,Estado de México,"villa-de las flores, méxico-air-quality.csv"
2018/1/8, , 20, 14, 1, 3,Estado de México,"villa-de las flores, méxico-air-quality.csv"
2018/2/15, , 64, 12, 5, 4,Estado de México,"villa-de las flores, méxico-air-quality.csv"
2017/12/5, , 47, 31, 12, 12,Estado de México,"villa-de las flores, méxico-air-quality.csv"
2017/7/6, , 26, 15, 18, 5,Estado de México,"villa-de las flores, méxico-air-quality.csv"
2017/7/7, , 21, 10, 5, 3,Estado de México,"villa-de las flores, méxico-air-quality.csv"
2017/7/8, , 18, 8, 14, 3,Estado de México,"villa-de las flores, méxico-air-quality.csv"
2017/7/9, , 18, 9, 12, 3,Estado de México,"villa-de las flores, méxico-air-quality.csv"
2017/7/10, , 25, 21, 29, 7,Estado de México,"villa-de las flores, méxico-air-quality.csv"
2017/7/11, , 30, 21, 6, 7,Estado de México,"villa-de las flores, méxico-air-quality.csv"
2017/7/12, , 38, 24, 6, 7,Estado de México,"villa-de las flores, méxico-air-quality.csv"
2017/7/13, , 50, 19, 11, 5,Estado de México,"villa-de las flores, méxico-air-quality.csv"
2017/7/14, , 34, 10, 4, 3,Estado de México,"villa-de las flores, méxico-air-quality.csv"
2017/7/15, , 39, 10, 24, 3,Estado de México,"villa-de las flores, méxico-air-quality.csv"
2017/7/16, , 37, 14, 19, 4,Estado de México,"villa-de las flores, méxico-air-quality.csv"
2017/7/17, , 41, 18, 3, 7,Estado de México,"villa-de las flores, méxico-air-quality.csv"
2017/7/26, , 33, , 3, 5,Estado de México,"villa-de las flores, méxico-air-quality.csv"
2017/7/27, , 41, 13, 33, 3,Estado de México,"villa-de las flores, méxico-air-quality.csv"
2017/7/28, , 42, 10, 8, 4,Estado de México,"villa-de las flores, méxico-air-quality.csv"
2017/7/29, , 48, 11, 8, 3,Estado de México,"villa-de las flores, méxico-air-quality.csv"
2017/7/30, , 46, 11, 3, 3,Estado de México,"villa-de las flores, méxico-air-quality.csv"
2017/9/2, , 26, 7, 3, 2,Estado de México,"villa-de las flores, méxico-air-quality.csv"
2017/9/3, , 26, 7, 4, 2,Estado de México,"villa-de las flores, méxico-air-quality.csv"
2017/9/4, , 25, 16, 3, 4,Estado de México,"villa-de las flores, méxico-air-quality.csv"
2017/9/5, , 32, 21, 3, 6,Estado de México,"villa-de las flores, méxico-air-quality.csv"
2017/9/10, , 22, 7, 3, 3,Estado de México,"villa-de las flores, méxico-air-quality.csv"
2017/9/11, , 38, 12, 6, 4,Estado de México,"villa-de las flores, méxico-air-quality.csv"
2017/9/12, , 36, 17, 4, 5,Estado de México,"villa-de las flores, méxico-air-quality.csv"
2017/9/13, , 54, 23, 4, 7,Estado de México,"villa-de las flores, méxico-air-quality.csv"
2017/9/14, , 63, 22, 3, 6,Estado de México,"villa-de las flores, méxico-air-quality.csv"
2017/9/15, , 50, 19, 10, 6,Estado de México,"villa-de las flores, méxico-air-quality.csv"
2017/9/16, , 62, 18, 12, 7,Estado de México,"villa-de las flores, méxico-air-quality.csv"
2017/4/4, , 36, 15, 4, 4,Estado de México,"villa-de las flores, méxico-air-quality.csv"
2017/1/16, , 51, 35, 10, 9,Estado de México,"villa-de las flores, méxico-air-quality.csv"
2017/2/24, , 58, 20, 5, 3,Estado de México,"villa-de las flores, méxico-air-quality.csv"
2017/3/30, , 45, 15, 9, 5,Estado de México,"villa-de las flores, méxico-air-quality.csv"
2016/10/28, , 27, 14, 1, 4,Estado de México,"villa-de las flores, méxico-air-quality.csv"
2016/11/14, , 38, 12, 3, 4,Estado de México,"villa-de las flores, méxico-air-quality.csv"
2020/4/1, , , 11, 8, 6,Estado de México,"villa-de las flores, méxico-air-quality.csv"
