date, pm25, o3, no2, so2, co,estado,fuente_archivo
2025/8/2, 65, 5, , , 29,Yucatán,"sds01,-mérida, yucatán-air-quality.csv"
2025/8/3, 65, 6, , , 29,Yucatán,"sds01,-mérida, yucatán-air-quality.csv"
2025/8/4, 65, 5, , , 30,Yucatán,"sds01,-mérida, yucatán-air-quality.csv"
2025/8/7, 67, 67, 7, 24, 39,Yucatán,"sds01,-mérida, yucatán-air-quality.csv"
2025/8/8, 48, 11, 3, 1, 29,Yucatán,"sds01,-mérida, yucatán-air-quality.csv"
2025/8/9, 48, 15, 5, 1, 44,Yucatán,"sds01,-mérida, yucatán-air-quality.csv"
2025/8/10, 35, 10, 4, , 38,Yucatán,"sds01,-mérida, yucatán-air-quality.csv"
2025/8/11, 38, 7, 6, , 26,Yucatán,"sds01,-mérida, yucatán-air-quality.csv"
2025/8/12, 48, 15, 5, , 20,Yucatán,"sds01,-mérida, yucatán-air-quality.csv"
2025/8/13, 43, 10, 6, 1, 15,Yucatán,"sds01,-mérida, yucatán-air-quality.csv"
2025/8/14, 42, 8, 5, , 27,Yucatán,"sds01,-mérida, yucatán-air-quality.csv"
2025/8/15, 47, 11, 9, , 27,Yucatán,"sds01,-mérida, yucatán-air-quality.csv"
2025/8/16, 51, 13, 15, , 15,Yucatán,"sds01,-mérida, yucatán-air-quality.csv"
2025/8/17, 44, 10, 12, , 8,Yucatán,"sds01,-mérida, yucatán-air-quality.csv"
2025/8/18, 43, 16, 15, , 9,Yucatán,"sds01,-mérida, yucatán-air-quality.csv"
2025/8/19, 50, 19, 24, , 1,Yucatán,"sds01,-mérida, yucatán-air-quality.csv"
2025/8/20, 43, 18, 29, , ,Yucatán,"sds01,-mérida, yucatán-air-quality.csv"
2025/8/21, 42, 13, 41, , 11,Yucatán,"sds01,-mérida, yucatán-air-quality.csv"
2025/8/22, 51, 9, 5, , ,Yucatán,"sds01,-mérida, yucatán-air-quality.csv"
2025/8/23, 40, 10, 5, , ,Yucatán,"sds01,-mérida, yucatán-air-quality.csv"
2025/8/24, 56, 10, 3, , ,Yucatán,"sds01,-mérida, yucatán-air-quality.csv"
2025/8/25, 51, 14, 4, , ,Yucatán,"sds01,-mérida, yucatán-air-quality.csv"
2025/8/26, 44, 12, 5, , ,Yucatán,"sds01,-mérida, yucatán-air-quality.csv"
2025/8/27, 36, 12, 4, , ,Yucatán,"sds01,-mérida, yucatán-air-quality.csv"
2025/8/28, 56, , , , ,Yucatán,"sds01,-mérida, yucatán-air-quality.csv"
2025/7/2, 61, 3, , , 29,Yucatán,"sds01,-mérida, yucatán-air-quality.csv"
2025/7/3, 74, 6, , , 29,Yucatán,"sds01,-mérida, yucatán-air-quality.csv"
2025/7/4, 65, 6, , , 29,Yucatán,"sds01,-mérida, yucatán-air-quality.csv"
2025/7/5, 67, 2, , , 29,Yucatán,"sds01,-mérida, yucatán-air-quality.csv"
2025/7/6, 51, 4, , , 29,Yucatán,"sds01,-mérida, yucatán-air-quality.csv"
2025/7/7, 52, 3, , , 29,Yucatán,"sds01,-mérida, yucatán-air-quality.csv"
2025/7/8, 60, 6, , , 29,Yucatán,"sds01,-mérida, yucatán-air-quality.csv"
2025/7/9, 43, 5, , , 30,Yucatán,"sds01,-mérida, yucatán-air-quality.csv"
2025/7/10, 52, 7, , , 30,Yucatán,"sds01,-mérida, yucatán-air-quality.csv"
2025/7/11, 48, 5, , , 29,Yucatán,"sds01,-mérida, yucatán-air-quality.csv"
2025/7/12, 59, 5, , , 30,Yucatán,"sds01,-mérida, yucatán-air-quality.csv"
2025/7/13, 67, 4, , , 30,Yucatán,"sds01,-mérida, yucatán-air-quality.csv"
2025/7/14, 60, 4, , , 31,Yucatán,"sds01,-mérida, yucatán-air-quality.csv"
2025/7/15, 107, 3, , , 31,Yucatán,"sds01,-mérida, yucatán-air-quality.csv"
2025/7/16, 102, 4, , , 31,Yucatán,"sds01,-mérida, yucatán-air-quality.csv"
2025/7/17, 126, 4, , , 30,Yucatán,"sds01,-mérida, yucatán-air-quality.csv"
2025/7/18, 96, 5, , , 31,Yucatán,"sds01,-mérida, yucatán-air-quality.csv"
2025/7/19, 57, 2, , , 30,Yucatán,"sds01,-mérida, yucatán-air-quality.csv"
2025/7/20, 90, 3, , , 30,Yucatán,"sds01,-mérida, yucatán-air-quality.csv"
2025/7/21, 114, 4, , , 30,Yucatán,"sds01,-mérida, yucatán-air-quality.csv"
2025/7/22, 70, 5, , , 30,Yucatán,"sds01,-mérida, yucatán-air-quality.csv"
2025/7/23, 52, 6, , , 30,Yucatán,"sds01,-mérida, yucatán-air-quality.csv"
2025/7/24, 38, 6, , , 30,Yucatán,"sds01,-mérida, yucatán-air-quality.csv"
2025/7/25, 47, 7, , , 29,Yucatán,"sds01,-mérida, yucatán-air-quality.csv"
2025/7/26, 37, 5, , , 30,Yucatán,"sds01,-mérida, yucatán-air-quality.csv"
2025/7/27, 50, 5, , , 29,Yucatán,"sds01,-mérida, yucatán-air-quality.csv"
2025/7/28, 72, 9, , , 29,Yucatán,"sds01,-mérida, yucatán-air-quality.csv"
2025/7/29, 67, 6, , , 30,Yucatán,"sds01,-mérida, yucatán-air-quality.csv"
2025/7/30, 58, 6, , , 31,Yucatán,"sds01,-mérida, yucatán-air-quality.csv"
2025/7/31, 45, 5, , , 30,Yucatán,"sds01,-mérida, yucatán-air-quality.csv"
2025/8/1, 44, 6, , , 29,Yucatán,"sds01,-mérida, yucatán-air-quality.csv"
2025/4/2, 53, 7, , , 25,Yucatán,"sds01,-mérida, yucatán-air-quality.csv"
2025/4/3, 63, 6, , , 25,Yucatán,"sds01,-mérida, yucatán-air-quality.csv"
2025/4/4, 57, 7, , , 25,Yucatán,"sds01,-mérida, yucatán-air-quality.csv"
2025/4/5, 60, 6, , , 26,Yucatán,"sds01,-mérida, yucatán-air-quality.csv"
2025/4/6, 72, 9, , , 26,Yucatán,"sds01,-mérida, yucatán-air-quality.csv"
2025/4/7, 60, 11, , , 26,Yucatán,"sds01,-mérida, yucatán-air-quality.csv"
2025/4/8, 43, 16, , , 25,Yucatán,"sds01,-mérida, yucatán-air-quality.csv"
2025/4/9, 29, 18, , , 25,Yucatán,"sds01,-mérida, yucatán-air-quality.csv"
2025/4/10, 27, 18, , , 25,Yucatán,"sds01,-mérida, yucatán-air-quality.csv"
2025/4/11, 32, 16, , , 26,Yucatán,"sds01,-mérida, yucatán-air-quality.csv"
2025/4/12, 36, 9, , , 26,Yucatán,"sds01,-mérida, yucatán-air-quality.csv"
2025/4/13, 32, 19, , , 25,Yucatán,"sds01,-mérida, yucatán-air-quality.csv"
2025/4/14, 35, 17, , , 25,Yucatán,"sds01,-mérida, yucatán-air-quality.csv"
2025/4/15, 41, 16, , , 26,Yucatán,"sds01,-mérida, yucatán-air-quality.csv"
2025/4/16, 47, 14, , , 26,Yucatán,"sds01,-mérida, yucatán-air-quality.csv"
2025/4/17, 49, , , , 26,Yucatán,"sds01,-mérida, yucatán-air-quality.csv"
2025/4/18, 36, , , , ,Yucatán,"sds01,-mérida, yucatán-air-quality.csv"
2025/4/20, 50, , , , 26,Yucatán,"sds01,-mérida, yucatán-air-quality.csv"
2025/4/21, 41, , , , 27,Yucatán,"sds01,-mérida, yucatán-air-quality.csv"
2025/4/22, 97, , , , 26,Yucatán,"sds01,-mérida, yucatán-air-quality.csv"
2025/4/23, 68, , , , 26,Yucatán,"sds01,-mérida, yucatán-air-quality.csv"
2025/4/24, 45, , , , 26,Yucatán,"sds01,-mérida, yucatán-air-quality.csv"
2025/4/25, 58, , , , 26,Yucatán,"sds01,-mérida, yucatán-air-quality.csv"
2025/4/26, 51, , , , 27,Yucatán,"sds01,-mérida, yucatán-air-quality.csv"
2025/4/27, 48, , , , 27,Yucatán,"sds01,-mérida, yucatán-air-quality.csv"
2025/4/28, 62, , , , 27,Yucatán,"sds01,-mérida, yucatán-air-quality.csv"
2025/4/29, 57, 10, , , 27,Yucatán,"sds01,-mérida, yucatán-air-quality.csv"
2025/4/30, 56, 12, , , 28,Yucatán,"sds01,-mérida, yucatán-air-quality.csv"
2025/5/1, 97, 12, , , 27,Yucatán,"sds01,-mérida, yucatán-air-quality.csv"
2025/5/2, 97, 10, , , 27,Yucatán,"sds01,-mérida, yucatán-air-quality.csv"
2025/5/3, 68, 4, , , 27,Yucatán,"sds01,-mérida, yucatán-air-quality.csv"
2025/5/4, 77, 8, , , 28,Yucatán,"sds01,-mérida, yucatán-air-quality.csv"
2025/5/5, 56, 9, , , 29,Yucatán,"sds01,-mérida, yucatán-air-quality.csv"
2025/5/6, 81, 24, , , 28,Yucatán,"sds01,-mérida, yucatán-air-quality.csv"
2025/5/7, 67, 10, , , 28,Yucatán,"sds01,-mérida, yucatán-air-quality.csv"
2025/5/8, 74, 7, , , 28,Yucatán,"sds01,-mérida, yucatán-air-quality.csv"
2025/5/9, 73, 6, , , 27,Yucatán,"sds01,-mérida, yucatán-air-quality.csv"
2025/5/10, 55, 10, , , 28,Yucatán,"sds01,-mérida, yucatán-air-quality.csv"
2025/5/11, 43, 17, , , 27,Yucatán,"sds01,-mérida, yucatán-air-quality.csv"
2025/5/12, 37, 20, , , 27,Yucatán,"sds01,-mérida, yucatán-air-quality.csv"
2025/5/13, 38, 18, , , 27,Yucatán,"sds01,-mérida, yucatán-air-quality.csv"
2025/5/14, 38, 5, , , 27,Yucatán,"sds01,-mérida, yucatán-air-quality.csv"
2025/5/15, 52, 6, , , 27,Yucatán,"sds01,-mérida, yucatán-air-quality.csv"
2025/5/16, 46, 7, , , 27,Yucatán,"sds01,-mérida, yucatán-air-quality.csv"
2025/5/17, 48, 7, , , 27,Yucatán,"sds01,-mérida, yucatán-air-quality.csv"
2025/5/18, 40, 6, , , 27,Yucatán,"sds01,-mérida, yucatán-air-quality.csv"
2025/5/19, 40, 6, , , 27,Yucatán,"sds01,-mérida, yucatán-air-quality.csv"
2025/5/20, 50, 7, , , 27,Yucatán,"sds01,-mérida, yucatán-air-quality.csv"
2025/5/21, 52, 5, , , 27,Yucatán,"sds01,-mérida, yucatán-air-quality.csv"
2025/5/22, 52, 6, , , 29,Yucatán,"sds01,-mérida, yucatán-air-quality.csv"
2025/5/23, 61, 4, , , 27,Yucatán,"sds01,-mérida, yucatán-air-quality.csv"
2025/5/24, 57, 5, , , 29,Yucatán,"sds01,-mérida, yucatán-air-quality.csv"
2025/5/25, 55, 7, , , 28,Yucatán,"sds01,-mérida, yucatán-air-quality.csv"
2025/5/26, 67, 5, , , 29,Yucatán,"sds01,-mérida, yucatán-air-quality.csv"
2025/5/27, 67, 5, , , 28,Yucatán,"sds01,-mérida, yucatán-air-quality.csv"
2025/5/28, 55, 4, , , 29,Yucatán,"sds01,-mérida, yucatán-air-quality.csv"
2025/5/29, 65, 4, , , 29,Yucatán,"sds01,-mérida, yucatán-air-quality.csv"
2025/5/30, 101, 7, , , 29,Yucatán,"sds01,-mérida, yucatán-air-quality.csv"
2025/5/31, 83, 9, , , 29,Yucatán,"sds01,-mérida, yucatán-air-quality.csv"
2025/6/1, 57, 7, , , 29,Yucatán,"sds01,-mérida, yucatán-air-quality.csv"
2025/6/2, 48, 4, , , 29,Yucatán,"sds01,-mérida, yucatán-air-quality.csv"
2025/6/3, 56, 4, , , 30,Yucatán,"sds01,-mérida, yucatán-air-quality.csv"
2025/6/4, 61, 4, , , 30,Yucatán,"sds01,-mérida, yucatán-air-quality.csv"
2025/6/5, 73, 4, , , 30,Yucatán,"sds01,-mérida, yucatán-air-quality.csv"
2025/6/6, 71, 8, , , 29,Yucatán,"sds01,-mérida, yucatán-air-quality.csv"
2025/6/7, 57, 7, , , 29,Yucatán,"sds01,-mérida, yucatán-air-quality.csv"
2025/6/8, 57, 7, , , 29,Yucatán,"sds01,-mérida, yucatán-air-quality.csv"
2025/6/9, 44, 6, , , 29,Yucatán,"sds01,-mérida, yucatán-air-quality.csv"
2025/6/10, 47, 6, , , 29,Yucatán,"sds01,-mérida, yucatán-air-quality.csv"
2025/6/11, 39, 6, , , 29,Yucatán,"sds01,-mérida, yucatán-air-quality.csv"
2025/6/12, 65, 4, , , 29,Yucatán,"sds01,-mérida, yucatán-air-quality.csv"
2025/6/13, 68, 4, , , 29,Yucatán,"sds01,-mérida, yucatán-air-quality.csv"
2025/6/14, 70, 4, , , 29,Yucatán,"sds01,-mérida, yucatán-air-quality.csv"
2025/6/15, 58, 6, , , 29,Yucatán,"sds01,-mérida, yucatán-air-quality.csv"
2025/6/16, 70, 4, , , 29,Yucatán,"sds01,-mérida, yucatán-air-quality.csv"
2025/6/17, 63, 4, , , 29,Yucatán,"sds01,-mérida, yucatán-air-quality.csv"
2025/6/18, 56, 5, , , 29,Yucatán,"sds01,-mérida, yucatán-air-quality.csv"
2025/6/19, 68, 2, , , 32,Yucatán,"sds01,-mérida, yucatán-air-quality.csv"
2025/6/20, 65, 6, , , 30,Yucatán,"sds01,-mérida, yucatán-air-quality.csv"
2025/6/21, 75, 4, , , 30,Yucatán,"sds01,-mérida, yucatán-air-quality.csv"
2025/6/22, 65, 5, , , 30,Yucatán,"sds01,-mérida, yucatán-air-quality.csv"
2025/6/23, 55, 5, , , 29,Yucatán,"sds01,-mérida, yucatán-air-quality.csv"
2025/6/24, 43, 2, , , 29,Yucatán,"sds01,-mérida, yucatán-air-quality.csv"
2025/6/25, 35, , , , ,Yucatán,"sds01,-mérida, yucatán-air-quality.csv"
2025/7/1, 59, 4, , , 30,Yucatán,"sds01,-mérida, yucatán-air-quality.csv"
2025/1/2, 40, 10, 4, , 22,Yucatán,"sds01,-mérida, yucatán-air-quality.csv"
2025/1/3, 30, 11, 5, , 22,Yucatán,"sds01,-mérida, yucatán-air-quality.csv"
2025/1/4, 30, 11, 4, , 22,Yucatán,"sds01,-mérida, yucatán-air-quality.csv"
2025/1/5, 27, 12, 4, , 22,Yucatán,"sds01,-mérida, yucatán-air-quality.csv"
2025/1/6, 41, 10, 4, , 23,Yucatán,"sds01,-mérida, yucatán-air-quality.csv"
2025/1/7, 41, 10, 4, , 22,Yucatán,"sds01,-mérida, yucatán-air-quality.csv"
2025/1/8, 27, 10, 5, , 23,Yucatán,"sds01,-mérida, yucatán-air-quality.csv"
2025/1/9, 26, 10, 5, , 22,Yucatán,"sds01,-mérida, yucatán-air-quality.csv"
2025/1/10, 36, 9, 4, , 22,Yucatán,"sds01,-mérida, yucatán-air-quality.csv"
2025/1/11, 14, 7, 5, , 23,Yucatán,"sds01,-mérida, yucatán-air-quality.csv"
2025/1/12, 23, 6, 4, , 23,Yucatán,"sds01,-mérida, yucatán-air-quality.csv"
2025/1/13, 39, 7, 4, , 23,Yucatán,"sds01,-mérida, yucatán-air-quality.csv"
2025/1/14, 55, 5, 4, , 23,Yucatán,"sds01,-mérida, yucatán-air-quality.csv"
2025/1/15, 41, 6, 4, , 23,Yucatán,"sds01,-mérida, yucatán-air-quality.csv"
2025/1/16, 44, 6, 4, , 23,Yucatán,"sds01,-mérida, yucatán-air-quality.csv"
2025/1/17, 57, 15, 4, , 24,Yucatán,"sds01,-mérida, yucatán-air-quality.csv"
2025/1/18, 35, 4, 4, , 24,Yucatán,"sds01,-mérida, yucatán-air-quality.csv"
2025/1/19, 53, 12, 3, , 23,Yucatán,"sds01,-mérida, yucatán-air-quality.csv"
2025/1/20, 40, 10, 3, , 23,Yucatán,"sds01,-mérida, yucatán-air-quality.csv"
2025/1/21, 38, 11, 3, , 23,Yucatán,"sds01,-mérida, yucatán-air-quality.csv"
2025/1/22, 33, 13, 3, , 22,Yucatán,"sds01,-mérida, yucatán-air-quality.csv"
2025/1/23, 23, 12, 5, , 23,Yucatán,"sds01,-mérida, yucatán-air-quality.csv"
2025/1/24, 26, 8, 4, , 24,Yucatán,"sds01,-mérida, yucatán-air-quality.csv"
2025/1/25, 17, 14, 4, , 22,Yucatán,"sds01,-mérida, yucatán-air-quality.csv"
2025/1/26, 28, 13, 4, , 23,Yucatán,"sds01,-mérida, yucatán-air-quality.csv"
2025/1/27, 33, 9, 4, , 24,Yucatán,"sds01,-mérida, yucatán-air-quality.csv"
2025/1/28, 48, 8, 4, , 24,Yucatán,"sds01,-mérida, yucatán-air-quality.csv"
2025/1/29, 47, 8, 4, , 23,Yucatán,"sds01,-mérida, yucatán-air-quality.csv"
2025/1/30, 47, 7, 4, , 23,Yucatán,"sds01,-mérida, yucatán-air-quality.csv"
2025/1/31, 46, 5, 3, , 24,Yucatán,"sds01,-mérida, yucatán-air-quality.csv"
2025/2/1, 41, , , , ,Yucatán,"sds01,-mérida, yucatán-air-quality.csv"
2025/2/3, 65, 9, 3, , 24,Yucatán,"sds01,-mérida, yucatán-air-quality.csv"
2025/2/4, 55, 9, 3, , 23,Yucatán,"sds01,-mérida, yucatán-air-quality.csv"
2025/2/5, 52, 9, 4, , 23,Yucatán,"sds01,-mérida, yucatán-air-quality.csv"
2025/2/6, 45, 8, 4, , 23,Yucatán,"sds01,-mérida, yucatán-air-quality.csv"
2025/2/7, 44, 12, 4, , 24,Yucatán,"sds01,-mérida, yucatán-air-quality.csv"
2025/2/8, 37, , , , ,Yucatán,"sds01,-mérida, yucatán-air-quality.csv"
2025/2/11, 45, 8, 2, , 24,Yucatán,"sds01,-mérida, yucatán-air-quality.csv"
2025/2/12, 47, 5, 2, , 23,Yucatán,"sds01,-mérida, yucatán-air-quality.csv"
2025/2/13, 44, 5, 2, , 24,Yucatán,"sds01,-mérida, yucatán-air-quality.csv"
2025/2/14, 48, 6, 2, , 24,Yucatán,"sds01,-mérida, yucatán-air-quality.csv"
2025/2/15, 46, 5, 1, , 24,Yucatán,"sds01,-mérida, yucatán-air-quality.csv"
2025/2/16, 53, 6, 1, , 24,Yucatán,"sds01,-mérida, yucatán-air-quality.csv"
2025/2/17, 58, 7, 2, , 24,Yucatán,"sds01,-mérida, yucatán-air-quality.csv"
2025/2/18, 33, 6, 2, , 24,Yucatán,"sds01,-mérida, yucatán-air-quality.csv"
2025/2/19, 31, 8, 1, , 24,Yucatán,"sds01,-mérida, yucatán-air-quality.csv"
2025/2/20, 44, 9, 2, , 24,Yucatán,"sds01,-mérida, yucatán-air-quality.csv"
2025/2/21, 42, 8, 2, , 25,Yucatán,"sds01,-mérida, yucatán-air-quality.csv"
2025/2/22, 37, 11, 2, , 25,Yucatán,"sds01,-mérida, yucatán-air-quality.csv"
2025/2/23, 33, 12, 1, , 24,Yucatán,"sds01,-mérida, yucatán-air-quality.csv"
2025/2/24, 35, 12, 1, , 24,Yucatán,"sds01,-mérida, yucatán-air-quality.csv"
2025/2/25, 31, 15, 1, , 24,Yucatán,"sds01,-mérida, yucatán-air-quality.csv"
2025/2/26, 28, 15, 1, , 24,Yucatán,"sds01,-mérida, yucatán-air-quality.csv"
2025/2/27, 33, 11, , , 24,Yucatán,"sds01,-mérida, yucatán-air-quality.csv"
2025/2/28, 37, 11, , , 24,Yucatán,"sds01,-mérida, yucatán-air-quality.csv"
2025/3/1, 21, 13, , , 24,Yucatán,"sds01,-mérida, yucatán-air-quality.csv"
2025/3/2, 29, 9, , , 24,Yucatán,"sds01,-mérida, yucatán-air-quality.csv"
2025/3/3, 32, 8, , , 24,Yucatán,"sds01,-mérida, yucatán-air-quality.csv"
2025/3/4, 39, 9, , , 24,Yucatán,"sds01,-mérida, yucatán-air-quality.csv"
2025/3/5, 43, 14, , , 24,Yucatán,"sds01,-mérida, yucatán-air-quality.csv"
2025/3/6, 60, 14, , , 24,Yucatán,"sds01,-mérida, yucatán-air-quality.csv"
2025/3/7, 43, 9, , , 25,Yucatán,"sds01,-mérida, yucatán-air-quality.csv"
2025/3/8, 37, 5, , , 25,Yucatán,"sds01,-mérida, yucatán-air-quality.csv"
2025/3/9, 49, 7, , , 24,Yucatán,"sds01,-mérida, yucatán-air-quality.csv"
2025/3/10, 51, 15, , , 24,Yucatán,"sds01,-mérida, yucatán-air-quality.csv"
2025/3/11, 39, 17, , , 24,Yucatán,"sds01,-mérida, yucatán-air-quality.csv"
2025/3/12, 29, 11, , , 25,Yucatán,"sds01,-mérida, yucatán-air-quality.csv"
2025/3/13, 39, 9, , , 25,Yucatán,"sds01,-mérida, yucatán-air-quality.csv"
2025/3/14, 48, 7, , , 25,Yucatán,"sds01,-mérida, yucatán-air-quality.csv"
2025/3/15, 54, 4, , , 24,Yucatán,"sds01,-mérida, yucatán-air-quality.csv"
2025/3/16, 47, 18, , , 25,Yucatán,"sds01,-mérida, yucatán-air-quality.csv"
2025/3/17, 67, 16, , , 24,Yucatán,"sds01,-mérida, yucatán-air-quality.csv"
2025/3/18, 30, 15, , , 24,Yucatán,"sds01,-mérida, yucatán-air-quality.csv"
2025/3/19, 31, 14, , , 24,Yucatán,"sds01,-mérida, yucatán-air-quality.csv"
2025/3/20, 36, 14, , , 25,Yucatán,"sds01,-mérida, yucatán-air-quality.csv"
2025/3/21, 40, 14, , , 24,Yucatán,"sds01,-mérida, yucatán-air-quality.csv"
2025/3/22, 36, 12, , , 24,Yucatán,"sds01,-mérida, yucatán-air-quality.csv"
2025/3/23, 42, 11, , , 25,Yucatán,"sds01,-mérida, yucatán-air-quality.csv"
2025/3/24, 44, 7, , , 25,Yucatán,"sds01,-mérida, yucatán-air-quality.csv"
2025/3/25, 64, 8, , , 25,Yucatán,"sds01,-mérida, yucatán-air-quality.csv"
2025/3/26, 47, 10, , , 25,Yucatán,"sds01,-mérida, yucatán-air-quality.csv"
2025/3/27, 54, 11, , , 25,Yucatán,"sds01,-mérida, yucatán-air-quality.csv"
2025/3/28, 50, 10, , , 25,Yucatán,"sds01,-mérida, yucatán-air-quality.csv"
2025/3/29, 55, 7, , , 25,Yucatán,"sds01,-mérida, yucatán-air-quality.csv"
2025/3/30, 51, 6, , , 25,Yucatán,"sds01,-mérida, yucatán-air-quality.csv"
2025/3/31, 44, 6, , , 25,Yucatán,"sds01,-mérida, yucatán-air-quality.csv"
2025/4/1, 51, 6, , , 25,Yucatán,"sds01,-mérida, yucatán-air-quality.csv"
2024/10/2, 32, 13, 5, , 21,Yucatán,"sds01,-mérida, yucatán-air-quality.csv"
2024/10/3, 27, 6, 5, , 21,Yucatán,"sds01,-mérida, yucatán-air-quality.csv"
2024/10/4, 40, 4, 5, , 21,Yucatán,"sds01,-mérida, yucatán-air-quality.csv"
2024/10/5, 31, 1, 3, , 20,Yucatán,"sds01,-mérida, yucatán-air-quality.csv"
2024/10/6, 19, 6, 3, , 21,Yucatán,"sds01,-mérida, yucatán-air-quality.csv"
2024/10/7, 42, 1, 2, , 21,Yucatán,"sds01,-mérida, yucatán-air-quality.csv"
2024/10/8, 35, , , , ,Yucatán,"sds01,-mérida, yucatán-air-quality.csv"
2024/10/11, 57, 30, 4, , 20,Yucatán,"sds01,-mérida, yucatán-air-quality.csv"
2024/10/12, 70, 29, 4, , 18,Yucatán,"sds01,-mérida, yucatán-air-quality.csv"
2024/10/13, 45, 31, 6, , 21,Yucatán,"sds01,-mérida, yucatán-air-quality.csv"
2024/10/14, 34, 15, 8, , 25,Yucatán,"sds01,-mérida, yucatán-air-quality.csv"
2024/10/15, 40, 18, 4, , 20,Yucatán,"sds01,-mérida, yucatán-air-quality.csv"
2024/10/16, 33, 17, 3, , 19,Yucatán,"sds01,-mérida, yucatán-air-quality.csv"
2024/10/17, 33, 29, 3, , 19,Yucatán,"sds01,-mérida, yucatán-air-quality.csv"
2024/10/18, 42, 24, 4, , 20,Yucatán,"sds01,-mérida, yucatán-air-quality.csv"
2024/10/19, 42, , 3, , 21,Yucatán,"sds01,-mérida, yucatán-air-quality.csv"
2024/10/20, 44, , 1, , 20,Yucatán,"sds01,-mérida, yucatán-air-quality.csv"
2024/10/21, 59, 1, 3, , 20,Yucatán,"sds01,-mérida, yucatán-air-quality.csv"
2024/10/22, 50, 22, 4, , 19,Yucatán,"sds01,-mérida, yucatán-air-quality.csv"
2024/10/23, 40, 22, 4, , 20,Yucatán,"sds01,-mérida, yucatán-air-quality.csv"
2024/10/24, 42, 25, 5, , 20,Yucatán,"sds01,-mérida, yucatán-air-quality.csv"
2024/10/25, 43, 25, 5, , 20,Yucatán,"sds01,-mérida, yucatán-air-quality.csv"
2024/10/26, 45, 19, 3, , 20,Yucatán,"sds01,-mérida, yucatán-air-quality.csv"
2024/10/27, 34, 22, 3, , 20,Yucatán,"sds01,-mérida, yucatán-air-quality.csv"
2024/10/28, 31, 24, 4, , 20,Yucatán,"sds01,-mérida, yucatán-air-quality.csv"
2024/10/29, 39, 20, 4, , 20,Yucatán,"sds01,-mérida, yucatán-air-quality.csv"
2024/10/30, 35, 12, 4, , 20,Yucatán,"sds01,-mérida, yucatán-air-quality.csv"
2024/10/31, 33, 10, 7, , 23,Yucatán,"sds01,-mérida, yucatán-air-quality.csv"
2024/11/1, 42, 17, 5, , 21,Yucatán,"sds01,-mérida, yucatán-air-quality.csv"
2024/11/2, 44, 22, 4, , 21,Yucatán,"sds01,-mérida, yucatán-air-quality.csv"
2024/11/3, 44, 21, 2, , 21,Yucatán,"sds01,-mérida, yucatán-air-quality.csv"
2024/11/4, 49, 18, 3, , 21,Yucatán,"sds01,-mérida, yucatán-air-quality.csv"
2024/11/5, 43, 20, 3, , 20,Yucatán,"sds01,-mérida, yucatán-air-quality.csv"
2024/11/6, 44, 25, 3, , 20,Yucatán,"sds01,-mérida, yucatán-air-quality.csv"
2024/11/7, 50, 14, 3, , 20,Yucatán,"sds01,-mérida, yucatán-air-quality.csv"
2024/11/8, 42, 12, 4, , 21,Yucatán,"sds01,-mérida, yucatán-air-quality.csv"
2024/11/9, 41, 12, 5, , 22,Yucatán,"sds01,-mérida, yucatán-air-quality.csv"
2024/11/10, 44, 14, 4, , 22,Yucatán,"sds01,-mérida, yucatán-air-quality.csv"
2024/11/11, 51, 11, 4, , 22,Yucatán,"sds01,-mérida, yucatán-air-quality.csv"
2024/11/12, 47, 13, 4, , 21,Yucatán,"sds01,-mérida, yucatán-air-quality.csv"
2024/11/13, 34, 13, 4, , 21,Yucatán,"sds01,-mérida, yucatán-air-quality.csv"
2024/11/14, 35, 10, 3, , 20,Yucatán,"sds01,-mérida, yucatán-air-quality.csv"
2024/11/15, 30, 9, 4, , 21,Yucatán,"sds01,-mérida, yucatán-air-quality.csv"
2024/11/16, 50, , , , ,Yucatán,"sds01,-mérida, yucatán-air-quality.csv"
2024/11/18, 48, 4, 1, , 21,Yucatán,"sds01,-mérida, yucatán-air-quality.csv"
2024/11/19, 42, 2, 3, , 22,Yucatán,"sds01,-mérida, yucatán-air-quality.csv"
2024/11/20, 44, 19, 4, , 22,Yucatán,"sds01,-mérida, yucatán-air-quality.csv"
2024/11/21, 27, 22, 4, , 21,Yucatán,"sds01,-mérida, yucatán-air-quality.csv"
2024/11/22, 37, 21, 6, , 21,Yucatán,"sds01,-mérida, yucatán-air-quality.csv"
2024/11/23, 20, 18, 8, , 22,Yucatán,"sds01,-mérida, yucatán-air-quality.csv"
2024/11/24, 37, 18, 3, , 21,Yucatán,"sds01,-mérida, yucatán-air-quality.csv"
2024/11/25, 25, 16, 5, , 21,Yucatán,"sds01,-mérida, yucatán-air-quality.csv"
2024/11/26, 30, 17, 6, , 22,Yucatán,"sds01,-mérida, yucatán-air-quality.csv"
2024/11/27, 40, 19, 6, , 23,Yucatán,"sds01,-mérida, yucatán-air-quality.csv"
2024/11/28, 47, 8, 4, , 22,Yucatán,"sds01,-mérida, yucatán-air-quality.csv"
2024/11/29, 40, 10, 4, , 22,Yucatán,"sds01,-mérida, yucatán-air-quality.csv"
2024/11/30, 37, , , , ,Yucatán,"sds01,-mérida, yucatán-air-quality.csv"
2024/12/2, 32, 10, 4, , 21,Yucatán,"sds01,-mérida, yucatán-air-quality.csv"
2024/12/3, 34, 12, 5, , 21,Yucatán,"sds01,-mérida, yucatán-air-quality.csv"
2024/12/4, 33, 11, 4, , 21,Yucatán,"sds01,-mérida, yucatán-air-quality.csv"
2024/12/5, 29, 13, 6, , 21,Yucatán,"sds01,-mérida, yucatán-air-quality.csv"
2024/12/6, 32, 11, 6, , 22,Yucatán,"sds01,-mérida, yucatán-air-quality.csv"
2024/12/7, 37, 8, 5, , 22,Yucatán,"sds01,-mérida, yucatán-air-quality.csv"
2024/12/8, 34, 11, 3, , 22,Yucatán,"sds01,-mérida, yucatán-air-quality.csv"
2024/12/9, 29, 9, 6, , 23,Yucatán,"sds01,-mérida, yucatán-air-quality.csv"
2024/12/10, 49, 5, 4, , 23,Yucatán,"sds01,-mérida, yucatán-air-quality.csv"
2024/12/11, 30, , , , ,Yucatán,"sds01,-mérida, yucatán-air-quality.csv"
2024/12/15, 49, 10, 2, , 22,Yucatán,"sds01,-mérida, yucatán-air-quality.csv"
2024/12/16, 35, 7, 5, , 23,Yucatán,"sds01,-mérida, yucatán-air-quality.csv"
2024/12/17, 45, 8, 5, , 22,Yucatán,"sds01,-mérida, yucatán-air-quality.csv"
2024/12/18, 47, 8, 4, , 22,Yucatán,"sds01,-mérida, yucatán-air-quality.csv"
2024/12/19, 40, 8, 3, , 22,Yucatán,"sds01,-mérida, yucatán-air-quality.csv"
2024/12/20, 36, 10, 3, , 22,Yucatán,"sds01,-mérida, yucatán-air-quality.csv"
2024/12/21, 27, 4, 7, , 25,Yucatán,"sds01,-mérida, yucatán-air-quality.csv"
2024/12/22, 40, 12, 5, , 24,Yucatán,"sds01,-mérida, yucatán-air-quality.csv"
2024/12/23, 30, 10, 5, , 23,Yucatán,"sds01,-mérida, yucatán-air-quality.csv"
2024/12/24, 32, 13, 6, , 23,Yucatán,"sds01,-mérida, yucatán-air-quality.csv"
2024/12/25, 43, 9, 5, , 23,Yucatán,"sds01,-mérida, yucatán-air-quality.csv"
2024/12/26, 38, 5, 4, , 23,Yucatán,"sds01,-mérida, yucatán-air-quality.csv"
2024/12/27, 40, 4, 4, , 23,Yucatán,"sds01,-mérida, yucatán-air-quality.csv"
2024/12/28, 27, 3, 4, , 24,Yucatán,"sds01,-mérida, yucatán-air-quality.csv"
2024/12/29, 46, 4, 3, , 23,Yucatán,"sds01,-mérida, yucatán-air-quality.csv"
2024/12/30, 38, , , , ,Yucatán,"sds01,-mérida, yucatán-air-quality.csv"
2024/7/2, 65, 15, 5, , 12,Yucatán,"sds01,-mérida, yucatán-air-quality.csv"
2024/7/3, 49, 16, 3, , 12,Yucatán,"sds01,-mérida, yucatán-air-quality.csv"
2024/7/4, 67, 111, 2, , 12,Yucatán,"sds01,-mérida, yucatán-air-quality.csv"
2024/7/5, 55, , , , ,Yucatán,"sds01,-mérida, yucatán-air-quality.csv"
2024/7/11, 128, 10, 6, , 16,Yucatán,"sds01,-mérida, yucatán-air-quality.csv"
2024/7/12, 71, 15, 5, , 15,Yucatán,"sds01,-mérida, yucatán-air-quality.csv"
2024/7/13, 37, 15, 3, , 15,Yucatán,"sds01,-mérida, yucatán-air-quality.csv"
2024/7/14, 76, 14, 3, , 15,Yucatán,"sds01,-mérida, yucatán-air-quality.csv"
2024/7/15, 67, 20, 3, , 15,Yucatán,"sds01,-mérida, yucatán-air-quality.csv"
2024/7/16, 58, 17, 5, , 15,Yucatán,"sds01,-mérida, yucatán-air-quality.csv"
2024/7/17, 56, 19, 4, , 15,Yucatán,"sds01,-mérida, yucatán-air-quality.csv"
2024/7/18, 53, 17, 5, , 15,Yucatán,"sds01,-mérida, yucatán-air-quality.csv"
2024/7/19, 43, 10, 4, , 15,Yucatán,"sds01,-mérida, yucatán-air-quality.csv"
2024/7/20, 42, 14, 7, , 16,Yucatán,"sds01,-mérida, yucatán-air-quality.csv"
2024/7/21, 47, 14, 3, , 15,Yucatán,"sds01,-mérida, yucatán-air-quality.csv"
2024/7/22, 83, 12, 6, , 17,Yucatán,"sds01,-mérida, yucatán-air-quality.csv"
2024/7/23, 50, 8, 4, , 16,Yucatán,"sds01,-mérida, yucatán-air-quality.csv"
2024/7/24, 84, 14, 3, , 15,Yucatán,"sds01,-mérida, yucatán-air-quality.csv"
2024/7/25, 69, 16, 3, , 15,Yucatán,"sds01,-mérida, yucatán-air-quality.csv"
2024/7/26, 46, 12, 3, , 15,Yucatán,"sds01,-mérida, yucatán-air-quality.csv"
2024/7/27, 38, 13, 5, , 16,Yucatán,"sds01,-mérida, yucatán-air-quality.csv"
2024/7/28, 61, 15, 2, , 15,Yucatán,"sds01,-mérida, yucatán-air-quality.csv"
2024/7/29, 45, 15, 3, , 15,Yucatán,"sds01,-mérida, yucatán-air-quality.csv"
2024/7/30, 87, 13, 3, , 15,Yucatán,"sds01,-mérida, yucatán-air-quality.csv"
2024/7/31, 84, 16, 3, , 15,Yucatán,"sds01,-mérida, yucatán-air-quality.csv"
2024/8/1, 78, 16, 3, , 15,Yucatán,"sds01,-mérida, yucatán-air-quality.csv"
2024/8/2, 61, 14, 4, , 16,Yucatán,"sds01,-mérida, yucatán-air-quality.csv"
2024/8/3, 61, 15, 3, , 16,Yucatán,"sds01,-mérida, yucatán-air-quality.csv"
2024/8/4, 38, 21, 5, , 17,Yucatán,"sds01,-mérida, yucatán-air-quality.csv"
2024/8/5, 51, 20, 4, , 16,Yucatán,"sds01,-mérida, yucatán-air-quality.csv"
2024/8/6, 47, 17, 3, , 16,Yucatán,"sds01,-mérida, yucatán-air-quality.csv"
2024/8/7, 46, 17, 7, , 17,Yucatán,"sds01,-mérida, yucatán-air-quality.csv"
2024/8/8, 58, 28, 5, , 17,Yucatán,"sds01,-mérida, yucatán-air-quality.csv"
2024/8/9, 50, 14, 5, , 17,Yucatán,"sds01,-mérida, yucatán-air-quality.csv"
2024/8/10, 44, 7, 3, , 17,Yucatán,"sds01,-mérida, yucatán-air-quality.csv"
2024/8/11, 18, 15, 5, , 18,Yucatán,"sds01,-mérida, yucatán-air-quality.csv"
2024/8/12, 45, 16, 5, , 17,Yucatán,"sds01,-mérida, yucatán-air-quality.csv"
2024/8/13, 61, 15, 2, , 17,Yucatán,"sds01,-mérida, yucatán-air-quality.csv"
2024/8/14, 58, 19, 6, , 18,Yucatán,"sds01,-mérida, yucatán-air-quality.csv"
2024/8/15, 49, 19, 7, , 19,Yucatán,"sds01,-mérida, yucatán-air-quality.csv"
2024/8/16, 56, 17, 4, , 17,Yucatán,"sds01,-mérida, yucatán-air-quality.csv"
2024/8/17, 65, 30, 4, , 18,Yucatán,"sds01,-mérida, yucatán-air-quality.csv"
2024/8/18, 53, 21, 4, , 18,Yucatán,"sds01,-mérida, yucatán-air-quality.csv"
2024/8/19, 46, 16, 6, , 18,Yucatán,"sds01,-mérida, yucatán-air-quality.csv"
2024/8/20, 44, 24, 6, , 18,Yucatán,"sds01,-mérida, yucatán-air-quality.csv"
2024/8/21, 51, 25, 7, , 19,Yucatán,"sds01,-mérida, yucatán-air-quality.csv"
2024/8/22, 47, 21, 5, , 18,Yucatán,"sds01,-mérida, yucatán-air-quality.csv"
2024/8/23, 50, , , , ,Yucatán,"sds01,-mérida, yucatán-air-quality.csv"
2024/8/26, 51, 25, 6, , 19,Yucatán,"sds01,-mérida, yucatán-air-quality.csv"
2024/8/27, 47, 20, 6, , 19,Yucatán,"sds01,-mérida, yucatán-air-quality.csv"
2024/8/28, 41, 20, 4, , 19,Yucatán,"sds01,-mérida, yucatán-air-quality.csv"
2024/8/29, 42, 22, 5, , 20,Yucatán,"sds01,-mérida, yucatán-air-quality.csv"
2024/8/30, 39, 18, 6, , 21,Yucatán,"sds01,-mérida, yucatán-air-quality.csv"
2024/8/31, 41, 21, 4, , 19,Yucatán,"sds01,-mérida, yucatán-air-quality.csv"
2024/9/1, 37, 20, 4, , 20,Yucatán,"sds01,-mérida, yucatán-air-quality.csv"
2024/9/2, 50, 17, 6, , 21,Yucatán,"sds01,-mérida, yucatán-air-quality.csv"
2024/9/3, 43, 19, 4, , 20,Yucatán,"sds01,-mérida, yucatán-air-quality.csv"
2024/9/4, 40, 15, 4, , 19,Yucatán,"sds01,-mérida, yucatán-air-quality.csv"
2024/9/5, 32, 18, 4, , 20,Yucatán,"sds01,-mérida, yucatán-air-quality.csv"
2024/9/6, 57, 18, 4, , 20,Yucatán,"sds01,-mérida, yucatán-air-quality.csv"
2024/9/7, 37, 17, 3, , 20,Yucatán,"sds01,-mérida, yucatán-air-quality.csv"
2024/9/8, 36, 17, 3, , 20,Yucatán,"sds01,-mérida, yucatán-air-quality.csv"
2024/9/9, 46, 23, 4, , 21,Yucatán,"sds01,-mérida, yucatán-air-quality.csv"
2024/9/10, 48, 14, 4, , 20,Yucatán,"sds01,-mérida, yucatán-air-quality.csv"
2024/9/11, 42, 21, 4, , 21,Yucatán,"sds01,-mérida, yucatán-air-quality.csv"
2024/9/12, 45, 13, 3, , 20,Yucatán,"sds01,-mérida, yucatán-air-quality.csv"
2024/9/13, 46, 17, 3, , 20,Yucatán,"sds01,-mérida, yucatán-air-quality.csv"
2024/9/14, 43, 11, 3, , 19,Yucatán,"sds01,-mérida, yucatán-air-quality.csv"
2024/9/15, 26, 13, 2, , 20,Yucatán,"sds01,-mérida, yucatán-air-quality.csv"
2024/9/16, 38, 13, 3, , 20,Yucatán,"sds01,-mérida, yucatán-air-quality.csv"
2024/9/17, 40, 16, 4, , 21,Yucatán,"sds01,-mérida, yucatán-air-quality.csv"
2024/9/18, 39, 12, 4, , 21,Yucatán,"sds01,-mérida, yucatán-air-quality.csv"
2024/9/19, 34, 12, 5, , 21,Yucatán,"sds01,-mérida, yucatán-air-quality.csv"
2024/9/20, 38, 19, 7, , 21,Yucatán,"sds01,-mérida, yucatán-air-quality.csv"
2024/9/21, 33, 25, 5, , 21,Yucatán,"sds01,-mérida, yucatán-air-quality.csv"
2024/9/22, 28, 16, 3, , 20,Yucatán,"sds01,-mérida, yucatán-air-quality.csv"
2024/9/23, 29, 19, 4, , 20,Yucatán,"sds01,-mérida, yucatán-air-quality.csv"
2024/9/24, 49, 14, 3, , 20,Yucatán,"sds01,-mérida, yucatán-air-quality.csv"
2024/9/25, 57, 15, 3, , 21,Yucatán,"sds01,-mérida, yucatán-air-quality.csv"
2024/9/26, 52, 20, 4, , 20,Yucatán,"sds01,-mérida, yucatán-air-quality.csv"
2024/9/27, 37, 19, 8, , 20,Yucatán,"sds01,-mérida, yucatán-air-quality.csv"
2024/9/28, 37, 21, 6, , 22,Yucatán,"sds01,-mérida, yucatán-air-quality.csv"
2024/9/29, 47, 9, 3, , 21,Yucatán,"sds01,-mérida, yucatán-air-quality.csv"
2024/9/30, 43, 14, 4, , 21,Yucatán,"sds01,-mérida, yucatán-air-quality.csv"
2024/10/1, 30, 12, 2, , 20,Yucatán,"sds01,-mérida, yucatán-air-quality.csv"
2024/4/2, 689, 56, 8, , 14,Yucatán,"sds01,-mérida, yucatán-air-quality.csv"
2024/4/3, 407, 37, 3, , 2,Yucatán,"sds01,-mérida, yucatán-air-quality.csv"
2024/4/4, 82, 39, 4, , ,Yucatán,"sds01,-mérida, yucatán-air-quality.csv"
2024/4/5, 34, 41, 5, , ,Yucatán,"sds01,-mérida, yucatán-air-quality.csv"
2024/4/6, 26, 36, 4, , ,Yucatán,"sds01,-mérida, yucatán-air-quality.csv"
2024/4/7, 58, 37, 3, , ,Yucatán,"sds01,-mérida, yucatán-air-quality.csv"
2024/4/8, 62, 39, 5, , ,Yucatán,"sds01,-mérida, yucatán-air-quality.csv"
2024/4/9, 62, 22, 4, , ,Yucatán,"sds01,-mérida, yucatán-air-quality.csv"
2024/4/10, 59, 37, 6, , ,Yucatán,"sds01,-mérida, yucatán-air-quality.csv"
2024/4/11, 79, 46, 5, , ,Yucatán,"sds01,-mérida, yucatán-air-quality.csv"
2024/4/12, 62, 40, 4, , ,Yucatán,"sds01,-mérida, yucatán-air-quality.csv"
2024/4/13, 33, , , , ,Yucatán,"sds01,-mérida, yucatán-air-quality.csv"
2024/4/15, 39, 36, 5, , ,Yucatán,"sds01,-mérida, yucatán-air-quality.csv"
2024/4/16, 50, 35, 5, , ,Yucatán,"sds01,-mérida, yucatán-air-quality.csv"
2024/4/17, 47, 34, 5, , ,Yucatán,"sds01,-mérida, yucatán-air-quality.csv"
2024/4/18, 55, 31, 4, , ,Yucatán,"sds01,-mérida, yucatán-air-quality.csv"
2024/4/19, 52, 32, 3, , ,Yucatán,"sds01,-mérida, yucatán-air-quality.csv"
2024/4/20, 46, 34, 5, , ,Yucatán,"sds01,-mérida, yucatán-air-quality.csv"
2024/4/21, 60, 33, 2, , ,Yucatán,"sds01,-mérida, yucatán-air-quality.csv"
2024/4/22, 47, 29, 4, , ,Yucatán,"sds01,-mérida, yucatán-air-quality.csv"
2024/4/23, 60, 36, 4, , 1,Yucatán,"sds01,-mérida, yucatán-air-quality.csv"
2024/4/24, 65, 32, 4, , ,Yucatán,"sds01,-mérida, yucatán-air-quality.csv"
2024/4/25, 61, 33, 4, , ,Yucatán,"sds01,-mérida, yucatán-air-quality.csv"
2024/4/26, 61, 33, 4, , ,Yucatán,"sds01,-mérida, yucatán-air-quality.csv"
2024/4/27, 60, 25, 3, , ,Yucatán,"sds01,-mérida, yucatán-air-quality.csv"
2024/4/28, 37, 29, 2, , ,Yucatán,"sds01,-mérida, yucatán-air-quality.csv"
2024/4/29, 65, 38, 3, , ,Yucatán,"sds01,-mérida, yucatán-air-quality.csv"
2024/4/30, 55, 22, 6, , ,Yucatán,"sds01,-mérida, yucatán-air-quality.csv"
2024/5/1, 77, 30, 3, , ,Yucatán,"sds01,-mérida, yucatán-air-quality.csv"
2024/5/2, 53, 34, 4, , 1,Yucatán,"sds01,-mérida, yucatán-air-quality.csv"
2024/5/3, 58, 36, 3, , 1,Yucatán,"sds01,-mérida, yucatán-air-quality.csv"
2024/5/4, 40, 33, 3, , 1,Yucatán,"sds01,-mérida, yucatán-air-quality.csv"
2024/5/5, 56, 30, 2, , 1,Yucatán,"sds01,-mérida, yucatán-air-quality.csv"
2024/5/6, 50, 24, 4, , 1,Yucatán,"sds01,-mérida, yucatán-air-quality.csv"
2024/5/7, 57, 25, 4, , 1,Yucatán,"sds01,-mérida, yucatán-air-quality.csv"
2024/5/8, 50, 25, 3, , 1,Yucatán,"sds01,-mérida, yucatán-air-quality.csv"
2024/5/9, 73, 28, 4, , 1,Yucatán,"sds01,-mérida, yucatán-air-quality.csv"
2024/5/10, 67, 17, 2, , 2,Yucatán,"sds01,-mérida, yucatán-air-quality.csv"
2024/5/11, 45, 24, 3, , 2,Yucatán,"sds01,-mérida, yucatán-air-quality.csv"
2024/5/12, 73, 31, 2, , 2,Yucatán,"sds01,-mérida, yucatán-air-quality.csv"
2024/5/13, 70, 34, 5, , 3,Yucatán,"sds01,-mérida, yucatán-air-quality.csv"
2024/5/14, 84, 37, 6, , 5,Yucatán,"sds01,-mérida, yucatán-air-quality.csv"
2024/5/15, 91, 34, 4, , 3,Yucatán,"sds01,-mérida, yucatán-air-quality.csv"
2024/5/16, 83, 27, 5, , 4,Yucatán,"sds01,-mérida, yucatán-air-quality.csv"
2024/5/17, 75, 44, 5, , 5,Yucatán,"sds01,-mérida, yucatán-air-quality.csv"
2024/5/18, 98, 23, 5, , 5,Yucatán,"sds01,-mérida, yucatán-air-quality.csv"
2024/5/19, 89, 37, 2, , 5,Yucatán,"sds01,-mérida, yucatán-air-quality.csv"
2024/5/20, 82, 21, 3, , 4,Yucatán,"sds01,-mérida, yucatán-air-quality.csv"
2024/5/21, 58, 7, 3, , 4,Yucatán,"sds01,-mérida, yucatán-air-quality.csv"
2024/5/22, 49, , , , ,Yucatán,"sds01,-mérida, yucatán-air-quality.csv"
2024/5/27, 62, 24, 3, , 6,Yucatán,"sds01,-mérida, yucatán-air-quality.csv"
2024/5/28, 56, 16, 2, , 6,Yucatán,"sds01,-mérida, yucatán-air-quality.csv"
2024/5/29, 72, , , , ,Yucatán,"sds01,-mérida, yucatán-air-quality.csv"
2024/6/12, 99, 39, 7, , 8,Yucatán,"sds01,-mérida, yucatán-air-quality.csv"
2024/6/13, 51, 71, 7, , 8,Yucatán,"sds01,-mérida, yucatán-air-quality.csv"
2024/6/14, 42, 22, 7, , 9,Yucatán,"sds01,-mérida, yucatán-air-quality.csv"
2024/6/15, 48, 20, 5, , 9,Yucatán,"sds01,-mérida, yucatán-air-quality.csv"
2024/6/16, 49, 13, 3, , 9,Yucatán,"sds01,-mérida, yucatán-air-quality.csv"
2024/6/17, 79, 14, 4, , 9,Yucatán,"sds01,-mérida, yucatán-air-quality.csv"
2024/6/18, 49, 11, 5, , 9,Yucatán,"sds01,-mérida, yucatán-air-quality.csv"
2024/6/19, 52, 17, 4, , 10,Yucatán,"sds01,-mérida, yucatán-air-quality.csv"
2024/6/20, 54, 13, 2, , 9,Yucatán,"sds01,-mérida, yucatán-air-quality.csv"
2024/6/21, 30, , , , ,Yucatán,"sds01,-mérida, yucatán-air-quality.csv"
2024/6/23, 89, 15, 4, , 10,Yucatán,"sds01,-mérida, yucatán-air-quality.csv"
2024/6/24, 56, 13, 6, , 11,Yucatán,"sds01,-mérida, yucatán-air-quality.csv"
2024/6/25, 59, 12, 6, , 11,Yucatán,"sds01,-mérida, yucatán-air-quality.csv"
2024/6/26, 72, 10, 5, , 11,Yucatán,"sds01,-mérida, yucatán-air-quality.csv"
2024/6/27, 67, 22, 5, , 11,Yucatán,"sds01,-mérida, yucatán-air-quality.csv"
2024/6/28, 67, 22, 4, , 11,Yucatán,"sds01,-mérida, yucatán-air-quality.csv"
2024/6/29, 56, 14, 2, , 10,Yucatán,"sds01,-mérida, yucatán-air-quality.csv"
2024/6/30, 34, 14, 2, , 11,Yucatán,"sds01,-mérida, yucatán-air-quality.csv"
2024/7/1, 78, 15, 5, , 12,Yucatán,"sds01,-mérida, yucatán-air-quality.csv"
2021/10/2, 52, 11, , , 1,Yucatán,"sds01,-mérida, yucatán-air-quality.csv"
2021/10/3, 51, 13, , , 1,Yucatán,"sds01,-mérida, yucatán-air-quality.csv"
2021/10/4, 54, 13, , , 1,Yucatán,"sds01,-mérida, yucatán-air-quality.csv"
2021/10/5, 56, 14, , 1, 1,Yucatán,"sds01,-mérida, yucatán-air-quality.csv"
2021/10/6, 61, 14, , , 1,Yucatán,"sds01,-mérida, yucatán-air-quality.csv"
2021/10/7, 49, 12, , , 1,Yucatán,"sds01,-mérida, yucatán-air-quality.csv"
2021/10/8, 52, 11, , 1, 2,Yucatán,"sds01,-mérida, yucatán-air-quality.csv"
2021/10/9, 74, 14, , , 2,Yucatán,"sds01,-mérida, yucatán-air-quality.csv"
2021/10/10, 83, 14, , , 1,Yucatán,"sds01,-mérida, yucatán-air-quality.csv"
2021/10/11, 69, 13, , , 1,Yucatán,"sds01,-mérida, yucatán-air-quality.csv"
2021/10/12, 66, 14, , , ,Yucatán,"sds01,-mérida, yucatán-air-quality.csv"
2021/10/13, 50, 18, , , ,Yucatán,"sds01,-mérida, yucatán-air-quality.csv"
2021/10/14, 55, 17, , 1, 1,Yucatán,"sds01,-mérida, yucatán-air-quality.csv"
2021/10/15, 57, 11, , 1, 1,Yucatán,"sds01,-mérida, yucatán-air-quality.csv"
2021/10/16, 54, 12, , 1, 1,Yucatán,"sds01,-mérida, yucatán-air-quality.csv"
2021/10/17, 46, 13, , , 1,Yucatán,"sds01,-mérida, yucatán-air-quality.csv"
2021/10/18, 42, 17, , 1, 1,Yucatán,"sds01,-mérida, yucatán-air-quality.csv"
2021/10/19, 48, 14, , 1, 5,Yucatán,"sds01,-mérida, yucatán-air-quality.csv"
2021/10/20, 51, 22, , 7, 12,Yucatán,"sds01,-mérida, yucatán-air-quality.csv"
2021/10/21, 68, 6, , , 5,Yucatán,"sds01,-mérida, yucatán-air-quality.csv"
2021/10/22, 311, 10, , , 3,Yucatán,"sds01,-mérida, yucatán-air-quality.csv"
2021/10/28, 85, 17, , , 5,Yucatán,"sds01,-mérida, yucatán-air-quality.csv"
2021/10/29, 80, 20, , , 6,Yucatán,"sds01,-mérida, yucatán-air-quality.csv"
2021/10/30, 43, 19, , , 9,Yucatán,"sds01,-mérida, yucatán-air-quality.csv"
2021/10/31, 59, 19, , , 7,Yucatán,"sds01,-mérida, yucatán-air-quality.csv"
2021/11/1, 52, 17, , , 9,Yucatán,"sds01,-mérida, yucatán-air-quality.csv"
2021/11/2, 47, 15, , , 10,Yucatán,"sds01,-mérida, yucatán-air-quality.csv"
2021/11/3, 43, 14, , , 22,Yucatán,"sds01,-mérida, yucatán-air-quality.csv"
2021/11/4, 35, 17, , , 99,Yucatán,"sds01,-mérida, yucatán-air-quality.csv"
2021/11/5, 42, 16, , , 100,Yucatán,"sds01,-mérida, yucatán-air-quality.csv"
2021/11/6, 39, 18, , , ,Yucatán,"sds01,-mérida, yucatán-air-quality.csv"
2021/11/7, 45, 16, , , ,Yucatán,"sds01,-mérida, yucatán-air-quality.csv"
2021/11/8, 36, 17, , , ,Yucatán,"sds01,-mérida, yucatán-air-quality.csv"
2021/11/9, 49, 16, , , ,Yucatán,"sds01,-mérida, yucatán-air-quality.csv"
2021/11/10, 44, 21, , , ,Yucatán,"sds01,-mérida, yucatán-air-quality.csv"
2021/11/11, 43, 16, , , ,Yucatán,"sds01,-mérida, yucatán-air-quality.csv"
2021/11/12, 50, 12, , , ,Yucatán,"sds01,-mérida, yucatán-air-quality.csv"
2021/11/13, 50, 14, , , ,Yucatán,"sds01,-mérida, yucatán-air-quality.csv"
2021/11/14, 52, 18, , , ,Yucatán,"sds01,-mérida, yucatán-air-quality.csv"
2021/11/15, 42, 19, , , ,Yucatán,"sds01,-mérida, yucatán-air-quality.csv"
2021/12/3, 36, 12, , , ,Yucatán,"sds01,-mérida, yucatán-air-quality.csv"
2021/12/11, 120, , , , ,Yucatán,"sds01,-mérida, yucatán-air-quality.csv"
2021/7/2, 65, 1, , , ,Yucatán,"sds01,-mérida, yucatán-air-quality.csv"
2021/7/3, 80, 4, , , ,Yucatán,"sds01,-mérida, yucatán-air-quality.csv"
2021/7/4, 62, 3, , , ,Yucatán,"sds01,-mérida, yucatán-air-quality.csv"
2021/7/5, 60, 4, , , ,Yucatán,"sds01,-mérida, yucatán-air-quality.csv"
2021/7/6, 55, 2, , , 1,Yucatán,"sds01,-mérida, yucatán-air-quality.csv"
2021/7/7, 58, 2, , , 1,Yucatán,"sds01,-mérida, yucatán-air-quality.csv"
2021/7/8, 57, 4, , , ,Yucatán,"sds01,-mérida, yucatán-air-quality.csv"
2021/7/9, 58, 3, , , 1,Yucatán,"sds01,-mérida, yucatán-air-quality.csv"
2021/7/10, 82, 4, , , 1,Yucatán,"sds01,-mérida, yucatán-air-quality.csv"
2021/7/11, 93, 3, , , 1,Yucatán,"sds01,-mérida, yucatán-air-quality.csv"
2021/7/12, 92, 4, , , 1,Yucatán,"sds01,-mérida, yucatán-air-quality.csv"
2021/7/13, 63, 5, , , 1,Yucatán,"sds01,-mérida, yucatán-air-quality.csv"
2021/7/14, 69, 3, , , 1,Yucatán,"sds01,-mérida, yucatán-air-quality.csv"
2021/7/15, 60, 3, , , 1,Yucatán,"sds01,-mérida, yucatán-air-quality.csv"
2021/7/16, 68, 4, , , 1,Yucatán,"sds01,-mérida, yucatán-air-quality.csv"
2021/7/17, 46, , , , ,Yucatán,"sds01,-mérida, yucatán-air-quality.csv"
2021/7/19, 59, 5, , , 1,Yucatán,"sds01,-mérida, yucatán-air-quality.csv"
2021/7/20, 57, 4, , , 1,Yucatán,"sds01,-mérida, yucatán-air-quality.csv"
2021/7/21, 51, 3, , , 1,Yucatán,"sds01,-mérida, yucatán-air-quality.csv"
2021/7/22, 52, 4, , , ,Yucatán,"sds01,-mérida, yucatán-air-quality.csv"
2021/7/23, 81, 26, , , 5,Yucatán,"sds01,-mérida, yucatán-air-quality.csv"
2021/7/24, 74, 9, , , 3,Yucatán,"sds01,-mérida, yucatán-air-quality.csv"
2021/7/25, 53, 15, , , 3,Yucatán,"sds01,-mérida, yucatán-air-quality.csv"
2021/7/26, 47, 21, , , 5,Yucatán,"sds01,-mérida, yucatán-air-quality.csv"
2021/7/27, 51, 11, , , 4,Yucatán,"sds01,-mérida, yucatán-air-quality.csv"
2021/7/28, 53, 12, , , 5,Yucatán,"sds01,-mérida, yucatán-air-quality.csv"
2021/7/29, 50, 11, , , 4,Yucatán,"sds01,-mérida, yucatán-air-quality.csv"
2021/7/30, 50, 12, , , 5,Yucatán,"sds01,-mérida, yucatán-air-quality.csv"
2021/7/31, 68, 12, , , 5,Yucatán,"sds01,-mérida, yucatán-air-quality.csv"
2021/8/1, 56, 10, , , 5,Yucatán,"sds01,-mérida, yucatán-air-quality.csv"
2021/8/2, 49, 12, , , 5,Yucatán,"sds01,-mérida, yucatán-air-quality.csv"
2021/8/3, 34, 10, , , 5,Yucatán,"sds01,-mérida, yucatán-air-quality.csv"
2021/8/4, 59, 12, , , 5,Yucatán,"sds01,-mérida, yucatán-air-quality.csv"
2021/8/5, 65, 12, , , 5,Yucatán,"sds01,-mérida, yucatán-air-quality.csv"
2021/8/6, 63, 10, , , 6,Yucatán,"sds01,-mérida, yucatán-air-quality.csv"
2021/8/7, 56, 12, , , 6,Yucatán,"sds01,-mérida, yucatán-air-quality.csv"
2021/8/8, 45, 11, , , 5,Yucatán,"sds01,-mérida, yucatán-air-quality.csv"
2021/8/9, 52, 10, , , 6,Yucatán,"sds01,-mérida, yucatán-air-quality.csv"
2021/8/10, 43, 14, , , 6,Yucatán,"sds01,-mérida, yucatán-air-quality.csv"
2021/8/11, 67, 14, , , 6,Yucatán,"sds01,-mérida, yucatán-air-quality.csv"
2021/8/12, 36, 14, , , 5,Yucatán,"sds01,-mérida, yucatán-air-quality.csv"
2021/8/13, 51, 13, , , 5,Yucatán,"sds01,-mérida, yucatán-air-quality.csv"
2021/8/14, 56, 16, , , 6,Yucatán,"sds01,-mérida, yucatán-air-quality.csv"
2021/8/15, 39, 16, , 1, 6,Yucatán,"sds01,-mérida, yucatán-air-quality.csv"
2021/8/16, 52, 11, , , 6,Yucatán,"sds01,-mérida, yucatán-air-quality.csv"
2021/8/17, 45, 10, , , 5,Yucatán,"sds01,-mérida, yucatán-air-quality.csv"
2021/8/18, 59, 12, , , 5,Yucatán,"sds01,-mérida, yucatán-air-quality.csv"
2021/8/19, 61, , , , ,Yucatán,"sds01,-mérida, yucatán-air-quality.csv"
2021/8/21, 79, 12, , , 8,Yucatán,"sds01,-mérida, yucatán-air-quality.csv"
2021/8/22, 72, 11, , , 6,Yucatán,"sds01,-mérida, yucatán-air-quality.csv"
2021/8/23, 67, 10, , , 8,Yucatán,"sds01,-mérida, yucatán-air-quality.csv"
2021/8/24, 73, 11, , , 8,Yucatán,"sds01,-mérida, yucatán-air-quality.csv"
2021/8/25, 99, 20, , , 9,Yucatán,"sds01,-mérida, yucatán-air-quality.csv"
2021/8/26, 155, 13, , , 30,Yucatán,"sds01,-mérida, yucatán-air-quality.csv"
2021/8/27, 87, 13, , , 500,Yucatán,"sds01,-mérida, yucatán-air-quality.csv"
2021/8/28, 69, 20, , , ,Yucatán,"sds01,-mérida, yucatán-air-quality.csv"
2021/8/29, 69, 10, , , ,Yucatán,"sds01,-mérida, yucatán-air-quality.csv"
2021/8/30, 65, 9, , , ,Yucatán,"sds01,-mérida, yucatán-air-quality.csv"
2021/8/31, 77, 9, , , ,Yucatán,"sds01,-mérida, yucatán-air-quality.csv"
2021/9/1, 89, 9, , , ,Yucatán,"sds01,-mérida, yucatán-air-quality.csv"
2021/9/2, 82, 9, , , ,Yucatán,"sds01,-mérida, yucatán-air-quality.csv"
2021/9/3, 95, 11, , 1, ,Yucatán,"sds01,-mérida, yucatán-air-quality.csv"
2021/9/4, 81, 11, , , ,Yucatán,"sds01,-mérida, yucatán-air-quality.csv"
2021/9/5, 50, 10, , , ,Yucatán,"sds01,-mérida, yucatán-air-quality.csv"
2021/9/6, 76, 7, , , ,Yucatán,"sds01,-mérida, yucatán-air-quality.csv"
2021/9/7, 61, 8, , , ,Yucatán,"sds01,-mérida, yucatán-air-quality.csv"
2021/9/8, 66, 5, , , ,Yucatán,"sds01,-mérida, yucatán-air-quality.csv"
2021/9/9, 75, , , , ,Yucatán,"sds01,-mérida, yucatán-air-quality.csv"
2021/9/10, 71, 11, , , ,Yucatán,"sds01,-mérida, yucatán-air-quality.csv"
2021/9/11, 73, 9, , , ,Yucatán,"sds01,-mérida, yucatán-air-quality.csv"
2021/9/12, 54, , , , ,Yucatán,"sds01,-mérida, yucatán-air-quality.csv"
2021/9/13, 87, 10, , , ,Yucatán,"sds01,-mérida, yucatán-air-quality.csv"
2021/9/14, 57, 10, , , ,Yucatán,"sds01,-mérida, yucatán-air-quality.csv"
2021/9/15, 63, 9, , , ,Yucatán,"sds01,-mérida, yucatán-air-quality.csv"
2021/9/16, 69, 11, , , ,Yucatán,"sds01,-mérida, yucatán-air-quality.csv"
2021/9/17, 68, 9, , , ,Yucatán,"sds01,-mérida, yucatán-air-quality.csv"
2021/9/18, 67, 8, , , ,Yucatán,"sds01,-mérida, yucatán-air-quality.csv"
2021/9/19, 79, 13, , , ,Yucatán,"sds01,-mérida, yucatán-air-quality.csv"
2021/9/20, 95, 7, , , ,Yucatán,"sds01,-mérida, yucatán-air-quality.csv"
2021/9/21, 84, 5, , , ,Yucatán,"sds01,-mérida, yucatán-air-quality.csv"
2021/9/22, 77, 5, , , ,Yucatán,"sds01,-mérida, yucatán-air-quality.csv"
2021/9/23, 60, 5, , 1, ,Yucatán,"sds01,-mérida, yucatán-air-quality.csv"
2021/9/24, 54, 15, , , 4,Yucatán,"sds01,-mérida, yucatán-air-quality.csv"
2021/9/25, 51, 12, , , 4,Yucatán,"sds01,-mérida, yucatán-air-quality.csv"
2021/9/26, 27, 12, , , 3,Yucatán,"sds01,-mérida, yucatán-air-quality.csv"
2021/9/27, 54, 12, , , 3,Yucatán,"sds01,-mérida, yucatán-air-quality.csv"
2021/9/28, 59, 13, , 1, 2,Yucatán,"sds01,-mérida, yucatán-air-quality.csv"
2021/9/29, 43, 16, , , 2,Yucatán,"sds01,-mérida, yucatán-air-quality.csv"
2021/9/30, 44, 12, , 1, 1,Yucatán,"sds01,-mérida, yucatán-air-quality.csv"
2021/10/1, 51, 12, , 1, 1,Yucatán,"sds01,-mérida, yucatán-air-quality.csv"
2021/4/2, 55, 23, , , 7,Yucatán,"sds01,-mérida, yucatán-air-quality.csv"
2021/4/3, 36, 23, , , 7,Yucatán,"sds01,-mérida, yucatán-air-quality.csv"
2021/4/4, 41, 21, , , 7,Yucatán,"sds01,-mérida, yucatán-air-quality.csv"
2021/4/5, 34, 20, , , 8,Yucatán,"sds01,-mérida, yucatán-air-quality.csv"
2021/4/6, 49, 19, , , 8,Yucatán,"sds01,-mérida, yucatán-air-quality.csv"
2021/4/7, 44, 15, , , 8,Yucatán,"sds01,-mérida, yucatán-air-quality.csv"
2021/4/8, 44, 13, , , 7,Yucatán,"sds01,-mérida, yucatán-air-quality.csv"
2021/4/9, 49, 12, , , 7,Yucatán,"sds01,-mérida, yucatán-air-quality.csv"
2021/4/10, 45, 15, , , 7,Yucatán,"sds01,-mérida, yucatán-air-quality.csv"
2021/4/11, 64, 15, , , 7,Yucatán,"sds01,-mérida, yucatán-air-quality.csv"
2021/4/12, 65, 14, , , 7,Yucatán,"sds01,-mérida, yucatán-air-quality.csv"
2021/4/13, 50, 12, , 1, 7,Yucatán,"sds01,-mérida, yucatán-air-quality.csv"
2021/4/14, 59, 15, , , 7,Yucatán,"sds01,-mérida, yucatán-air-quality.csv"
2021/4/15, 46, 16, , , 8,Yucatán,"sds01,-mérida, yucatán-air-quality.csv"
2021/4/16, 71, 17, , , 9,Yucatán,"sds01,-mérida, yucatán-air-quality.csv"
2021/4/17, 53, 17, , , 9,Yucatán,"sds01,-mérida, yucatán-air-quality.csv"
2021/4/18, 59, 13, , , 9,Yucatán,"sds01,-mérida, yucatán-air-quality.csv"
2021/4/19, 59, 16, , , 8,Yucatán,"sds01,-mérida, yucatán-air-quality.csv"
2021/4/20, 68, 16, , , 9,Yucatán,"sds01,-mérida, yucatán-air-quality.csv"
2021/4/21, 61, 15, , , 9,Yucatán,"sds01,-mérida, yucatán-air-quality.csv"
2021/4/22, 58, 10, , , 9,Yucatán,"sds01,-mérida, yucatán-air-quality.csv"
2021/4/23, 59, 11, , , 9,Yucatán,"sds01,-mérida, yucatán-air-quality.csv"
2021/4/24, 61, 13, , , 8,Yucatán,"sds01,-mérida, yucatán-air-quality.csv"
2021/4/25, 60, 14, , , 8,Yucatán,"sds01,-mérida, yucatán-air-quality.csv"
2021/4/26, 63, 14, , , 9,Yucatán,"sds01,-mérida, yucatán-air-quality.csv"
2021/4/27, 55, 12, , , 9,Yucatán,"sds01,-mérida, yucatán-air-quality.csv"
2021/4/28, 51, 14, , , 9,Yucatán,"sds01,-mérida, yucatán-air-quality.csv"
2021/4/29, 60, 17, , , 9,Yucatán,"sds01,-mérida, yucatán-air-quality.csv"
2021/4/30, 61, 15, , , 9,Yucatán,"sds01,-mérida, yucatán-air-quality.csv"
2021/5/1, 56, 14, , , 9,Yucatán,"sds01,-mérida, yucatán-air-quality.csv"
2021/5/2, 47, 19, , , 9,Yucatán,"sds01,-mérida, yucatán-air-quality.csv"
2021/5/3, 92, 20, , , 10,Yucatán,"sds01,-mérida, yucatán-air-quality.csv"
2021/5/4, 70, 18, , , 10,Yucatán,"sds01,-mérida, yucatán-air-quality.csv"
2021/5/5, 53, 15, , , 10,Yucatán,"sds01,-mérida, yucatán-air-quality.csv"
2021/5/6, 71, 20, , , 11,Yucatán,"sds01,-mérida, yucatán-air-quality.csv"
2021/5/7, 68, 16, , , 12,Yucatán,"sds01,-mérida, yucatán-air-quality.csv"
2021/5/8, 63, , , , ,Yucatán,"sds01,-mérida, yucatán-air-quality.csv"
2021/5/13, 52, 10, , , 9,Yucatán,"sds01,-mérida, yucatán-air-quality.csv"
2021/5/14, 45, 11, , , 9,Yucatán,"sds01,-mérida, yucatán-air-quality.csv"
2021/5/15, 35, 12, , , 9,Yucatán,"sds01,-mérida, yucatán-air-quality.csv"
2021/5/16, 35, 12, , , 9,Yucatán,"sds01,-mérida, yucatán-air-quality.csv"
2021/5/17, 42, 9, , , 10,Yucatán,"sds01,-mérida, yucatán-air-quality.csv"
2021/5/18, 38, 10, , , 9,Yucatán,"sds01,-mérida, yucatán-air-quality.csv"
2021/5/19, 45, 9, , , 9,Yucatán,"sds01,-mérida, yucatán-air-quality.csv"
2021/5/20, 49, 15, , , 9,Yucatán,"sds01,-mérida, yucatán-air-quality.csv"
2021/5/21, 39, , , , 6,Yucatán,"sds01,-mérida, yucatán-air-quality.csv"
2021/5/22, 43, , , , ,Yucatán,"sds01,-mérida, yucatán-air-quality.csv"
2021/5/26, 118, 12, , , 12,Yucatán,"sds01,-mérida, yucatán-air-quality.csv"
2021/5/27, 80, 13, , , 12,Yucatán,"sds01,-mérida, yucatán-air-quality.csv"
2021/5/28, 56, 9, , , 12,Yucatán,"sds01,-mérida, yucatán-air-quality.csv"
2021/5/29, 58, 8, , , 12,Yucatán,"sds01,-mérida, yucatán-air-quality.csv"
2021/5/30, 65, 9, , , 12,Yucatán,"sds01,-mérida, yucatán-air-quality.csv"
2021/5/31, 57, 10, , , 13,Yucatán,"sds01,-mérida, yucatán-air-quality.csv"
2021/6/1, 61, 10, , , 13,Yucatán,"sds01,-mérida, yucatán-air-quality.csv"
2021/6/2, 56, 12, , , 13,Yucatán,"sds01,-mérida, yucatán-air-quality.csv"
2021/6/3, 49, 26, , , 13,Yucatán,"sds01,-mérida, yucatán-air-quality.csv"
2021/6/4, 64, 113, , 12, 21,Yucatán,"sds01,-mérida, yucatán-air-quality.csv"
2021/6/5, 361, , , , ,Yucatán,"sds01,-mérida, yucatán-air-quality.csv"
2021/6/8, 74, 6, , , ,Yucatán,"sds01,-mérida, yucatán-air-quality.csv"
2021/6/9, 47, 8, , , ,Yucatán,"sds01,-mérida, yucatán-air-quality.csv"
2021/6/10, 71, 8, , , ,Yucatán,"sds01,-mérida, yucatán-air-quality.csv"
2021/6/11, 59, 6, , , ,Yucatán,"sds01,-mérida, yucatán-air-quality.csv"
2021/6/12, 50, 3, , , ,Yucatán,"sds01,-mérida, yucatán-air-quality.csv"
2021/6/13, 70, 3, , , ,Yucatán,"sds01,-mérida, yucatán-air-quality.csv"
2021/6/14, 56, 4, , , ,Yucatán,"sds01,-mérida, yucatán-air-quality.csv"
2021/6/15, 60, 5, , , ,Yucatán,"sds01,-mérida, yucatán-air-quality.csv"
2021/6/16, 82, 5, , , ,Yucatán,"sds01,-mérida, yucatán-air-quality.csv"
2021/6/17, 48, 5, , , 1,Yucatán,"sds01,-mérida, yucatán-air-quality.csv"
2021/6/18, 75, 2, , , ,Yucatán,"sds01,-mérida, yucatán-air-quality.csv"
2021/6/19, 73, 4, , , ,Yucatán,"sds01,-mérida, yucatán-air-quality.csv"
2021/6/20, 59, 4, , , ,Yucatán,"sds01,-mérida, yucatán-air-quality.csv"
2021/6/21, 78, 3, , , ,Yucatán,"sds01,-mérida, yucatán-air-quality.csv"
2021/6/22, 91, 3, , , ,Yucatán,"sds01,-mérida, yucatán-air-quality.csv"
2021/6/23, 77, 3, , , ,Yucatán,"sds01,-mérida, yucatán-air-quality.csv"
2021/6/24, 73, 3, , , ,Yucatán,"sds01,-mérida, yucatán-air-quality.csv"
2021/6/25, 65, 4, , , ,Yucatán,"sds01,-mérida, yucatán-air-quality.csv"
2021/6/26, 40, 4, , , ,Yucatán,"sds01,-mérida, yucatán-air-quality.csv"
2021/6/27, 47, 2, , , ,Yucatán,"sds01,-mérida, yucatán-air-quality.csv"
2021/6/28, 55, 2, , , ,Yucatán,"sds01,-mérida, yucatán-air-quality.csv"
2021/6/29, 53, 2, , , ,Yucatán,"sds01,-mérida, yucatán-air-quality.csv"
2021/6/30, 69, 2, , , ,Yucatán,"sds01,-mérida, yucatán-air-quality.csv"
2021/7/1, 52, 1, , , 1,Yucatán,"sds01,-mérida, yucatán-air-quality.csv"
2021/1/5, 58, , , , 9,Yucatán,"sds01,-mérida, yucatán-air-quality.csv"
2021/1/6, 35, , , , 9,Yucatán,"sds01,-mérida, yucatán-air-quality.csv"
2021/1/7, 44, , , , 9,Yucatán,"sds01,-mérida, yucatán-air-quality.csv"
2021/1/8, 43, , , , 9,Yucatán,"sds01,-mérida, yucatán-air-quality.csv"
2021/1/9, 50, , , , 9,Yucatán,"sds01,-mérida, yucatán-air-quality.csv"
2021/1/10, 42, , , , 9,Yucatán,"sds01,-mérida, yucatán-air-quality.csv"
2021/1/11, 53, , , , 9,Yucatán,"sds01,-mérida, yucatán-air-quality.csv"
2021/1/12, 58, , , , 9,Yucatán,"sds01,-mérida, yucatán-air-quality.csv"
2021/1/13, 40, , , , 9,Yucatán,"sds01,-mérida, yucatán-air-quality.csv"
2021/1/14, 40, , , , 9,Yucatán,"sds01,-mérida, yucatán-air-quality.csv"
2021/1/15, 53, , , , 9,Yucatán,"sds01,-mérida, yucatán-air-quality.csv"
2021/1/16, 53, , , , 8,Yucatán,"sds01,-mérida, yucatán-air-quality.csv"
2021/1/17, 32, , , , 9,Yucatán,"sds01,-mérida, yucatán-air-quality.csv"
2021/1/18, 60, , , , 8,Yucatán,"sds01,-mérida, yucatán-air-quality.csv"
2021/1/19, 74, , , , 9,Yucatán,"sds01,-mérida, yucatán-air-quality.csv"
2021/1/20, 43, , , , 9,Yucatán,"sds01,-mérida, yucatán-air-quality.csv"
2021/1/21, 61, , , , 9,Yucatán,"sds01,-mérida, yucatán-air-quality.csv"
2021/1/22, 52, , , , 9,Yucatán,"sds01,-mérida, yucatán-air-quality.csv"
2021/1/23, 66, , , , 9,Yucatán,"sds01,-mérida, yucatán-air-quality.csv"
2021/1/24, 59, , , , 8,Yucatán,"sds01,-mérida, yucatán-air-quality.csv"
2021/1/25, 41, , , , 9,Yucatán,"sds01,-mérida, yucatán-air-quality.csv"
2021/1/26, 52, , , , 9,Yucatán,"sds01,-mérida, yucatán-air-quality.csv"
2021/1/27, 63, , , , 9,Yucatán,"sds01,-mérida, yucatán-air-quality.csv"
2021/1/28, 57, , , , 9,Yucatán,"sds01,-mérida, yucatán-air-quality.csv"
2021/1/29, 68, , , , 8,Yucatán,"sds01,-mérida, yucatán-air-quality.csv"
2021/1/30, 41, , , , 9,Yucatán,"sds01,-mérida, yucatán-air-quality.csv"
2021/1/31, 43, , , , 8,Yucatán,"sds01,-mérida, yucatán-air-quality.csv"
2021/2/1, 63, , , , 8,Yucatán,"sds01,-mérida, yucatán-air-quality.csv"
2021/2/2, 51, 8, , , 8,Yucatán,"sds01,-mérida, yucatán-air-quality.csv"
2021/2/3, 50, , , , 10,Yucatán,"sds01,-mérida, yucatán-air-quality.csv"
2021/2/4, 58, , , , 9,Yucatán,"sds01,-mérida, yucatán-air-quality.csv"
2021/2/5, 54, , , , 9,Yucatán,"sds01,-mérida, yucatán-air-quality.csv"
2021/2/6, 45, , , , 9,Yucatán,"sds01,-mérida, yucatán-air-quality.csv"
2021/2/7, 53, , , , 9,Yucatán,"sds01,-mérida, yucatán-air-quality.csv"
2021/2/8, 80, , , , 9,Yucatán,"sds01,-mérida, yucatán-air-quality.csv"
2021/2/9, 65, , , , 9,Yucatán,"sds01,-mérida, yucatán-air-quality.csv"
2021/2/10, 54, , , , 9,Yucatán,"sds01,-mérida, yucatán-air-quality.csv"
2021/2/11, 48, , , , 8,Yucatán,"sds01,-mérida, yucatán-air-quality.csv"
2021/2/12, 47, , , , 9,Yucatán,"sds01,-mérida, yucatán-air-quality.csv"
2021/2/13, 52, , , , 9,Yucatán,"sds01,-mérida, yucatán-air-quality.csv"
2021/2/14, 52, , , , 10,Yucatán,"sds01,-mérida, yucatán-air-quality.csv"
2021/2/15, 66, , , , 9,Yucatán,"sds01,-mérida, yucatán-air-quality.csv"
2021/2/16, 72, , , , 9,Yucatán,"sds01,-mérida, yucatán-air-quality.csv"
2021/2/17, 58, 7, , , 8,Yucatán,"sds01,-mérida, yucatán-air-quality.csv"
2021/2/18, 48, 8, , , 9,Yucatán,"sds01,-mérida, yucatán-air-quality.csv"
2021/2/19, 92, 24, , 6, 14,Yucatán,"sds01,-mérida, yucatán-air-quality.csv"
2021/2/20, 43, 19, , , 5,Yucatán,"sds01,-mérida, yucatán-air-quality.csv"
2021/2/21, 40, 16, , , 5,Yucatán,"sds01,-mérida, yucatán-air-quality.csv"
2021/2/22, 47, 11, , , 5,Yucatán,"sds01,-mérida, yucatán-air-quality.csv"
2021/2/23, 53, 8, , , 5,Yucatán,"sds01,-mérida, yucatán-air-quality.csv"
2021/2/24, 50, 10, , , 5,Yucatán,"sds01,-mérida, yucatán-air-quality.csv"
2021/2/25, 43, 12, , , 4,Yucatán,"sds01,-mérida, yucatán-air-quality.csv"
2021/2/26, 47, 10, , , 5,Yucatán,"sds01,-mérida, yucatán-air-quality.csv"
2021/2/27, 47, 13, , , 5,Yucatán,"sds01,-mérida, yucatán-air-quality.csv"
2021/2/28, 52, 11, , , 5,Yucatán,"sds01,-mérida, yucatán-air-quality.csv"
2021/3/1, 47, 10, , , 5,Yucatán,"sds01,-mérida, yucatán-air-quality.csv"
2021/3/2, 62, 10, , , 5,Yucatán,"sds01,-mérida, yucatán-air-quality.csv"
2021/3/3, 71, 10, , , 5,Yucatán,"sds01,-mérida, yucatán-air-quality.csv"
2021/3/4, 51, 12, , , 5,Yucatán,"sds01,-mérida, yucatán-air-quality.csv"
2021/3/5, 34, 11, , , 6,Yucatán,"sds01,-mérida, yucatán-air-quality.csv"
2021/3/6, 54, 12, , , 6,Yucatán,"sds01,-mérida, yucatán-air-quality.csv"
2021/3/7, 28, , , , ,Yucatán,"sds01,-mérida, yucatán-air-quality.csv"
2021/3/8, 80, 21, , , 3,Yucatán,"sds01,-mérida, yucatán-air-quality.csv"
2021/3/9, 47, 20, , , 5,Yucatán,"sds01,-mérida, yucatán-air-quality.csv"
2021/3/10, 39, 19, , , 5,Yucatán,"sds01,-mérida, yucatán-air-quality.csv"
2021/3/11, 54, 17, , , 5,Yucatán,"sds01,-mérida, yucatán-air-quality.csv"
2021/3/12, 59, 18, , , 4,Yucatán,"sds01,-mérida, yucatán-air-quality.csv"
2021/3/13, 43, 19, , , 5,Yucatán,"sds01,-mérida, yucatán-air-quality.csv"
2021/3/14, 37, 15, , , 5,Yucatán,"sds01,-mérida, yucatán-air-quality.csv"
2021/3/15, 45, 12, , , 6,Yucatán,"sds01,-mérida, yucatán-air-quality.csv"
2021/3/16, 49, 13, , , 6,Yucatán,"sds01,-mérida, yucatán-air-quality.csv"
2021/3/17, 49, 12, , , 6,Yucatán,"sds01,-mérida, yucatán-air-quality.csv"
2021/3/18, 54, 13, , , 6,Yucatán,"sds01,-mérida, yucatán-air-quality.csv"
2021/3/19, 68, 21, , , 6,Yucatán,"sds01,-mérida, yucatán-air-quality.csv"
2021/3/20, 41, 23, , , 6,Yucatán,"sds01,-mérida, yucatán-air-quality.csv"
2021/3/21, 38, 24, , , 6,Yucatán,"sds01,-mérida, yucatán-air-quality.csv"
2021/3/22, 49, 18, , , 7,Yucatán,"sds01,-mérida, yucatán-air-quality.csv"
2021/3/23, 56, 15, , , 7,Yucatán,"sds01,-mérida, yucatán-air-quality.csv"
2021/3/24, 58, 11, , , 7,Yucatán,"sds01,-mérida, yucatán-air-quality.csv"
2021/3/25, 56, 12, , , 5,Yucatán,"sds01,-mérida, yucatán-air-quality.csv"
2021/3/26, 64, 11, , , 6,Yucatán,"sds01,-mérida, yucatán-air-quality.csv"
2021/3/27, 44, 11, , , 6,Yucatán,"sds01,-mérida, yucatán-air-quality.csv"
2021/3/28, 60, 12, , , 7,Yucatán,"sds01,-mérida, yucatán-air-quality.csv"
2021/3/29, 59, 11, , , 7,Yucatán,"sds01,-mérida, yucatán-air-quality.csv"
2021/3/30, 57, 13, , , 7,Yucatán,"sds01,-mérida, yucatán-air-quality.csv"
2021/3/31, 57, 12, , , 7,Yucatán,"sds01,-mérida, yucatán-air-quality.csv"
2021/4/1, 66, 14, , , 7,Yucatán,"sds01,-mérida, yucatán-air-quality.csv"
2020/10/2, 51, 14, , , 32,Yucatán,"sds01,-mérida, yucatán-air-quality.csv"
2020/10/3, 64, 13, , , 32,Yucatán,"sds01,-mérida, yucatán-air-quality.csv"
2020/10/4, 47, , , , ,Yucatán,"sds01,-mérida, yucatán-air-quality.csv"
2020/10/9, 94, 52, , , 35,Yucatán,"sds01,-mérida, yucatán-air-quality.csv"
2020/10/10, 192, 9, , , 35,Yucatán,"sds01,-mérida, yucatán-air-quality.csv"
2020/10/11, 60, , , , 29,Yucatán,"sds01,-mérida, yucatán-air-quality.csv"
2020/10/12, 66, 20, , 8, 28,Yucatán,"sds01,-mérida, yucatán-air-quality.csv"
2020/10/13, 59, 11, , , 6,Yucatán,"sds01,-mérida, yucatán-air-quality.csv"
2020/10/14, 55, 17, , 1, 6,Yucatán,"sds01,-mérida, yucatán-air-quality.csv"
2020/10/15, 49, 21, , 1, 6,Yucatán,"sds01,-mérida, yucatán-air-quality.csv"
2020/10/16, 66, 10, , 1, 7,Yucatán,"sds01,-mérida, yucatán-air-quality.csv"
2020/10/17, 39, , , , ,Yucatán,"sds01,-mérida, yucatán-air-quality.csv"
2020/10/21, 57, 11, , 1, 6,Yucatán,"sds01,-mérida, yucatán-air-quality.csv"
2020/10/22, 48, 9, , 1, 6,Yucatán,"sds01,-mérida, yucatán-air-quality.csv"
2020/10/23, 52, 10, , 1, 7,Yucatán,"sds01,-mérida, yucatán-air-quality.csv"
2020/10/24, 67, 12, , 1, 6,Yucatán,"sds01,-mérida, yucatán-air-quality.csv"
2020/10/25, 44, 13, , 1, 6,Yucatán,"sds01,-mérida, yucatán-air-quality.csv"
2020/10/26, 46, 11, , 1, 6,Yucatán,"sds01,-mérida, yucatán-air-quality.csv"
2020/10/27, 59, , , , ,Yucatán,"sds01,-mérida, yucatán-air-quality.csv"
2020/10/30, 40, 19, , 1, 6,Yucatán,"sds01,-mérida, yucatán-air-quality.csv"
2020/10/31, 59, , , , ,Yucatán,"sds01,-mérida, yucatán-air-quality.csv"
2020/11/3, 55, 149, , 1, 6,Yucatán,"sds01,-mérida, yucatán-air-quality.csv"
2020/11/4, 67, 305, , 1, 6,Yucatán,"sds01,-mérida, yucatán-air-quality.csv"
2020/11/5, 13, , , 1, 6,Yucatán,"sds01,-mérida, yucatán-air-quality.csv"
2020/11/7, 88, , , , ,Yucatán,"sds01,-mérida, yucatán-air-quality.csv"
2020/11/10, 40, , , , 10,Yucatán,"sds01,-mérida, yucatán-air-quality.csv"
2020/11/11, 166, , , , ,Yucatán,"sds01,-mérida, yucatán-air-quality.csv"
2020/11/13, 65, , , , 7,Yucatán,"sds01,-mérida, yucatán-air-quality.csv"
2020/11/14, 89, , , , 7,Yucatán,"sds01,-mérida, yucatán-air-quality.csv"
2020/11/18, 49, , , , 7,Yucatán,"sds01,-mérida, yucatán-air-quality.csv"
2020/11/19, 73, , , , 7,Yucatán,"sds01,-mérida, yucatán-air-quality.csv"
2020/11/20, 64, , , , 7,Yucatán,"sds01,-mérida, yucatán-air-quality.csv"
2020/11/21, 49, , , , 6,Yucatán,"sds01,-mérida, yucatán-air-quality.csv"
2020/11/22, 55, 12, , , 6,Yucatán,"sds01,-mérida, yucatán-air-quality.csv"
2020/11/23, 69, , , , 7,Yucatán,"sds01,-mérida, yucatán-air-quality.csv"
2020/11/24, 73, , , , 7,Yucatán,"sds01,-mérida, yucatán-air-quality.csv"
2020/11/25, 58, , , , 7,Yucatán,"sds01,-mérida, yucatán-air-quality.csv"
2020/11/26, 46, 10, , , 7,Yucatán,"sds01,-mérida, yucatán-air-quality.csv"
2020/11/27, 77, , , , 7,Yucatán,"sds01,-mérida, yucatán-air-quality.csv"
2020/11/28, 58, , , , 7,Yucatán,"sds01,-mérida, yucatán-air-quality.csv"
2020/11/29, 58, , , , 6,Yucatán,"sds01,-mérida, yucatán-air-quality.csv"
2020/11/30, 49, , , , 6,Yucatán,"sds01,-mérida, yucatán-air-quality.csv"
2020/12/1, 41, , , , 8,Yucatán,"sds01,-mérida, yucatán-air-quality.csv"
2020/12/2, 46, , , , 7,Yucatán,"sds01,-mérida, yucatán-air-quality.csv"
2020/12/3, 64, , , , 7,Yucatán,"sds01,-mérida, yucatán-air-quality.csv"
2020/12/4, 72, 4, , , 8,Yucatán,"sds01,-mérida, yucatán-air-quality.csv"
2020/12/5, 60, , , , 8,Yucatán,"sds01,-mérida, yucatán-air-quality.csv"
2020/12/6, 46, , , , 9,Yucatán,"sds01,-mérida, yucatán-air-quality.csv"
2020/12/7, 73, 14, , , 8,Yucatán,"sds01,-mérida, yucatán-air-quality.csv"
2020/12/8, 60, , , , 8,Yucatán,"sds01,-mérida, yucatán-air-quality.csv"
2020/12/9, 43, , , , 10,Yucatán,"sds01,-mérida, yucatán-air-quality.csv"
2020/12/10, 49, , , , 9,Yucatán,"sds01,-mérida, yucatán-air-quality.csv"
2020/12/11, 39, , , , 8,Yucatán,"sds01,-mérida, yucatán-air-quality.csv"
2020/12/12, 39, , , , ,Yucatán,"sds01,-mérida, yucatán-air-quality.csv"
2020/12/14, 55, , , , 9,Yucatán,"sds01,-mérida, yucatán-air-quality.csv"
2020/12/15, 68, , , , 10,Yucatán,"sds01,-mérida, yucatán-air-quality.csv"
2020/12/16, 40, , , , 9,Yucatán,"sds01,-mérida, yucatán-air-quality.csv"
2020/12/17, 58, , , , 9,Yucatán,"sds01,-mérida, yucatán-air-quality.csv"
2020/12/18, 38, , , , 8,Yucatán,"sds01,-mérida, yucatán-air-quality.csv"
2020/12/19, 39, , , , 8,Yucatán,"sds01,-mérida, yucatán-air-quality.csv"
2020/12/20, 57, , , , 9,Yucatán,"sds01,-mérida, yucatán-air-quality.csv"
2020/12/21, 50, , , , 9,Yucatán,"sds01,-mérida, yucatán-air-quality.csv"
2020/12/22, 52, 11, , , 9,Yucatán,"sds01,-mérida, yucatán-air-quality.csv"
2020/12/23, 45, , , , 10,Yucatán,"sds01,-mérida, yucatán-air-quality.csv"
2020/12/24, 47, , , , 9,Yucatán,"sds01,-mérida, yucatán-air-quality.csv"
2020/12/25, 51, , , , 8,Yucatán,"sds01,-mérida, yucatán-air-quality.csv"
2020/12/26, 37, 14, , , 9,Yucatán,"sds01,-mérida, yucatán-air-quality.csv"
2020/12/27, 35, , , , 11,Yucatán,"sds01,-mérida, yucatán-air-quality.csv"
2020/12/28, 59, , , , 10,Yucatán,"sds01,-mérida, yucatán-air-quality.csv"
2020/12/29, 34, , , , 11,Yucatán,"sds01,-mérida, yucatán-air-quality.csv"
2020/12/30, 69, , , , 10,Yucatán,"sds01,-mérida, yucatán-air-quality.csv"
2020/12/31, 48, , , , 9,Yucatán,"sds01,-mérida, yucatán-air-quality.csv"
2021/1/1, 46, , , , ,Yucatán,"sds01,-mérida, yucatán-air-quality.csv"
2021/1/3, 104, , , , 9,Yucatán,"sds01,-mérida, yucatán-air-quality.csv"
2021/1/4, 62, , , , 10,Yucatán,"sds01,-mérida, yucatán-air-quality.csv"
2020/7/2, 80, 10, , , 25,Yucatán,"sds01,-mérida, yucatán-air-quality.csv"
2020/7/3, 69, 9, , , 25,Yucatán,"sds01,-mérida, yucatán-air-quality.csv"
2020/7/4, 47, 10, , , 23,Yucatán,"sds01,-mérida, yucatán-air-quality.csv"
2020/7/5, 62, , , , 18,Yucatán,"sds01,-mérida, yucatán-air-quality.csv"
2020/7/6, 89, 5, , , 22,Yucatán,"sds01,-mérida, yucatán-air-quality.csv"
2020/7/7, 81, 8, , , 25,Yucatán,"sds01,-mérida, yucatán-air-quality.csv"
2020/7/8, 91, 8, , , 25,Yucatán,"sds01,-mérida, yucatán-air-quality.csv"
2020/7/9, 81, 9, , , 25,Yucatán,"sds01,-mérida, yucatán-air-quality.csv"
2020/7/10, 57, 7, , , 26,Yucatán,"sds01,-mérida, yucatán-air-quality.csv"
2020/7/11, 56, 7, , , 26,Yucatán,"sds01,-mérida, yucatán-air-quality.csv"
2020/7/12, 73, 9, , , 26,Yucatán,"sds01,-mérida, yucatán-air-quality.csv"
2020/7/13, 65, 8, , , 26,Yucatán,"sds01,-mérida, yucatán-air-quality.csv"
2020/7/14, 65, 8, , , 26,Yucatán,"sds01,-mérida, yucatán-air-quality.csv"
2020/7/15, 84, 9, , , 27,Yucatán,"sds01,-mérida, yucatán-air-quality.csv"
2020/7/16, 74, 9, , , 27,Yucatán,"sds01,-mérida, yucatán-air-quality.csv"
2020/7/17, 85, 9, , , 27,Yucatán,"sds01,-mérida, yucatán-air-quality.csv"
2020/7/18, 66, 12, , , 27,Yucatán,"sds01,-mérida, yucatán-air-quality.csv"
2020/7/19, 57, 10, , , 27,Yucatán,"sds01,-mérida, yucatán-air-quality.csv"
2020/7/20, 56, 12, , , 27,Yucatán,"sds01,-mérida, yucatán-air-quality.csv"
2020/7/21, 45, 14, , , 28,Yucatán,"sds01,-mérida, yucatán-air-quality.csv"
2020/7/22, 39, 10, , , 28,Yucatán,"sds01,-mérida, yucatán-air-quality.csv"
2020/7/23, 45, 11, , , 28,Yucatán,"sds01,-mérida, yucatán-air-quality.csv"
2020/7/24, 38, 8, , , 28,Yucatán,"sds01,-mérida, yucatán-air-quality.csv"
2020/7/25, 68, 7, , , 28,Yucatán,"sds01,-mérida, yucatán-air-quality.csv"
2020/7/26, 40, 8, , , 28,Yucatán,"sds01,-mérida, yucatán-air-quality.csv"
2020/7/27, 57, 7, , , 28,Yucatán,"sds01,-mérida, yucatán-air-quality.csv"
2020/7/28, 73, 8, , , 29,Yucatán,"sds01,-mérida, yucatán-air-quality.csv"
2020/7/29, 75, 9, , , 29,Yucatán,"sds01,-mérida, yucatán-air-quality.csv"
2020/7/30, 64, 9, , , 28,Yucatán,"sds01,-mérida, yucatán-air-quality.csv"
2020/7/31, 63, 9, , , 29,Yucatán,"sds01,-mérida, yucatán-air-quality.csv"
2020/8/1, 61, 9, , , 29,Yucatán,"sds01,-mérida, yucatán-air-quality.csv"
2020/8/2, 63, , , , 18,Yucatán,"sds01,-mérida, yucatán-air-quality.csv"
2020/8/3, 80, 10, , , 24,Yucatán,"sds01,-mérida, yucatán-air-quality.csv"
2020/8/4, 62, 8, , , 28,Yucatán,"sds01,-mérida, yucatán-air-quality.csv"
2020/8/5, 59, 8, , , 29,Yucatán,"sds01,-mérida, yucatán-air-quality.csv"
2020/8/6, 45, 10, , , 29,Yucatán,"sds01,-mérida, yucatán-air-quality.csv"
2020/8/7, 47, 7, , , 29,Yucatán,"sds01,-mérida, yucatán-air-quality.csv"
2020/8/8, 64, 8, , , 28,Yucatán,"sds01,-mérida, yucatán-air-quality.csv"
2020/8/9, 89, 9, , , 28,Yucatán,"sds01,-mérida, yucatán-air-quality.csv"
2020/8/10, 58, 9, , , 29,Yucatán,"sds01,-mérida, yucatán-air-quality.csv"
2020/8/11, 60, 6, , , 30,Yucatán,"sds01,-mérida, yucatán-air-quality.csv"
2020/8/12, 66, 9, , , 29,Yucatán,"sds01,-mérida, yucatán-air-quality.csv"
2020/8/13, 40, 10, , , 30,Yucatán,"sds01,-mérida, yucatán-air-quality.csv"
2020/8/14, 61, 10, , , 30,Yucatán,"sds01,-mérida, yucatán-air-quality.csv"
2020/8/15, 44, 9, , , 30,Yucatán,"sds01,-mérida, yucatán-air-quality.csv"
2020/8/16, 46, 8, , , 30,Yucatán,"sds01,-mérida, yucatán-air-quality.csv"
2020/8/17, 56, 8, , , 30,Yucatán,"sds01,-mérida, yucatán-air-quality.csv"
2020/8/18, 61, 11, , , 30,Yucatán,"sds01,-mérida, yucatán-air-quality.csv"
2020/8/19, 66, 11, , , 31,Yucatán,"sds01,-mérida, yucatán-air-quality.csv"
2020/8/20, 66, 8, , , 31,Yucatán,"sds01,-mérida, yucatán-air-quality.csv"
2020/8/21, 66, 14, , , 31,Yucatán,"sds01,-mérida, yucatán-air-quality.csv"
2020/8/22, 66, , , , ,Yucatán,"sds01,-mérida, yucatán-air-quality.csv"
2020/9/2, 59, 8, , , 30,Yucatán,"sds01,-mérida, yucatán-air-quality.csv"
2020/9/3, 54, 9, , , 30,Yucatán,"sds01,-mérida, yucatán-air-quality.csv"
2020/9/4, 114, 9, , , 27,Yucatán,"sds01,-mérida, yucatán-air-quality.csv"
2020/9/5, 65, 8, , , 28,Yucatán,"sds01,-mérida, yucatán-air-quality.csv"
2020/9/6, 51, 10, , , 29,Yucatán,"sds01,-mérida, yucatán-air-quality.csv"
2020/9/7, 71, 13, , , 30,Yucatán,"sds01,-mérida, yucatán-air-quality.csv"
2020/9/8, 64, 12, , , 30,Yucatán,"sds01,-mérida, yucatán-air-quality.csv"
2020/9/9, 46, 8, , , 31,Yucatán,"sds01,-mérida, yucatán-air-quality.csv"
2020/9/10, 55, 7, , , 31,Yucatán,"sds01,-mérida, yucatán-air-quality.csv"
2020/9/11, 40, 13, , , 31,Yucatán,"sds01,-mérida, yucatán-air-quality.csv"
2020/9/12, 45, 7, , , 31,Yucatán,"sds01,-mérida, yucatán-air-quality.csv"
2020/9/13, 59, 8, , 1, 31,Yucatán,"sds01,-mérida, yucatán-air-quality.csv"
2020/9/14, 46, 9, , , 32,Yucatán,"sds01,-mérida, yucatán-air-quality.csv"
2020/9/15, 65, 10, , , 33,Yucatán,"sds01,-mérida, yucatán-air-quality.csv"
2020/9/16, 54, 6, , , 32,Yucatán,"sds01,-mérida, yucatán-air-quality.csv"
2020/9/17, 76, 8, , , 32,Yucatán,"sds01,-mérida, yucatán-air-quality.csv"
2020/9/18, 54, 6, , , 32,Yucatán,"sds01,-mérida, yucatán-air-quality.csv"
2020/9/19, 58, 10, , , 32,Yucatán,"sds01,-mérida, yucatán-air-quality.csv"
2020/9/20, 62, 9, , , 31,Yucatán,"sds01,-mérida, yucatán-air-quality.csv"
2020/9/21, 91, 10, , , 31,Yucatán,"sds01,-mérida, yucatán-air-quality.csv"
2020/9/22, 62, 5, , , 32,Yucatán,"sds01,-mérida, yucatán-air-quality.csv"
2020/9/23, 57, 14, , , 32,Yucatán,"sds01,-mérida, yucatán-air-quality.csv"
2020/9/24, 79, 14, , , 32,Yucatán,"sds01,-mérida, yucatán-air-quality.csv"
2020/9/25, 58, 10, , , 32,Yucatán,"sds01,-mérida, yucatán-air-quality.csv"
2020/9/26, 52, 8, , , 33,Yucatán,"sds01,-mérida, yucatán-air-quality.csv"
2020/9/27, 42, 5, , , 32,Yucatán,"sds01,-mérida, yucatán-air-quality.csv"
2020/9/28, 57, 6, , , 33,Yucatán,"sds01,-mérida, yucatán-air-quality.csv"
2020/9/29, 61, 10, , , 33,Yucatán,"sds01,-mérida, yucatán-air-quality.csv"
2020/9/30, 39, 10, , , 33,Yucatán,"sds01,-mérida, yucatán-air-quality.csv"
2020/10/1, 41, 13, , , 32,Yucatán,"sds01,-mérida, yucatán-air-quality.csv"
2020/4/2, 72, 13, , , 6,Yucatán,"sds01,-mérida, yucatán-air-quality.csv"
2020/4/3, 69, 13, , , 6,Yucatán,"sds01,-mérida, yucatán-air-quality.csv"
2020/4/4, 48, 17, , , 6,Yucatán,"sds01,-mérida, yucatán-air-quality.csv"
2020/4/5, 45, 15, , , 7,Yucatán,"sds01,-mérida, yucatán-air-quality.csv"
2020/4/6, 66, 13, , , 7,Yucatán,"sds01,-mérida, yucatán-air-quality.csv"
2020/4/7, 63, 15, , , 8,Yucatán,"sds01,-mérida, yucatán-air-quality.csv"
2020/4/8, 73, 16, , , 8,Yucatán,"sds01,-mérida, yucatán-air-quality.csv"
2020/4/9, 72, 20, , , 9,Yucatán,"sds01,-mérida, yucatán-air-quality.csv"
2020/4/10, 81, 17, , 1, 9,Yucatán,"sds01,-mérida, yucatán-air-quality.csv"
2020/4/11, 89, 15, , , 9,Yucatán,"sds01,-mérida, yucatán-air-quality.csv"
2020/4/12, 89, 24, , , 9,Yucatán,"sds01,-mérida, yucatán-air-quality.csv"
2020/4/13, 82, 19, , , 10,Yucatán,"sds01,-mérida, yucatán-air-quality.csv"
2020/4/14, 88, 22, , , 10,Yucatán,"sds01,-mérida, yucatán-air-quality.csv"
2020/4/15, 92, 16, , , 10,Yucatán,"sds01,-mérida, yucatán-air-quality.csv"
2020/4/16, 106, 15, , , 10,Yucatán,"sds01,-mérida, yucatán-air-quality.csv"
2020/4/17, 78, 19, , , 11,Yucatán,"sds01,-mérida, yucatán-air-quality.csv"
2020/4/18, 61, 18, , , 11,Yucatán,"sds01,-mérida, yucatán-air-quality.csv"
2020/4/19, 71, 21, , , 11,Yucatán,"sds01,-mérida, yucatán-air-quality.csv"
2020/4/20, 72, 25, , , 12,Yucatán,"sds01,-mérida, yucatán-air-quality.csv"
2020/4/21, 104, 20, , , 11,Yucatán,"sds01,-mérida, yucatán-air-quality.csv"
2020/4/22, 73, 19, , , 11,Yucatán,"sds01,-mérida, yucatán-air-quality.csv"
2020/4/23, 74, 25, , 1, 13,Yucatán,"sds01,-mérida, yucatán-air-quality.csv"
2020/4/24, 91, 22, , 3, 12,Yucatán,"sds01,-mérida, yucatán-air-quality.csv"
2020/4/25, 93, 23, , 2, 14,Yucatán,"sds01,-mérida, yucatán-air-quality.csv"
2020/4/26, 104, , , , 12,Yucatán,"sds01,-mérida, yucatán-air-quality.csv"
2020/4/27, 94, 16, , , 12,Yucatán,"sds01,-mérida, yucatán-air-quality.csv"
2020/4/28, 63, 18, , , 13,Yucatán,"sds01,-mérida, yucatán-air-quality.csv"
2020/4/29, 68, 18, , , 14,Yucatán,"sds01,-mérida, yucatán-air-quality.csv"
2020/4/30, 73, 21, , , 14,Yucatán,"sds01,-mérida, yucatán-air-quality.csv"
2020/5/1, 56, 24, , , 13,Yucatán,"sds01,-mérida, yucatán-air-quality.csv"
2020/5/2, 51, 19, , , 14,Yucatán,"sds01,-mérida, yucatán-air-quality.csv"
2020/5/3, 51, 16, , , 14,Yucatán,"sds01,-mérida, yucatán-air-quality.csv"
2020/5/4, 79, 14, , , 15,Yucatán,"sds01,-mérida, yucatán-air-quality.csv"
2020/5/5, 53, 14, , , 15,Yucatán,"sds01,-mérida, yucatán-air-quality.csv"
2020/5/6, 93, 13, , , 15,Yucatán,"sds01,-mérida, yucatán-air-quality.csv"
2020/5/7, 71, 19, , , 15,Yucatán,"sds01,-mérida, yucatán-air-quality.csv"
2020/5/8, 62, 20, , , 15,Yucatán,"sds01,-mérida, yucatán-air-quality.csv"
2020/5/9, 59, 15, , , 14,Yucatán,"sds01,-mérida, yucatán-air-quality.csv"
2020/5/10, 62, 16, , , 13,Yucatán,"sds01,-mérida, yucatán-air-quality.csv"
2020/5/11, 55, 20, , , 15,Yucatán,"sds01,-mérida, yucatán-air-quality.csv"
2020/5/12, 57, 19, , , 15,Yucatán,"sds01,-mérida, yucatán-air-quality.csv"
2020/5/13, 58, 13, , , 16,Yucatán,"sds01,-mérida, yucatán-air-quality.csv"
2020/5/14, 50, 12, , , 16,Yucatán,"sds01,-mérida, yucatán-air-quality.csv"
2020/5/15, 53, 14, , , 16,Yucatán,"sds01,-mérida, yucatán-air-quality.csv"
2020/5/16, 57, 16, , , 17,Yucatán,"sds01,-mérida, yucatán-air-quality.csv"
2020/5/17, 64, 13, , , 17,Yucatán,"sds01,-mérida, yucatán-air-quality.csv"
2020/5/18, 82, 15, , 3, 18,Yucatán,"sds01,-mérida, yucatán-air-quality.csv"
2020/5/19, 98, 23, , , 18,Yucatán,"sds01,-mérida, yucatán-air-quality.csv"
2020/5/20, 67, 14, , , 18,Yucatán,"sds01,-mérida, yucatán-air-quality.csv"
2020/5/21, 57, 14, , , 17,Yucatán,"sds01,-mérida, yucatán-air-quality.csv"
2020/5/22, 69, 15, , , 15,Yucatán,"sds01,-mérida, yucatán-air-quality.csv"
2020/5/23, 51, , , , ,Yucatán,"sds01,-mérida, yucatán-air-quality.csv"
2020/5/26, 122, 4, , , 19,Yucatán,"sds01,-mérida, yucatán-air-quality.csv"
2020/5/27, 61, 1, , , 19,Yucatán,"sds01,-mérida, yucatán-air-quality.csv"
2020/5/28, 90, 2, , , 19,Yucatán,"sds01,-mérida, yucatán-air-quality.csv"
2020/5/29, 75, 1, , , 19,Yucatán,"sds01,-mérida, yucatán-air-quality.csv"
2020/5/30, 70, 1, , , 19,Yucatán,"sds01,-mérida, yucatán-air-quality.csv"
2020/5/31, 55, 1, , , 19,Yucatán,"sds01,-mérida, yucatán-air-quality.csv"
2020/6/1, 89, 1, , , 19,Yucatán,"sds01,-mérida, yucatán-air-quality.csv"
2020/6/2, 59, 1, , , 19,Yucatán,"sds01,-mérida, yucatán-air-quality.csv"
2020/6/3, 48, 1, , , 19,Yucatán,"sds01,-mérida, yucatán-air-quality.csv"
2020/6/4, 68, 1, , , 19,Yucatán,"sds01,-mérida, yucatán-air-quality.csv"
2020/6/5, 41, 1, , , 19,Yucatán,"sds01,-mérida, yucatán-air-quality.csv"
2020/6/6, 35, , , , ,Yucatán,"sds01,-mérida, yucatán-air-quality.csv"
2020/6/9, 108, 7, , , 21,Yucatán,"sds01,-mérida, yucatán-air-quality.csv"
2020/6/10, 98, 8, , , 21,Yucatán,"sds01,-mérida, yucatán-air-quality.csv"
2020/6/11, 101, 8, , , 21,Yucatán,"sds01,-mérida, yucatán-air-quality.csv"
2020/6/12, 97, 7, , , 21,Yucatán,"sds01,-mérida, yucatán-air-quality.csv"
2020/6/13, 78, 13, , , 21,Yucatán,"sds01,-mérida, yucatán-air-quality.csv"
2020/6/14, 80, 14, , , 21,Yucatán,"sds01,-mérida, yucatán-air-quality.csv"
2020/6/15, 84, 7, , , 22,Yucatán,"sds01,-mérida, yucatán-air-quality.csv"
2020/6/16, 62, 9, , , 18,Yucatán,"sds01,-mérida, yucatán-air-quality.csv"
2020/6/17, 83, 8, , , 18,Yucatán,"sds01,-mérida, yucatán-air-quality.csv"
2020/6/18, 79, 8, , , 22,Yucatán,"sds01,-mérida, yucatán-air-quality.csv"
2020/6/19, 67, 7, , , 22,Yucatán,"sds01,-mérida, yucatán-air-quality.csv"
2020/6/20, 66, 8, , , 22,Yucatán,"sds01,-mérida, yucatán-air-quality.csv"
2020/6/21, 80, 8, , , 22,Yucatán,"sds01,-mérida, yucatán-air-quality.csv"
2020/6/22, 54, 5, , , 22,Yucatán,"sds01,-mérida, yucatán-air-quality.csv"
2020/6/23, 82, 6, , , 22,Yucatán,"sds01,-mérida, yucatán-air-quality.csv"
2020/6/24, 125, 3, , , 23,Yucatán,"sds01,-mérida, yucatán-air-quality.csv"
2020/6/25, 133, 3, , , 23,Yucatán,"sds01,-mérida, yucatán-air-quality.csv"
2020/6/26, 161, 8, , , 24,Yucatán,"sds01,-mérida, yucatán-air-quality.csv"
2020/6/27, 131, 8, , , 24,Yucatán,"sds01,-mérida, yucatán-air-quality.csv"
2020/6/28, 72, 9, , , 24,Yucatán,"sds01,-mérida, yucatán-air-quality.csv"
2020/6/29, 75, 8, , , 24,Yucatán,"sds01,-mérida, yucatán-air-quality.csv"
2020/6/30, 101, 9, , , 24,Yucatán,"sds01,-mérida, yucatán-air-quality.csv"
2020/7/1, 104, 11, , 2, 24,Yucatán,"sds01,-mérida, yucatán-air-quality.csv"
2020/1/2, 135, 6, , , ,Yucatán,"sds01,-mérida, yucatán-air-quality.csv"
2020/1/3, 62, 5, , , ,Yucatán,"sds01,-mérida, yucatán-air-quality.csv"
2020/1/4, 85, 6, , , ,Yucatán,"sds01,-mérida, yucatán-air-quality.csv"
2020/1/5, 38, 14, , , ,Yucatán,"sds01,-mérida, yucatán-air-quality.csv"
2020/1/6, 40, 13, , , ,Yucatán,"sds01,-mérida, yucatán-air-quality.csv"
2020/1/7, 43, 12, , , ,Yucatán,"sds01,-mérida, yucatán-air-quality.csv"
2020/1/8, 52, 12, , , ,Yucatán,"sds01,-mérida, yucatán-air-quality.csv"
2020/1/9, 61, 12, , , ,Yucatán,"sds01,-mérida, yucatán-air-quality.csv"
2020/1/10, 55, 7, , , ,Yucatán,"sds01,-mérida, yucatán-air-quality.csv"
2020/1/11, 67, , , , ,Yucatán,"sds01,-mérida, yucatán-air-quality.csv"
2020/1/13, 90, 8, , , ,Yucatán,"sds01,-mérida, yucatán-air-quality.csv"
2020/1/14, 73, 8, , , ,Yucatán,"sds01,-mérida, yucatán-air-quality.csv"
2020/1/15, 84, 10, , , ,Yucatán,"sds01,-mérida, yucatán-air-quality.csv"
2020/1/16, 68, 12, , , ,Yucatán,"sds01,-mérida, yucatán-air-quality.csv"
2020/1/17, 59, 10, , , ,Yucatán,"sds01,-mérida, yucatán-air-quality.csv"
2020/1/18, 56, , , , ,Yucatán,"sds01,-mérida, yucatán-air-quality.csv"
2020/1/20, 53, 13, , , ,Yucatán,"sds01,-mérida, yucatán-air-quality.csv"
2020/1/21, 42, 12, , , ,Yucatán,"sds01,-mérida, yucatán-air-quality.csv"
2020/1/22, 37, 13, , , ,Yucatán,"sds01,-mérida, yucatán-air-quality.csv"
2020/1/23, 62, 11, , , ,Yucatán,"sds01,-mérida, yucatán-air-quality.csv"
2020/1/24, 99, 19, 24, , ,Yucatán,"sds01,-mérida, yucatán-air-quality.csv"
2020/1/25, 59, 17, , , ,Yucatán,"sds01,-mérida, yucatán-air-quality.csv"
2020/1/26, 53, 16, , , ,Yucatán,"sds01,-mérida, yucatán-air-quality.csv"
2020/1/27, 51, 13, , , ,Yucatán,"sds01,-mérida, yucatán-air-quality.csv"
2020/1/28, 46, 16, , , ,Yucatán,"sds01,-mérida, yucatán-air-quality.csv"
2020/1/29, 74, 17, 121, , ,Yucatán,"sds01,-mérida, yucatán-air-quality.csv"
2020/1/30, 71, 20, , , ,Yucatán,"sds01,-mérida, yucatán-air-quality.csv"
2020/1/31, 55, 14, , , ,Yucatán,"sds01,-mérida, yucatán-air-quality.csv"
2020/2/1, 68, 18, , , ,Yucatán,"sds01,-mérida, yucatán-air-quality.csv"
2020/2/2, 41, 21, , , ,Yucatán,"sds01,-mérida, yucatán-air-quality.csv"
2020/2/3, 47, 19, , , ,Yucatán,"sds01,-mérida, yucatán-air-quality.csv"
2020/2/4, 59, 12, , , ,Yucatán,"sds01,-mérida, yucatán-air-quality.csv"
2020/2/5, 57, 7, , , ,Yucatán,"sds01,-mérida, yucatán-air-quality.csv"
2020/2/6, 72, 14, , , ,Yucatán,"sds01,-mérida, yucatán-air-quality.csv"
2020/2/7, 81, 20, , , ,Yucatán,"sds01,-mérida, yucatán-air-quality.csv"
2020/2/8, 44, 16, , , ,Yucatán,"sds01,-mérida, yucatán-air-quality.csv"
2020/2/9, 72, 9, , , ,Yucatán,"sds01,-mérida, yucatán-air-quality.csv"
2020/2/10, 65, 10, , , ,Yucatán,"sds01,-mérida, yucatán-air-quality.csv"
2020/2/11, 70, 12, , , ,Yucatán,"sds01,-mérida, yucatán-air-quality.csv"
2020/2/12, 70, 10, , , ,Yucatán,"sds01,-mérida, yucatán-air-quality.csv"
2020/2/13, 79, 11, , , ,Yucatán,"sds01,-mérida, yucatán-air-quality.csv"
2020/2/14, 98, 12, , , ,Yucatán,"sds01,-mérida, yucatán-air-quality.csv"
2020/2/15, 105, 13, , , ,Yucatán,"sds01,-mérida, yucatán-air-quality.csv"
2020/2/16, 70, 14, , , ,Yucatán,"sds01,-mérida, yucatán-air-quality.csv"
2020/2/17, 61, 13, , , ,Yucatán,"sds01,-mérida, yucatán-air-quality.csv"
2020/2/18, 66, 11, , , ,Yucatán,"sds01,-mérida, yucatán-air-quality.csv"
2020/2/19, 58, 12, , , ,Yucatán,"sds01,-mérida, yucatán-air-quality.csv"
2020/2/20, 71, 13, , , ,Yucatán,"sds01,-mérida, yucatán-air-quality.csv"
2020/2/21, 83, 12, , , ,Yucatán,"sds01,-mérida, yucatán-air-quality.csv"
2020/2/22, 52, 19, , , ,Yucatán,"sds01,-mérida, yucatán-air-quality.csv"
2020/2/23, 33, 20, , , ,Yucatán,"sds01,-mérida, yucatán-air-quality.csv"
2020/2/24, 41, 14, , , ,Yucatán,"sds01,-mérida, yucatán-air-quality.csv"
2020/2/25, 56, 16, , , ,Yucatán,"sds01,-mérida, yucatán-air-quality.csv"
2020/2/26, 49, 22, , , ,Yucatán,"sds01,-mérida, yucatán-air-quality.csv"
2020/2/27, 67, 18, , , ,Yucatán,"sds01,-mérida, yucatán-air-quality.csv"
2020/2/28, 47, 20, , , ,Yucatán,"sds01,-mérida, yucatán-air-quality.csv"
2020/2/29, 56, 21, , , ,Yucatán,"sds01,-mérida, yucatán-air-quality.csv"
2020/3/1, 37, 20, , , ,Yucatán,"sds01,-mérida, yucatán-air-quality.csv"
2020/3/2, 35, 16, , , ,Yucatán,"sds01,-mérida, yucatán-air-quality.csv"
2020/3/3, 57, 10, , , 500,Yucatán,"sds01,-mérida, yucatán-air-quality.csv"
2020/3/4, 50, 10, , , 500,Yucatán,"sds01,-mérida, yucatán-air-quality.csv"
2020/3/5, 56, 21, , , 477,Yucatán,"sds01,-mérida, yucatán-air-quality.csv"
2020/3/6, 65, 20, , , 436,Yucatán,"sds01,-mérida, yucatán-air-quality.csv"
2020/3/7, 37, 22, , , 423,Yucatán,"sds01,-mérida, yucatán-air-quality.csv"
2020/3/8, 36, 21, , , 424,Yucatán,"sds01,-mérida, yucatán-air-quality.csv"
2020/3/9, 46, 20, , , 449,Yucatán,"sds01,-mérida, yucatán-air-quality.csv"
2020/3/10, 49, 20, , , 496,Yucatán,"sds01,-mérida, yucatán-air-quality.csv"
2020/3/11, 68, 19, , , 500,Yucatán,"sds01,-mérida, yucatán-air-quality.csv"
2020/3/12, 53, 18, , , 480,Yucatán,"sds01,-mérida, yucatán-air-quality.csv"
2020/3/13, 50, 18, , , 466,Yucatán,"sds01,-mérida, yucatán-air-quality.csv"
2020/3/14, 53, 15, , , 1,Yucatán,"sds01,-mérida, yucatán-air-quality.csv"
2020/3/15, 52, 14, , , 1,Yucatán,"sds01,-mérida, yucatán-air-quality.csv"
2020/3/16, 58, 14, , , 1,Yucatán,"sds01,-mérida, yucatán-air-quality.csv"
2020/3/17, 54, 16, , , 2,Yucatán,"sds01,-mérida, yucatán-air-quality.csv"
2020/3/18, 68, , , , ,Yucatán,"sds01,-mérida, yucatán-air-quality.csv"
2020/3/23, 112, 19, , , 1,Yucatán,"sds01,-mérida, yucatán-air-quality.csv"
2020/3/24, 45, 16, , , 2,Yucatán,"sds01,-mérida, yucatán-air-quality.csv"
2020/3/25, 39, 18, , , 3,Yucatán,"sds01,-mérida, yucatán-air-quality.csv"
2020/3/26, 53, 16, , , 4,Yucatán,"sds01,-mérida, yucatán-air-quality.csv"
2020/3/27, 55, 15, , , 4,Yucatán,"sds01,-mérida, yucatán-air-quality.csv"
2020/3/28, 58, 18, , , 4,Yucatán,"sds01,-mérida, yucatán-air-quality.csv"
2020/3/29, 58, 18, , , 4,Yucatán,"sds01,-mérida, yucatán-air-quality.csv"
2020/3/30, 56, 12, , , 5,Yucatán,"sds01,-mérida, yucatán-air-quality.csv"
2020/3/31, 55, 12, , , 5,Yucatán,"sds01,-mérida, yucatán-air-quality.csv"
2020/4/1, 60, 14, , , 5,Yucatán,"sds01,-mérida, yucatán-air-quality.csv"
2019/10/3, 92, 9, , , ,Yucatán,"sds01,-mérida, yucatán-air-quality.csv"
2019/10/4, 57, 7, , , ,Yucatán,"sds01,-mérida, yucatán-air-quality.csv"
2019/10/5, 61, 6, , , ,Yucatán,"sds01,-mérida, yucatán-air-quality.csv"
2019/10/6, 54, 6, , , ,Yucatán,"sds01,-mérida, yucatán-air-quality.csv"
2019/10/8, 114, 9, , , ,Yucatán,"sds01,-mérida, yucatán-air-quality.csv"
2019/10/9, 91, 8, , , ,Yucatán,"sds01,-mérida, yucatán-air-quality.csv"
2019/10/10, 59, 5, , , ,Yucatán,"sds01,-mérida, yucatán-air-quality.csv"
2019/10/11, 82, 4, , , ,Yucatán,"sds01,-mérida, yucatán-air-quality.csv"
2019/10/12, 60, 4, , , ,Yucatán,"sds01,-mérida, yucatán-air-quality.csv"
2019/10/13, 49, 6, , , ,Yucatán,"sds01,-mérida, yucatán-air-quality.csv"
2019/10/14, 56, 8, , , ,Yucatán,"sds01,-mérida, yucatán-air-quality.csv"
2019/10/15, 75, 5, , , ,Yucatán,"sds01,-mérida, yucatán-air-quality.csv"
2019/10/16, 69, 6, , , ,Yucatán,"sds01,-mérida, yucatán-air-quality.csv"
2019/10/17, 60, 4, , , ,Yucatán,"sds01,-mérida, yucatán-air-quality.csv"
2019/10/18, 78, 4, , , ,Yucatán,"sds01,-mérida, yucatán-air-quality.csv"
2019/10/19, 83, 3, , , ,Yucatán,"sds01,-mérida, yucatán-air-quality.csv"
2019/10/20, 103, , , , ,Yucatán,"sds01,-mérida, yucatán-air-quality.csv"
2019/10/21, 99, , , , ,Yucatán,"sds01,-mérida, yucatán-air-quality.csv"
2019/10/22, 76, , , , ,Yucatán,"sds01,-mérida, yucatán-air-quality.csv"
2019/10/23, 49, , , , ,Yucatán,"sds01,-mérida, yucatán-air-quality.csv"
2019/10/24, 60, , , , ,Yucatán,"sds01,-mérida, yucatán-air-quality.csv"
2019/10/25, 50, , , , ,Yucatán,"sds01,-mérida, yucatán-air-quality.csv"
2019/10/26, 51, , , , ,Yucatán,"sds01,-mérida, yucatán-air-quality.csv"
2019/10/27, 76, , , , ,Yucatán,"sds01,-mérida, yucatán-air-quality.csv"
2019/10/28, 54, , , , ,Yucatán,"sds01,-mérida, yucatán-air-quality.csv"
2019/10/29, 53, , , , ,Yucatán,"sds01,-mérida, yucatán-air-quality.csv"
2019/10/30, 46, , , , ,Yucatán,"sds01,-mérida, yucatán-air-quality.csv"
2019/10/31, 39, , , , ,Yucatán,"sds01,-mérida, yucatán-air-quality.csv"
2019/11/1, 57, , , , ,Yucatán,"sds01,-mérida, yucatán-air-quality.csv"
2019/11/2, 54, , , , ,Yucatán,"sds01,-mérida, yucatán-air-quality.csv"
2019/11/3, 57, , , , ,Yucatán,"sds01,-mérida, yucatán-air-quality.csv"
2019/11/4, 46, , , , ,Yucatán,"sds01,-mérida, yucatán-air-quality.csv"
2019/11/5, 77, , , , ,Yucatán,"sds01,-mérida, yucatán-air-quality.csv"
2019/11/6, 52, , , , ,Yucatán,"sds01,-mérida, yucatán-air-quality.csv"
2019/11/7, 47, , , , ,Yucatán,"sds01,-mérida, yucatán-air-quality.csv"
2019/11/8, 56, , , , ,Yucatán,"sds01,-mérida, yucatán-air-quality.csv"
2019/11/9, 46, 4, , , ,Yucatán,"sds01,-mérida, yucatán-air-quality.csv"
2019/11/10, 48, 7, , , ,Yucatán,"sds01,-mérida, yucatán-air-quality.csv"
2019/11/11, 42, 9, , , ,Yucatán,"sds01,-mérida, yucatán-air-quality.csv"
2019/11/12, 48, 8, , , ,Yucatán,"sds01,-mérida, yucatán-air-quality.csv"
2019/11/13, 48, 8, , , ,Yucatán,"sds01,-mérida, yucatán-air-quality.csv"
2019/11/14, 58, 7, , , ,Yucatán,"sds01,-mérida, yucatán-air-quality.csv"
2019/11/15, 64, 5, , , ,Yucatán,"sds01,-mérida, yucatán-air-quality.csv"
2019/11/16, 34, 9, , , ,Yucatán,"sds01,-mérida, yucatán-air-quality.csv"
2019/11/17, 33, 14, , , ,Yucatán,"sds01,-mérida, yucatán-air-quality.csv"
2019/11/18, 52, 15, , , ,Yucatán,"sds01,-mérida, yucatán-air-quality.csv"
2019/11/19, 47, 15, , 6, ,Yucatán,"sds01,-mérida, yucatán-air-quality.csv"
2019/11/20, 58, 13, , , ,Yucatán,"sds01,-mérida, yucatán-air-quality.csv"
2019/11/21, 51, 12, , , ,Yucatán,"sds01,-mérida, yucatán-air-quality.csv"
2019/11/22, 41, 11, , , ,Yucatán,"sds01,-mérida, yucatán-air-quality.csv"
2019/11/23, 39, 11, , , ,Yucatán,"sds01,-mérida, yucatán-air-quality.csv"
2019/11/24, 68, 11, , , ,Yucatán,"sds01,-mérida, yucatán-air-quality.csv"
2019/11/25, 76, 11, , , ,Yucatán,"sds01,-mérida, yucatán-air-quality.csv"
2019/11/26, 66, 7, , , ,Yucatán,"sds01,-mérida, yucatán-air-quality.csv"
2019/11/27, 78, 7, , , ,Yucatán,"sds01,-mérida, yucatán-air-quality.csv"
2019/11/28, 52, 4, , , ,Yucatán,"sds01,-mérida, yucatán-air-quality.csv"
2019/12/2, 62, 9, , , ,Yucatán,"sds01,-mérida, yucatán-air-quality.csv"
2019/12/3, 52, 11, , , ,Yucatán,"sds01,-mérida, yucatán-air-quality.csv"
2019/12/4, 45, 12, , , ,Yucatán,"sds01,-mérida, yucatán-air-quality.csv"
2019/12/5, 49, 10, , , ,Yucatán,"sds01,-mérida, yucatán-air-quality.csv"
2019/12/6, 59, 10, , , ,Yucatán,"sds01,-mérida, yucatán-air-quality.csv"
2019/12/7, 58, 11, , , ,Yucatán,"sds01,-mérida, yucatán-air-quality.csv"
2019/12/8, 49, 12, , , ,Yucatán,"sds01,-mérida, yucatán-air-quality.csv"
2019/12/9, 47, 9, , , ,Yucatán,"sds01,-mérida, yucatán-air-quality.csv"
2019/12/10, 50, 10, , , ,Yucatán,"sds01,-mérida, yucatán-air-quality.csv"
2019/12/11, 68, 5, , , ,Yucatán,"sds01,-mérida, yucatán-air-quality.csv"
2019/12/12, 58, 6, , , ,Yucatán,"sds01,-mérida, yucatán-air-quality.csv"
2019/12/13, 54, 7, , , ,Yucatán,"sds01,-mérida, yucatán-air-quality.csv"
2019/12/14, 59, 9, , , ,Yucatán,"sds01,-mérida, yucatán-air-quality.csv"
2019/12/15, 68, 6, , , ,Yucatán,"sds01,-mérida, yucatán-air-quality.csv"
2019/12/16, 60, 6, , , ,Yucatán,"sds01,-mérida, yucatán-air-quality.csv"
2019/12/17, 55, 6, , , ,Yucatán,"sds01,-mérida, yucatán-air-quality.csv"
2019/12/18, 44, 12, , , ,Yucatán,"sds01,-mérida, yucatán-air-quality.csv"
2019/12/19, 44, 13, , , ,Yucatán,"sds01,-mérida, yucatán-air-quality.csv"
2019/12/20, 40, 13, , , ,Yucatán,"sds01,-mérida, yucatán-air-quality.csv"
2019/12/21, 46, 12, , , ,Yucatán,"sds01,-mérida, yucatán-air-quality.csv"
2019/12/22, 32, 10, , , ,Yucatán,"sds01,-mérida, yucatán-air-quality.csv"
2019/12/23, 76, 11, , , ,Yucatán,"sds01,-mérida, yucatán-air-quality.csv"
2019/12/24, 51, 14, , , ,Yucatán,"sds01,-mérida, yucatán-air-quality.csv"
2019/12/25, 47, 13, , , ,Yucatán,"sds01,-mérida, yucatán-air-quality.csv"
2019/12/26, 78, 10, , , ,Yucatán,"sds01,-mérida, yucatán-air-quality.csv"
2019/12/27, 210, 11, , , ,Yucatán,"sds01,-mérida, yucatán-air-quality.csv"
2019/12/28, 66, 11, , , ,Yucatán,"sds01,-mérida, yucatán-air-quality.csv"
2019/12/29, 67, 3, , , ,Yucatán,"sds01,-mérida, yucatán-air-quality.csv"
2019/7/4, 141, 8, , , ,Yucatán,"sds01,-mérida, yucatán-air-quality.csv"
2019/7/5, 74, 10, , , ,Yucatán,"sds01,-mérida, yucatán-air-quality.csv"
2019/7/6, 59, 10, , , ,Yucatán,"sds01,-mérida, yucatán-air-quality.csv"
2019/7/7, 72, 10, , , ,Yucatán,"sds01,-mérida, yucatán-air-quality.csv"
2019/7/8, 67, 12, , , ,Yucatán,"sds01,-mérida, yucatán-air-quality.csv"
2019/7/9, 56, 8, , , ,Yucatán,"sds01,-mérida, yucatán-air-quality.csv"
2019/7/10, 75, 8, , , ,Yucatán,"sds01,-mérida, yucatán-air-quality.csv"
2019/7/11, 76, 12, , , ,Yucatán,"sds01,-mérida, yucatán-air-quality.csv"
2019/7/12, 66, 6, , , ,Yucatán,"sds01,-mérida, yucatán-air-quality.csv"
2019/7/13, 78, 9, , , ,Yucatán,"sds01,-mérida, yucatán-air-quality.csv"
2019/7/14, 99, 9, , , ,Yucatán,"sds01,-mérida, yucatán-air-quality.csv"
2019/7/15, 88, 9, , , ,Yucatán,"sds01,-mérida, yucatán-air-quality.csv"
2019/7/16, 75, 9, , , ,Yucatán,"sds01,-mérida, yucatán-air-quality.csv"
2019/7/17, 88, 10, , , ,Yucatán,"sds01,-mérida, yucatán-air-quality.csv"
2019/7/18, 76, 9, , , ,Yucatán,"sds01,-mérida, yucatán-air-quality.csv"
2019/7/19, 74, 10, , , ,Yucatán,"sds01,-mérida, yucatán-air-quality.csv"
2019/7/20, 65, , , , ,Yucatán,"sds01,-mérida, yucatán-air-quality.csv"
2019/7/22, 78, 10, , , ,Yucatán,"sds01,-mérida, yucatán-air-quality.csv"
2019/7/23, 73, 13, , , ,Yucatán,"sds01,-mérida, yucatán-air-quality.csv"
2019/7/24, 69, 10, , , ,Yucatán,"sds01,-mérida, yucatán-air-quality.csv"
2019/7/25, 61, 10, , , ,Yucatán,"sds01,-mérida, yucatán-air-quality.csv"
2019/7/26, 73, 6, , , ,Yucatán,"sds01,-mérida, yucatán-air-quality.csv"
2019/7/27, 83, 8, , , ,Yucatán,"sds01,-mérida, yucatán-air-quality.csv"
2019/7/28, 106, 8, , , ,Yucatán,"sds01,-mérida, yucatán-air-quality.csv"
2019/7/29, 81, 7, , , ,Yucatán,"sds01,-mérida, yucatán-air-quality.csv"
2019/7/30, 68, 9, , , ,Yucatán,"sds01,-mérida, yucatán-air-quality.csv"
2019/7/31, 66, 10, , , ,Yucatán,"sds01,-mérida, yucatán-air-quality.csv"
2019/8/1, 50, 9, , , ,Yucatán,"sds01,-mérida, yucatán-air-quality.csv"
2019/8/2, 75, 16, , , ,Yucatán,"sds01,-mérida, yucatán-air-quality.csv"
2019/8/3, 67, 6, , , ,Yucatán,"sds01,-mérida, yucatán-air-quality.csv"
2019/8/4, 27, , , , ,Yucatán,"sds01,-mérida, yucatán-air-quality.csv"
2019/8/6, 113, 7, , , ,Yucatán,"sds01,-mérida, yucatán-air-quality.csv"
2019/8/7, 80, 9, , , ,Yucatán,"sds01,-mérida, yucatán-air-quality.csv"
2019/8/8, 82, 9, , , ,Yucatán,"sds01,-mérida, yucatán-air-quality.csv"
2019/8/9, 95, 10, , , ,Yucatán,"sds01,-mérida, yucatán-air-quality.csv"
2019/8/10, 69, 7, , , ,Yucatán,"sds01,-mérida, yucatán-air-quality.csv"
2019/8/11, 69, 9, , , ,Yucatán,"sds01,-mérida, yucatán-air-quality.csv"
2019/8/12, 59, 8, , , ,Yucatán,"sds01,-mérida, yucatán-air-quality.csv"
2019/8/13, 68, 8, , 1, ,Yucatán,"sds01,-mérida, yucatán-air-quality.csv"
2019/8/14, 59, 9, , , ,Yucatán,"sds01,-mérida, yucatán-air-quality.csv"
2019/8/15, 64, 6, , 1, ,Yucatán,"sds01,-mérida, yucatán-air-quality.csv"
2019/8/16, 58, 8, , , ,Yucatán,"sds01,-mérida, yucatán-air-quality.csv"
2019/8/17, 76, 3, , , ,Yucatán,"sds01,-mérida, yucatán-air-quality.csv"
2019/8/18, 71, , , , ,Yucatán,"sds01,-mérida, yucatán-air-quality.csv"
2019/8/24, 98, , , , ,Yucatán,"sds01,-mérida, yucatán-air-quality.csv"
2019/8/26, 72, 6, , , ,Yucatán,"sds01,-mérida, yucatán-air-quality.csv"
2019/8/27, 55, 6, , , ,Yucatán,"sds01,-mérida, yucatán-air-quality.csv"
2019/8/28, 80, 8, , , ,Yucatán,"sds01,-mérida, yucatán-air-quality.csv"
2019/8/29, 79, 11, , , ,Yucatán,"sds01,-mérida, yucatán-air-quality.csv"
2019/8/30, 82, 14, , , ,Yucatán,"sds01,-mérida, yucatán-air-quality.csv"
2019/8/31, 70, 18, , , ,Yucatán,"sds01,-mérida, yucatán-air-quality.csv"
2019/9/1, 59, 14, , 1, ,Yucatán,"sds01,-mérida, yucatán-air-quality.csv"
2019/9/2, 58, 13, , , ,Yucatán,"sds01,-mérida, yucatán-air-quality.csv"
2019/9/3, 61, 14, , , ,Yucatán,"sds01,-mérida, yucatán-air-quality.csv"
2019/9/4, 84, 9, , , ,Yucatán,"sds01,-mérida, yucatán-air-quality.csv"
2019/9/5, 71, 11, , , ,Yucatán,"sds01,-mérida, yucatán-air-quality.csv"
2019/9/6, 64, 9, , , ,Yucatán,"sds01,-mérida, yucatán-air-quality.csv"
2019/9/7, 71, 7, , , ,Yucatán,"sds01,-mérida, yucatán-air-quality.csv"
2019/9/8, 69, 9, , , ,Yucatán,"sds01,-mérida, yucatán-air-quality.csv"
2019/9/9, 79, 9, , , ,Yucatán,"sds01,-mérida, yucatán-air-quality.csv"
2019/9/10, 50, 6, , , ,Yucatán,"sds01,-mérida, yucatán-air-quality.csv"
2019/9/11, 87, 8, , , ,Yucatán,"sds01,-mérida, yucatán-air-quality.csv"
2019/9/12, 61, 10, , , ,Yucatán,"sds01,-mérida, yucatán-air-quality.csv"
2019/9/13, 70, 11, , , ,Yucatán,"sds01,-mérida, yucatán-air-quality.csv"
2019/9/14, 66, 18, , , ,Yucatán,"sds01,-mérida, yucatán-air-quality.csv"
2019/9/15, 77, 8, , , ,Yucatán,"sds01,-mérida, yucatán-air-quality.csv"
2019/9/16, 94, 8, , , ,Yucatán,"sds01,-mérida, yucatán-air-quality.csv"
2019/9/17, 79, 7, , , ,Yucatán,"sds01,-mérida, yucatán-air-quality.csv"
2019/9/18, 101, 9, , , ,Yucatán,"sds01,-mérida, yucatán-air-quality.csv"
2019/9/19, 89, 14, , , ,Yucatán,"sds01,-mérida, yucatán-air-quality.csv"
2019/9/20, 73, 15, , 1, ,Yucatán,"sds01,-mérida, yucatán-air-quality.csv"
2019/9/21, 80, 13, , , ,Yucatán,"sds01,-mérida, yucatán-air-quality.csv"
2019/9/22, 72, 10, , , ,Yucatán,"sds01,-mérida, yucatán-air-quality.csv"
2019/9/23, 99, 12, , , ,Yucatán,"sds01,-mérida, yucatán-air-quality.csv"
2019/9/24, 98, 14, , , ,Yucatán,"sds01,-mérida, yucatán-air-quality.csv"
2019/9/25, 167, 38, , 6, ,Yucatán,"sds01,-mérida, yucatán-air-quality.csv"
2019/9/26, 526, 3, , , ,Yucatán,"sds01,-mérida, yucatán-air-quality.csv"
2025/8/5, , 5, 6, , 30,Yucatán,"sds01,-mérida, yucatán-air-quality.csv"
2025/8/6, , 30, 7, 206, 47,Yucatán,"sds01,-mérida, yucatán-air-quality.csv"
2025/6/30, , 4, , , 30,Yucatán,"sds01,-mérida, yucatán-air-quality.csv"
2025/1/1, , 6, 3, , 22,Yucatán,"sds01,-mérida, yucatán-air-quality.csv"
2025/2/2, , 9, 3, , 24,Yucatán,"sds01,-mérida, yucatán-air-quality.csv"
2025/2/10, , 8, 3, , 23,Yucatán,"sds01,-mérida, yucatán-air-quality.csv"
2024/10/10, , 30, 6, , 22,Yucatán,"sds01,-mérida, yucatán-air-quality.csv"
2024/11/17, , 8, 1, , 21,Yucatán,"sds01,-mérida, yucatán-air-quality.csv"
2024/12/1, , 9, 3, , 22,Yucatán,"sds01,-mérida, yucatán-air-quality.csv"
2024/12/14, , 10, 4, , 22,Yucatán,"sds01,-mérida, yucatán-air-quality.csv"
2024/7/10, , 1, 7, , 17,Yucatán,"sds01,-mérida, yucatán-air-quality.csv"
2024/8/25, , 22, 5, , 19,Yucatán,"sds01,-mérida, yucatán-air-quality.csv"
2024/4/1, , 38, 4, , 7,Yucatán,"sds01,-mérida, yucatán-air-quality.csv"
2024/4/14, , 40, 3, , ,Yucatán,"sds01,-mérida, yucatán-air-quality.csv"
2024/5/26, , 26, 3, , 5,Yucatán,"sds01,-mérida, yucatán-air-quality.csv"
2024/6/11, , 60, 12, , 10,Yucatán,"sds01,-mérida, yucatán-air-quality.csv"
2024/6/22, , 13, 6, , 11,Yucatán,"sds01,-mérida, yucatán-air-quality.csv"
2024/1/2, , 29, 6, , ,Yucatán,"sds01,-mérida, yucatán-air-quality.csv"
2024/1/3, , 28, 8, , ,Yucatán,"sds01,-mérida, yucatán-air-quality.csv"
2024/1/4, , 23, 7, , ,Yucatán,"sds01,-mérida, yucatán-air-quality.csv"
2024/1/5, , 27, 4, , ,Yucatán,"sds01,-mérida, yucatán-air-quality.csv"
2024/1/6, , 15, 4, , ,Yucatán,"sds01,-mérida, yucatán-air-quality.csv"
2024/1/7, , 8, 3, , ,Yucatán,"sds01,-mérida, yucatán-air-quality.csv"
2024/1/8, , 25, 4, , ,Yucatán,"sds01,-mérida, yucatán-air-quality.csv"
2024/1/9, , 13, 3, , ,Yucatán,"sds01,-mérida, yucatán-air-quality.csv"
2024/1/10, , 28, 6, , ,Yucatán,"sds01,-mérida, yucatán-air-quality.csv"
2024/1/11, , 29, 7, , ,Yucatán,"sds01,-mérida, yucatán-air-quality.csv"
2024/1/12, , 14, 3, , ,Yucatán,"sds01,-mérida, yucatán-air-quality.csv"
2024/1/13, , 19, 4, , ,Yucatán,"sds01,-mérida, yucatán-air-quality.csv"
2024/1/14, , 29, 3, , ,Yucatán,"sds01,-mérida, yucatán-air-quality.csv"
2024/1/15, , 23, 5, , ,Yucatán,"sds01,-mérida, yucatán-air-quality.csv"
2024/1/16, , 13, 4, , ,Yucatán,"sds01,-mérida, yucatán-air-quality.csv"
2024/1/17, , 24, , , ,Yucatán,"sds01,-mérida, yucatán-air-quality.csv"
2024/1/31, , 20, 12, , ,Yucatán,"sds01,-mérida, yucatán-air-quality.csv"
2024/2/1, , 30, 10, , ,Yucatán,"sds01,-mérida, yucatán-air-quality.csv"
2024/2/2, , 30, 8, , ,Yucatán,"sds01,-mérida, yucatán-air-quality.csv"
2024/2/3, , 26, 3, , ,Yucatán,"sds01,-mérida, yucatán-air-quality.csv"
2024/2/4, , 13, 2, , ,Yucatán,"sds01,-mérida, yucatán-air-quality.csv"
2024/2/5, , 26, 2, , ,Yucatán,"sds01,-mérida, yucatán-air-quality.csv"
2024/2/6, , 33, 6, , ,Yucatán,"sds01,-mérida, yucatán-air-quality.csv"
2024/2/7, , 29, 13, , ,Yucatán,"sds01,-mérida, yucatán-air-quality.csv"
2024/2/8, , 31, 7, , ,Yucatán,"sds01,-mérida, yucatán-air-quality.csv"
2024/2/9, , 29, 4, , ,Yucatán,"sds01,-mérida, yucatán-air-quality.csv"
2024/2/10, , 21, 5, , ,Yucatán,"sds01,-mérida, yucatán-air-quality.csv"
2024/2/11, , 26, 3, , ,Yucatán,"sds01,-mérida, yucatán-air-quality.csv"
2024/2/12, , 23, 3, , ,Yucatán,"sds01,-mérida, yucatán-air-quality.csv"
2024/2/13, , 33, 4, , ,Yucatán,"sds01,-mérida, yucatán-air-quality.csv"
2024/2/14, , 32, 7, , ,Yucatán,"sds01,-mérida, yucatán-air-quality.csv"
2024/2/15, , 31, 5, , ,Yucatán,"sds01,-mérida, yucatán-air-quality.csv"
2024/2/16, , 32, 6, , ,Yucatán,"sds01,-mérida, yucatán-air-quality.csv"
2024/2/17, , 20, 2, , ,Yucatán,"sds01,-mérida, yucatán-air-quality.csv"
2024/2/18, , 23, 2, , ,Yucatán,"sds01,-mérida, yucatán-air-quality.csv"
2024/2/19, , 27, 6, , ,Yucatán,"sds01,-mérida, yucatán-air-quality.csv"
2024/2/20, , 34, 9, , ,Yucatán,"sds01,-mérida, yucatán-air-quality.csv"
2024/2/21, , 35, 9, , ,Yucatán,"sds01,-mérida, yucatán-air-quality.csv"
2024/2/22, , 34, 7, , ,Yucatán,"sds01,-mérida, yucatán-air-quality.csv"
2024/2/23, , 30, 7, , ,Yucatán,"sds01,-mérida, yucatán-air-quality.csv"
2024/2/24, , 37, 4, , ,Yucatán,"sds01,-mérida, yucatán-air-quality.csv"
2024/2/25, , 31, 2, , ,Yucatán,"sds01,-mérida, yucatán-air-quality.csv"
2024/2/26, , 37, 5, , ,Yucatán,"sds01,-mérida, yucatán-air-quality.csv"
2024/2/27, , 34, 6, , ,Yucatán,"sds01,-mérida, yucatán-air-quality.csv"
2024/2/28, , 33, 4, , ,Yucatán,"sds01,-mérida, yucatán-air-quality.csv"
2024/2/29, , 19, 4, , ,Yucatán,"sds01,-mérida, yucatán-air-quality.csv"
2024/3/1, , 22, 3, , ,Yucatán,"sds01,-mérida, yucatán-air-quality.csv"
2024/3/2, , 23, 3, , ,Yucatán,"sds01,-mérida, yucatán-air-quality.csv"
2024/3/3, , 15, 3, , ,Yucatán,"sds01,-mérida, yucatán-air-quality.csv"
2024/3/4, , 18, 3, , ,Yucatán,"sds01,-mérida, yucatán-air-quality.csv"
2024/3/5, , 18, 3, , ,Yucatán,"sds01,-mérida, yucatán-air-quality.csv"
2024/3/6, , 21, 3, , ,Yucatán,"sds01,-mérida, yucatán-air-quality.csv"
2024/3/7, , 26, 4, , ,Yucatán,"sds01,-mérida, yucatán-air-quality.csv"
2024/3/8, , 21, 4, , ,Yucatán,"sds01,-mérida, yucatán-air-quality.csv"
2024/3/9, , 21, 2, 1, ,Yucatán,"sds01,-mérida, yucatán-air-quality.csv"
2024/3/10, , 29, 1, , ,Yucatán,"sds01,-mérida, yucatán-air-quality.csv"
2024/3/11, , 17, 4, , ,Yucatán,"sds01,-mérida, yucatán-air-quality.csv"
2024/3/12, , 27, 4, , ,Yucatán,"sds01,-mérida, yucatán-air-quality.csv"
2024/3/13, , 25, 4, , ,Yucatán,"sds01,-mérida, yucatán-air-quality.csv"
2024/3/14, , 19, 4, , ,Yucatán,"sds01,-mérida, yucatán-air-quality.csv"
2024/3/15, , 22, 5, , ,Yucatán,"sds01,-mérida, yucatán-air-quality.csv"
2024/3/16, , 11, 2, , ,Yucatán,"sds01,-mérida, yucatán-air-quality.csv"
2024/3/17, , 5, 3, , ,Yucatán,"sds01,-mérida, yucatán-air-quality.csv"
2024/3/18, , 6, 2, , ,Yucatán,"sds01,-mérida, yucatán-air-quality.csv"
2024/3/19, , 6, 3, , ,Yucatán,"sds01,-mérida, yucatán-air-quality.csv"
2024/3/20, , 22, 3, , ,Yucatán,"sds01,-mérida, yucatán-air-quality.csv"
2024/3/21, , 21, 4, , ,Yucatán,"sds01,-mérida, yucatán-air-quality.csv"
2024/3/22, , 16, 2, , ,Yucatán,"sds01,-mérida, yucatán-air-quality.csv"
2024/3/23, , 25, 1, , ,Yucatán,"sds01,-mérida, yucatán-air-quality.csv"
2024/3/24, , 37, 3, , ,Yucatán,"sds01,-mérida, yucatán-air-quality.csv"
2024/3/25, , 40, 5, , ,Yucatán,"sds01,-mérida, yucatán-air-quality.csv"
2024/3/26, , 27, 3, , ,Yucatán,"sds01,-mérida, yucatán-air-quality.csv"
2024/3/27, , 28, 5, , ,Yucatán,"sds01,-mérida, yucatán-air-quality.csv"
2024/3/28, , 19, , , ,Yucatán,"sds01,-mérida, yucatán-air-quality.csv"
2024/3/31, , 37, 3, , ,Yucatán,"sds01,-mérida, yucatán-air-quality.csv"
2023/10/2, , 22, 5, , 6,Yucatán,"sds01,-mérida, yucatán-air-quality.csv"
2023/10/3, , 18, 5, , 5,Yucatán,"sds01,-mérida, yucatán-air-quality.csv"
2023/10/4, , 15, 4, , 6,Yucatán,"sds01,-mérida, yucatán-air-quality.csv"
2023/10/5, , 25, 4, , 5,Yucatán,"sds01,-mérida, yucatán-air-quality.csv"
2023/10/6, , 19, 4, , 5,Yucatán,"sds01,-mérida, yucatán-air-quality.csv"
2023/10/7, , 3, 3, , 5,Yucatán,"sds01,-mérida, yucatán-air-quality.csv"
2023/10/8, , 2, 2, , 5,Yucatán,"sds01,-mérida, yucatán-air-quality.csv"
2023/10/9, , 3, 4, , 6,Yucatán,"sds01,-mérida, yucatán-air-quality.csv"
2023/10/10, , 11, 4, , 6,Yucatán,"sds01,-mérida, yucatán-air-quality.csv"
2023/10/11, , 2, 8, , 9,Yucatán,"sds01,-mérida, yucatán-air-quality.csv"
2023/10/12, , 6, 3, , 7,Yucatán,"sds01,-mérida, yucatán-air-quality.csv"
2023/10/13, , 19, 3, , 7,Yucatán,"sds01,-mérida, yucatán-air-quality.csv"
2023/10/14, , 13, , , ,Yucatán,"sds01,-mérida, yucatán-air-quality.csv"
2023/10/16, , 32, 3, , 7,Yucatán,"sds01,-mérida, yucatán-air-quality.csv"
2023/10/17, , 31, 8, , 7,Yucatán,"sds01,-mérida, yucatán-air-quality.csv"
2023/10/18, , 27, 7, , 7,Yucatán,"sds01,-mérida, yucatán-air-quality.csv"
2023/10/19, , 26, 7, , 7,Yucatán,"sds01,-mérida, yucatán-air-quality.csv"
2023/10/20, , 29, 9, , 8,Yucatán,"sds01,-mérida, yucatán-air-quality.csv"
2023/10/21, , 24, 11, , 10,Yucatán,"sds01,-mérida, yucatán-air-quality.csv"
2023/10/22, , 25, 2, , 7,Yucatán,"sds01,-mérida, yucatán-air-quality.csv"
2023/10/23, , 24, 4, , 8,Yucatán,"sds01,-mérida, yucatán-air-quality.csv"
2023/10/24, , 22, 3, , 8,Yucatán,"sds01,-mérida, yucatán-air-quality.csv"
2023/10/25, , 17, 4, , 8,Yucatán,"sds01,-mérida, yucatán-air-quality.csv"
2023/10/26, , 21, , , ,Yucatán,"sds01,-mérida, yucatán-air-quality.csv"
2023/11/1, , 21, 4, , 10,Yucatán,"sds01,-mérida, yucatán-air-quality.csv"
2023/11/2, , 31, 3, , 10,Yucatán,"sds01,-mérida, yucatán-air-quality.csv"
2023/11/3, , 32, , , ,Yucatán,"sds01,-mérida, yucatán-air-quality.csv"
2023/11/6, , 27, 6, , 12,Yucatán,"sds01,-mérida, yucatán-air-quality.csv"
2023/11/7, , 24, 7, , 11,Yucatán,"sds01,-mérida, yucatán-air-quality.csv"
2023/11/8, , 26, 6, , 12,Yucatán,"sds01,-mérida, yucatán-air-quality.csv"
2023/11/9, , 24, 6, , 13,Yucatán,"sds01,-mérida, yucatán-air-quality.csv"
2023/11/10, , 15, , , ,Yucatán,"sds01,-mérida, yucatán-air-quality.csv"
2023/11/24, , 18, 5, , 14,Yucatán,"sds01,-mérida, yucatán-air-quality.csv"
2023/11/25, , 21, , , ,Yucatán,"sds01,-mérida, yucatán-air-quality.csv"
2023/12/4, , 14, 5, , 16,Yucatán,"sds01,-mérida, yucatán-air-quality.csv"
2023/12/5, , 15, 3, , 15,Yucatán,"sds01,-mérida, yucatán-air-quality.csv"
2023/12/6, , 8, , , ,Yucatán,"sds01,-mérida, yucatán-air-quality.csv"
2023/12/14, , 15, 5, , 21,Yucatán,"sds01,-mérida, yucatán-air-quality.csv"
2023/12/15, , 16, 5, , 22,Yucatán,"sds01,-mérida, yucatán-air-quality.csv"
2023/12/16, , 22, , , ,Yucatán,"sds01,-mérida, yucatán-air-quality.csv"
2023/12/19, , 18, 13, , ,Yucatán,"sds01,-mérida, yucatán-air-quality.csv"
2023/12/20, , 28, 14, , ,Yucatán,"sds01,-mérida, yucatán-air-quality.csv"
2023/12/21, , 29, 8, , ,Yucatán,"sds01,-mérida, yucatán-air-quality.csv"
2023/12/22, , 21, 7, , ,Yucatán,"sds01,-mérida, yucatán-air-quality.csv"
2023/12/23, , 26, 6, , ,Yucatán,"sds01,-mérida, yucatán-air-quality.csv"
2023/12/24, , 27, , , ,Yucatán,"sds01,-mérida, yucatán-air-quality.csv"
2023/12/27, , 20, 5, , ,Yucatán,"sds01,-mérida, yucatán-air-quality.csv"
2023/12/28, , 23, 7, , ,Yucatán,"sds01,-mérida, yucatán-air-quality.csv"
2023/12/29, , 28, 7, , ,Yucatán,"sds01,-mérida, yucatán-air-quality.csv"
2023/12/30, , 25, 4, , ,Yucatán,"sds01,-mérida, yucatán-air-quality.csv"
2023/12/31, , 28, , , ,Yucatán,"sds01,-mérida, yucatán-air-quality.csv"
2023/7/2, , 21, 4, 1, ,Yucatán,"sds01,-mérida, yucatán-air-quality.csv"
2023/7/3, , 17, 4, 1, ,Yucatán,"sds01,-mérida, yucatán-air-quality.csv"
2023/7/4, , 14, 4, 2, ,Yucatán,"sds01,-mérida, yucatán-air-quality.csv"
2023/7/5, , 12, 3, 2, ,Yucatán,"sds01,-mérida, yucatán-air-quality.csv"
2023/7/6, , 15, 5, 1, ,Yucatán,"sds01,-mérida, yucatán-air-quality.csv"
2023/7/7, , 14, 3, 1, ,Yucatán,"sds01,-mérida, yucatán-air-quality.csv"
2023/7/8, , 15, 2, 2, ,Yucatán,"sds01,-mérida, yucatán-air-quality.csv"
2023/7/9, , 5, 3, 1, ,Yucatán,"sds01,-mérida, yucatán-air-quality.csv"
2023/7/10, , 10, 2, 1, ,Yucatán,"sds01,-mérida, yucatán-air-quality.csv"
2023/7/11, , 14, 2, 1, ,Yucatán,"sds01,-mérida, yucatán-air-quality.csv"
2023/7/12, , 12, 2, 1, ,Yucatán,"sds01,-mérida, yucatán-air-quality.csv"
2023/7/13, , 14, 3, 1, ,Yucatán,"sds01,-mérida, yucatán-air-quality.csv"
2023/7/14, , 19, 2, 2, ,Yucatán,"sds01,-mérida, yucatán-air-quality.csv"
2023/7/15, , 15, 2, 2, ,Yucatán,"sds01,-mérida, yucatán-air-quality.csv"
2023/7/16, , 8, 1, 1, ,Yucatán,"sds01,-mérida, yucatán-air-quality.csv"
2023/7/17, , 14, 2, 1, ,Yucatán,"sds01,-mérida, yucatán-air-quality.csv"
2023/7/18, , 16, 5, 2, ,Yucatán,"sds01,-mérida, yucatán-air-quality.csv"
2023/7/19, , 15, 3, 1, ,Yucatán,"sds01,-mérida, yucatán-air-quality.csv"
2023/7/20, , 26, 6, 1, ,Yucatán,"sds01,-mérida, yucatán-air-quality.csv"
2023/7/21, , 15, 5, 2, ,Yucatán,"sds01,-mérida, yucatán-air-quality.csv"
2023/7/22, , 18, 3, 1, ,Yucatán,"sds01,-mérida, yucatán-air-quality.csv"
2023/7/23, , 5, 2, 1, ,Yucatán,"sds01,-mérida, yucatán-air-quality.csv"
2023/7/24, , 14, 3, 1, ,Yucatán,"sds01,-mérida, yucatán-air-quality.csv"
2023/7/25, , 14, 3, 2, ,Yucatán,"sds01,-mérida, yucatán-air-quality.csv"
2023/7/26, , 16, 3, 2, ,Yucatán,"sds01,-mérida, yucatán-air-quality.csv"
2023/7/27, , 16, 3, 2, ,Yucatán,"sds01,-mérida, yucatán-air-quality.csv"
2023/7/28, , 19, 3, 2, ,Yucatán,"sds01,-mérida, yucatán-air-quality.csv"
2023/7/29, , 19, 2, 2, ,Yucatán,"sds01,-mérida, yucatán-air-quality.csv"
2023/7/30, , 11, 3, 2, ,Yucatán,"sds01,-mérida, yucatán-air-quality.csv"
2023/7/31, , 16, 4, 2, ,Yucatán,"sds01,-mérida, yucatán-air-quality.csv"
2023/8/1, , 20, 3, 2, ,Yucatán,"sds01,-mérida, yucatán-air-quality.csv"
2023/8/2, , 18, 7, 2, ,Yucatán,"sds01,-mérida, yucatán-air-quality.csv"
2023/8/3, , 6, 4, 3, ,Yucatán,"sds01,-mérida, yucatán-air-quality.csv"
2023/8/4, , 5, 5, 3, ,Yucatán,"sds01,-mérida, yucatán-air-quality.csv"
2023/8/5, , 6, 4, 3, ,Yucatán,"sds01,-mérida, yucatán-air-quality.csv"
2023/8/6, , , 3, 2, ,Yucatán,"sds01,-mérida, yucatán-air-quality.csv"
2023/8/7, , 4, 3, 2, ,Yucatán,"sds01,-mérida, yucatán-air-quality.csv"
2023/8/8, , 6, 3, 3, ,Yucatán,"sds01,-mérida, yucatán-air-quality.csv"
2023/8/9, , 7, 3, 3, ,Yucatán,"sds01,-mérida, yucatán-air-quality.csv"
2023/8/10, , 5, 3, 3, ,Yucatán,"sds01,-mérida, yucatán-air-quality.csv"
2023/8/11, , 7, 4, 3, ,Yucatán,"sds01,-mérida, yucatán-air-quality.csv"
2023/8/12, , 6, 2, 3, ,Yucatán,"sds01,-mérida, yucatán-air-quality.csv"
2023/8/13, , 3, 2, 3, ,Yucatán,"sds01,-mérida, yucatán-air-quality.csv"
2023/8/14, , 4, 3, 3, ,Yucatán,"sds01,-mérida, yucatán-air-quality.csv"
2023/8/15, , 12, 5, 3, ,Yucatán,"sds01,-mérida, yucatán-air-quality.csv"
2023/8/16, , 16, 5, 3, ,Yucatán,"sds01,-mérida, yucatán-air-quality.csv"
2023/8/17, , 18, 4, 3, ,Yucatán,"sds01,-mérida, yucatán-air-quality.csv"
2023/8/18, , 16, 3, 3, ,Yucatán,"sds01,-mérida, yucatán-air-quality.csv"
2023/8/19, , 17, 2, 3, ,Yucatán,"sds01,-mérida, yucatán-air-quality.csv"
2023/8/20, , 8, 4, 3, ,Yucatán,"sds01,-mérida, yucatán-air-quality.csv"
2023/8/21, , 11, 4, 3, ,Yucatán,"sds01,-mérida, yucatán-air-quality.csv"
2023/8/22, , 18, 6, 3, ,Yucatán,"sds01,-mérida, yucatán-air-quality.csv"
2023/8/23, , 16, 7, 5, 500,Yucatán,"sds01,-mérida, yucatán-air-quality.csv"
2023/8/24, , 14, 13, 32, 210,Yucatán,"sds01,-mérida, yucatán-air-quality.csv"
2023/8/25, , 46, 7, , 5,Yucatán,"sds01,-mérida, yucatán-air-quality.csv"
2023/8/26, , 17, 6, , 3,Yucatán,"sds01,-mérida, yucatán-air-quality.csv"
2023/8/27, , 18, 3, , 4,Yucatán,"sds01,-mérida, yucatán-air-quality.csv"
2023/8/28, , 25, 4, , 3,Yucatán,"sds01,-mérida, yucatán-air-quality.csv"
2023/8/29, , 59, 5, , 2,Yucatán,"sds01,-mérida, yucatán-air-quality.csv"
2023/8/30, , 29, 12, , 5,Yucatán,"sds01,-mérida, yucatán-air-quality.csv"
2023/8/31, , 20, 6, , 5,Yucatán,"sds01,-mérida, yucatán-air-quality.csv"
2023/9/1, , 23, , , ,Yucatán,"sds01,-mérida, yucatán-air-quality.csv"
2023/9/7, , 18, 3, , 3,Yucatán,"sds01,-mérida, yucatán-air-quality.csv"
2023/9/8, , 20, , , ,Yucatán,"sds01,-mérida, yucatán-air-quality.csv"
2023/9/19, , 21, 5, , 3,Yucatán,"sds01,-mérida, yucatán-air-quality.csv"
2023/9/20, , 22, 4, , 2,Yucatán,"sds01,-mérida, yucatán-air-quality.csv"
2023/9/21, , 13, 4, , 2,Yucatán,"sds01,-mérida, yucatán-air-quality.csv"
2023/9/22, , 18, 3, , 2,Yucatán,"sds01,-mérida, yucatán-air-quality.csv"
2023/9/23, , 23, , , ,Yucatán,"sds01,-mérida, yucatán-air-quality.csv"
2023/9/25, , 29, 6, , 4,Yucatán,"sds01,-mérida, yucatán-air-quality.csv"
2023/9/26, , 34, 7, , 4,Yucatán,"sds01,-mérida, yucatán-air-quality.csv"
2023/9/27, , 22, 6, , 4,Yucatán,"sds01,-mérida, yucatán-air-quality.csv"
2023/9/28, , 29, 4, , 4,Yucatán,"sds01,-mérida, yucatán-air-quality.csv"
2023/9/29, , 27, 5, , 5,Yucatán,"sds01,-mérida, yucatán-air-quality.csv"
2023/9/30, , 16, 3, , 5,Yucatán,"sds01,-mérida, yucatán-air-quality.csv"
2023/10/1, , 9, 4, , 6,Yucatán,"sds01,-mérida, yucatán-air-quality.csv"
2023/5/18, , 23, 3, , ,Yucatán,"sds01,-mérida, yucatán-air-quality.csv"
2023/5/19, , 30, 4, 1, ,Yucatán,"sds01,-mérida, yucatán-air-quality.csv"
2023/5/20, , 23, 4, 1, ,Yucatán,"sds01,-mérida, yucatán-air-quality.csv"
2023/5/21, , 12, , , ,Yucatán,"sds01,-mérida, yucatán-air-quality.csv"
2023/5/23, , 15, 2, 1, ,Yucatán,"sds01,-mérida, yucatán-air-quality.csv"
2023/5/24, , 30, 2, 1, ,Yucatán,"sds01,-mérida, yucatán-air-quality.csv"
2023/5/25, , 34, , , ,Yucatán,"sds01,-mérida, yucatán-air-quality.csv"
2023/5/29, , 30, 3, 1, ,Yucatán,"sds01,-mérida, yucatán-air-quality.csv"
2023/5/30, , 26, 5, 1, ,Yucatán,"sds01,-mérida, yucatán-air-quality.csv"
2023/5/31, , 19, 5, 1, ,Yucatán,"sds01,-mérida, yucatán-air-quality.csv"
2023/6/1, , 20, 4, 1, ,Yucatán,"sds01,-mérida, yucatán-air-quality.csv"
2023/6/2, , 35, 4, 1, ,Yucatán,"sds01,-mérida, yucatán-air-quality.csv"
2023/6/3, , 38, , , ,Yucatán,"sds01,-mérida, yucatán-air-quality.csv"
2023/6/5, , 35, 3, 1, ,Yucatán,"sds01,-mérida, yucatán-air-quality.csv"
2023/6/6, , 29, 2, 1, ,Yucatán,"sds01,-mérida, yucatán-air-quality.csv"
2023/6/7, , 33, 4, 1, ,Yucatán,"sds01,-mérida, yucatán-air-quality.csv"
2023/6/8, , 29, 5, 1, ,Yucatán,"sds01,-mérida, yucatán-air-quality.csv"
2023/6/9, , 31, 3, 1, ,Yucatán,"sds01,-mérida, yucatán-air-quality.csv"
2023/6/10, , 41, 3, 1, ,Yucatán,"sds01,-mérida, yucatán-air-quality.csv"
2023/6/11, , 27, 1, 1, ,Yucatán,"sds01,-mérida, yucatán-air-quality.csv"
2023/6/12, , 61, 3, 1, ,Yucatán,"sds01,-mérida, yucatán-air-quality.csv"
2023/6/13, , 20, 2, 1, ,Yucatán,"sds01,-mérida, yucatán-air-quality.csv"
2023/6/14, , 17, 2, 1, ,Yucatán,"sds01,-mérida, yucatán-air-quality.csv"
2023/6/15, , 12, 2, 1, ,Yucatán,"sds01,-mérida, yucatán-air-quality.csv"
2023/6/16, , 14, 2, 1, ,Yucatán,"sds01,-mérida, yucatán-air-quality.csv"
2023/6/17, , 11, 1, 1, ,Yucatán,"sds01,-mérida, yucatán-air-quality.csv"
2023/6/18, , 7, , , ,Yucatán,"sds01,-mérida, yucatán-air-quality.csv"
2023/6/20, , 13, 3, 1, ,Yucatán,"sds01,-mérida, yucatán-air-quality.csv"
2023/6/21, , 20, 4, 1, ,Yucatán,"sds01,-mérida, yucatán-air-quality.csv"
2023/6/22, , 15, 3, 1, ,Yucatán,"sds01,-mérida, yucatán-air-quality.csv"
2023/6/23, , 16, 4, 2, ,Yucatán,"sds01,-mérida, yucatán-air-quality.csv"
2023/6/24, , 14, 2, 2, ,Yucatán,"sds01,-mérida, yucatán-air-quality.csv"
2023/6/25, , 9, 2, 1, ,Yucatán,"sds01,-mérida, yucatán-air-quality.csv"
2023/6/26, , 19, 3, 1, ,Yucatán,"sds01,-mérida, yucatán-air-quality.csv"
2023/6/27, , 15, 4, 1, ,Yucatán,"sds01,-mérida, yucatán-air-quality.csv"
2023/6/28, , 21, 3, 1, ,Yucatán,"sds01,-mérida, yucatán-air-quality.csv"
2023/6/29, , 18, 3, 2, ,Yucatán,"sds01,-mérida, yucatán-air-quality.csv"
2023/6/30, , 15, 3, 2, ,Yucatán,"sds01,-mérida, yucatán-air-quality.csv"
2023/7/1, , 19, 3, 1, ,Yucatán,"sds01,-mérida, yucatán-air-quality.csv"
2023/1/20, , 8, , , ,Yucatán,"sds01,-mérida, yucatán-air-quality.csv"
2023/1/21, , 18, , , ,Yucatán,"sds01,-mérida, yucatán-air-quality.csv"
2023/1/22, , 12, , , ,Yucatán,"sds01,-mérida, yucatán-air-quality.csv"
2023/1/25, , 9, , , ,Yucatán,"sds01,-mérida, yucatán-air-quality.csv"
2023/2/12, , 24, , , ,Yucatán,"sds01,-mérida, yucatán-air-quality.csv"
2023/2/15, , 23, 5, , ,Yucatán,"sds01,-mérida, yucatán-air-quality.csv"
2023/2/16, , 21, 5, 1, ,Yucatán,"sds01,-mérida, yucatán-air-quality.csv"
2023/2/17, , 23, 4, , ,Yucatán,"sds01,-mérida, yucatán-air-quality.csv"
2023/2/18, , 26, 3, , ,Yucatán,"sds01,-mérida, yucatán-air-quality.csv"
2023/2/19, , 21, 2, , ,Yucatán,"sds01,-mérida, yucatán-air-quality.csv"
2023/2/20, , 24, 4, , ,Yucatán,"sds01,-mérida, yucatán-air-quality.csv"
2023/2/21, , 29, 6, 1, ,Yucatán,"sds01,-mérida, yucatán-air-quality.csv"
2023/2/22, , 26, 5, , ,Yucatán,"sds01,-mérida, yucatán-air-quality.csv"
2023/2/23, , 27, 4, 1, ,Yucatán,"sds01,-mérida, yucatán-air-quality.csv"
2023/2/24, , 22, 5, , ,Yucatán,"sds01,-mérida, yucatán-air-quality.csv"
2023/2/25, , 23, 4, , ,Yucatán,"sds01,-mérida, yucatán-air-quality.csv"
2023/2/26, , 28, 4, , ,Yucatán,"sds01,-mérida, yucatán-air-quality.csv"
2023/2/27, , 24, 5, , ,Yucatán,"sds01,-mérida, yucatán-air-quality.csv"
2023/2/28, , 24, 4, , ,Yucatán,"sds01,-mérida, yucatán-air-quality.csv"
2023/3/1, , 22, 4, , ,Yucatán,"sds01,-mérida, yucatán-air-quality.csv"
2023/3/2, , 22, 4, 1, ,Yucatán,"sds01,-mérida, yucatán-air-quality.csv"
2023/3/3, , 21, 4, , ,Yucatán,"sds01,-mérida, yucatán-air-quality.csv"
2023/3/4, , 23, 3, , ,Yucatán,"sds01,-mérida, yucatán-air-quality.csv"
2023/3/5, , 25, 2, , ,Yucatán,"sds01,-mérida, yucatán-air-quality.csv"
2023/3/6, , 22, 4, , ,Yucatán,"sds01,-mérida, yucatán-air-quality.csv"
2023/3/7, , 22, 5, 1, ,Yucatán,"sds01,-mérida, yucatán-air-quality.csv"
2023/3/8, , 28, 5, , ,Yucatán,"sds01,-mérida, yucatán-air-quality.csv"
2023/3/9, , 21, 4, 1, ,Yucatán,"sds01,-mérida, yucatán-air-quality.csv"
2023/3/10, , 26, 6, 1, ,Yucatán,"sds01,-mérida, yucatán-air-quality.csv"
2023/3/11, , 29, , , ,Yucatán,"sds01,-mérida, yucatán-air-quality.csv"
2023/3/13, , 26, 3, , ,Yucatán,"sds01,-mérida, yucatán-air-quality.csv"
2023/3/14, , 28, 4, 1, ,Yucatán,"sds01,-mérida, yucatán-air-quality.csv"
2023/3/15, , 20, 4, 1, ,Yucatán,"sds01,-mérida, yucatán-air-quality.csv"
2023/3/16, , 28, 5, , ,Yucatán,"sds01,-mérida, yucatán-air-quality.csv"
2023/3/17, , 33, 5, 1, ,Yucatán,"sds01,-mérida, yucatán-air-quality.csv"
2023/3/18, , 23, 2, 1, ,Yucatán,"sds01,-mérida, yucatán-air-quality.csv"
2023/3/19, , 9, , , ,Yucatán,"sds01,-mérida, yucatán-air-quality.csv"
2023/3/21, , 35, 4, , ,Yucatán,"sds01,-mérida, yucatán-air-quality.csv"
2023/3/22, , 31, 4, 1, ,Yucatán,"sds01,-mérida, yucatán-air-quality.csv"
2023/3/23, , 28, 4, 1, ,Yucatán,"sds01,-mérida, yucatán-air-quality.csv"
2023/3/24, , 21, 4, 1, ,Yucatán,"sds01,-mérida, yucatán-air-quality.csv"
2023/3/25, , 22, 1, 1, ,Yucatán,"sds01,-mérida, yucatán-air-quality.csv"
2023/3/26, , 16, 3, 1, ,Yucatán,"sds01,-mérida, yucatán-air-quality.csv"
2023/3/27, , 26, 3, 1, ,Yucatán,"sds01,-mérida, yucatán-air-quality.csv"
2023/3/28, , 21, , , ,Yucatán,"sds01,-mérida, yucatán-air-quality.csv"
2022/10/2, , 11, , , ,Yucatán,"sds01,-mérida, yucatán-air-quality.csv"
2022/10/3, , 32, , , ,Yucatán,"sds01,-mérida, yucatán-air-quality.csv"
2022/10/4, , 25, , , ,Yucatán,"sds01,-mérida, yucatán-air-quality.csv"
2022/10/5, , 27, , , ,Yucatán,"sds01,-mérida, yucatán-air-quality.csv"
2022/10/6, , 34, , , ,Yucatán,"sds01,-mérida, yucatán-air-quality.csv"
2022/10/7, , 28, , , ,Yucatán,"sds01,-mérida, yucatán-air-quality.csv"
2022/10/8, , 25, , , ,Yucatán,"sds01,-mérida, yucatán-air-quality.csv"
2022/10/9, , 31, , , ,Yucatán,"sds01,-mérida, yucatán-air-quality.csv"
2022/10/10, , 38, , , ,Yucatán,"sds01,-mérida, yucatán-air-quality.csv"
2022/10/11, , 11, , , ,Yucatán,"sds01,-mérida, yucatán-air-quality.csv"
2022/10/12, , 13, , , ,Yucatán,"sds01,-mérida, yucatán-air-quality.csv"
2022/10/13, , 9, , , ,Yucatán,"sds01,-mérida, yucatán-air-quality.csv"
2022/10/14, , 8, , , ,Yucatán,"sds01,-mérida, yucatán-air-quality.csv"
2022/10/15, , 9, , , ,Yucatán,"sds01,-mérida, yucatán-air-quality.csv"
2022/10/16, , 11, , , ,Yucatán,"sds01,-mérida, yucatán-air-quality.csv"
2022/10/17, , 14, , , ,Yucatán,"sds01,-mérida, yucatán-air-quality.csv"
2022/10/29, , 1, , , ,Yucatán,"sds01,-mérida, yucatán-air-quality.csv"
2022/11/2, , 4, , , ,Yucatán,"sds01,-mérida, yucatán-air-quality.csv"
2022/11/5, , 2, , , ,Yucatán,"sds01,-mérida, yucatán-air-quality.csv"
2022/11/20, , 1, , , ,Yucatán,"sds01,-mérida, yucatán-air-quality.csv"
2022/11/24, , 2, , , ,Yucatán,"sds01,-mérida, yucatán-air-quality.csv"
2022/11/28, , 3, , , ,Yucatán,"sds01,-mérida, yucatán-air-quality.csv"
2022/12/9, , 3, , , ,Yucatán,"sds01,-mérida, yucatán-air-quality.csv"
2022/12/13, , 3, , , ,Yucatán,"sds01,-mérida, yucatán-air-quality.csv"
2022/12/17, , 4, , , ,Yucatán,"sds01,-mérida, yucatán-air-quality.csv"
2022/7/6, , 6, , , 5,Yucatán,"sds01,-mérida, yucatán-air-quality.csv"
2022/7/7, , 78, , 4, 30,Yucatán,"sds01,-mérida, yucatán-air-quality.csv"
2022/7/8, , 21, , 13, ,Yucatán,"sds01,-mérida, yucatán-air-quality.csv"
2022/7/9, , 19, , , ,Yucatán,"sds01,-mérida, yucatán-air-quality.csv"
2022/7/10, , 10, , , ,Yucatán,"sds01,-mérida, yucatán-air-quality.csv"
2022/7/11, , 18, , , ,Yucatán,"sds01,-mérida, yucatán-air-quality.csv"
2022/7/12, , 16, , , ,Yucatán,"sds01,-mérida, yucatán-air-quality.csv"
2022/7/13, , 13, , , 45,Yucatán,"sds01,-mérida, yucatán-air-quality.csv"
2022/7/14, , 9, , , ,Yucatán,"sds01,-mérida, yucatán-air-quality.csv"
2022/7/16, , 20, , , 6,Yucatán,"sds01,-mérida, yucatán-air-quality.csv"
2022/7/17, , 22, , , 13,Yucatán,"sds01,-mérida, yucatán-air-quality.csv"
2022/7/18, , 24, , , 4,Yucatán,"sds01,-mérida, yucatán-air-quality.csv"
2022/7/19, , 17, , , 9,Yucatán,"sds01,-mérida, yucatán-air-quality.csv"
2022/7/20, , 18, , , 1,Yucatán,"sds01,-mérida, yucatán-air-quality.csv"
2022/7/21, , 18, , , 4,Yucatán,"sds01,-mérida, yucatán-air-quality.csv"
2022/7/22, , 21, , , 1,Yucatán,"sds01,-mérida, yucatán-air-quality.csv"
2022/7/23, , 16, , , 1,Yucatán,"sds01,-mérida, yucatán-air-quality.csv"
2022/7/24, , 21, , , 3,Yucatán,"sds01,-mérida, yucatán-air-quality.csv"
2022/7/25, , 20, , , 2,Yucatán,"sds01,-mérida, yucatán-air-quality.csv"
2022/7/26, , 18, , , 1,Yucatán,"sds01,-mérida, yucatán-air-quality.csv"
2022/7/27, , 16, , , 5,Yucatán,"sds01,-mérida, yucatán-air-quality.csv"
2022/7/28, , 17, , , 3,Yucatán,"sds01,-mérida, yucatán-air-quality.csv"
2022/7/29, , 16, , , 2,Yucatán,"sds01,-mérida, yucatán-air-quality.csv"
2022/7/30, , 19, , , 3,Yucatán,"sds01,-mérida, yucatán-air-quality.csv"
2022/7/31, , 15, , , 2,Yucatán,"sds01,-mérida, yucatán-air-quality.csv"
2022/8/1, , 16, , , 2,Yucatán,"sds01,-mérida, yucatán-air-quality.csv"
2022/8/2, , 15, , , 3,Yucatán,"sds01,-mérida, yucatán-air-quality.csv"
2022/8/3, , 14, , , 8,Yucatán,"sds01,-mérida, yucatán-air-quality.csv"
2022/8/4, , 17, , , 4,Yucatán,"sds01,-mérida, yucatán-air-quality.csv"
2022/8/5, , 19, , , 2,Yucatán,"sds01,-mérida, yucatán-air-quality.csv"
2022/8/6, , 17, , , 1,Yucatán,"sds01,-mérida, yucatán-air-quality.csv"
2022/8/7, , 17, , , ,Yucatán,"sds01,-mérida, yucatán-air-quality.csv"
2022/8/9, , 15, , , 2,Yucatán,"sds01,-mérida, yucatán-air-quality.csv"
2022/8/10, , 18, , , 4,Yucatán,"sds01,-mérida, yucatán-air-quality.csv"
2022/8/11, , 20, , , 4,Yucatán,"sds01,-mérida, yucatán-air-quality.csv"
2022/8/12, , 18, , , ,Yucatán,"sds01,-mérida, yucatán-air-quality.csv"
2022/8/16, , 13, , , 5,Yucatán,"sds01,-mérida, yucatán-air-quality.csv"
2022/8/17, , 13, , , 5,Yucatán,"sds01,-mérida, yucatán-air-quality.csv"
2022/8/18, , 17, , , 8,Yucatán,"sds01,-mérida, yucatán-air-quality.csv"
2022/8/19, , 14, , , 10,Yucatán,"sds01,-mérida, yucatán-air-quality.csv"
2022/8/20, , 12, , , 9,Yucatán,"sds01,-mérida, yucatán-air-quality.csv"
2022/8/21, , 7, , , ,Yucatán,"sds01,-mérida, yucatán-air-quality.csv"
2022/8/23, , 17, , , 13,Yucatán,"sds01,-mérida, yucatán-air-quality.csv"
2022/8/24, , 20, , , 18,Yucatán,"sds01,-mérida, yucatán-air-quality.csv"
2022/8/25, , 20, , , 10,Yucatán,"sds01,-mérida, yucatán-air-quality.csv"
2022/8/26, , 17, , , 15,Yucatán,"sds01,-mérida, yucatán-air-quality.csv"
2022/8/27, , 10, , , ,Yucatán,"sds01,-mérida, yucatán-air-quality.csv"
2022/9/8, , 18, , , 9,Yucatán,"sds01,-mérida, yucatán-air-quality.csv"
2022/9/9, , 13, , , 12,Yucatán,"sds01,-mérida, yucatán-air-quality.csv"
2022/9/10, , 6, , , ,Yucatán,"sds01,-mérida, yucatán-air-quality.csv"
2022/9/20, , 17, , , ,Yucatán,"sds01,-mérida, yucatán-air-quality.csv"
2022/9/24, , 17, , , ,Yucatán,"sds01,-mérida, yucatán-air-quality.csv"
2022/9/28, , 26, , , ,Yucatán,"sds01,-mérida, yucatán-air-quality.csv"
2022/9/29, , 38, , , ,Yucatán,"sds01,-mérida, yucatán-air-quality.csv"
2022/9/30, , 38, , , ,Yucatán,"sds01,-mérida, yucatán-air-quality.csv"
2022/10/1, , 38, , , ,Yucatán,"sds01,-mérida, yucatán-air-quality.csv"
2021/10/23, , 9, , , 4,Yucatán,"sds01,-mérida, yucatán-air-quality.csv"
2021/10/24, , 5, , , 3,Yucatán,"sds01,-mérida, yucatán-air-quality.csv"
2021/10/25, , 5, , , 3,Yucatán,"sds01,-mérida, yucatán-air-quality.csv"
2021/10/26, , 5, , , 3,Yucatán,"sds01,-mérida, yucatán-air-quality.csv"
2021/10/27, , 4, , , 8,Yucatán,"sds01,-mérida, yucatán-air-quality.csv"
2021/11/16, , 18, , , 55,Yucatán,"sds01,-mérida, yucatán-air-quality.csv"
2021/11/17, , 10, , , 73,Yucatán,"sds01,-mérida, yucatán-air-quality.csv"
2021/11/18, , 11, , , ,Yucatán,"sds01,-mérida, yucatán-air-quality.csv"
2021/11/19, , 11, , , ,Yucatán,"sds01,-mérida, yucatán-air-quality.csv"
2021/11/20, , 11, , , ,Yucatán,"sds01,-mérida, yucatán-air-quality.csv"
2021/11/21, , 12, , , ,Yucatán,"sds01,-mérida, yucatán-air-quality.csv"
2021/11/22, , 14, , , ,Yucatán,"sds01,-mérida, yucatán-air-quality.csv"
2021/11/23, , 16, , , ,Yucatán,"sds01,-mérida, yucatán-air-quality.csv"
2021/11/24, , 16, , , ,Yucatán,"sds01,-mérida, yucatán-air-quality.csv"
2021/11/25, , 15, , , ,Yucatán,"sds01,-mérida, yucatán-air-quality.csv"
2021/11/26, , 15, , , ,Yucatán,"sds01,-mérida, yucatán-air-quality.csv"
2021/11/27, , 17, , , ,Yucatán,"sds01,-mérida, yucatán-air-quality.csv"
2021/11/28, , 15, , , ,Yucatán,"sds01,-mérida, yucatán-air-quality.csv"
2021/11/29, , 14, , , ,Yucatán,"sds01,-mérida, yucatán-air-quality.csv"
2021/11/30, , 13, , , ,Yucatán,"sds01,-mérida, yucatán-air-quality.csv"
2021/12/1, , 16, , , ,Yucatán,"sds01,-mérida, yucatán-air-quality.csv"
2021/12/2, , 13, , , ,Yucatán,"sds01,-mérida, yucatán-air-quality.csv"
2021/12/4, , 15, , , ,Yucatán,"sds01,-mérida, yucatán-air-quality.csv"
2021/12/5, , 16, , , ,Yucatán,"sds01,-mérida, yucatán-air-quality.csv"
2021/12/6, , 9, , , ,Yucatán,"sds01,-mérida, yucatán-air-quality.csv"
2021/12/7, , 7, , , ,Yucatán,"sds01,-mérida, yucatán-air-quality.csv"
2021/12/8, , 8, , , ,Yucatán,"sds01,-mérida, yucatán-air-quality.csv"
2021/12/9, , 8, , , ,Yucatán,"sds01,-mérida, yucatán-air-quality.csv"
2021/12/10, , 8, , , ,Yucatán,"sds01,-mérida, yucatán-air-quality.csv"
2021/7/18, , 4, , , 1,Yucatán,"sds01,-mérida, yucatán-air-quality.csv"
2021/8/20, , 9, , , 8,Yucatán,"sds01,-mérida, yucatán-air-quality.csv"
2021/5/12, , 11, , , 9,Yucatán,"sds01,-mérida, yucatán-air-quality.csv"
2021/5/25, , 12, , , 13,Yucatán,"sds01,-mérida, yucatán-air-quality.csv"
2021/6/7, , 5, , , 3,Yucatán,"sds01,-mérida, yucatán-air-quality.csv"
2020/10/8, , 91, , , 36,Yucatán,"sds01,-mérida, yucatán-air-quality.csv"
2020/10/20, , 10, , 1, 6,Yucatán,"sds01,-mérida, yucatán-air-quality.csv"
2020/10/29, , 10, , , 4,Yucatán,"sds01,-mérida, yucatán-air-quality.csv"
2020/11/2, , 18, , 1, 6,Yucatán,"sds01,-mérida, yucatán-air-quality.csv"
2020/11/9, , 18, , 1, 6,Yucatán,"sds01,-mérida, yucatán-air-quality.csv"
2020/11/17, , 13, , 2, 7,Yucatán,"sds01,-mérida, yucatán-air-quality.csv"
2020/8/24, , 15, , , 29,Yucatán,"sds01,-mérida, yucatán-air-quality.csv"
2020/8/25, , 6, , , 30,Yucatán,"sds01,-mérida, yucatán-air-quality.csv"
2020/8/26, , 6, , , 30,Yucatán,"sds01,-mérida, yucatán-air-quality.csv"
2020/8/27, , 9, , , 27,Yucatán,"sds01,-mérida, yucatán-air-quality.csv"
2020/8/28, , 7, , , 29,Yucatán,"sds01,-mérida, yucatán-air-quality.csv"
2020/8/29, , 5, , , 30,Yucatán,"sds01,-mérida, yucatán-air-quality.csv"
2020/8/30, , 7, , , 30,Yucatán,"sds01,-mérida, yucatán-air-quality.csv"
2020/8/31, , 5, , , 31,Yucatán,"sds01,-mérida, yucatán-air-quality.csv"
2020/9/1, , 8, , , 30,Yucatán,"sds01,-mérida, yucatán-air-quality.csv"
2020/5/25, , 3, , , 19,Yucatán,"sds01,-mérida, yucatán-air-quality.csv"
2020/6/8, , 7, , , 22,Yucatán,"sds01,-mérida, yucatán-air-quality.csv"
2020/1/1, , 7, , , ,Yucatán,"sds01,-mérida, yucatán-air-quality.csv"
2020/1/12, , 7, , , ,Yucatán,"sds01,-mérida, yucatán-air-quality.csv"
2020/1/19, , 11, , , ,Yucatán,"sds01,-mérida, yucatán-air-quality.csv"
2019/10/2, , 7, , , ,Yucatán,"sds01,-mérida, yucatán-air-quality.csv"
2019/7/3, , 4, , , ,Yucatán,"sds01,-mérida, yucatán-air-quality.csv"
2019/7/21, , 10, , , ,Yucatán,"sds01,-mérida, yucatán-air-quality.csv"
2019/8/5, , 8, , , ,Yucatán,"sds01,-mérida, yucatán-air-quality.csv"
2019/8/23, , 6, , , ,Yucatán,"sds01,-mérida, yucatán-air-quality.csv"
2019/9/27, , , , , ,Yucatán,"sds01,-mérida, yucatán-air-quality.csv"
2019/9/30, , 10, , 57, ,Yucatán,"sds01,-mérida, yucatán-air-quality.csv"
2019/10/1, , 7, , , ,Yucatán,"sds01,-mérida, yucatán-air-quality.csv"
2024/1/1, , , 3, , ,Yucatán,"sds01,-mérida, yucatán-air-quality.csv"
2024/1/30, , , 8, , ,Yucatán,"sds01,-mérida, yucatán-air-quality.csv"
2024/3/30, , , 4, , ,Yucatán,"sds01,-mérida, yucatán-air-quality.csv"
2023/10/15, , , 2, , 8,Yucatán,"sds01,-mérida, yucatán-air-quality.csv"
2023/10/31, , , 4, , 10,Yucatán,"sds01,-mérida, yucatán-air-quality.csv"
2023/11/5, , , 3, , 11,Yucatán,"sds01,-mérida, yucatán-air-quality.csv"
2023/11/23, , , 6, , 14,Yucatán,"sds01,-mérida, yucatán-air-quality.csv"
2023/12/3, , , 4, , 16,Yucatán,"sds01,-mérida, yucatán-air-quality.csv"
2023/12/13, , , 8, , 20,Yucatán,"sds01,-mérida, yucatán-air-quality.csv"
2023/12/18, , , 13, , ,Yucatán,"sds01,-mérida, yucatán-air-quality.csv"
2023/12/26, , , 6, , ,Yucatán,"sds01,-mérida, yucatán-air-quality.csv"
2023/9/6, , , 3, , 2,Yucatán,"sds01,-mérida, yucatán-air-quality.csv"
2023/9/18, , , 5, , 2,Yucatán,"sds01,-mérida, yucatán-air-quality.csv"
2023/9/24, , , 3, , 3,Yucatán,"sds01,-mérida, yucatán-air-quality.csv"
2023/5/17, , , 4, , ,Yucatán,"sds01,-mérida, yucatán-air-quality.csv"
2023/5/22, , , 2, 1, ,Yucatán,"sds01,-mérida, yucatán-air-quality.csv"
2023/5/28, , , 1, 1, ,Yucatán,"sds01,-mérida, yucatán-air-quality.csv"
2023/6/4, , , 1, 1, ,Yucatán,"sds01,-mérida, yucatán-air-quality.csv"
2023/6/19, , , 4, 1, ,Yucatán,"sds01,-mérida, yucatán-air-quality.csv"
2023/2/11, , , 2, 1, ,Yucatán,"sds01,-mérida, yucatán-air-quality.csv"
2023/2/14, , , 8, 1, ,Yucatán,"sds01,-mérida, yucatán-air-quality.csv"
2023/3/12, , , 3, 1, ,Yucatán,"sds01,-mérida, yucatán-air-quality.csv"
2023/3/20, , , 3, , ,Yucatán,"sds01,-mérida, yucatán-air-quality.csv"
2023/1/19, , , , 16, ,Yucatán,"sds01,-mérida, yucatán-air-quality.csv"
2023/1/24, , , , , ,Yucatán,"sds01,-mérida, yucatán-air-quality.csv"
2022/7/2, , , , , ,Yucatán,"sds01,-mérida, yucatán-air-quality.csv"
2022/7/3, , , , , ,Yucatán,"sds01,-mérida, yucatán-air-quality.csv"
2022/7/4, , , , , ,Yucatán,"sds01,-mérida, yucatán-air-quality.csv"
2022/7/5, , , , , ,Yucatán,"sds01,-mérida, yucatán-air-quality.csv"
2022/8/15, , , , , 5,Yucatán,"sds01,-mérida, yucatán-air-quality.csv"
2022/4/2, , , , , ,Yucatán,"sds01,-mérida, yucatán-air-quality.csv"
2022/4/3, , , , , ,Yucatán,"sds01,-mérida, yucatán-air-quality.csv"
2022/4/4, , , , , ,Yucatán,"sds01,-mérida, yucatán-air-quality.csv"
2022/4/5, , , , , ,Yucatán,"sds01,-mérida, yucatán-air-quality.csv"
2022/4/6, , , , , ,Yucatán,"sds01,-mérida, yucatán-air-quality.csv"
2022/4/7, , , , , ,Yucatán,"sds01,-mérida, yucatán-air-quality.csv"
2022/4/8, , , , , ,Yucatán,"sds01,-mérida, yucatán-air-quality.csv"
2022/4/9, , , , , ,Yucatán,"sds01,-mérida, yucatán-air-quality.csv"
2022/4/10, , , , , ,Yucatán,"sds01,-mérida, yucatán-air-quality.csv"
2022/4/12, , , , , ,Yucatán,"sds01,-mérida, yucatán-air-quality.csv"
2022/4/13, , , , , ,Yucatán,"sds01,-mérida, yucatán-air-quality.csv"
2022/4/14, , , , , ,Yucatán,"sds01,-mérida, yucatán-air-quality.csv"
2022/4/15, , , , , ,Yucatán,"sds01,-mérida, yucatán-air-quality.csv"
2022/4/16, , , , , ,Yucatán,"sds01,-mérida, yucatán-air-quality.csv"
2022/4/19, , , , , ,Yucatán,"sds01,-mérida, yucatán-air-quality.csv"
2022/4/20, , , , , ,Yucatán,"sds01,-mérida, yucatán-air-quality.csv"
2022/4/21, , , , , ,Yucatán,"sds01,-mérida, yucatán-air-quality.csv"
2022/4/22, , , , , ,Yucatán,"sds01,-mérida, yucatán-air-quality.csv"
2022/4/23, , , , , ,Yucatán,"sds01,-mérida, yucatán-air-quality.csv"
2022/4/24, , , , , ,Yucatán,"sds01,-mérida, yucatán-air-quality.csv"
2022/4/25, , , , , ,Yucatán,"sds01,-mérida, yucatán-air-quality.csv"
2022/4/26, , , , , ,Yucatán,"sds01,-mérida, yucatán-air-quality.csv"
2022/4/27, , , , , ,Yucatán,"sds01,-mérida, yucatán-air-quality.csv"
2022/4/28, , , , , ,Yucatán,"sds01,-mérida, yucatán-air-quality.csv"
2022/5/2, , , , , ,Yucatán,"sds01,-mérida, yucatán-air-quality.csv"
2022/5/3, , , , , ,Yucatán,"sds01,-mérida, yucatán-air-quality.csv"
2022/5/4, , , , , ,Yucatán,"sds01,-mérida, yucatán-air-quality.csv"
2022/5/5, , , , , ,Yucatán,"sds01,-mérida, yucatán-air-quality.csv"
2022/5/6, , , , , ,Yucatán,"sds01,-mérida, yucatán-air-quality.csv"
2022/5/7, , , , , ,Yucatán,"sds01,-mérida, yucatán-air-quality.csv"
2022/5/8, , , , , ,Yucatán,"sds01,-mérida, yucatán-air-quality.csv"
2022/5/9, , , , , ,Yucatán,"sds01,-mérida, yucatán-air-quality.csv"
2022/5/10, , , , , ,Yucatán,"sds01,-mérida, yucatán-air-quality.csv"
2022/5/12, , , , , ,Yucatán,"sds01,-mérida, yucatán-air-quality.csv"
2022/5/13, , , , , ,Yucatán,"sds01,-mérida, yucatán-air-quality.csv"
2022/5/14, , , , , ,Yucatán,"sds01,-mérida, yucatán-air-quality.csv"
2022/5/15, , , , , ,Yucatán,"sds01,-mérida, yucatán-air-quality.csv"
2022/5/16, , , , , ,Yucatán,"sds01,-mérida, yucatán-air-quality.csv"
2022/5/17, , , , , ,Yucatán,"sds01,-mérida, yucatán-air-quality.csv"
2022/5/18, , , , , ,Yucatán,"sds01,-mérida, yucatán-air-quality.csv"
2022/5/19, , , , , ,Yucatán,"sds01,-mérida, yucatán-air-quality.csv"
2022/5/20, , , , , ,Yucatán,"sds01,-mérida, yucatán-air-quality.csv"
2022/5/21, , , , , ,Yucatán,"sds01,-mérida, yucatán-air-quality.csv"
2022/5/22, , , , , ,Yucatán,"sds01,-mérida, yucatán-air-quality.csv"
2022/5/24, , , , , ,Yucatán,"sds01,-mérida, yucatán-air-quality.csv"
2022/5/25, , , , , ,Yucatán,"sds01,-mérida, yucatán-air-quality.csv"
2022/5/26, , , , , ,Yucatán,"sds01,-mérida, yucatán-air-quality.csv"
2022/5/27, , , , , ,Yucatán,"sds01,-mérida, yucatán-air-quality.csv"
2022/5/28, , , , , ,Yucatán,"sds01,-mérida, yucatán-air-quality.csv"
2022/5/30, , , , , ,Yucatán,"sds01,-mérida, yucatán-air-quality.csv"
2022/5/31, , , , , ,Yucatán,"sds01,-mérida, yucatán-air-quality.csv"
2022/6/1, , , , , ,Yucatán,"sds01,-mérida, yucatán-air-quality.csv"
2022/6/2, , , , , ,Yucatán,"sds01,-mérida, yucatán-air-quality.csv"
2022/6/3, , , , , ,Yucatán,"sds01,-mérida, yucatán-air-quality.csv"
2022/6/4, , , , , ,Yucatán,"sds01,-mérida, yucatán-air-quality.csv"
2022/6/5, , , , , ,Yucatán,"sds01,-mérida, yucatán-air-quality.csv"
2022/6/10, , , , , ,Yucatán,"sds01,-mérida, yucatán-air-quality.csv"
2022/6/11, , , , , ,Yucatán,"sds01,-mérida, yucatán-air-quality.csv"
2022/6/12, , , , , ,Yucatán,"sds01,-mérida, yucatán-air-quality.csv"
2022/6/13, , , , , ,Yucatán,"sds01,-mérida, yucatán-air-quality.csv"
2022/6/14, , , , , ,Yucatán,"sds01,-mérida, yucatán-air-quality.csv"
2022/6/15, , , , , ,Yucatán,"sds01,-mérida, yucatán-air-quality.csv"
2022/6/16, , , , , ,Yucatán,"sds01,-mérida, yucatán-air-quality.csv"
2022/6/17, , , , , ,Yucatán,"sds01,-mérida, yucatán-air-quality.csv"
2022/6/18, , , , , ,Yucatán,"sds01,-mérida, yucatán-air-quality.csv"
2022/6/19, , , , , ,Yucatán,"sds01,-mérida, yucatán-air-quality.csv"
2022/6/20, , , , , ,Yucatán,"sds01,-mérida, yucatán-air-quality.csv"
2022/6/21, , , , , ,Yucatán,"sds01,-mérida, yucatán-air-quality.csv"
2022/6/22, , , , , ,Yucatán,"sds01,-mérida, yucatán-air-quality.csv"
2022/6/23, , , , , ,Yucatán,"sds01,-mérida, yucatán-air-quality.csv"
2022/6/24, , , , , ,Yucatán,"sds01,-mérida, yucatán-air-quality.csv"
2022/6/25, , , , , ,Yucatán,"sds01,-mérida, yucatán-air-quality.csv"
2022/6/26, , , , , ,Yucatán,"sds01,-mérida, yucatán-air-quality.csv"
2022/6/27, , , , , ,Yucatán,"sds01,-mérida, yucatán-air-quality.csv"
2022/6/28, , , , , ,Yucatán,"sds01,-mérida, yucatán-air-quality.csv"
2022/6/29, , , , , ,Yucatán,"sds01,-mérida, yucatán-air-quality.csv"
2022/6/30, , , , , ,Yucatán,"sds01,-mérida, yucatán-air-quality.csv"
2022/7/1, , , , , ,Yucatán,"sds01,-mérida, yucatán-air-quality.csv"
2022/1/14, , , , , ,Yucatán,"sds01,-mérida, yucatán-air-quality.csv"
2022/1/15, , , , , ,Yucatán,"sds01,-mérida, yucatán-air-quality.csv"
2022/1/18, , , , , ,Yucatán,"sds01,-mérida, yucatán-air-quality.csv"
2022/1/19, , , , , ,Yucatán,"sds01,-mérida, yucatán-air-quality.csv"
2022/1/20, , , , , ,Yucatán,"sds01,-mérida, yucatán-air-quality.csv"
2022/1/21, , , , , ,Yucatán,"sds01,-mérida, yucatán-air-quality.csv"
2022/1/30, , , , , ,Yucatán,"sds01,-mérida, yucatán-air-quality.csv"
2022/1/31, , , , , ,Yucatán,"sds01,-mérida, yucatán-air-quality.csv"
2022/2/1, , , , , ,Yucatán,"sds01,-mérida, yucatán-air-quality.csv"
2022/2/2, , , , , ,Yucatán,"sds01,-mérida, yucatán-air-quality.csv"
2022/2/3, , , , , ,Yucatán,"sds01,-mérida, yucatán-air-quality.csv"
2022/2/10, , , , , ,Yucatán,"sds01,-mérida, yucatán-air-quality.csv"
2022/2/12, , , , , ,Yucatán,"sds01,-mérida, yucatán-air-quality.csv"
2022/2/15, , , , , ,Yucatán,"sds01,-mérida, yucatán-air-quality.csv"
2022/2/16, , , , , ,Yucatán,"sds01,-mérida, yucatán-air-quality.csv"
2022/2/22, , , , , ,Yucatán,"sds01,-mérida, yucatán-air-quality.csv"
2022/2/23, , , , , ,Yucatán,"sds01,-mérida, yucatán-air-quality.csv"
2022/2/27, , , , , ,Yucatán,"sds01,-mérida, yucatán-air-quality.csv"
2022/3/1, , , , , ,Yucatán,"sds01,-mérida, yucatán-air-quality.csv"
2022/3/2, , , , , ,Yucatán,"sds01,-mérida, yucatán-air-quality.csv"
2022/3/3, , , , , ,Yucatán,"sds01,-mérida, yucatán-air-quality.csv"
2022/3/4, , , , , ,Yucatán,"sds01,-mérida, yucatán-air-quality.csv"
2022/3/5, , , , , ,Yucatán,"sds01,-mérida, yucatán-air-quality.csv"
2022/3/11, , , , , ,Yucatán,"sds01,-mérida, yucatán-air-quality.csv"
2022/3/12, , , , , ,Yucatán,"sds01,-mérida, yucatán-air-quality.csv"
2022/3/13, , , , , ,Yucatán,"sds01,-mérida, yucatán-air-quality.csv"
2022/3/16, , , , , ,Yucatán,"sds01,-mérida, yucatán-air-quality.csv"
2022/3/17, , , , , ,Yucatán,"sds01,-mérida, yucatán-air-quality.csv"
2022/3/18, , , , , ,Yucatán,"sds01,-mérida, yucatán-air-quality.csv"
2022/3/19, , , , , ,Yucatán,"sds01,-mérida, yucatán-air-quality.csv"
2022/3/23, , , , , ,Yucatán,"sds01,-mérida, yucatán-air-quality.csv"
2022/3/24, , , , , ,Yucatán,"sds01,-mérida, yucatán-air-quality.csv"
2022/3/25, , , , , ,Yucatán,"sds01,-mérida, yucatán-air-quality.csv"
2022/3/26, , , , , ,Yucatán,"sds01,-mérida, yucatán-air-quality.csv"
2022/3/27, , , , , ,Yucatán,"sds01,-mérida, yucatán-air-quality.csv"
2022/3/31, , , , , ,Yucatán,"sds01,-mérida, yucatán-air-quality.csv"
2021/12/13, , , , , ,Yucatán,"sds01,-mérida, yucatán-air-quality.csv"
2021/12/14, , , , , ,Yucatán,"sds01,-mérida, yucatán-air-quality.csv"
2021/12/15, , , , , ,Yucatán,"sds01,-mérida, yucatán-air-quality.csv"
2021/12/17, , , , , ,Yucatán,"sds01,-mérida, yucatán-air-quality.csv"
2021/12/22, , , , , ,Yucatán,"sds01,-mérida, yucatán-air-quality.csv"
2021/12/23, , , , , ,Yucatán,"sds01,-mérida, yucatán-air-quality.csv"
2021/12/24, , , , , ,Yucatán,"sds01,-mérida, yucatán-air-quality.csv"
2021/12/29, , , , , ,Yucatán,"sds01,-mérida, yucatán-air-quality.csv"
2021/12/30, , , , , ,Yucatán,"sds01,-mérida, yucatán-air-quality.csv"
2021/12/31, , , , 18, ,Yucatán,"sds01,-mérida, yucatán-air-quality.csv"
2020/10/28, , , , , 9,Yucatán,"sds01,-mérida, yucatán-air-quality.csv"
2020/11/6, , , , 2, 6,Yucatán,"sds01,-mérida, yucatán-air-quality.csv"
2020/12/13, , , , , 9,Yucatán,"sds01,-mérida, yucatán-air-quality.csv"
2021/1/2, , , , , 10,Yucatán,"sds01,-mérida, yucatán-air-quality.csv"
2020/3/22, , , , , ,Yucatán,"sds01,-mérida, yucatán-air-quality.csv"
2025/4/19, , , , , 26,Yucatán,"sds01,-mérida, yucatán-air-quality.csv"
2022/7/15, , , , , 2,Yucatán,"sds01,-mérida, yucatán-air-quality.csv"
2022/8/8, , , , , 3,Yucatán,"sds01,-mérida, yucatán-air-quality.csv"
2022/8/14, , , , , 1,Yucatán,"sds01,-mérida, yucatán-air-quality.csv"
2022/8/22, , , , , 13,Yucatán,"sds01,-mérida, yucatán-air-quality.csv"
2022/9/7, , , , , 9,Yucatán,"sds01,-mérida, yucatán-air-quality.csv"
2022/9/13, , , , , 223,Yucatán,"sds01,-mérida, yucatán-air-quality.csv"
2022/9/19, , , , , 359,Yucatán,"sds01,-mérida, yucatán-air-quality.csv"
2022/9/21, , , , , 379,Yucatán,"sds01,-mérida, yucatán-air-quality.csv"
2022/9/22, , , , , 332,Yucatán,"sds01,-mérida, yucatán-air-quality.csv"
2022/9/23, , , , , 308,Yucatán,"sds01,-mérida, yucatán-air-quality.csv"
2022/9/27, , , , , 256,Yucatán,"sds01,-mérida, yucatán-air-quality.csv"
2022/1/6, , , , , 34,Yucatán,"sds01,-mérida, yucatán-air-quality.csv"
2022/1/7, , , , , 59,Yucatán,"sds01,-mérida, yucatán-air-quality.csv"
2022/1/8, , , , , 118,Yucatán,"sds01,-mérida, yucatán-air-quality.csv"
2020/11/12, , , , , 8,Yucatán,"sds01,-mérida, yucatán-air-quality.csv"
2020/11/15, , , , , 7,Yucatán,"sds01,-mérida, yucatán-air-quality.csv"
2020/11/16, , , , , 7,Yucatán,"sds01,-mérida, yucatán-air-quality.csv"
2025/8/7, 29, 33, , , 5,Morelos,"tecnológico-de zacatepec, zacatepec, morelos-air-quality.csv"
2025/8/8, 24, 32, , 1, 5,Morelos,"tecnológico-de zacatepec, zacatepec, morelos-air-quality.csv"
2025/8/9, 33, 35, , 1, 5,Morelos,"tecnológico-de zacatepec, zacatepec, morelos-air-quality.csv"
2025/8/10, 47, 41, , 1, 5,Morelos,"tecnológico-de zacatepec, zacatepec, morelos-air-quality.csv"
2025/8/11, 23, 34, , 1, 5,Morelos,"tecnológico-de zacatepec, zacatepec, morelos-air-quality.csv"
2025/8/12, 30, 40, , 1, 5,Morelos,"tecnológico-de zacatepec, zacatepec, morelos-air-quality.csv"
2025/8/13, 31, 33, , 1, 5,Morelos,"tecnológico-de zacatepec, zacatepec, morelos-air-quality.csv"
2025/8/14, 25, 33, , 1, 5,Morelos,"tecnológico-de zacatepec, zacatepec, morelos-air-quality.csv"
2025/8/15, 15, 31, , 1, 5,Morelos,"tecnológico-de zacatepec, zacatepec, morelos-air-quality.csv"
2025/8/16, 18, 35, , 1, 5,Morelos,"tecnológico-de zacatepec, zacatepec, morelos-air-quality.csv"
2025/8/17, 31, 32, , 1, 5,Morelos,"tecnológico-de zacatepec, zacatepec, morelos-air-quality.csv"
2025/8/18, 44, 45, , 1, 5,Morelos,"tecnológico-de zacatepec, zacatepec, morelos-air-quality.csv"
2025/8/19, 34, 44, , 1, 5,Morelos,"tecnológico-de zacatepec, zacatepec, morelos-air-quality.csv"
2025/8/20, 39, 49, , 1, 5,Morelos,"tecnológico-de zacatepec, zacatepec, morelos-air-quality.csv"
2025/8/21, 37, 37, , 1, 5,Morelos,"tecnológico-de zacatepec, zacatepec, morelos-air-quality.csv"
2025/8/22, 36, 38, , 1, 5,Morelos,"tecnológico-de zacatepec, zacatepec, morelos-air-quality.csv"
2025/8/23, 18, 34, , 1, 5,Morelos,"tecnológico-de zacatepec, zacatepec, morelos-air-quality.csv"
2025/8/24, 19, 27, , 1, 5,Morelos,"tecnológico-de zacatepec, zacatepec, morelos-air-quality.csv"
2025/8/25, 23, 31, , 1, 5,Morelos,"tecnológico-de zacatepec, zacatepec, morelos-air-quality.csv"
2025/8/26, 28, 29, , 1, 5,Morelos,"tecnológico-de zacatepec, zacatepec, morelos-air-quality.csv"
2025/8/27, 43, 37, , 1, 6,Morelos,"tecnológico-de zacatepec, zacatepec, morelos-air-quality.csv"
2025/8/28, 25, 34, , 1, 6,Morelos,"tecnológico-de zacatepec, zacatepec, morelos-air-quality.csv"
2025/8/29, 40, 1, , 1, 7,Morelos,"tecnológico-de zacatepec, zacatepec, morelos-air-quality.csv"
2025/7/4, 12, 39, , 2, 3,Morelos,"tecnológico-de zacatepec, zacatepec, morelos-air-quality.csv"
2025/7/5, 27, 44, , 3, 3,Morelos,"tecnológico-de zacatepec, zacatepec, morelos-air-quality.csv"
2025/7/6, 47, 14, , 3, 4,Morelos,"tecnológico-de zacatepec, zacatepec, morelos-air-quality.csv"
2025/7/7, 59, 31, , 3, 5,Morelos,"tecnológico-de zacatepec, zacatepec, morelos-air-quality.csv"
2025/7/8, 19, 39, , 2, 3,Morelos,"tecnológico-de zacatepec, zacatepec, morelos-air-quality.csv"
2025/7/9, 15, 46, , 2, 4,Morelos,"tecnológico-de zacatepec, zacatepec, morelos-air-quality.csv"
2025/7/11, 28, 41, , 2, 4,Morelos,"tecnológico-de zacatepec, zacatepec, morelos-air-quality.csv"
2025/7/12, 31, 37, , 2, 4,Morelos,"tecnológico-de zacatepec, zacatepec, morelos-air-quality.csv"
2025/7/13, 18, 44, , 2, 4,Morelos,"tecnológico-de zacatepec, zacatepec, morelos-air-quality.csv"
2025/7/14, 15, 35, , 2, 4,Morelos,"tecnológico-de zacatepec, zacatepec, morelos-air-quality.csv"
2025/7/15, 23, 33, , 2, 4,Morelos,"tecnológico-de zacatepec, zacatepec, morelos-air-quality.csv"
2025/7/16, 12, 43, , 2, 3,Morelos,"tecnológico-de zacatepec, zacatepec, morelos-air-quality.csv"
2025/7/17, 16, 44, , 3, 4,Morelos,"tecnológico-de zacatepec, zacatepec, morelos-air-quality.csv"
2025/7/18, 28, 38, , 3, 5,Morelos,"tecnológico-de zacatepec, zacatepec, morelos-air-quality.csv"
2025/7/19, 36, 46, , 3, 5,Morelos,"tecnológico-de zacatepec, zacatepec, morelos-air-quality.csv"
2025/7/20, 28, 45, , 3, 4,Morelos,"tecnológico-de zacatepec, zacatepec, morelos-air-quality.csv"
2025/7/21, 14, 43, , 3, 4,Morelos,"tecnológico-de zacatepec, zacatepec, morelos-air-quality.csv"
2025/7/22, 42, 46, , 3, 5,Morelos,"tecnológico-de zacatepec, zacatepec, morelos-air-quality.csv"
2025/7/23, 48, 59, , 3, 5,Morelos,"tecnológico-de zacatepec, zacatepec, morelos-air-quality.csv"
2025/7/24, 37, 62, , 3, 5,Morelos,"tecnológico-de zacatepec, zacatepec, morelos-air-quality.csv"
2025/7/25, 5, 50, , 3, 4,Morelos,"tecnológico-de zacatepec, zacatepec, morelos-air-quality.csv"
2025/7/26, 5, 39, , 3, 4,Morelos,"tecnológico-de zacatepec, zacatepec, morelos-air-quality.csv"
2025/7/27, 30, 40, , 3, 4,Morelos,"tecnológico-de zacatepec, zacatepec, morelos-air-quality.csv"
2025/7/28, 23, 42, , 3, 4,Morelos,"tecnológico-de zacatepec, zacatepec, morelos-air-quality.csv"
2025/7/29, 13, 43, , 3, 4,Morelos,"tecnológico-de zacatepec, zacatepec, morelos-air-quality.csv"
2025/4/4, 60, 21, , 1, 6,Morelos,"tecnológico-de zacatepec, zacatepec, morelos-air-quality.csv"
2025/4/5, 53, 20, , 2, 6,Morelos,"tecnológico-de zacatepec, zacatepec, morelos-air-quality.csv"
2025/4/6, 56, 21, , 1, 5,Morelos,"tecnológico-de zacatepec, zacatepec, morelos-air-quality.csv"
2025/4/7, 47, 15, , 2, 6,Morelos,"tecnológico-de zacatepec, zacatepec, morelos-air-quality.csv"
2025/4/8, 48, 16, , 1, 5,Morelos,"tecnológico-de zacatepec, zacatepec, morelos-air-quality.csv"
2025/4/9, 45, 26, , 1, 5,Morelos,"tecnológico-de zacatepec, zacatepec, morelos-air-quality.csv"
2025/4/10, 61, 35, , 2, 7,Morelos,"tecnológico-de zacatepec, zacatepec, morelos-air-quality.csv"
2025/4/11, 64, 30, , 2, 7,Morelos,"tecnológico-de zacatepec, zacatepec, morelos-air-quality.csv"
2025/4/12, 78, 34, , 2, 8,Morelos,"tecnológico-de zacatepec, zacatepec, morelos-air-quality.csv"
2025/4/13, 96, 34, , 2, 9,Morelos,"tecnológico-de zacatepec, zacatepec, morelos-air-quality.csv"
2025/4/14, 103, 32, , 2, 9,Morelos,"tecnológico-de zacatepec, zacatepec, morelos-air-quality.csv"
2025/4/15, 119, 34, , 2, 12,Morelos,"tecnológico-de zacatepec, zacatepec, morelos-air-quality.csv"
2025/4/16, 97, 34, , 1, 8,Morelos,"tecnológico-de zacatepec, zacatepec, morelos-air-quality.csv"
2025/4/17, 93, 30, , 2, 8,Morelos,"tecnológico-de zacatepec, zacatepec, morelos-air-quality.csv"
2025/4/18, 102, 30, , 2, 9,Morelos,"tecnológico-de zacatepec, zacatepec, morelos-air-quality.csv"
2025/4/19, 100, 29, , 2, 9,Morelos,"tecnológico-de zacatepec, zacatepec, morelos-air-quality.csv"
2025/4/20, 91, 8, , 2, 9,Morelos,"tecnológico-de zacatepec, zacatepec, morelos-air-quality.csv"
2025/4/21, 90, 25, , 1, 9,Morelos,"tecnológico-de zacatepec, zacatepec, morelos-air-quality.csv"
2025/4/22, 75, 28, , 1, 7,Morelos,"tecnológico-de zacatepec, zacatepec, morelos-air-quality.csv"
2025/4/23, 77, 16, , 2, 7,Morelos,"tecnológico-de zacatepec, zacatepec, morelos-air-quality.csv"
2025/4/24, 78, 24, , 2, 6,Morelos,"tecnológico-de zacatepec, zacatepec, morelos-air-quality.csv"
2025/4/25, 81, 31, , 2, 2,Morelos,"tecnológico-de zacatepec, zacatepec, morelos-air-quality.csv"
2025/4/26, 83, 33, , 1, 1,Morelos,"tecnológico-de zacatepec, zacatepec, morelos-air-quality.csv"
2025/4/27, 77, 32, , 1, 2,Morelos,"tecnológico-de zacatepec, zacatepec, morelos-air-quality.csv"
2025/4/28, 57, 30, , 1, 2,Morelos,"tecnológico-de zacatepec, zacatepec, morelos-air-quality.csv"
2025/4/29, 61, 26, , 1, 3,Morelos,"tecnológico-de zacatepec, zacatepec, morelos-air-quality.csv"
2025/4/30, 76, 30, , 1, 3,Morelos,"tecnológico-de zacatepec, zacatepec, morelos-air-quality.csv"
2025/5/1, 75, 28, , 1, 2,Morelos,"tecnológico-de zacatepec, zacatepec, morelos-air-quality.csv"
2025/5/2, 74, 29, , 2, 3,Morelos,"tecnológico-de zacatepec, zacatepec, morelos-air-quality.csv"
2025/5/3, 72, 27, , 1, 3,Morelos,"tecnológico-de zacatepec, zacatepec, morelos-air-quality.csv"
2025/5/4, 62, 24, , 1, 2,Morelos,"tecnológico-de zacatepec, zacatepec, morelos-air-quality.csv"
2025/5/5, 48, 25, , 1, 2,Morelos,"tecnológico-de zacatepec, zacatepec, morelos-air-quality.csv"
2025/5/6, 58, 24, , 1, 3,Morelos,"tecnológico-de zacatepec, zacatepec, morelos-air-quality.csv"
2025/5/7, 71, 26, , 1, 4,Morelos,"tecnológico-de zacatepec, zacatepec, morelos-air-quality.csv"
2025/5/8, 58, 25, , 1, 3,Morelos,"tecnológico-de zacatepec, zacatepec, morelos-air-quality.csv"
2025/5/9, 61, 28, , 1, 3,Morelos,"tecnológico-de zacatepec, zacatepec, morelos-air-quality.csv"
2025/5/10, 62, 31, , 1, 2,Morelos,"tecnológico-de zacatepec, zacatepec, morelos-air-quality.csv"
2025/5/11, 55, 28, , 1, 3,Morelos,"tecnológico-de zacatepec, zacatepec, morelos-air-quality.csv"
2025/5/12, 54, 33, , 1, 3,Morelos,"tecnológico-de zacatepec, zacatepec, morelos-air-quality.csv"
2025/5/13, 60, 32, , 1, 4,Morelos,"tecnológico-de zacatepec, zacatepec, morelos-air-quality.csv"
2025/5/14, 79, 35, , 1, 4,Morelos,"tecnológico-de zacatepec, zacatepec, morelos-air-quality.csv"
2025/5/15, 74, 35, , 1, 3,Morelos,"tecnológico-de zacatepec, zacatepec, morelos-air-quality.csv"
2025/5/16, 72, 30, , 1, 4,Morelos,"tecnológico-de zacatepec, zacatepec, morelos-air-quality.csv"
2025/5/17, 61, 28, , 1, 3,Morelos,"tecnológico-de zacatepec, zacatepec, morelos-air-quality.csv"
2025/5/18, 54, 27, , 1, 3,Morelos,"tecnológico-de zacatepec, zacatepec, morelos-air-quality.csv"
2025/5/19, 48, 28, , 1, 3,Morelos,"tecnológico-de zacatepec, zacatepec, morelos-air-quality.csv"
2025/5/20, 52, 33, , 1, 3,Morelos,"tecnológico-de zacatepec, zacatepec, morelos-air-quality.csv"
2025/5/21, 63, 29, , 1, 3,Morelos,"tecnológico-de zacatepec, zacatepec, morelos-air-quality.csv"
2025/5/22, 56, 34, , 1, 3,Morelos,"tecnológico-de zacatepec, zacatepec, morelos-air-quality.csv"
2025/5/23, 68, 31, , 2, 3,Morelos,"tecnológico-de zacatepec, zacatepec, morelos-air-quality.csv"
2025/5/24, 64, 27, , 1, 3,Morelos,"tecnológico-de zacatepec, zacatepec, morelos-air-quality.csv"
2025/5/25, 33, 21, , 1, 2,Morelos,"tecnológico-de zacatepec, zacatepec, morelos-air-quality.csv"
2025/5/26, 22, 20, , 1, 2,Morelos,"tecnológico-de zacatepec, zacatepec, morelos-air-quality.csv"
2025/5/27, 15, 24, , 1, 2,Morelos,"tecnológico-de zacatepec, zacatepec, morelos-air-quality.csv"
2025/5/28, 29, 18, , 1, 2,Morelos,"tecnológico-de zacatepec, zacatepec, morelos-air-quality.csv"
2025/5/29, 20, 15, , 1, 2,Morelos,"tecnológico-de zacatepec, zacatepec, morelos-air-quality.csv"
2025/5/30, 10, 27, , 1, 2,Morelos,"tecnológico-de zacatepec, zacatepec, morelos-air-quality.csv"
2025/5/31, 9, 42, , 1, 2,Morelos,"tecnológico-de zacatepec, zacatepec, morelos-air-quality.csv"
2025/6/1, 29, 37, , 3, 2,Morelos,"tecnológico-de zacatepec, zacatepec, morelos-air-quality.csv"
2025/6/2, 28, 43, , 1, 2,Morelos,"tecnológico-de zacatepec, zacatepec, morelos-air-quality.csv"
2025/6/3, 30, 45, , 1, 3,Morelos,"tecnológico-de zacatepec, zacatepec, morelos-air-quality.csv"
2025/6/4, 24, 40, , 1, 2,Morelos,"tecnológico-de zacatepec, zacatepec, morelos-air-quality.csv"
2025/6/5, 32, 45, , 1, 3,Morelos,"tecnológico-de zacatepec, zacatepec, morelos-air-quality.csv"
2025/6/6, 22, 39, , 1, 3,Morelos,"tecnológico-de zacatepec, zacatepec, morelos-air-quality.csv"
2025/6/7, 14, 38, , 1, 3,Morelos,"tecnológico-de zacatepec, zacatepec, morelos-air-quality.csv"
2025/6/9, 9, 35, , 1, 2,Morelos,"tecnológico-de zacatepec, zacatepec, morelos-air-quality.csv"
2025/6/10, 30, 41, , 1, 3,Morelos,"tecnológico-de zacatepec, zacatepec, morelos-air-quality.csv"
2025/6/11, 42, 39, , , 3,Morelos,"tecnológico-de zacatepec, zacatepec, morelos-air-quality.csv"
2025/6/12, 40, 36, , , 3,Morelos,"tecnológico-de zacatepec, zacatepec, morelos-air-quality.csv"
2025/6/13, 24, 29, , , 2,Morelos,"tecnológico-de zacatepec, zacatepec, morelos-air-quality.csv"
2025/6/18, 5, 39, , , 3,Morelos,"tecnológico-de zacatepec, zacatepec, morelos-air-quality.csv"
2025/6/19, 9, 21, , , 3,Morelos,"tecnológico-de zacatepec, zacatepec, morelos-air-quality.csv"
2025/6/20, 11, 16, , , 3,Morelos,"tecnológico-de zacatepec, zacatepec, morelos-air-quality.csv"
2025/6/21, 5, 12, , , 2,Morelos,"tecnológico-de zacatepec, zacatepec, morelos-air-quality.csv"
2025/6/22, 7, 10, , , 3,Morelos,"tecnológico-de zacatepec, zacatepec, morelos-air-quality.csv"
2025/6/25, 20, 56, , , 4,Morelos,"tecnológico-de zacatepec, zacatepec, morelos-air-quality.csv"
2025/6/26, 21, 34, , , 4,Morelos,"tecnológico-de zacatepec, zacatepec, morelos-air-quality.csv"
2025/6/27, 15, 38, , , 3,Morelos,"tecnológico-de zacatepec, zacatepec, morelos-air-quality.csv"
2025/6/28, 16, 42, , 1, 3,Morelos,"tecnológico-de zacatepec, zacatepec, morelos-air-quality.csv"
2025/6/29, 18, 20, , , 3,Morelos,"tecnológico-de zacatepec, zacatepec, morelos-air-quality.csv"
2025/6/30, 13, 14, , , 3,Morelos,"tecnológico-de zacatepec, zacatepec, morelos-air-quality.csv"
2025/3/8, 48, 53, , , ,Morelos,"tecnológico-de zacatepec, zacatepec, morelos-air-quality.csv"
2025/3/9, 66, 54, , , ,Morelos,"tecnológico-de zacatepec, zacatepec, morelos-air-quality.csv"
2025/3/10, 66, 40, , , ,Morelos,"tecnológico-de zacatepec, zacatepec, morelos-air-quality.csv"
2025/3/11, 55, 47, , , 1,Morelos,"tecnológico-de zacatepec, zacatepec, morelos-air-quality.csv"
2025/3/12, 46, 53, , , ,Morelos,"tecnológico-de zacatepec, zacatepec, morelos-air-quality.csv"
2025/3/13, 47, 65, , , ,Morelos,"tecnológico-de zacatepec, zacatepec, morelos-air-quality.csv"
2025/3/14, 54, 52, , , 3,Morelos,"tecnológico-de zacatepec, zacatepec, morelos-air-quality.csv"
2025/3/15, 58, 45, , , ,Morelos,"tecnológico-de zacatepec, zacatepec, morelos-air-quality.csv"
2025/3/16, 59, 56, , , ,Morelos,"tecnológico-de zacatepec, zacatepec, morelos-air-quality.csv"
2025/3/17, 55, 81, , , 4,Morelos,"tecnológico-de zacatepec, zacatepec, morelos-air-quality.csv"
2025/3/18, 76, 86, , , 2,Morelos,"tecnológico-de zacatepec, zacatepec, morelos-air-quality.csv"
2025/3/19, 78, 77, , 2, 1,Morelos,"tecnológico-de zacatepec, zacatepec, morelos-air-quality.csv"
2025/3/20, 84, 75, , 1, 2,Morelos,"tecnológico-de zacatepec, zacatepec, morelos-air-quality.csv"
2025/3/21, 76, 71, , 1, ,Morelos,"tecnológico-de zacatepec, zacatepec, morelos-air-quality.csv"
2025/3/22, 49, 84, , 1, ,Morelos,"tecnológico-de zacatepec, zacatepec, morelos-air-quality.csv"
2025/3/23, 61, 56, , 2, 2,Morelos,"tecnológico-de zacatepec, zacatepec, morelos-air-quality.csv"
2025/3/24, 72, , , 1, 2,Morelos,"tecnológico-de zacatepec, zacatepec, morelos-air-quality.csv"
2025/3/25, 62, , , 1, 2,Morelos,"tecnológico-de zacatepec, zacatepec, morelos-air-quality.csv"
2025/3/26, 78, , , 1, 1,Morelos,"tecnológico-de zacatepec, zacatepec, morelos-air-quality.csv"
2025/3/27, 66, , , 1, ,Morelos,"tecnológico-de zacatepec, zacatepec, morelos-air-quality.csv"
2025/3/28, 65, , , 1, ,Morelos,"tecnológico-de zacatepec, zacatepec, morelos-air-quality.csv"
2024/10/2, 18, , , 1, 2,Morelos,"tecnológico-de zacatepec, zacatepec, morelos-air-quality.csv"
2024/10/3, 20, , , 1, 3,Morelos,"tecnológico-de zacatepec, zacatepec, morelos-air-quality.csv"
2024/10/4, 26, , , 1, 3,Morelos,"tecnológico-de zacatepec, zacatepec, morelos-air-quality.csv"
2024/10/5, 37, , , 1, 3,Morelos,"tecnológico-de zacatepec, zacatepec, morelos-air-quality.csv"
2024/10/6, 35, , , 1, 4,Morelos,"tecnológico-de zacatepec, zacatepec, morelos-air-quality.csv"
2024/10/7, 7, , , 1, 2,Morelos,"tecnológico-de zacatepec, zacatepec, morelos-air-quality.csv"
2024/10/8, 11, , , 1, 3,Morelos,"tecnológico-de zacatepec, zacatepec, morelos-air-quality.csv"
2024/10/9, 25, , , , ,Morelos,"tecnológico-de zacatepec, zacatepec, morelos-air-quality.csv"
2024/7/4, 5, 36, , 3, ,Morelos,"tecnológico-de zacatepec, zacatepec, morelos-air-quality.csv"
2024/7/6, 29, 54, , 3, 1,Morelos,"tecnológico-de zacatepec, zacatepec, morelos-air-quality.csv"
2024/7/7, 25, 44, , 3, ,Morelos,"tecnológico-de zacatepec, zacatepec, morelos-air-quality.csv"
2024/7/8, 19, 42, , 3, ,Morelos,"tecnológico-de zacatepec, zacatepec, morelos-air-quality.csv"
2024/7/9, 17, 40, , 3, ,Morelos,"tecnológico-de zacatepec, zacatepec, morelos-air-quality.csv"
2024/7/10, 13, 42, , 3, ,Morelos,"tecnológico-de zacatepec, zacatepec, morelos-air-quality.csv"
2024/7/11, 21, 28, , 3, ,Morelos,"tecnológico-de zacatepec, zacatepec, morelos-air-quality.csv"
2024/7/14, 31, 31, , 3, 1,Morelos,"tecnológico-de zacatepec, zacatepec, morelos-air-quality.csv"
2024/7/15, 57, 36, , 3, ,Morelos,"tecnológico-de zacatepec, zacatepec, morelos-air-quality.csv"
2024/7/16, 22, 49, , 3, 1,Morelos,"tecnológico-de zacatepec, zacatepec, morelos-air-quality.csv"
2024/7/17, 28, 40, , 3, 1,Morelos,"tecnológico-de zacatepec, zacatepec, morelos-air-quality.csv"
2024/7/18, 15, 39, , 3, ,Morelos,"tecnológico-de zacatepec, zacatepec, morelos-air-quality.csv"
2024/7/19, 14, 43, , 3, ,Morelos,"tecnológico-de zacatepec, zacatepec, morelos-air-quality.csv"
2024/7/20, 22, 38, , 3, 1,Morelos,"tecnológico-de zacatepec, zacatepec, morelos-air-quality.csv"
2024/7/21, 23, 41, , 3, 1,Morelos,"tecnológico-de zacatepec, zacatepec, morelos-air-quality.csv"
2024/7/22, 12, 41, , 3, ,Morelos,"tecnológico-de zacatepec, zacatepec, morelos-air-quality.csv"
2024/7/23, 5, 31, , 3, 1,Morelos,"tecnológico-de zacatepec, zacatepec, morelos-air-quality.csv"
2024/7/24, 6, 30, , 3, 1,Morelos,"tecnológico-de zacatepec, zacatepec, morelos-air-quality.csv"
2024/7/25, 13, 32, , 3, 1,Morelos,"tecnológico-de zacatepec, zacatepec, morelos-air-quality.csv"
2024/7/26, 10, 37, , 3, 1,Morelos,"tecnológico-de zacatepec, zacatepec, morelos-air-quality.csv"
2024/7/27, 10, 33, , 2, 1,Morelos,"tecnológico-de zacatepec, zacatepec, morelos-air-quality.csv"
2024/7/28, 13, 37, , 1, 1,Morelos,"tecnológico-de zacatepec, zacatepec, morelos-air-quality.csv"
2024/7/29, 16, 36, , 1, 1,Morelos,"tecnológico-de zacatepec, zacatepec, morelos-air-quality.csv"
2024/7/30, 18, 43, , 1, 2,Morelos,"tecnológico-de zacatepec, zacatepec, morelos-air-quality.csv"
2024/7/31, 14, 38, , 1, 1,Morelos,"tecnológico-de zacatepec, zacatepec, morelos-air-quality.csv"
2024/8/1, 13, 41, , 1, 1,Morelos,"tecnológico-de zacatepec, zacatepec, morelos-air-quality.csv"
2024/8/2, 18, 40, , 1, 1,Morelos,"tecnológico-de zacatepec, zacatepec, morelos-air-quality.csv"
2024/8/3, 13, 41, , 1, 1,Morelos,"tecnológico-de zacatepec, zacatepec, morelos-air-quality.csv"
2024/8/4, 5, 46, , 1, 1,Morelos,"tecnológico-de zacatepec, zacatepec, morelos-air-quality.csv"
2024/8/5, 15, 42, , 1, 1,Morelos,"tecnológico-de zacatepec, zacatepec, morelos-air-quality.csv"
2024/8/6, 22, 36, , 1, 1,Morelos,"tecnológico-de zacatepec, zacatepec, morelos-air-quality.csv"
2024/8/7, 11, 34, , 1, 1,Morelos,"tecnológico-de zacatepec, zacatepec, morelos-air-quality.csv"
2024/8/8, 27, 211, , 1, 1,Morelos,"tecnológico-de zacatepec, zacatepec, morelos-air-quality.csv"
2024/8/9, 32, 232, , 1, 2,Morelos,"tecnológico-de zacatepec, zacatepec, morelos-air-quality.csv"
2024/8/10, 28, , , 1, 2,Morelos,"tecnológico-de zacatepec, zacatepec, morelos-air-quality.csv"
2024/8/11, 49, , , 1, 2,Morelos,"tecnológico-de zacatepec, zacatepec, morelos-air-quality.csv"
2024/8/12, 46, , , 1, 3,Morelos,"tecnológico-de zacatepec, zacatepec, morelos-air-quality.csv"
2024/8/13, 20, , , 1, 2,Morelos,"tecnológico-de zacatepec, zacatepec, morelos-air-quality.csv"
2024/8/14, 22, , , 1, 1,Morelos,"tecnológico-de zacatepec, zacatepec, morelos-air-quality.csv"
2024/8/15, 40, , , 1, 2,Morelos,"tecnológico-de zacatepec, zacatepec, morelos-air-quality.csv"
2024/8/16, 21, 246, , 1, 1,Morelos,"tecnológico-de zacatepec, zacatepec, morelos-air-quality.csv"
2024/8/17, 20, , , 1, 2,Morelos,"tecnológico-de zacatepec, zacatepec, morelos-air-quality.csv"
2024/8/18, 19, , , 1, 2,Morelos,"tecnológico-de zacatepec, zacatepec, morelos-air-quality.csv"
2024/8/19, 24, , , , 2,Morelos,"tecnológico-de zacatepec, zacatepec, morelos-air-quality.csv"
2024/8/20, 31, , , , 3,Morelos,"tecnológico-de zacatepec, zacatepec, morelos-air-quality.csv"
2024/8/21, 28, , , , 2,Morelos,"tecnológico-de zacatepec, zacatepec, morelos-air-quality.csv"
2024/8/22, 29, , , , 2,Morelos,"tecnológico-de zacatepec, zacatepec, morelos-air-quality.csv"
2024/8/23, 22, , , , 2,Morelos,"tecnológico-de zacatepec, zacatepec, morelos-air-quality.csv"
2024/8/24, 14, , , , 2,Morelos,"tecnológico-de zacatepec, zacatepec, morelos-air-quality.csv"
2024/8/25, 24, , , , 2,Morelos,"tecnológico-de zacatepec, zacatepec, morelos-air-quality.csv"
2024/8/26, 31, , , , 2,Morelos,"tecnológico-de zacatepec, zacatepec, morelos-air-quality.csv"
2024/8/27, 27, , , , 2,Morelos,"tecnológico-de zacatepec, zacatepec, morelos-air-quality.csv"
2024/8/28, 29, , , , 2,Morelos,"tecnológico-de zacatepec, zacatepec, morelos-air-quality.csv"
2024/8/29, 15, , , , 2,Morelos,"tecnológico-de zacatepec, zacatepec, morelos-air-quality.csv"
2024/8/30, 11, , , 1, 2,Morelos,"tecnológico-de zacatepec, zacatepec, morelos-air-quality.csv"
2024/8/31, 15, , , , 2,Morelos,"tecnológico-de zacatepec, zacatepec, morelos-air-quality.csv"
2024/9/1, 12, , , , 2,Morelos,"tecnológico-de zacatepec, zacatepec, morelos-air-quality.csv"
2024/9/2, 19, , , , 2,Morelos,"tecnológico-de zacatepec, zacatepec, morelos-air-quality.csv"
2024/9/3, 15, , , , 2,Morelos,"tecnológico-de zacatepec, zacatepec, morelos-air-quality.csv"
2024/9/4, 21, , , 1, 2,Morelos,"tecnológico-de zacatepec, zacatepec, morelos-air-quality.csv"
2024/9/5, 21, , , , 2,Morelos,"tecnológico-de zacatepec, zacatepec, morelos-air-quality.csv"
2024/9/6, 24, , , , 3,Morelos,"tecnológico-de zacatepec, zacatepec, morelos-air-quality.csv"
2024/9/7, 18, , , 1, 2,Morelos,"tecnológico-de zacatepec, zacatepec, morelos-air-quality.csv"
2024/9/8, 15, , , , 2,Morelos,"tecnológico-de zacatepec, zacatepec, morelos-air-quality.csv"
2024/9/9, 12, , , , 2,Morelos,"tecnológico-de zacatepec, zacatepec, morelos-air-quality.csv"
2024/9/10, 20, , , , 3,Morelos,"tecnológico-de zacatepec, zacatepec, morelos-air-quality.csv"
2024/9/11, 9, , , , 3,Morelos,"tecnológico-de zacatepec, zacatepec, morelos-air-quality.csv"
2024/9/12, 8, 238, , , 2,Morelos,"tecnológico-de zacatepec, zacatepec, morelos-air-quality.csv"
2024/9/13, 13, 243, , , 2,Morelos,"tecnológico-de zacatepec, zacatepec, morelos-air-quality.csv"
2024/9/14, 24, , , , 3,Morelos,"tecnológico-de zacatepec, zacatepec, morelos-air-quality.csv"
2024/9/15, 23, , , , 2,Morelos,"tecnológico-de zacatepec, zacatepec, morelos-air-quality.csv"
2024/9/16, 23, , , , 3,Morelos,"tecnológico-de zacatepec, zacatepec, morelos-air-quality.csv"
2024/9/17, 34, , , , 3,Morelos,"tecnológico-de zacatepec, zacatepec, morelos-air-quality.csv"
2024/9/18, 30, , , , 3,Morelos,"tecnológico-de zacatepec, zacatepec, morelos-air-quality.csv"
2024/9/19, 26, , , , 3,Morelos,"tecnológico-de zacatepec, zacatepec, morelos-air-quality.csv"
2024/9/20, 22, , , , 3,Morelos,"tecnológico-de zacatepec, zacatepec, morelos-air-quality.csv"
2024/9/21, 23, , , , 3,Morelos,"tecnológico-de zacatepec, zacatepec, morelos-air-quality.csv"
2024/9/22, 22, , , 1, 3,Morelos,"tecnológico-de zacatepec, zacatepec, morelos-air-quality.csv"
2024/9/23, 21, , , 1, 2,Morelos,"tecnológico-de zacatepec, zacatepec, morelos-air-quality.csv"
2024/9/24, 22, , , 1, 3,Morelos,"tecnológico-de zacatepec, zacatepec, morelos-air-quality.csv"
2024/9/25, 17, , , 1, 3,Morelos,"tecnológico-de zacatepec, zacatepec, morelos-air-quality.csv"
2024/9/26, 9, , , 1, 3,Morelos,"tecnológico-de zacatepec, zacatepec, morelos-air-quality.csv"
2024/9/27, 5, , , 1, 2,Morelos,"tecnológico-de zacatepec, zacatepec, morelos-air-quality.csv"
2024/9/28, 10, , , 1, 3,Morelos,"tecnológico-de zacatepec, zacatepec, morelos-air-quality.csv"
2024/9/29, 8, , , 1, 2,Morelos,"tecnológico-de zacatepec, zacatepec, morelos-air-quality.csv"
2024/9/30, 21, , , 1, 3,Morelos,"tecnológico-de zacatepec, zacatepec, morelos-air-quality.csv"
2024/10/1, 21, , , 1, 3,Morelos,"tecnológico-de zacatepec, zacatepec, morelos-air-quality.csv"
2024/4/7, 93, 50, , 1, 2,Morelos,"tecnológico-de zacatepec, zacatepec, morelos-air-quality.csv"
2024/4/9, 93, 44, , 1, 2,Morelos,"tecnológico-de zacatepec, zacatepec, morelos-air-quality.csv"
2024/4/10, 93, 39, , 1, 2,Morelos,"tecnológico-de zacatepec, zacatepec, morelos-air-quality.csv"
2024/4/11, 93, 49, , 1, 3,Morelos,"tecnológico-de zacatepec, zacatepec, morelos-air-quality.csv"
2024/4/12, 93, 74, , 1, 2,Morelos,"tecnológico-de zacatepec, zacatepec, morelos-air-quality.csv"
2024/4/24, 112, 68, , 1, 1,Morelos,"tecnológico-de zacatepec, zacatepec, morelos-air-quality.csv"
2024/4/25, 116, 67, , 1, 1,Morelos,"tecnológico-de zacatepec, zacatepec, morelos-air-quality.csv"
2024/4/26, 139, 62, , 1, 1,Morelos,"tecnológico-de zacatepec, zacatepec, morelos-air-quality.csv"
2024/4/27, 141, 68, , 1, ,Morelos,"tecnológico-de zacatepec, zacatepec, morelos-air-quality.csv"
2024/4/28, 122, 51, , 1, ,Morelos,"tecnológico-de zacatepec, zacatepec, morelos-air-quality.csv"
2024/4/29, 89, 63, , 1, 1,Morelos,"tecnológico-de zacatepec, zacatepec, morelos-air-quality.csv"
2024/4/30, 103, 61, , 1, 1,Morelos,"tecnológico-de zacatepec, zacatepec, morelos-air-quality.csv"
2024/5/1, 103, 51, , 1, ,Morelos,"tecnológico-de zacatepec, zacatepec, morelos-air-quality.csv"
2024/5/2, 88, 52, , , ,Morelos,"tecnológico-de zacatepec, zacatepec, morelos-air-quality.csv"
2024/5/3, 84, 71, , 1, ,Morelos,"tecnológico-de zacatepec, zacatepec, morelos-air-quality.csv"
2024/5/4, 106, 74, , 1, ,Morelos,"tecnológico-de zacatepec, zacatepec, morelos-air-quality.csv"
2024/5/5, 102, 78, , 1, ,Morelos,"tecnológico-de zacatepec, zacatepec, morelos-air-quality.csv"
2024/5/6, 81, 75, , 1, 4,Morelos,"tecnológico-de zacatepec, zacatepec, morelos-air-quality.csv"
2024/5/7, 83, 65, , 1, 5,Morelos,"tecnológico-de zacatepec, zacatepec, morelos-air-quality.csv"
2024/5/8, 98, 73, , 1, 6,Morelos,"tecnológico-de zacatepec, zacatepec, morelos-air-quality.csv"
2024/5/9, 112, 78, , 1, 6,Morelos,"tecnológico-de zacatepec, zacatepec, morelos-air-quality.csv"
2024/5/10, 142, 56, , 1, 4,Morelos,"tecnológico-de zacatepec, zacatepec, morelos-air-quality.csv"
2024/5/11, 98, 52, , 1, 3,Morelos,"tecnológico-de zacatepec, zacatepec, morelos-air-quality.csv"
2024/5/12, 74, 65, , 1, 5,Morelos,"tecnológico-de zacatepec, zacatepec, morelos-air-quality.csv"
2024/5/13, 123, 66, , 1, 6,Morelos,"tecnológico-de zacatepec, zacatepec, morelos-air-quality.csv"
2024/5/14, 144, 65, , 1, 5,Morelos,"tecnológico-de zacatepec, zacatepec, morelos-air-quality.csv"
2024/5/15, 138, 58, , 1, 4,Morelos,"tecnológico-de zacatepec, zacatepec, morelos-air-quality.csv"
2024/5/16, 121, 50, , , ,Morelos,"tecnológico-de zacatepec, zacatepec, morelos-air-quality.csv"
2024/5/17, 89, 56, , 1, 3,Morelos,"tecnológico-de zacatepec, zacatepec, morelos-air-quality.csv"
2024/5/18, 73, 56, , 1, 2,Morelos,"tecnológico-de zacatepec, zacatepec, morelos-air-quality.csv"
2024/5/19, 61, 83, , , 3,Morelos,"tecnológico-de zacatepec, zacatepec, morelos-air-quality.csv"
2024/5/20, 72, 58, , , 3,Morelos,"tecnológico-de zacatepec, zacatepec, morelos-air-quality.csv"
2024/5/21, 65, 73, , , 2,Morelos,"tecnológico-de zacatepec, zacatepec, morelos-air-quality.csv"
2024/5/22, 69, 66, , , 2,Morelos,"tecnológico-de zacatepec, zacatepec, morelos-air-quality.csv"
2024/5/23, 64, 61, , 1, 3,Morelos,"tecnológico-de zacatepec, zacatepec, morelos-air-quality.csv"
2024/5/24, 68, 67, , , 3,Morelos,"tecnológico-de zacatepec, zacatepec, morelos-air-quality.csv"
2024/5/25, 72, 79, , , 2,Morelos,"tecnológico-de zacatepec, zacatepec, morelos-air-quality.csv"
2024/5/26, 55, 72, , , 3,Morelos,"tecnológico-de zacatepec, zacatepec, morelos-air-quality.csv"
2024/5/27, 74, 65, , , ,Morelos,"tecnológico-de zacatepec, zacatepec, morelos-air-quality.csv"
2024/5/28, 43, 69, , , 2,Morelos,"tecnológico-de zacatepec, zacatepec, morelos-air-quality.csv"
2024/5/29, 99, 65, , , 1,Morelos,"tecnológico-de zacatepec, zacatepec, morelos-air-quality.csv"
2024/5/30, 98, 71, , , 1,Morelos,"tecnológico-de zacatepec, zacatepec, morelos-air-quality.csv"
2024/5/31, 87, 88, , , 1,Morelos,"tecnológico-de zacatepec, zacatepec, morelos-air-quality.csv"
2024/6/1, 76, 65, , , 1,Morelos,"tecnológico-de zacatepec, zacatepec, morelos-air-quality.csv"
2024/6/2, 92, 63, , , ,Morelos,"tecnológico-de zacatepec, zacatepec, morelos-air-quality.csv"
2024/6/3, 75, 51, , 1, ,Morelos,"tecnológico-de zacatepec, zacatepec, morelos-air-quality.csv"
2024/6/4, 75, 62, , , ,Morelos,"tecnológico-de zacatepec, zacatepec, morelos-air-quality.csv"
2024/6/5, 72, 70, , 1, 1,Morelos,"tecnológico-de zacatepec, zacatepec, morelos-air-quality.csv"
2024/6/6, 77, 72, , 1, 1,Morelos,"tecnológico-de zacatepec, zacatepec, morelos-air-quality.csv"
2024/6/7, 93, 72, , 1, 1,Morelos,"tecnológico-de zacatepec, zacatepec, morelos-air-quality.csv"
2024/6/8, 97, 59, , , ,Morelos,"tecnológico-de zacatepec, zacatepec, morelos-air-quality.csv"
2024/6/9, 83, 57, , , ,Morelos,"tecnológico-de zacatepec, zacatepec, morelos-air-quality.csv"
2024/6/10, 81, 84, , , ,Morelos,"tecnológico-de zacatepec, zacatepec, morelos-air-quality.csv"
2024/6/11, 64, 74, , , ,Morelos,"tecnológico-de zacatepec, zacatepec, morelos-air-quality.csv"
2024/6/12, 49, 66, , , ,Morelos,"tecnológico-de zacatepec, zacatepec, morelos-air-quality.csv"
2024/6/13, 52, 53, , , ,Morelos,"tecnológico-de zacatepec, zacatepec, morelos-air-quality.csv"
2024/6/14, 34, 58, , , ,Morelos,"tecnológico-de zacatepec, zacatepec, morelos-air-quality.csv"
2024/6/15, 31, 72, , , ,Morelos,"tecnológico-de zacatepec, zacatepec, morelos-air-quality.csv"
2024/6/16, 33, 72, , , ,Morelos,"tecnológico-de zacatepec, zacatepec, morelos-air-quality.csv"
2024/6/17, 33, 66, , , ,Morelos,"tecnológico-de zacatepec, zacatepec, morelos-air-quality.csv"
2024/6/18, 33, 53, , , ,Morelos,"tecnológico-de zacatepec, zacatepec, morelos-air-quality.csv"
2024/6/19, 34, 60, , , 1,Morelos,"tecnológico-de zacatepec, zacatepec, morelos-air-quality.csv"
2024/6/20, 28, 276, , , ,Morelos,"tecnológico-de zacatepec, zacatepec, morelos-air-quality.csv"
2024/6/21, 26, 254, , , ,Morelos,"tecnológico-de zacatepec, zacatepec, morelos-air-quality.csv"
2024/6/22, 18, 45, , , ,Morelos,"tecnológico-de zacatepec, zacatepec, morelos-air-quality.csv"
2024/6/23, 13, 36, , , ,Morelos,"tecnológico-de zacatepec, zacatepec, morelos-air-quality.csv"
2024/6/24, 13, 22, , , ,Morelos,"tecnológico-de zacatepec, zacatepec, morelos-air-quality.csv"
2024/6/25, 12, 34, , , ,Morelos,"tecnológico-de zacatepec, zacatepec, morelos-air-quality.csv"
2024/6/26, 11, 36, , , ,Morelos,"tecnológico-de zacatepec, zacatepec, morelos-air-quality.csv"
2024/6/27, 14, 40, , , ,Morelos,"tecnológico-de zacatepec, zacatepec, morelos-air-quality.csv"
2024/6/28, 36, 31, , 1, ,Morelos,"tecnológico-de zacatepec, zacatepec, morelos-air-quality.csv"
2024/6/30, 13, 34, , 3, ,Morelos,"tecnológico-de zacatepec, zacatepec, morelos-air-quality.csv"
2024/7/1, 7, 18, , 3, ,Morelos,"tecnológico-de zacatepec, zacatepec, morelos-air-quality.csv"
2024/1/2, 109, 47, , 1, ,Morelos,"tecnológico-de zacatepec, zacatepec, morelos-air-quality.csv"
2024/1/3, 92, 38, , , ,Morelos,"tecnológico-de zacatepec, zacatepec, morelos-air-quality.csv"
2024/1/4, 76, 34, , , ,Morelos,"tecnológico-de zacatepec, zacatepec, morelos-air-quality.csv"
2024/1/5, 66, 32, , , ,Morelos,"tecnológico-de zacatepec, zacatepec, morelos-air-quality.csv"
2024/1/6, 59, 34, , 1, ,Morelos,"tecnológico-de zacatepec, zacatepec, morelos-air-quality.csv"
2024/1/7, 69, 32, , 1, ,Morelos,"tecnológico-de zacatepec, zacatepec, morelos-air-quality.csv"
2024/1/8, 67, 33, , 1, ,Morelos,"tecnológico-de zacatepec, zacatepec, morelos-air-quality.csv"
2024/1/9, 66, 34, , , ,Morelos,"tecnológico-de zacatepec, zacatepec, morelos-air-quality.csv"
2024/1/10, 57, 36, , 1, ,Morelos,"tecnológico-de zacatepec, zacatepec, morelos-air-quality.csv"
2024/1/11, 69, 38, , , ,Morelos,"tecnológico-de zacatepec, zacatepec, morelos-air-quality.csv"
2024/1/12, 55, 41, , 1, ,Morelos,"tecnológico-de zacatepec, zacatepec, morelos-air-quality.csv"
2024/1/13, 68, 40, , 1, ,Morelos,"tecnológico-de zacatepec, zacatepec, morelos-air-quality.csv"
2024/1/14, 64, 37, , 1, ,Morelos,"tecnológico-de zacatepec, zacatepec, morelos-air-quality.csv"
2024/1/15, 61, 40, , 1, ,Morelos,"tecnológico-de zacatepec, zacatepec, morelos-air-quality.csv"
2024/1/16, 69, 48, , , ,Morelos,"tecnológico-de zacatepec, zacatepec, morelos-air-quality.csv"
2024/1/17, 74, , , , ,Morelos,"tecnológico-de zacatepec, zacatepec, morelos-air-quality.csv"
2024/1/31, 141, 60, , 2, ,Morelos,"tecnológico-de zacatepec, zacatepec, morelos-air-quality.csv"
2024/2/1, 101, 41, , 1, 2,Morelos,"tecnológico-de zacatepec, zacatepec, morelos-air-quality.csv"
2024/2/2, 90, 40, , 1, ,Morelos,"tecnológico-de zacatepec, zacatepec, morelos-air-quality.csv"
2024/2/3, 75, 31, , , ,Morelos,"tecnológico-de zacatepec, zacatepec, morelos-air-quality.csv"
2024/2/4, 46, , , , ,Morelos,"tecnológico-de zacatepec, zacatepec, morelos-air-quality.csv"
2024/2/12, 44, , , , ,Morelos,"tecnológico-de zacatepec, zacatepec, morelos-air-quality.csv"
2024/2/13, 57, 23, , 1, ,Morelos,"tecnológico-de zacatepec, zacatepec, morelos-air-quality.csv"
2024/2/14, 61, 23, , 1, 1,Morelos,"tecnológico-de zacatepec, zacatepec, morelos-air-quality.csv"
2024/2/15, 81, 23, , 1, ,Morelos,"tecnológico-de zacatepec, zacatepec, morelos-air-quality.csv"
2024/2/16, 81, , , 1, ,Morelos,"tecnológico-de zacatepec, zacatepec, morelos-air-quality.csv"
2024/2/17, 80, , , , ,Morelos,"tecnológico-de zacatepec, zacatepec, morelos-air-quality.csv"
2024/2/18, 35, , , , ,Morelos,"tecnológico-de zacatepec, zacatepec, morelos-air-quality.csv"
2024/2/19, 56, , , 1, ,Morelos,"tecnológico-de zacatepec, zacatepec, morelos-air-quality.csv"
2024/2/20, 86, 55, , 1, 6,Morelos,"tecnológico-de zacatepec, zacatepec, morelos-air-quality.csv"
2024/2/21, 87, 79, , 3, 3,Morelos,"tecnológico-de zacatepec, zacatepec, morelos-air-quality.csv"
2024/2/22, 87, 80, , 3, 2,Morelos,"tecnológico-de zacatepec, zacatepec, morelos-air-quality.csv"
2024/2/23, 81, 85, , 3, 3,Morelos,"tecnológico-de zacatepec, zacatepec, morelos-air-quality.csv"
2024/2/24, 98, 87, , 3, 3,Morelos,"tecnológico-de zacatepec, zacatepec, morelos-air-quality.csv"
2024/2/25, 103, 86, , 3, 3,Morelos,"tecnológico-de zacatepec, zacatepec, morelos-air-quality.csv"
2024/2/26, 105, 53, , 3, 3,Morelos,"tecnológico-de zacatepec, zacatepec, morelos-air-quality.csv"
2024/2/27, 82, 54, , 3, 3,Morelos,"tecnológico-de zacatepec, zacatepec, morelos-air-quality.csv"
2024/2/28, 72, 66, , 3, 3,Morelos,"tecnológico-de zacatepec, zacatepec, morelos-air-quality.csv"
2024/2/29, 94, 67, , 3, 3,Morelos,"tecnológico-de zacatepec, zacatepec, morelos-air-quality.csv"
2024/3/1, 92, 49, , 3, 2,Morelos,"tecnológico-de zacatepec, zacatepec, morelos-air-quality.csv"
2024/3/2, 89, 49, , 2, 1,Morelos,"tecnológico-de zacatepec, zacatepec, morelos-air-quality.csv"
2024/3/3, 65, 44, , 2, 1,Morelos,"tecnológico-de zacatepec, zacatepec, morelos-air-quality.csv"
2024/3/4, 68, 42, , 2, 1,Morelos,"tecnológico-de zacatepec, zacatepec, morelos-air-quality.csv"
2024/3/5, 68, 43, , 3, 2,Morelos,"tecnológico-de zacatepec, zacatepec, morelos-air-quality.csv"
2024/3/6, 65, 48, , 4, 2,Morelos,"tecnológico-de zacatepec, zacatepec, morelos-air-quality.csv"
2024/3/7, 76, 46, , 3, 2,Morelos,"tecnológico-de zacatepec, zacatepec, morelos-air-quality.csv"
2024/3/8, 65, 44, , 2, 2,Morelos,"tecnológico-de zacatepec, zacatepec, morelos-air-quality.csv"
2024/3/9, 57, 50, , 2, 3,Morelos,"tecnológico-de zacatepec, zacatepec, morelos-air-quality.csv"
2024/3/10, 64, 50, , 2, 4,Morelos,"tecnológico-de zacatepec, zacatepec, morelos-air-quality.csv"
2024/3/11, 80, 46, , 1, 2,Morelos,"tecnológico-de zacatepec, zacatepec, morelos-air-quality.csv"
2024/3/12, 70, 45, , 1, 1,Morelos,"tecnológico-de zacatepec, zacatepec, morelos-air-quality.csv"
2024/3/13, 77, 57, , 1, 1,Morelos,"tecnológico-de zacatepec, zacatepec, morelos-air-quality.csv"
2024/3/14, 81, 51, , 1, 2,Morelos,"tecnológico-de zacatepec, zacatepec, morelos-air-quality.csv"
2024/3/15, 86, 43, , 1, 1,Morelos,"tecnológico-de zacatepec, zacatepec, morelos-air-quality.csv"
2024/3/16, 76, 42, , 1, 1,Morelos,"tecnológico-de zacatepec, zacatepec, morelos-air-quality.csv"
2024/3/17, 72, 36, , 1, 2,Morelos,"tecnológico-de zacatepec, zacatepec, morelos-air-quality.csv"
2024/3/18, 74, 41, , 1, 2,Morelos,"tecnológico-de zacatepec, zacatepec, morelos-air-quality.csv"
2024/3/19, 79, 43, , 1, 2,Morelos,"tecnológico-de zacatepec, zacatepec, morelos-air-quality.csv"
2024/3/20, 83, 42, , 1, 1,Morelos,"tecnológico-de zacatepec, zacatepec, morelos-air-quality.csv"
2024/3/21, 69, 41, , 1, 1,Morelos,"tecnológico-de zacatepec, zacatepec, morelos-air-quality.csv"
2024/3/22, 78, 39, , 1, 1,Morelos,"tecnológico-de zacatepec, zacatepec, morelos-air-quality.csv"
2024/3/23, 73, 43, , 1, 2,Morelos,"tecnológico-de zacatepec, zacatepec, morelos-air-quality.csv"
2024/3/24, 60, 38, , 1, 2,Morelos,"tecnológico-de zacatepec, zacatepec, morelos-air-quality.csv"
2024/3/25, 60, 45, , 1, 3,Morelos,"tecnológico-de zacatepec, zacatepec, morelos-air-quality.csv"
2024/3/26, 93, 57, , 1, 4,Morelos,"tecnológico-de zacatepec, zacatepec, morelos-air-quality.csv"
2023/10/10, 16, 15, , , ,Morelos,"tecnológico-de zacatepec, zacatepec, morelos-air-quality.csv"
2023/10/11, 17, 18, , , ,Morelos,"tecnológico-de zacatepec, zacatepec, morelos-air-quality.csv"
2023/10/12, 13, 21, , , ,Morelos,"tecnológico-de zacatepec, zacatepec, morelos-air-quality.csv"
2023/10/13, 19, 44, , , ,Morelos,"tecnológico-de zacatepec, zacatepec, morelos-air-quality.csv"
2023/10/14, 33, 41, , , ,Morelos,"tecnológico-de zacatepec, zacatepec, morelos-air-quality.csv"
2023/10/15, 46, 41, , , ,Morelos,"tecnológico-de zacatepec, zacatepec, morelos-air-quality.csv"
2023/10/16, 32, 43, , , ,Morelos,"tecnológico-de zacatepec, zacatepec, morelos-air-quality.csv"
2023/10/17, 10, 66, , , ,Morelos,"tecnológico-de zacatepec, zacatepec, morelos-air-quality.csv"
2023/10/18, 31, 82, , , ,Morelos,"tecnológico-de zacatepec, zacatepec, morelos-air-quality.csv"
2023/10/19, 40, 56, , , ,Morelos,"tecnológico-de zacatepec, zacatepec, morelos-air-quality.csv"
2023/10/20, 49, 59, , , ,Morelos,"tecnológico-de zacatepec, zacatepec, morelos-air-quality.csv"
2023/10/21, 56, 57, , , ,Morelos,"tecnológico-de zacatepec, zacatepec, morelos-air-quality.csv"
2023/10/22, 57, 41, , , ,Morelos,"tecnológico-de zacatepec, zacatepec, morelos-air-quality.csv"
2023/10/23, 42, 33, , , ,Morelos,"tecnológico-de zacatepec, zacatepec, morelos-air-quality.csv"
2023/10/24, 44, 35, , , 1,Morelos,"tecnológico-de zacatepec, zacatepec, morelos-air-quality.csv"
2023/10/25, 45, 17, , , 1,Morelos,"tecnológico-de zacatepec, zacatepec, morelos-air-quality.csv"
2023/10/26, 25, , , , ,Morelos,"tecnológico-de zacatepec, zacatepec, morelos-air-quality.csv"
2023/10/30, 56, 65, , , ,Morelos,"tecnológico-de zacatepec, zacatepec, morelos-air-quality.csv"
2023/10/31, 55, 17, , , ,Morelos,"tecnológico-de zacatepec, zacatepec, morelos-air-quality.csv"
2023/11/1, 26, , , , ,Morelos,"tecnológico-de zacatepec, zacatepec, morelos-air-quality.csv"
2023/11/14, 53, 64, , , 1,Morelos,"tecnológico-de zacatepec, zacatepec, morelos-air-quality.csv"
2023/11/15, 47, 64, , , ,Morelos,"tecnológico-de zacatepec, zacatepec, morelos-air-quality.csv"
2023/11/16, 50, 71, , , ,Morelos,"tecnológico-de zacatepec, zacatepec, morelos-air-quality.csv"
2023/11/17, 60, 79, , , 1,Morelos,"tecnológico-de zacatepec, zacatepec, morelos-air-quality.csv"
2023/11/18, 70, 88, , , 1,Morelos,"tecnológico-de zacatepec, zacatepec, morelos-air-quality.csv"
2023/11/19, 69, 68, , , 1,Morelos,"tecnológico-de zacatepec, zacatepec, morelos-air-quality.csv"
2023/11/20, 73, 48, , , 1,Morelos,"tecnológico-de zacatepec, zacatepec, morelos-air-quality.csv"
2023/11/21, 80, 48, , , 3,Morelos,"tecnológico-de zacatepec, zacatepec, morelos-air-quality.csv"
2023/11/22, 72, 34, , , 2,Morelos,"tecnológico-de zacatepec, zacatepec, morelos-air-quality.csv"
2023/11/23, 35, 21, , , 1,Morelos,"tecnológico-de zacatepec, zacatepec, morelos-air-quality.csv"
2023/11/24, 21, 25, , , 2,Morelos,"tecnológico-de zacatepec, zacatepec, morelos-air-quality.csv"
2023/11/25, 28, 39, , , 2,Morelos,"tecnológico-de zacatepec, zacatepec, morelos-air-quality.csv"
2023/11/26, 39, 27, , , 2,Morelos,"tecnológico-de zacatepec, zacatepec, morelos-air-quality.csv"
2023/11/27, 40, 64, , , 2,Morelos,"tecnológico-de zacatepec, zacatepec, morelos-air-quality.csv"
2023/11/28, 63, 78, , , 4,Morelos,"tecnológico-de zacatepec, zacatepec, morelos-air-quality.csv"
2023/11/29, 86, 50, , , 3,Morelos,"tecnológico-de zacatepec, zacatepec, morelos-air-quality.csv"
2023/11/30, 40, 29, , , 2,Morelos,"tecnológico-de zacatepec, zacatepec, morelos-air-quality.csv"
2023/12/1, 38, 32, , , 2,Morelos,"tecnológico-de zacatepec, zacatepec, morelos-air-quality.csv"
2023/12/2, 42, 32, , , 3,Morelos,"tecnológico-de zacatepec, zacatepec, morelos-air-quality.csv"
2023/12/3, 57, 31, , , 4,Morelos,"tecnológico-de zacatepec, zacatepec, morelos-air-quality.csv"
2023/12/4, 59, , , , ,Morelos,"tecnológico-de zacatepec, zacatepec, morelos-air-quality.csv"
2023/12/14, 72, 47, , , ,Morelos,"tecnológico-de zacatepec, zacatepec, morelos-air-quality.csv"
2023/12/15, 76, 64, , 1, ,Morelos,"tecnológico-de zacatepec, zacatepec, morelos-air-quality.csv"
2023/12/16, 99, 69, , 1, ,Morelos,"tecnológico-de zacatepec, zacatepec, morelos-air-quality.csv"
2023/12/17, 79, 70, , , ,Morelos,"tecnológico-de zacatepec, zacatepec, morelos-air-quality.csv"
2023/12/18, 79, 70, , 1, ,Morelos,"tecnológico-de zacatepec, zacatepec, morelos-air-quality.csv"
2023/12/19, 95, 66, , 1, ,Morelos,"tecnológico-de zacatepec, zacatepec, morelos-air-quality.csv"
2023/12/20, 90, 83, , 1, ,Morelos,"tecnológico-de zacatepec, zacatepec, morelos-air-quality.csv"
2023/12/21, 108, 86, , 1, ,Morelos,"tecnológico-de zacatepec, zacatepec, morelos-air-quality.csv"
2023/12/22, 126, 79, , 2, ,Morelos,"tecnológico-de zacatepec, zacatepec, morelos-air-quality.csv"
2023/12/23, 128, 64, , 2, ,Morelos,"tecnológico-de zacatepec, zacatepec, morelos-air-quality.csv"
2023/12/24, 121, 53, , 1, ,Morelos,"tecnológico-de zacatepec, zacatepec, morelos-air-quality.csv"
2023/12/25, 107, 39, , 1, ,Morelos,"tecnológico-de zacatepec, zacatepec, morelos-air-quality.csv"
2023/12/26, 97, 29, , , ,Morelos,"tecnológico-de zacatepec, zacatepec, morelos-air-quality.csv"
2023/12/27, 61, 30, , , ,Morelos,"tecnológico-de zacatepec, zacatepec, morelos-air-quality.csv"
2023/12/28, 67, 45, , , ,Morelos,"tecnológico-de zacatepec, zacatepec, morelos-air-quality.csv"
2023/12/29, 83, 41, , 1, ,Morelos,"tecnológico-de zacatepec, zacatepec, morelos-air-quality.csv"
2023/12/30, 83, 42, , , ,Morelos,"tecnológico-de zacatepec, zacatepec, morelos-air-quality.csv"
2023/12/31, 71, 43, , 1, ,Morelos,"tecnológico-de zacatepec, zacatepec, morelos-air-quality.csv"
2024/1/1, 70, 44, , , ,Morelos,"tecnológico-de zacatepec, zacatepec, morelos-air-quality.csv"
2023/7/6, 14, 51, , 1, ,Morelos,"tecnológico-de zacatepec, zacatepec, morelos-air-quality.csv"
2023/7/7, 44, 41, , 2, ,Morelos,"tecnológico-de zacatepec, zacatepec, morelos-air-quality.csv"
2023/7/8, 7, 38, , 1, ,Morelos,"tecnológico-de zacatepec, zacatepec, morelos-air-quality.csv"
2023/7/9, 9, 36, , 1, ,Morelos,"tecnológico-de zacatepec, zacatepec, morelos-air-quality.csv"
2023/7/10, 18, 46, , 1, ,Morelos,"tecnológico-de zacatepec, zacatepec, morelos-air-quality.csv"
2023/7/14, 22, 46, , 1, ,Morelos,"tecnológico-de zacatepec, zacatepec, morelos-air-quality.csv"
2023/7/15, 18, 39, , , ,Morelos,"tecnológico-de zacatepec, zacatepec, morelos-air-quality.csv"
2023/7/16, 37, 41, , , ,Morelos,"tecnológico-de zacatepec, zacatepec, morelos-air-quality.csv"
2023/7/17, 30, 56, , , ,Morelos,"tecnológico-de zacatepec, zacatepec, morelos-air-quality.csv"
2023/7/18, 23, 35, , , ,Morelos,"tecnológico-de zacatepec, zacatepec, morelos-air-quality.csv"
2023/7/19, 32, 56, , , ,Morelos,"tecnológico-de zacatepec, zacatepec, morelos-air-quality.csv"
2023/7/20, 28, 51, , , ,Morelos,"tecnológico-de zacatepec, zacatepec, morelos-air-quality.csv"
2023/8/2, 20, 53, , 10, ,Morelos,"tecnológico-de zacatepec, zacatepec, morelos-air-quality.csv"
2023/8/3, 16, 70, , 10, ,Morelos,"tecnológico-de zacatepec, zacatepec, morelos-air-quality.csv"
2023/8/4, 13, 45, , 10, ,Morelos,"tecnológico-de zacatepec, zacatepec, morelos-air-quality.csv"
2023/8/5, 13, 22, , 10, ,Morelos,"tecnológico-de zacatepec, zacatepec, morelos-air-quality.csv"
2023/8/6, 5, 33, , 10, ,Morelos,"tecnológico-de zacatepec, zacatepec, morelos-air-quality.csv"
2023/8/7, 9, 37, , 10, ,Morelos,"tecnológico-de zacatepec, zacatepec, morelos-air-quality.csv"
2023/8/8, 17, 43, , 10, ,Morelos,"tecnológico-de zacatepec, zacatepec, morelos-air-quality.csv"
2023/8/9, 18, 32, , 10, ,Morelos,"tecnológico-de zacatepec, zacatepec, morelos-air-quality.csv"
2023/8/26, 49, , , 2, ,Morelos,"tecnológico-de zacatepec, zacatepec, morelos-air-quality.csv"
2023/8/27, 48, , , 1, ,Morelos,"tecnológico-de zacatepec, zacatepec, morelos-air-quality.csv"
2023/8/28, 43, , , 1, ,Morelos,"tecnológico-de zacatepec, zacatepec, morelos-air-quality.csv"
2023/8/29, 53, , , 1, ,Morelos,"tecnológico-de zacatepec, zacatepec, morelos-air-quality.csv"
2023/8/30, 50, , , 1, ,Morelos,"tecnológico-de zacatepec, zacatepec, morelos-air-quality.csv"
2023/8/31, 47, , , 1, ,Morelos,"tecnológico-de zacatepec, zacatepec, morelos-air-quality.csv"
2023/5/4, 127, 66, , , ,Morelos,"tecnológico-de zacatepec, zacatepec, morelos-air-quality.csv"
2023/5/5, 113, 61, , , ,Morelos,"tecnológico-de zacatepec, zacatepec, morelos-air-quality.csv"
2023/5/6, 115, 69, , , ,Morelos,"tecnológico-de zacatepec, zacatepec, morelos-air-quality.csv"
2023/5/7, 113, 54, , , ,Morelos,"tecnológico-de zacatepec, zacatepec, morelos-air-quality.csv"
2023/5/8, 115, 83, , , ,Morelos,"tecnológico-de zacatepec, zacatepec, morelos-air-quality.csv"
2023/5/9, 104, 29, , , ,Morelos,"tecnológico-de zacatepec, zacatepec, morelos-air-quality.csv"
2023/5/10, 75, , , , ,Morelos,"tecnológico-de zacatepec, zacatepec, morelos-air-quality.csv"
2023/5/17, 69, 60, , , ,Morelos,"tecnológico-de zacatepec, zacatepec, morelos-air-quality.csv"
2023/5/18, 76, 70, , , ,Morelos,"tecnológico-de zacatepec, zacatepec, morelos-air-quality.csv"
2023/5/19, 87, 52, , , ,Morelos,"tecnológico-de zacatepec, zacatepec, morelos-air-quality.csv"
2023/5/20, 76, 74, , , ,Morelos,"tecnológico-de zacatepec, zacatepec, morelos-air-quality.csv"
2023/5/21, 87, 62, , , ,Morelos,"tecnológico-de zacatepec, zacatepec, morelos-air-quality.csv"
2023/5/22, 60, 67, , , ,Morelos,"tecnológico-de zacatepec, zacatepec, morelos-air-quality.csv"
2023/5/23, 68, 31, , , ,Morelos,"tecnológico-de zacatepec, zacatepec, morelos-air-quality.csv"
2023/5/24, 68, , , , ,Morelos,"tecnológico-de zacatepec, zacatepec, morelos-air-quality.csv"
2023/6/16, 50, 46, , , ,Morelos,"tecnológico-de zacatepec, zacatepec, morelos-air-quality.csv"
2023/6/17, 61, 44, , , ,Morelos,"tecnológico-de zacatepec, zacatepec, morelos-air-quality.csv"
2023/6/18, 54, 50, , 1, ,Morelos,"tecnológico-de zacatepec, zacatepec, morelos-air-quality.csv"
2023/6/19, 45, 55, , 1, ,Morelos,"tecnológico-de zacatepec, zacatepec, morelos-air-quality.csv"
2023/6/20, 37, , , , ,Morelos,"tecnológico-de zacatepec, zacatepec, morelos-air-quality.csv"
2023/1/3, 77, 33, , 1, ,Morelos,"tecnológico-de zacatepec, zacatepec, morelos-air-quality.csv"
2023/1/4, 68, 43, , 1, ,Morelos,"tecnológico-de zacatepec, zacatepec, morelos-air-quality.csv"
2023/1/5, 85, 49, , 2, ,Morelos,"tecnológico-de zacatepec, zacatepec, morelos-air-quality.csv"
2023/1/6, 94, 47, , 1, ,Morelos,"tecnológico-de zacatepec, zacatepec, morelos-air-quality.csv"
2023/1/7, 84, 43, , 1, ,Morelos,"tecnológico-de zacatepec, zacatepec, morelos-air-quality.csv"
2023/1/8, 97, 56, , 1, ,Morelos,"tecnológico-de zacatepec, zacatepec, morelos-air-quality.csv"
2023/1/9, 95, 48, , 1, ,Morelos,"tecnológico-de zacatepec, zacatepec, morelos-air-quality.csv"
2023/1/10, 100, 56, , 3, ,Morelos,"tecnológico-de zacatepec, zacatepec, morelos-air-quality.csv"
2023/1/11, 126, 47, , 1, ,Morelos,"tecnológico-de zacatepec, zacatepec, morelos-air-quality.csv"
2023/1/12, 107, 48, , 1, ,Morelos,"tecnológico-de zacatepec, zacatepec, morelos-air-quality.csv"
2023/1/13, 102, 54, , 1, ,Morelos,"tecnológico-de zacatepec, zacatepec, morelos-air-quality.csv"
2023/1/14, 81, 50, , 1, ,Morelos,"tecnológico-de zacatepec, zacatepec, morelos-air-quality.csv"
2023/1/15, 59, 26, , 1, ,Morelos,"tecnológico-de zacatepec, zacatepec, morelos-air-quality.csv"
2023/1/16, 88, 11, , 1, ,Morelos,"tecnológico-de zacatepec, zacatepec, morelos-air-quality.csv"
2023/1/17, 94, 1, , 1, ,Morelos,"tecnológico-de zacatepec, zacatepec, morelos-air-quality.csv"
2023/1/18, 101, , , 1, ,Morelos,"tecnológico-de zacatepec, zacatepec, morelos-air-quality.csv"
2023/1/19, 89, , , 1, ,Morelos,"tecnológico-de zacatepec, zacatepec, morelos-air-quality.csv"
2023/1/20, 101, , , 1, ,Morelos,"tecnológico-de zacatepec, zacatepec, morelos-air-quality.csv"
2023/1/21, 101, , , 1, ,Morelos,"tecnológico-de zacatepec, zacatepec, morelos-air-quality.csv"
2023/1/22, 83, , , , ,Morelos,"tecnológico-de zacatepec, zacatepec, morelos-air-quality.csv"
2023/1/23, 65, , , 1, ,Morelos,"tecnológico-de zacatepec, zacatepec, morelos-air-quality.csv"
2023/1/24, 74, , , 1, ,Morelos,"tecnológico-de zacatepec, zacatepec, morelos-air-quality.csv"
2023/1/25, 62, , , 1, ,Morelos,"tecnológico-de zacatepec, zacatepec, morelos-air-quality.csv"
2023/1/26, 71, , , 1, ,Morelos,"tecnológico-de zacatepec, zacatepec, morelos-air-quality.csv"
2023/1/27, 98, , , 1, ,Morelos,"tecnológico-de zacatepec, zacatepec, morelos-air-quality.csv"
2023/1/28, 64, , , 1, ,Morelos,"tecnológico-de zacatepec, zacatepec, morelos-air-quality.csv"
2023/1/29, 67, , , 2, ,Morelos,"tecnológico-de zacatepec, zacatepec, morelos-air-quality.csv"
2023/1/30, 94, , , 3, ,Morelos,"tecnológico-de zacatepec, zacatepec, morelos-air-quality.csv"
2023/1/31, 109, , , 1, ,Morelos,"tecnológico-de zacatepec, zacatepec, morelos-air-quality.csv"
2023/2/22, 38, 36, , , ,Morelos,"tecnológico-de zacatepec, zacatepec, morelos-air-quality.csv"
2023/2/23, 78, 46, , 1, ,Morelos,"tecnológico-de zacatepec, zacatepec, morelos-air-quality.csv"
2023/2/24, 94, 49, , 1, ,Morelos,"tecnológico-de zacatepec, zacatepec, morelos-air-quality.csv"
2023/2/25, 104, 44, , 1, ,Morelos,"tecnológico-de zacatepec, zacatepec, morelos-air-quality.csv"
2023/2/26, 99, 49, , 1, ,Morelos,"tecnológico-de zacatepec, zacatepec, morelos-air-quality.csv"
2023/2/27, 102, 47, , 2, ,Morelos,"tecnológico-de zacatepec, zacatepec, morelos-air-quality.csv"
2023/2/28, 103, 50, , 1, ,Morelos,"tecnológico-de zacatepec, zacatepec, morelos-air-quality.csv"
2023/3/1, 97, 46, , 2, ,Morelos,"tecnológico-de zacatepec, zacatepec, morelos-air-quality.csv"
2023/3/2, 93, 54, , 3, ,Morelos,"tecnológico-de zacatepec, zacatepec, morelos-air-quality.csv"
2023/3/3, 89, 47, , 2, ,Morelos,"tecnológico-de zacatepec, zacatepec, morelos-air-quality.csv"
2023/3/4, 78, 47, , 1, ,Morelos,"tecnológico-de zacatepec, zacatepec, morelos-air-quality.csv"
2023/3/5, 70, 50, , 1, ,Morelos,"tecnológico-de zacatepec, zacatepec, morelos-air-quality.csv"
2023/3/6, 85, 49, , 1, ,Morelos,"tecnológico-de zacatepec, zacatepec, morelos-air-quality.csv"
2023/3/7, 84, 48, , 1, ,Morelos,"tecnológico-de zacatepec, zacatepec, morelos-air-quality.csv"
2023/3/8, 75, 52, , 1, ,Morelos,"tecnológico-de zacatepec, zacatepec, morelos-air-quality.csv"
2023/3/9, 73, 50, , 1, ,Morelos,"tecnológico-de zacatepec, zacatepec, morelos-air-quality.csv"
2023/3/10, 71, 46, , 1, ,Morelos,"tecnológico-de zacatepec, zacatepec, morelos-air-quality.csv"
2023/3/11, 86, 52, , 1, ,Morelos,"tecnológico-de zacatepec, zacatepec, morelos-air-quality.csv"
2023/3/12, 64, 54, , 1, ,Morelos,"tecnológico-de zacatepec, zacatepec, morelos-air-quality.csv"
2023/3/13, 79, 67, , 1, ,Morelos,"tecnológico-de zacatepec, zacatepec, morelos-air-quality.csv"
2023/3/14, 69, 40, , 1, ,Morelos,"tecnológico-de zacatepec, zacatepec, morelos-air-quality.csv"
2023/3/15, 58, 57, , 1, ,Morelos,"tecnológico-de zacatepec, zacatepec, morelos-air-quality.csv"
2023/3/16, 78, 47, , 1, ,Morelos,"tecnológico-de zacatepec, zacatepec, morelos-air-quality.csv"
2023/3/17, 63, 48, , 1, ,Morelos,"tecnológico-de zacatepec, zacatepec, morelos-air-quality.csv"
2023/3/18, 61, 26, , , ,Morelos,"tecnológico-de zacatepec, zacatepec, morelos-air-quality.csv"
2023/3/19, 56, , , , ,Morelos,"tecnológico-de zacatepec, zacatepec, morelos-air-quality.csv"
2022/10/20, 21, 35, , , 11,Morelos,"tecnológico-de zacatepec, zacatepec, morelos-air-quality.csv"
2022/10/21, 25, 41, , , 5,Morelos,"tecnológico-de zacatepec, zacatepec, morelos-air-quality.csv"
2022/10/22, 27, 7, , , 5,Morelos,"tecnológico-de zacatepec, zacatepec, morelos-air-quality.csv"
2022/10/23, 38, , , , ,Morelos,"tecnológico-de zacatepec, zacatepec, morelos-air-quality.csv"
2022/11/2, 54, 50, , , 7,Morelos,"tecnológico-de zacatepec, zacatepec, morelos-air-quality.csv"
2022/11/3, 62, 60, , , 9,Morelos,"tecnológico-de zacatepec, zacatepec, morelos-air-quality.csv"
2022/11/4, 71, 11, , , 9,Morelos,"tecnológico-de zacatepec, zacatepec, morelos-air-quality.csv"
2022/11/5, 58, , , , ,Morelos,"tecnológico-de zacatepec, zacatepec, morelos-air-quality.csv"
2022/11/8, 66, 57, , , 10,Morelos,"tecnológico-de zacatepec, zacatepec, morelos-air-quality.csv"
2022/11/9, 62, 60, , , 9,Morelos,"tecnológico-de zacatepec, zacatepec, morelos-air-quality.csv"
2022/11/10, 54, 48, , , 10,Morelos,"tecnológico-de zacatepec, zacatepec, morelos-air-quality.csv"
2022/11/11, 58, 46, , , 10,Morelos,"tecnológico-de zacatepec, zacatepec, morelos-air-quality.csv"
2022/11/12, 70, 50, , , 10,Morelos,"tecnológico-de zacatepec, zacatepec, morelos-air-quality.csv"
2022/11/13, 75, 43, , , 10,Morelos,"tecnológico-de zacatepec, zacatepec, morelos-air-quality.csv"
2022/11/14, 71, 10, , , 11,Morelos,"tecnológico-de zacatepec, zacatepec, morelos-air-quality.csv"
2022/11/15, 59, , , , ,Morelos,"tecnológico-de zacatepec, zacatepec, morelos-air-quality.csv"
2022/11/26, 66, 39, , 1, ,Morelos,"tecnológico-de zacatepec, zacatepec, morelos-air-quality.csv"
2022/11/27, 71, 32, , , ,Morelos,"tecnológico-de zacatepec, zacatepec, morelos-air-quality.csv"
2022/11/28, 56, 39, , 1, ,Morelos,"tecnológico-de zacatepec, zacatepec, morelos-air-quality.csv"
2022/11/29, 67, 42, , 1, ,Morelos,"tecnológico-de zacatepec, zacatepec, morelos-air-quality.csv"
2022/11/30, 80, 45, , 1, ,Morelos,"tecnológico-de zacatepec, zacatepec, morelos-air-quality.csv"
2022/12/1, 72, 35, , 1, ,Morelos,"tecnológico-de zacatepec, zacatepec, morelos-air-quality.csv"
2022/12/2, 64, 41, , 1, ,Morelos,"tecnológico-de zacatepec, zacatepec, morelos-air-quality.csv"
2022/12/3, 56, 41, , 1, ,Morelos,"tecnológico-de zacatepec, zacatepec, morelos-air-quality.csv"
2022/12/4, 42, 26, , 2, ,Morelos,"tecnológico-de zacatepec, zacatepec, morelos-air-quality.csv"
2022/12/5, 47, 40, , 2, ,Morelos,"tecnológico-de zacatepec, zacatepec, morelos-air-quality.csv"
2022/12/6, 64, 57, , 2, ,Morelos,"tecnológico-de zacatepec, zacatepec, morelos-air-quality.csv"
2022/12/7, 93, 48, , 3, ,Morelos,"tecnológico-de zacatepec, zacatepec, morelos-air-quality.csv"
2022/12/8, 104, 44, , 3, ,Morelos,"tecnológico-de zacatepec, zacatepec, morelos-air-quality.csv"
2022/12/9, 98, 44, , 2, ,Morelos,"tecnológico-de zacatepec, zacatepec, morelos-air-quality.csv"
2022/12/10, 94, 42, , 1, ,Morelos,"tecnológico-de zacatepec, zacatepec, morelos-air-quality.csv"
2022/12/11, 90, 43, , 1, ,Morelos,"tecnológico-de zacatepec, zacatepec, morelos-air-quality.csv"
2022/12/12, 79, 46, , 1, ,Morelos,"tecnológico-de zacatepec, zacatepec, morelos-air-quality.csv"
2022/12/13, 94, 46, , 1, ,Morelos,"tecnológico-de zacatepec, zacatepec, morelos-air-quality.csv"
2022/12/14, 99, 18, , 1, ,Morelos,"tecnológico-de zacatepec, zacatepec, morelos-air-quality.csv"
2022/12/15, 70, 38, , 1, ,Morelos,"tecnológico-de zacatepec, zacatepec, morelos-air-quality.csv"
2022/12/16, 86, 41, , , ,Morelos,"tecnológico-de zacatepec, zacatepec, morelos-air-quality.csv"
2022/12/17, 85, 43, , , ,Morelos,"tecnológico-de zacatepec, zacatepec, morelos-air-quality.csv"
2022/12/18, 89, 42, , , ,Morelos,"tecnológico-de zacatepec, zacatepec, morelos-air-quality.csv"
2022/12/19, 87, 39, , 1, ,Morelos,"tecnológico-de zacatepec, zacatepec, morelos-air-quality.csv"
2022/12/20, 97, 51, , 1, ,Morelos,"tecnológico-de zacatepec, zacatepec, morelos-air-quality.csv"
2022/12/21, 100, 40, , 1, ,Morelos,"tecnológico-de zacatepec, zacatepec, morelos-air-quality.csv"
2022/12/22, 61, 41, , 1, ,Morelos,"tecnológico-de zacatepec, zacatepec, morelos-air-quality.csv"
2022/12/23, 81, 58, , 1, ,Morelos,"tecnológico-de zacatepec, zacatepec, morelos-air-quality.csv"
2022/12/24, 89, 45, , , ,Morelos,"tecnológico-de zacatepec, zacatepec, morelos-air-quality.csv"
2022/12/25, 59, 32, , , ,Morelos,"tecnológico-de zacatepec, zacatepec, morelos-air-quality.csv"
2022/12/26, 49, 40, , , ,Morelos,"tecnológico-de zacatepec, zacatepec, morelos-air-quality.csv"
2022/12/27, 60, 48, , 1, ,Morelos,"tecnológico-de zacatepec, zacatepec, morelos-air-quality.csv"
2022/12/28, 87, 46, , 1, ,Morelos,"tecnológico-de zacatepec, zacatepec, morelos-air-quality.csv"
2022/12/29, 98, 32, , , ,Morelos,"tecnológico-de zacatepec, zacatepec, morelos-air-quality.csv"
2022/12/30, 88, , , , ,Morelos,"tecnológico-de zacatepec, zacatepec, morelos-air-quality.csv"
2023/1/2, 59, 30, , 1, ,Morelos,"tecnológico-de zacatepec, zacatepec, morelos-air-quality.csv"
2022/7/8, 29, 31, 9, , 6,Morelos,"tecnológico-de zacatepec, zacatepec, morelos-air-quality.csv"
2022/7/9, 30, 46, , , 3,Morelos,"tecnológico-de zacatepec, zacatepec, morelos-air-quality.csv"
2022/7/10, 24, 46, , , 5,Morelos,"tecnológico-de zacatepec, zacatepec, morelos-air-quality.csv"
2022/7/11, 22, 50, , , 5,Morelos,"tecnológico-de zacatepec, zacatepec, morelos-air-quality.csv"
2022/7/12, 32, 44, , , 5,Morelos,"tecnológico-de zacatepec, zacatepec, morelos-air-quality.csv"
2022/7/13, 47, 58, , , 5,Morelos,"tecnológico-de zacatepec, zacatepec, morelos-air-quality.csv"
2022/7/14, 32, 50, , , 5,Morelos,"tecnológico-de zacatepec, zacatepec, morelos-air-quality.csv"
2022/7/15, 26, 45, , 11, 3,Morelos,"tecnológico-de zacatepec, zacatepec, morelos-air-quality.csv"
2022/7/16, 16, 45, , , 3,Morelos,"tecnológico-de zacatepec, zacatepec, morelos-air-quality.csv"
2022/7/17, 13, 19, , , 4,Morelos,"tecnológico-de zacatepec, zacatepec, morelos-air-quality.csv"
2022/7/18, 50, 32, , , 5,Morelos,"tecnológico-de zacatepec, zacatepec, morelos-air-quality.csv"
2022/7/19, 36, 40, , , 5,Morelos,"tecnológico-de zacatepec, zacatepec, morelos-air-quality.csv"
2022/7/20, 49, 50, , , 6,Morelos,"tecnológico-de zacatepec, zacatepec, morelos-air-quality.csv"
2022/7/21, 31, 43, , , 5,Morelos,"tecnológico-de zacatepec, zacatepec, morelos-air-quality.csv"
2022/7/22, 39, 40, , , 5,Morelos,"tecnológico-de zacatepec, zacatepec, morelos-air-quality.csv"
2022/7/23, 32, 40, , , 6,Morelos,"tecnológico-de zacatepec, zacatepec, morelos-air-quality.csv"
2022/7/24, 27, 41, , , 6,Morelos,"tecnológico-de zacatepec, zacatepec, morelos-air-quality.csv"
2022/7/25, 12, 48, , , 5,Morelos,"tecnológico-de zacatepec, zacatepec, morelos-air-quality.csv"
2022/7/26, 34, 37, , , 6,Morelos,"tecnológico-de zacatepec, zacatepec, morelos-air-quality.csv"
2022/7/27, 30, 39, , , 6,Morelos,"tecnológico-de zacatepec, zacatepec, morelos-air-quality.csv"
2022/7/28, 30, 35, , , 7,Morelos,"tecnológico-de zacatepec, zacatepec, morelos-air-quality.csv"
2022/7/29, 20, 42, , , 6,Morelos,"tecnológico-de zacatepec, zacatepec, morelos-air-quality.csv"
2022/7/30, 23, 47, , , 7,Morelos,"tecnológico-de zacatepec, zacatepec, morelos-air-quality.csv"
2022/7/31, 32, 48, , , 7,Morelos,"tecnológico-de zacatepec, zacatepec, morelos-air-quality.csv"
2022/8/1, 32, 52, , , 7,Morelos,"tecnológico-de zacatepec, zacatepec, morelos-air-quality.csv"
2022/8/2, 19, 41, , , 7,Morelos,"tecnológico-de zacatepec, zacatepec, morelos-air-quality.csv"
2022/8/3, 22, 46, , , 8,Morelos,"tecnológico-de zacatepec, zacatepec, morelos-air-quality.csv"
2022/8/4, 39, 40, , , 8,Morelos,"tecnológico-de zacatepec, zacatepec, morelos-air-quality.csv"
2022/8/5, 34, 38, , , 8,Morelos,"tecnológico-de zacatepec, zacatepec, morelos-air-quality.csv"
2022/8/6, 40, 31, , , 8,Morelos,"tecnológico-de zacatepec, zacatepec, morelos-air-quality.csv"
2022/8/9, 29, 49, , , 9,Morelos,"tecnológico-de zacatepec, zacatepec, morelos-air-quality.csv"
2022/8/10, 15, 37, , , 10,Morelos,"tecnológico-de zacatepec, zacatepec, morelos-air-quality.csv"
2022/8/11, 34, 33, , , 10,Morelos,"tecnológico-de zacatepec, zacatepec, morelos-air-quality.csv"
2022/8/12, 38, 47, , , 10,Morelos,"tecnológico-de zacatepec, zacatepec, morelos-air-quality.csv"
2022/4/2, 62, 61, 6, , 12,Morelos,"tecnológico-de zacatepec, zacatepec, morelos-air-quality.csv"
2022/4/3, 58, 58, 6, , 14,Morelos,"tecnológico-de zacatepec, zacatepec, morelos-air-quality.csv"
2022/4/4, 69, 52, 6, 1, 15,Morelos,"tecnológico-de zacatepec, zacatepec, morelos-air-quality.csv"
2022/4/5, 65, 51, 5, 1, 14,Morelos,"tecnológico-de zacatepec, zacatepec, morelos-air-quality.csv"
2022/4/6, 57, 57, 5, , 15,Morelos,"tecnológico-de zacatepec, zacatepec, morelos-air-quality.csv"
2022/4/7, 58, 75, 6, 1, 16,Morelos,"tecnológico-de zacatepec, zacatepec, morelos-air-quality.csv"
2022/4/8, 81, 51, 3, , 15,Morelos,"tecnológico-de zacatepec, zacatepec, morelos-air-quality.csv"
2022/4/9, 67, 69, 5, , 16,Morelos,"tecnológico-de zacatepec, zacatepec, morelos-air-quality.csv"
2022/4/10, 57, 50, 4, , 17,Morelos,"tecnológico-de zacatepec, zacatepec, morelos-air-quality.csv"
2022/4/11, 66, 49, 3, 1, 18,Morelos,"tecnológico-de zacatepec, zacatepec, morelos-air-quality.csv"
2022/4/12, 65, 47, 4, 1, 18,Morelos,"tecnológico-de zacatepec, zacatepec, morelos-air-quality.csv"
2022/4/13, 57, 52, 5, , 18,Morelos,"tecnológico-de zacatepec, zacatepec, morelos-air-quality.csv"
2022/4/14, 51, 53, 5, , 20,Morelos,"tecnológico-de zacatepec, zacatepec, morelos-air-quality.csv"
2022/4/15, 54, 51, 2, , 20,Morelos,"tecnológico-de zacatepec, zacatepec, morelos-air-quality.csv"
2022/4/16, 52, 59, 4, , 20,Morelos,"tecnológico-de zacatepec, zacatepec, morelos-air-quality.csv"
2022/4/17, 53, 58, 4, , 21,Morelos,"tecnológico-de zacatepec, zacatepec, morelos-air-quality.csv"
2022/4/18, 48, 47, 3, , 21,Morelos,"tecnológico-de zacatepec, zacatepec, morelos-air-quality.csv"
2022/4/19, 50, 56, 3, 1, 21,Morelos,"tecnológico-de zacatepec, zacatepec, morelos-air-quality.csv"
2022/4/20, 70, 71, 5, 1, 23,Morelos,"tecnológico-de zacatepec, zacatepec, morelos-air-quality.csv"
2022/4/21, 51, 69, 5, 1, 23,Morelos,"tecnológico-de zacatepec, zacatepec, morelos-air-quality.csv"
2022/4/22, 59, 69, 4, , 22,Morelos,"tecnológico-de zacatepec, zacatepec, morelos-air-quality.csv"
2022/4/23, 56, 62, 6, 1, 25,Morelos,"tecnológico-de zacatepec, zacatepec, morelos-air-quality.csv"
2022/4/24, 53, 56, 4, , 24,Morelos,"tecnológico-de zacatepec, zacatepec, morelos-air-quality.csv"
2022/4/25, 87, 55, 3, , 24,Morelos,"tecnológico-de zacatepec, zacatepec, morelos-air-quality.csv"
2022/4/26, 26, 48, 6, , 24,Morelos,"tecnológico-de zacatepec, zacatepec, morelos-air-quality.csv"
2022/4/27, 30, 64, 8, 1, 25,Morelos,"tecnológico-de zacatepec, zacatepec, morelos-air-quality.csv"
2022/4/28, 25, 60, 5, 1, 25,Morelos,"tecnológico-de zacatepec, zacatepec, morelos-air-quality.csv"
2022/4/29, 29, 69, 6, , 26,Morelos,"tecnológico-de zacatepec, zacatepec, morelos-air-quality.csv"
2022/4/30, 50, 60, 4, , 26,Morelos,"tecnológico-de zacatepec, zacatepec, morelos-air-quality.csv"
2022/5/1, 386, 56, 3, , 26,Morelos,"tecnológico-de zacatepec, zacatepec, morelos-air-quality.csv"
2022/5/16, 82, 71, 3, , 1,Morelos,"tecnológico-de zacatepec, zacatepec, morelos-air-quality.csv"
2022/5/17, 71, 68, 2, , 1,Morelos,"tecnológico-de zacatepec, zacatepec, morelos-air-quality.csv"
2022/5/18, 91, 73, 2, , 2,Morelos,"tecnológico-de zacatepec, zacatepec, morelos-air-quality.csv"
2022/5/19, 96, 76, 2, , 4,Morelos,"tecnológico-de zacatepec, zacatepec, morelos-air-quality.csv"
2022/5/20, 112, 78, 4, , 4,Morelos,"tecnológico-de zacatepec, zacatepec, morelos-air-quality.csv"
2022/5/21, 88, 86, 4, 1, 7,Morelos,"tecnológico-de zacatepec, zacatepec, morelos-air-quality.csv"
2022/5/22, 133, 65, 2, , 5,Morelos,"tecnológico-de zacatepec, zacatepec, morelos-air-quality.csv"
2022/5/23, 115, 90, 5, , 6,Morelos,"tecnológico-de zacatepec, zacatepec, morelos-air-quality.csv"
2022/5/24, 55, 65, 4, , 6,Morelos,"tecnológico-de zacatepec, zacatepec, morelos-air-quality.csv"
2022/5/25, 69, 80, 2, , 6,Morelos,"tecnológico-de zacatepec, zacatepec, morelos-air-quality.csv"
2022/5/26, 45, 90, 3, , 6,Morelos,"tecnológico-de zacatepec, zacatepec, morelos-air-quality.csv"
2022/5/28, 59, 49, 1, , 5,Morelos,"tecnológico-de zacatepec, zacatepec, morelos-air-quality.csv"
2022/6/4, 20, 59, 2, , 1,Morelos,"tecnológico-de zacatepec, zacatepec, morelos-air-quality.csv"
2022/6/5, 29, 47, 3, , 1,Morelos,"tecnológico-de zacatepec, zacatepec, morelos-air-quality.csv"
2022/6/6, 35, 51, 3, , 3,Morelos,"tecnológico-de zacatepec, zacatepec, morelos-air-quality.csv"
2022/6/7, 30, 55, 5, , 5,Morelos,"tecnológico-de zacatepec, zacatepec, morelos-air-quality.csv"
2022/6/8, 28, 57, 2, , 5,Morelos,"tecnológico-de zacatepec, zacatepec, morelos-air-quality.csv"
2022/6/9, 29, 39, 3, , 5,Morelos,"tecnológico-de zacatepec, zacatepec, morelos-air-quality.csv"
2022/6/10, 218, 37, 4, , 4,Morelos,"tecnológico-de zacatepec, zacatepec, morelos-air-quality.csv"
2022/6/17, 143, 41, 5, , 5,Morelos,"tecnológico-de zacatepec, zacatepec, morelos-air-quality.csv"
2022/6/18, 424, 21, 10, , 5,Morelos,"tecnológico-de zacatepec, zacatepec, morelos-air-quality.csv"
2022/3/31, 53, 57, 6, 1, 12,Morelos,"tecnológico-de zacatepec, zacatepec, morelos-air-quality.csv"
2022/4/1, 81, 48, 5, , 12,Morelos,"tecnológico-de zacatepec, zacatepec, morelos-air-quality.csv"
2021/10/2, 15, 30, 2, , 12,Morelos,"tecnológico-de zacatepec, zacatepec, morelos-air-quality.csv"
2021/10/3, 24, 36, 2, , 13,Morelos,"tecnológico-de zacatepec, zacatepec, morelos-air-quality.csv"
2021/10/4, 40, 41, 3, , 14,Morelos,"tecnológico-de zacatepec, zacatepec, morelos-air-quality.csv"
2021/10/5, 48, 44, 2, , 15,Morelos,"tecnológico-de zacatepec, zacatepec, morelos-air-quality.csv"
2021/10/6, 38, 47, 3, , 16,Morelos,"tecnológico-de zacatepec, zacatepec, morelos-air-quality.csv"
2021/10/7, 37, 53, 4, , 17,Morelos,"tecnológico-de zacatepec, zacatepec, morelos-air-quality.csv"
2021/10/8, 45, 54, 4, , 10,Morelos,"tecnológico-de zacatepec, zacatepec, morelos-air-quality.csv"
2021/10/9, 52, 58, 3, , 7,Morelos,"tecnológico-de zacatepec, zacatepec, morelos-air-quality.csv"
2021/10/10, 48, 31, 2, , 6,Morelos,"tecnológico-de zacatepec, zacatepec, morelos-air-quality.csv"
2021/10/11, 24, 34, 3, , 7,Morelos,"tecnológico-de zacatepec, zacatepec, morelos-air-quality.csv"
2021/10/12, 27, 42, 3, , 7,Morelos,"tecnológico-de zacatepec, zacatepec, morelos-air-quality.csv"
2021/10/13, 41, 35, 3, , 8,Morelos,"tecnológico-de zacatepec, zacatepec, morelos-air-quality.csv"
2021/10/14, 33, 39, 3, , 8,Morelos,"tecnológico-de zacatepec, zacatepec, morelos-air-quality.csv"
2021/10/15, 42, 45, 4, , 9,Morelos,"tecnológico-de zacatepec, zacatepec, morelos-air-quality.csv"
2021/10/16, 56, 41, 4, , 9,Morelos,"tecnológico-de zacatepec, zacatepec, morelos-air-quality.csv"
2021/10/17, 62, 42, 3, , 9,Morelos,"tecnológico-de zacatepec, zacatepec, morelos-air-quality.csv"
2021/10/18, 44, 55, 5, , 10,Morelos,"tecnológico-de zacatepec, zacatepec, morelos-air-quality.csv"
2021/10/19, 45, 43, 4, , 11,Morelos,"tecnológico-de zacatepec, zacatepec, morelos-air-quality.csv"
2021/10/20, 44, 42, 4, , 11,Morelos,"tecnológico-de zacatepec, zacatepec, morelos-air-quality.csv"
2021/10/21, 49, 49, 3, , 10,Morelos,"tecnológico-de zacatepec, zacatepec, morelos-air-quality.csv"
2021/10/22, 41, 49, 4, , 11,Morelos,"tecnológico-de zacatepec, zacatepec, morelos-air-quality.csv"
2021/10/23, 41, 30, 2, , 11,Morelos,"tecnológico-de zacatepec, zacatepec, morelos-air-quality.csv"
2021/10/24, 29, 25, 2, , 12,Morelos,"tecnológico-de zacatepec, zacatepec, morelos-air-quality.csv"
2021/10/25, 13, 25, 4, , 14,Morelos,"tecnológico-de zacatepec, zacatepec, morelos-air-quality.csv"
2021/10/26, 31, 32, 3, , 14,Morelos,"tecnológico-de zacatepec, zacatepec, morelos-air-quality.csv"
2021/10/27, 37, 28, 3, , 14,Morelos,"tecnológico-de zacatepec, zacatepec, morelos-air-quality.csv"
2021/10/28, 24, 31, 5, 1, 14,Morelos,"tecnológico-de zacatepec, zacatepec, morelos-air-quality.csv"
2021/10/29, 41, 42, 3, 1, 14,Morelos,"tecnológico-de zacatepec, zacatepec, morelos-air-quality.csv"
2021/10/30, 29, 50, 2, , 15,Morelos,"tecnológico-de zacatepec, zacatepec, morelos-air-quality.csv"
2021/10/31, 45, 44, 2, , 16,Morelos,"tecnológico-de zacatepec, zacatepec, morelos-air-quality.csv"
2021/11/1, 56, 45, 3, , 15,Morelos,"tecnológico-de zacatepec, zacatepec, morelos-air-quality.csv"
2021/11/2, 36, 59, 2, 1, 16,Morelos,"tecnológico-de zacatepec, zacatepec, morelos-air-quality.csv"
2021/11/3, 56, 55, 3, , 16,Morelos,"tecnológico-de zacatepec, zacatepec, morelos-air-quality.csv"
2021/11/4, 60, 52, 4, , 17,Morelos,"tecnológico-de zacatepec, zacatepec, morelos-air-quality.csv"
2021/11/5, 67, 63, 4, , 17,Morelos,"tecnológico-de zacatepec, zacatepec, morelos-air-quality.csv"
2021/11/6, 68, 65, 4, 1, 17,Morelos,"tecnológico-de zacatepec, zacatepec, morelos-air-quality.csv"
2021/11/7, 57, 49, 3, 1, 17,Morelos,"tecnológico-de zacatepec, zacatepec, morelos-air-quality.csv"
2021/11/8, 45, 54, 3, 1, 17,Morelos,"tecnológico-de zacatepec, zacatepec, morelos-air-quality.csv"
2021/11/9, 44, 68, 4, 1, 18,Morelos,"tecnológico-de zacatepec, zacatepec, morelos-air-quality.csv"
2021/11/10, 56, 41, 3, , 17,Morelos,"tecnológico-de zacatepec, zacatepec, morelos-air-quality.csv"
2021/11/11, 42, 51, 4, 1, 19,Morelos,"tecnológico-de zacatepec, zacatepec, morelos-air-quality.csv"
2021/11/12, 70, 63, 6, 1, 19,Morelos,"tecnológico-de zacatepec, zacatepec, morelos-air-quality.csv"
2021/11/13, 73, 59, 4, 1, 19,Morelos,"tecnológico-de zacatepec, zacatepec, morelos-air-quality.csv"
2021/11/14, 70, 57, 4, , 19,Morelos,"tecnológico-de zacatepec, zacatepec, morelos-air-quality.csv"
2021/11/15, 50, 62, 5, 1, 20,Morelos,"tecnológico-de zacatepec, zacatepec, morelos-air-quality.csv"
2021/11/16, 69, 64, 5, 1, 21,Morelos,"tecnológico-de zacatepec, zacatepec, morelos-air-quality.csv"
2021/11/17, 77, 52, 5, 1, 21,Morelos,"tecnológico-de zacatepec, zacatepec, morelos-air-quality.csv"
2021/11/18, 61, 47, 5, , 21,Morelos,"tecnológico-de zacatepec, zacatepec, morelos-air-quality.csv"
2021/11/19, 60, 69, 5, 1, 21,Morelos,"tecnológico-de zacatepec, zacatepec, morelos-air-quality.csv"
2021/11/20, 71, 65, 6, 1, 22,Morelos,"tecnológico-de zacatepec, zacatepec, morelos-air-quality.csv"
2021/11/21, 62, 49, 5, 2, 22,Morelos,"tecnológico-de zacatepec, zacatepec, morelos-air-quality.csv"
2021/11/22, 58, 59, 4, 1, 22,Morelos,"tecnológico-de zacatepec, zacatepec, morelos-air-quality.csv"
2021/11/23, 66, 50, 6, 1, 23,Morelos,"tecnológico-de zacatepec, zacatepec, morelos-air-quality.csv"
2021/11/24, 67, 38, 5, , 22,Morelos,"tecnológico-de zacatepec, zacatepec, morelos-air-quality.csv"
2021/11/25, 51, 49, 6, 1, 24,Morelos,"tecnológico-de zacatepec, zacatepec, morelos-air-quality.csv"
2021/11/26, 63, 73, 6, 2, 23,Morelos,"tecnológico-de zacatepec, zacatepec, morelos-air-quality.csv"
2021/11/27, 86, 47, 5, 1, 23,Morelos,"tecnológico-de zacatepec, zacatepec, morelos-air-quality.csv"
2021/11/28, 61, 52, 6, 1, 25,Morelos,"tecnológico-de zacatepec, zacatepec, morelos-air-quality.csv"
2021/11/29, 81, 68, 8, 2, 26,Morelos,"tecnológico-de zacatepec, zacatepec, morelos-air-quality.csv"
2021/7/2, 16, 19, 4, 1, ,Morelos,"tecnológico-de zacatepec, zacatepec, morelos-air-quality.csv"
2021/7/3, 4, 28, 3, , ,Morelos,"tecnológico-de zacatepec, zacatepec, morelos-air-quality.csv"
2021/7/4, 17, 34, 4, , ,Morelos,"tecnológico-de zacatepec, zacatepec, morelos-air-quality.csv"
2021/7/5, 12, 28, 4, , ,Morelos,"tecnológico-de zacatepec, zacatepec, morelos-air-quality.csv"
2021/7/6, 28, 34, 5, , ,Morelos,"tecnológico-de zacatepec, zacatepec, morelos-air-quality.csv"
2021/7/7, 31, 32, 4, , ,Morelos,"tecnológico-de zacatepec, zacatepec, morelos-air-quality.csv"
2021/7/8, 41, 36, 3, , ,Morelos,"tecnológico-de zacatepec, zacatepec, morelos-air-quality.csv"
2021/7/9, 20, 32, 4, , ,Morelos,"tecnológico-de zacatepec, zacatepec, morelos-air-quality.csv"
2021/7/10, 13, 32, 3, , ,Morelos,"tecnológico-de zacatepec, zacatepec, morelos-air-quality.csv"
2021/7/11, 25, 38, 4, , ,Morelos,"tecnológico-de zacatepec, zacatepec, morelos-air-quality.csv"
2021/7/12, 56, 44, 5, , ,Morelos,"tecnológico-de zacatepec, zacatepec, morelos-air-quality.csv"
2021/7/13, 74, 40, 6, , ,Morelos,"tecnológico-de zacatepec, zacatepec, morelos-air-quality.csv"
2021/7/14, 64, 55, 5, , ,Morelos,"tecnológico-de zacatepec, zacatepec, morelos-air-quality.csv"
2021/7/15, 54, 36, 3, , ,Morelos,"tecnológico-de zacatepec, zacatepec, morelos-air-quality.csv"
2021/7/16, 34, 30, 4, , ,Morelos,"tecnológico-de zacatepec, zacatepec, morelos-air-quality.csv"
2021/7/17, 824, 40, 5, , ,Morelos,"tecnológico-de zacatepec, zacatepec, morelos-air-quality.csv"
2021/7/18, 832, 46, 4, , ,Morelos,"tecnológico-de zacatepec, zacatepec, morelos-air-quality.csv"
2021/7/19, 832, 43, 4, 3, ,Morelos,"tecnológico-de zacatepec, zacatepec, morelos-air-quality.csv"
2021/7/20, 502, 41, 5, 2, ,Morelos,"tecnológico-de zacatepec, zacatepec, morelos-air-quality.csv"
2021/7/21, 18, 39, 6, 2, ,Morelos,"tecnológico-de zacatepec, zacatepec, morelos-air-quality.csv"
2021/7/22, 22, 42, 5, 2, ,Morelos,"tecnológico-de zacatepec, zacatepec, morelos-air-quality.csv"
2021/7/23, 26, 35, 4, 2, ,Morelos,"tecnológico-de zacatepec, zacatepec, morelos-air-quality.csv"
2021/7/24, 52, 45, 5, 2, ,Morelos,"tecnológico-de zacatepec, zacatepec, morelos-air-quality.csv"
2021/7/25, 72, 47, 5, 2, ,Morelos,"tecnológico-de zacatepec, zacatepec, morelos-air-quality.csv"
2021/7/26, 793, 51, 4, 3, ,Morelos,"tecnológico-de zacatepec, zacatepec, morelos-air-quality.csv"
2021/7/27, 832, 55, 4, 2, ,Morelos,"tecnológico-de zacatepec, zacatepec, morelos-air-quality.csv"
2021/7/28, 832, 49, 4, 2, ,Morelos,"tecnológico-de zacatepec, zacatepec, morelos-air-quality.csv"
2021/7/29, 832, 52, 6, 2, ,Morelos,"tecnológico-de zacatepec, zacatepec, morelos-air-quality.csv"
2021/7/30, 832, 34, 4, 2, ,Morelos,"tecnológico-de zacatepec, zacatepec, morelos-air-quality.csv"
2021/7/31, 832, 44, 4, 2, ,Morelos,"tecnológico-de zacatepec, zacatepec, morelos-air-quality.csv"
2021/8/1, 832, 49, 3, 2, ,Morelos,"tecnológico-de zacatepec, zacatepec, morelos-air-quality.csv"
2021/8/4, 832, 40, 4, 2, ,Morelos,"tecnológico-de zacatepec, zacatepec, morelos-air-quality.csv"
2021/8/5, 832, 35, 5, 2, ,Morelos,"tecnológico-de zacatepec, zacatepec, morelos-air-quality.csv"
2021/8/6, 832, 33, 4, 1, ,Morelos,"tecnológico-de zacatepec, zacatepec, morelos-air-quality.csv"
2021/8/7, 832, 38, 4, 2, ,Morelos,"tecnológico-de zacatepec, zacatepec, morelos-air-quality.csv"
2021/8/8, 832, 29, 1, 2, ,Morelos,"tecnológico-de zacatepec, zacatepec, morelos-air-quality.csv"
2021/8/9, 832, 46, 2, 1, ,Morelos,"tecnológico-de zacatepec, zacatepec, morelos-air-quality.csv"
2021/8/10, 405, 42, 3, , ,Morelos,"tecnológico-de zacatepec, zacatepec, morelos-air-quality.csv"
2021/8/11, 34, 37, 3, , ,Morelos,"tecnológico-de zacatepec, zacatepec, morelos-air-quality.csv"
2021/8/12, 21, 40, 3, , ,Morelos,"tecnológico-de zacatepec, zacatepec, morelos-air-quality.csv"
2021/8/13, 26, 42, 6, 8, ,Morelos,"tecnológico-de zacatepec, zacatepec, morelos-air-quality.csv"
2021/8/14, 36, 33, 7, , ,Morelos,"tecnológico-de zacatepec, zacatepec, morelos-air-quality.csv"
2021/8/15, 21, 48, 33, 1, ,Morelos,"tecnológico-de zacatepec, zacatepec, morelos-air-quality.csv"
2021/8/16, 31, 41, 13, 7, ,Morelos,"tecnológico-de zacatepec, zacatepec, morelos-air-quality.csv"
2021/8/17, 79, 34, 2, 10, ,Morelos,"tecnológico-de zacatepec, zacatepec, morelos-air-quality.csv"
2021/8/18, 20, 40, 3, 10, ,Morelos,"tecnológico-de zacatepec, zacatepec, morelos-air-quality.csv"
2021/8/19, 25, 29, 2, 10, ,Morelos,"tecnológico-de zacatepec, zacatepec, morelos-air-quality.csv"
2021/8/20, 25, 29, 2, 10, ,Morelos,"tecnológico-de zacatepec, zacatepec, morelos-air-quality.csv"
2021/8/21, 30, 17, 2, 10, ,Morelos,"tecnológico-de zacatepec, zacatepec, morelos-air-quality.csv"
2021/8/22, 23, 27, 2, 10, ,Morelos,"tecnológico-de zacatepec, zacatepec, morelos-air-quality.csv"
2021/8/23, 22, 44, 2, 10, ,Morelos,"tecnológico-de zacatepec, zacatepec, morelos-air-quality.csv"
2021/8/24, 26, 36, 2, 10, ,Morelos,"tecnológico-de zacatepec, zacatepec, morelos-air-quality.csv"
2021/8/25, 29, 41, 3, 10, ,Morelos,"tecnológico-de zacatepec, zacatepec, morelos-air-quality.csv"
2021/8/26, 32, 27, 1, 10, ,Morelos,"tecnológico-de zacatepec, zacatepec, morelos-air-quality.csv"
2021/8/27, 76, 26, 3, 10, ,Morelos,"tecnológico-de zacatepec, zacatepec, morelos-air-quality.csv"
2021/8/28, 62, 24, 2, 10, ,Morelos,"tecnológico-de zacatepec, zacatepec, morelos-air-quality.csv"
2021/8/29, 40, 15, 2, 10, ,Morelos,"tecnológico-de zacatepec, zacatepec, morelos-air-quality.csv"
2021/8/30, 14, 18, 1, 9, ,Morelos,"tecnológico-de zacatepec, zacatepec, morelos-air-quality.csv"
2021/8/31, 9, 16, 1, , ,Morelos,"tecnológico-de zacatepec, zacatepec, morelos-air-quality.csv"
2021/9/1, 3, 17, 1, 2, ,Morelos,"tecnológico-de zacatepec, zacatepec, morelos-air-quality.csv"
2021/9/2, 68, 35, 1, 8, 2,Morelos,"tecnológico-de zacatepec, zacatepec, morelos-air-quality.csv"
2021/9/3, 46, 31, 2, , 1,Morelos,"tecnológico-de zacatepec, zacatepec, morelos-air-quality.csv"
2021/9/4, 8, 30, 2, , 2,Morelos,"tecnológico-de zacatepec, zacatepec, morelos-air-quality.csv"
2021/9/5, 17, 26, 1, , 2,Morelos,"tecnológico-de zacatepec, zacatepec, morelos-air-quality.csv"
2021/9/6, 15, 23, 2, , 3,Morelos,"tecnológico-de zacatepec, zacatepec, morelos-air-quality.csv"
2021/9/7, 11, 30, 3, , 3,Morelos,"tecnológico-de zacatepec, zacatepec, morelos-air-quality.csv"
2021/9/8, 15, 33, 3, , 2,Morelos,"tecnológico-de zacatepec, zacatepec, morelos-air-quality.csv"
2021/9/9, 23, 47, 2, , 2,Morelos,"tecnológico-de zacatepec, zacatepec, morelos-air-quality.csv"
2021/9/10, 31, 42, 3, , 3,Morelos,"tecnológico-de zacatepec, zacatepec, morelos-air-quality.csv"
2021/9/11, 35, 40, 2, , 3,Morelos,"tecnológico-de zacatepec, zacatepec, morelos-air-quality.csv"
2021/9/12, 27, 39, 2, , 3,Morelos,"tecnológico-de zacatepec, zacatepec, morelos-air-quality.csv"
2021/9/13, 22, 22, 3, , 4,Morelos,"tecnológico-de zacatepec, zacatepec, morelos-air-quality.csv"
2021/9/14, 14, 16, 2, , 5,Morelos,"tecnológico-de zacatepec, zacatepec, morelos-air-quality.csv"
2021/9/15, 87, 19, 2, , 5,Morelos,"tecnológico-de zacatepec, zacatepec, morelos-air-quality.csv"
2021/9/16, 18, 24, 2, , 5,Morelos,"tecnológico-de zacatepec, zacatepec, morelos-air-quality.csv"
2021/9/17, 20, 23, 3, , 6,Morelos,"tecnológico-de zacatepec, zacatepec, morelos-air-quality.csv"
2021/9/18, 17, 25, 4, , 6,Morelos,"tecnológico-de zacatepec, zacatepec, morelos-air-quality.csv"
2021/9/19, 19, 27, 2, , 7,Morelos,"tecnológico-de zacatepec, zacatepec, morelos-air-quality.csv"
2021/9/20, 10, 31, 3, , 8,Morelos,"tecnológico-de zacatepec, zacatepec, morelos-air-quality.csv"
2021/9/21, 24, 33, 3, , 9,Morelos,"tecnológico-de zacatepec, zacatepec, morelos-air-quality.csv"
2021/9/22, 34, 44, 3, , 9,Morelos,"tecnológico-de zacatepec, zacatepec, morelos-air-quality.csv"
2021/9/23, 46, 51, 3, , 8,Morelos,"tecnológico-de zacatepec, zacatepec, morelos-air-quality.csv"
2021/9/24, 32, 43, 3, , 9,Morelos,"tecnológico-de zacatepec, zacatepec, morelos-air-quality.csv"
2021/9/25, 36, 44, 3, , 10,Morelos,"tecnológico-de zacatepec, zacatepec, morelos-air-quality.csv"
2021/9/26, 41, 48, 2, , 10,Morelos,"tecnológico-de zacatepec, zacatepec, morelos-air-quality.csv"
2021/9/27, 42, 28, 2, , 10,Morelos,"tecnológico-de zacatepec, zacatepec, morelos-air-quality.csv"
2021/9/28, 17, 25, 3, , 11,Morelos,"tecnológico-de zacatepec, zacatepec, morelos-air-quality.csv"
2021/9/29, 22, 32, 2, , 11,Morelos,"tecnológico-de zacatepec, zacatepec, morelos-air-quality.csv"
2021/9/30, 28, 28, 2, , 11,Morelos,"tecnológico-de zacatepec, zacatepec, morelos-air-quality.csv"
2021/10/1, 20, 31, 3, , 12,Morelos,"tecnológico-de zacatepec, zacatepec, morelos-air-quality.csv"
2021/4/2, 56, 38, 3, , ,Morelos,"tecnológico-de zacatepec, zacatepec, morelos-air-quality.csv"
2021/4/3, 27, 53, 6, 1, ,Morelos,"tecnológico-de zacatepec, zacatepec, morelos-air-quality.csv"
2021/4/4, 25, 51, 6, 1, ,Morelos,"tecnológico-de zacatepec, zacatepec, morelos-air-quality.csv"
2021/4/5, 36, , , , ,Morelos,"tecnológico-de zacatepec, zacatepec, morelos-air-quality.csv"
2021/4/14, 93, 53, 7, 1, ,Morelos,"tecnológico-de zacatepec, zacatepec, morelos-air-quality.csv"
2021/4/15, 95, 58, 8, 1, ,Morelos,"tecnológico-de zacatepec, zacatepec, morelos-air-quality.csv"
2021/4/16, 98, 58, 8, 1, ,Morelos,"tecnológico-de zacatepec, zacatepec, morelos-air-quality.csv"
2021/4/17, 83, 48, 9, 2, 1,Morelos,"tecnológico-de zacatepec, zacatepec, morelos-air-quality.csv"
2021/4/18, 92, 47, 7, 1, ,Morelos,"tecnológico-de zacatepec, zacatepec, morelos-air-quality.csv"
2021/4/19, 81, 51, 8, 1, ,Morelos,"tecnológico-de zacatepec, zacatepec, morelos-air-quality.csv"
2021/4/20, 82, 51, 8, 1, ,Morelos,"tecnológico-de zacatepec, zacatepec, morelos-air-quality.csv"
2021/4/21, 113, 63, 9, 1, 1,Morelos,"tecnológico-de zacatepec, zacatepec, morelos-air-quality.csv"
2021/4/22, 127, 50, 8, 1, ,Morelos,"tecnológico-de zacatepec, zacatepec, morelos-air-quality.csv"
2021/4/23, 128, 58, 8, 1, ,Morelos,"tecnológico-de zacatepec, zacatepec, morelos-air-quality.csv"
2021/4/24, 110, 68, 10, 1, ,Morelos,"tecnológico-de zacatepec, zacatepec, morelos-air-quality.csv"
2021/4/25, 123, 52, 7, 1, ,Morelos,"tecnológico-de zacatepec, zacatepec, morelos-air-quality.csv"
2021/4/26, 90, 50, 7, 1, 1,Morelos,"tecnológico-de zacatepec, zacatepec, morelos-air-quality.csv"
2021/4/27, 80, 63, 5, 1, ,Morelos,"tecnológico-de zacatepec, zacatepec, morelos-air-quality.csv"
2021/4/28, 79, 52, 6, 1, ,Morelos,"tecnológico-de zacatepec, zacatepec, morelos-air-quality.csv"
2021/4/29, 84, 55, 5, 1, ,Morelos,"tecnológico-de zacatepec, zacatepec, morelos-air-quality.csv"
2021/4/30, 91, 48, 6, 1, ,Morelos,"tecnológico-de zacatepec, zacatepec, morelos-air-quality.csv"
2021/5/1, 98, 50, 3, 1, ,Morelos,"tecnológico-de zacatepec, zacatepec, morelos-air-quality.csv"
2021/5/2, 102, 41, 5, 1, ,Morelos,"tecnológico-de zacatepec, zacatepec, morelos-air-quality.csv"
2021/5/3, 78, 40, 6, 1, ,Morelos,"tecnológico-de zacatepec, zacatepec, morelos-air-quality.csv"
2021/5/4, 82, 45, 6, 1, ,Morelos,"tecnológico-de zacatepec, zacatepec, morelos-air-quality.csv"
2021/5/5, 155, 42, 5, 1, 1,Morelos,"tecnológico-de zacatepec, zacatepec, morelos-air-quality.csv"
2021/5/6, 832, 76, 8, 1, 1,Morelos,"tecnológico-de zacatepec, zacatepec, morelos-air-quality.csv"
2021/5/7, 832, 53, 10, 1, 1,Morelos,"tecnológico-de zacatepec, zacatepec, morelos-air-quality.csv"
2021/5/8, 832, , , , ,Morelos,"tecnológico-de zacatepec, zacatepec, morelos-air-quality.csv"
2021/5/14, 832, 52, 7, 1, ,Morelos,"tecnológico-de zacatepec, zacatepec, morelos-air-quality.csv"
2021/5/15, 832, 48, 6, 1, ,Morelos,"tecnológico-de zacatepec, zacatepec, morelos-air-quality.csv"
2021/5/16, 832, 46, 5, , ,Morelos,"tecnológico-de zacatepec, zacatepec, morelos-air-quality.csv"
2021/5/17, 832, 51, 8, , 1,Morelos,"tecnológico-de zacatepec, zacatepec, morelos-air-quality.csv"
2021/5/18, 832, 56, 5, , 2,Morelos,"tecnológico-de zacatepec, zacatepec, morelos-air-quality.csv"
2021/5/19, 548, 50, 7, , ,Morelos,"tecnológico-de zacatepec, zacatepec, morelos-air-quality.csv"
2021/5/20, 46, 52, 8, , ,Morelos,"tecnológico-de zacatepec, zacatepec, morelos-air-quality.csv"
2021/5/21, 55, 63, 8, 1, ,Morelos,"tecnológico-de zacatepec, zacatepec, morelos-air-quality.csv"
2021/5/22, 46, 71, 6, 1, ,Morelos,"tecnológico-de zacatepec, zacatepec, morelos-air-quality.csv"
2021/5/23, 33, 65, 6, 1, ,Morelos,"tecnológico-de zacatepec, zacatepec, morelos-air-quality.csv"
2021/5/24, 58, 55, 5, 1, ,Morelos,"tecnológico-de zacatepec, zacatepec, morelos-air-quality.csv"
2021/5/25, 30, 50, 7, 1, ,Morelos,"tecnológico-de zacatepec, zacatepec, morelos-air-quality.csv"
2021/5/26, 25, 52, 4, 1, ,Morelos,"tecnológico-de zacatepec, zacatepec, morelos-air-quality.csv"
2021/5/27, 55, 48, 7, , ,Morelos,"tecnológico-de zacatepec, zacatepec, morelos-air-quality.csv"
2021/5/28, 38, 57, 5, 1, ,Morelos,"tecnológico-de zacatepec, zacatepec, morelos-air-quality.csv"
2021/5/29, 67, 50, 7, , ,Morelos,"tecnológico-de zacatepec, zacatepec, morelos-air-quality.csv"
2021/5/30, 69, 51, 5, 1, ,Morelos,"tecnológico-de zacatepec, zacatepec, morelos-air-quality.csv"
2021/5/31, 49, 46, 6, 1, ,Morelos,"tecnológico-de zacatepec, zacatepec, morelos-air-quality.csv"
2021/6/1, 31, 46, 6, 1, ,Morelos,"tecnológico-de zacatepec, zacatepec, morelos-air-quality.csv"
2021/6/2, 54, 43, 6, , ,Morelos,"tecnológico-de zacatepec, zacatepec, morelos-air-quality.csv"
2021/6/3, 47, 39, 4, , ,Morelos,"tecnológico-de zacatepec, zacatepec, morelos-air-quality.csv"
2021/6/4, 27, 33, 5, , ,Morelos,"tecnológico-de zacatepec, zacatepec, morelos-air-quality.csv"
2021/6/5, 14, 40, 6, , ,Morelos,"tecnológico-de zacatepec, zacatepec, morelos-air-quality.csv"
2021/6/6, 21, 51, 4, , ,Morelos,"tecnológico-de zacatepec, zacatepec, morelos-air-quality.csv"
2021/6/7, 22, 49, 7, 1, ,Morelos,"tecnológico-de zacatepec, zacatepec, morelos-air-quality.csv"
2021/6/8, 26, 46, 5, 1, ,Morelos,"tecnológico-de zacatepec, zacatepec, morelos-air-quality.csv"
2021/6/9, 29, 42, 6, , ,Morelos,"tecnológico-de zacatepec, zacatepec, morelos-air-quality.csv"
2021/6/10, 16, , , , ,Morelos,"tecnológico-de zacatepec, zacatepec, morelos-air-quality.csv"
2021/6/18, 2, 23, 5, , ,Morelos,"tecnológico-de zacatepec, zacatepec, morelos-air-quality.csv"
2021/6/19, 2, 16, 5, , ,Morelos,"tecnológico-de zacatepec, zacatepec, morelos-air-quality.csv"
2021/6/20, 2, 20, 4, 1, ,Morelos,"tecnológico-de zacatepec, zacatepec, morelos-air-quality.csv"
2021/6/21, 2, 26, 4, , ,Morelos,"tecnológico-de zacatepec, zacatepec, morelos-air-quality.csv"
2021/6/22, 2, 31, 4, , ,Morelos,"tecnológico-de zacatepec, zacatepec, morelos-air-quality.csv"
2021/6/23, 2, 37, 4, , ,Morelos,"tecnológico-de zacatepec, zacatepec, morelos-air-quality.csv"
2021/6/24, 2, 36, 3, , ,Morelos,"tecnológico-de zacatepec, zacatepec, morelos-air-quality.csv"
2021/6/25, 2, 27, 4, , ,Morelos,"tecnológico-de zacatepec, zacatepec, morelos-air-quality.csv"
2021/6/26, 2, 21, 4, , ,Morelos,"tecnológico-de zacatepec, zacatepec, morelos-air-quality.csv"
2021/6/27, 3, 21, 4, , ,Morelos,"tecnológico-de zacatepec, zacatepec, morelos-air-quality.csv"
2021/6/28, 5, 17, 3, , ,Morelos,"tecnológico-de zacatepec, zacatepec, morelos-air-quality.csv"
2021/6/29, 2, 17, 2, , ,Morelos,"tecnológico-de zacatepec, zacatepec, morelos-air-quality.csv"
2021/6/30, 5, 30, 3, , ,Morelos,"tecnológico-de zacatepec, zacatepec, morelos-air-quality.csv"
2021/7/1, 7, 33, 5, 1, ,Morelos,"tecnológico-de zacatepec, zacatepec, morelos-air-quality.csv"
2021/1/12, 55, 35, 5, , 11,Morelos,"tecnológico-de zacatepec, zacatepec, morelos-air-quality.csv"
2021/1/13, 60, 38, 6, , 12,Morelos,"tecnológico-de zacatepec, zacatepec, morelos-air-quality.csv"
2021/1/14, 74, 38, 7, , 12,Morelos,"tecnológico-de zacatepec, zacatepec, morelos-air-quality.csv"
2021/1/15, 74, 40, 6, 1, 13,Morelos,"tecnológico-de zacatepec, zacatepec, morelos-air-quality.csv"
2021/1/16, 84, 39, 4, 1, 13,Morelos,"tecnológico-de zacatepec, zacatepec, morelos-air-quality.csv"
2021/1/17, 78, 33, 3, , 12,Morelos,"tecnológico-de zacatepec, zacatepec, morelos-air-quality.csv"
2021/1/18, 48, 37, 4, , 12,Morelos,"tecnológico-de zacatepec, zacatepec, morelos-air-quality.csv"
2021/1/19, 55, 49, 6, , 14,Morelos,"tecnológico-de zacatepec, zacatepec, morelos-air-quality.csv"
2021/1/20, 81, 37, 4, , 13,Morelos,"tecnológico-de zacatepec, zacatepec, morelos-air-quality.csv"
2021/1/21, 58, 42, 4, 1, 13,Morelos,"tecnológico-de zacatepec, zacatepec, morelos-air-quality.csv"
2021/1/22, 43, 58, 8, 1, 15,Morelos,"tecnológico-de zacatepec, zacatepec, morelos-air-quality.csv"
2021/1/23, 87, 49, 8, 1, 15,Morelos,"tecnológico-de zacatepec, zacatepec, morelos-air-quality.csv"
2021/1/24, 87, 45, 6, 1, 15,Morelos,"tecnológico-de zacatepec, zacatepec, morelos-air-quality.csv"
2021/1/25, 88, 38, 3, , 15,Morelos,"tecnológico-de zacatepec, zacatepec, morelos-air-quality.csv"
2021/1/26, 66, 47, 4, , 15,Morelos,"tecnológico-de zacatepec, zacatepec, morelos-air-quality.csv"
2021/1/27, 69, 65, 5, 1, 16,Morelos,"tecnológico-de zacatepec, zacatepec, morelos-air-quality.csv"
2021/1/28, 83, 39, 1, , 14,Morelos,"tecnológico-de zacatepec, zacatepec, morelos-air-quality.csv"
2021/1/29, 28, 46, 5, 1, 15,Morelos,"tecnológico-de zacatepec, zacatepec, morelos-air-quality.csv"
2021/1/30, 43, 74, 5, 1, 17,Morelos,"tecnológico-de zacatepec, zacatepec, morelos-air-quality.csv"
2021/1/31, 72, , , , ,Morelos,"tecnológico-de zacatepec, zacatepec, morelos-air-quality.csv"
2021/2/11, 60, 19, 6, 2, 24,Morelos,"tecnológico-de zacatepec, zacatepec, morelos-air-quality.csv"
2021/2/12, 166, 12, 9, 2, 17,Morelos,"tecnológico-de zacatepec, zacatepec, morelos-air-quality.csv"
2021/2/13, 70, 24, 9, 1, 18,Morelos,"tecnológico-de zacatepec, zacatepec, morelos-air-quality.csv"
2021/2/14, 69, 32, 7, , 19,Morelos,"tecnológico-de zacatepec, zacatepec, morelos-air-quality.csv"
2021/2/15, 69, 37, 10, 1, 17,Morelos,"tecnológico-de zacatepec, zacatepec, morelos-air-quality.csv"
2021/2/16, 65, 39, 10, , ,Morelos,"tecnológico-de zacatepec, zacatepec, morelos-air-quality.csv"
2021/2/17, 72, , , , ,Morelos,"tecnológico-de zacatepec, zacatepec, morelos-air-quality.csv"
2021/3/1, 832, 58, 11, 11, 1,Morelos,"tecnológico-de zacatepec, zacatepec, morelos-air-quality.csv"
2021/3/2, 636, 50, 12, 1, 1,Morelos,"tecnológico-de zacatepec, zacatepec, morelos-air-quality.csv"
2021/3/3, 86, 44, 12, 2, ,Morelos,"tecnológico-de zacatepec, zacatepec, morelos-air-quality.csv"
2021/3/4, 69, 44, 12, 1, 1,Morelos,"tecnológico-de zacatepec, zacatepec, morelos-air-quality.csv"
2021/3/5, 69, 46, 12, 1, ,Morelos,"tecnológico-de zacatepec, zacatepec, morelos-air-quality.csv"
2021/3/6, 77, 52, 11, 2, ,Morelos,"tecnológico-de zacatepec, zacatepec, morelos-air-quality.csv"
2021/3/7, 82, 46, 8, 2, ,Morelos,"tecnológico-de zacatepec, zacatepec, morelos-air-quality.csv"
2021/3/8, 90, 60, 14, 1, 2,Morelos,"tecnológico-de zacatepec, zacatepec, morelos-air-quality.csv"
2021/3/9, 64, 61, 13, 2, ,Morelos,"tecnológico-de zacatepec, zacatepec, morelos-air-quality.csv"
2021/3/10, 39, 60, 16, 2, ,Morelos,"tecnológico-de zacatepec, zacatepec, morelos-air-quality.csv"
2021/3/11, 68, 45, 14, 2, 1,Morelos,"tecnológico-de zacatepec, zacatepec, morelos-air-quality.csv"
2021/3/12, 67, 50, 15, 1, 2,Morelos,"tecnológico-de zacatepec, zacatepec, morelos-air-quality.csv"
2021/3/13, 69, 51, 11, , 1,Morelos,"tecnológico-de zacatepec, zacatepec, morelos-air-quality.csv"
2021/3/14, 66, 48, 10, 1, 1,Morelos,"tecnológico-de zacatepec, zacatepec, morelos-air-quality.csv"
2021/3/15, 71, 45, 9, 1, ,Morelos,"tecnológico-de zacatepec, zacatepec, morelos-air-quality.csv"
2021/3/16, 58, 66, 8, , ,Morelos,"tecnológico-de zacatepec, zacatepec, morelos-air-quality.csv"
2021/3/17, 47, 40, 6, , ,Morelos,"tecnológico-de zacatepec, zacatepec, morelos-air-quality.csv"
2021/3/18, 47, 58, 6, , 1,Morelos,"tecnológico-de zacatepec, zacatepec, morelos-air-quality.csv"
2021/3/19, 58, 57, 7, 1, ,Morelos,"tecnológico-de zacatepec, zacatepec, morelos-air-quality.csv"
2021/3/20, 66, 55, 6, 2, 2,Morelos,"tecnológico-de zacatepec, zacatepec, morelos-air-quality.csv"
2021/3/21, 64, 59, 7, 2, ,Morelos,"tecnológico-de zacatepec, zacatepec, morelos-air-quality.csv"
2021/3/22, 60, 44, 11, 1, ,Morelos,"tecnológico-de zacatepec, zacatepec, morelos-air-quality.csv"
2021/3/23, 87, 40, 9, 1, ,Morelos,"tecnológico-de zacatepec, zacatepec, morelos-air-quality.csv"
2021/3/24, 52, 25, 11, 1, ,Morelos,"tecnológico-de zacatepec, zacatepec, morelos-air-quality.csv"
2021/3/25, 75, , , , ,Morelos,"tecnológico-de zacatepec, zacatepec, morelos-air-quality.csv"
2021/3/31, 48, 51, 7, 1, ,Morelos,"tecnológico-de zacatepec, zacatepec, morelos-air-quality.csv"
2021/4/1, 72, 41, 4, , ,Morelos,"tecnológico-de zacatepec, zacatepec, morelos-air-quality.csv"
2020/10/2, 59, 55, 3, 3, ,Morelos,"tecnológico-de zacatepec, zacatepec, morelos-air-quality.csv"
2020/10/3, 55, 58, 2, 2, ,Morelos,"tecnológico-de zacatepec, zacatepec, morelos-air-quality.csv"
2020/10/4, 55, 44, 2, 2, ,Morelos,"tecnológico-de zacatepec, zacatepec, morelos-air-quality.csv"
2020/10/5, 47, 68, 2, 2, ,Morelos,"tecnológico-de zacatepec, zacatepec, morelos-air-quality.csv"
2020/10/6, 63, 65, 3, 2, ,Morelos,"tecnológico-de zacatepec, zacatepec, morelos-air-quality.csv"
2020/10/7, 74, 73, 4, 2, ,Morelos,"tecnológico-de zacatepec, zacatepec, morelos-air-quality.csv"
2020/10/8, 80, 64, 3, 2, ,Morelos,"tecnológico-de zacatepec, zacatepec, morelos-air-quality.csv"
2020/10/9, 76, 50, 2, 2, ,Morelos,"tecnológico-de zacatepec, zacatepec, morelos-air-quality.csv"
2020/10/10, 73, 44, 1, 2, ,Morelos,"tecnológico-de zacatepec, zacatepec, morelos-air-quality.csv"
2020/10/11, 59, 31, 2, 2, ,Morelos,"tecnológico-de zacatepec, zacatepec, morelos-air-quality.csv"
2020/10/12, 48, 29, 1, 2, ,Morelos,"tecnológico-de zacatepec, zacatepec, morelos-air-quality.csv"
2020/10/13, 19, 33, 2, 2, ,Morelos,"tecnológico-de zacatepec, zacatepec, morelos-air-quality.csv"
2020/10/14, 38, 51, 2, 2, ,Morelos,"tecnológico-de zacatepec, zacatepec, morelos-air-quality.csv"
2020/10/15, 46, 42, 2, 2, ,Morelos,"tecnológico-de zacatepec, zacatepec, morelos-air-quality.csv"
2020/10/16, 52, 47, 2, 14, ,Morelos,"tecnológico-de zacatepec, zacatepec, morelos-air-quality.csv"
2020/10/17, 47, 46, , 3, ,Morelos,"tecnológico-de zacatepec, zacatepec, morelos-air-quality.csv"
2020/10/18, 24, 52, 1, 3, ,Morelos,"tecnológico-de zacatepec, zacatepec, morelos-air-quality.csv"
2020/10/19, 50, 40, 1, 3, ,Morelos,"tecnológico-de zacatepec, zacatepec, morelos-air-quality.csv"
2020/10/20, 47, 43, 1, 3, 7,Morelos,"tecnológico-de zacatepec, zacatepec, morelos-air-quality.csv"
2020/10/21, 44, 51, 1, 3, 7,Morelos,"tecnológico-de zacatepec, zacatepec, morelos-air-quality.csv"
2020/10/22, 55, 45, 1, 3, 8,Morelos,"tecnológico-de zacatepec, zacatepec, morelos-air-quality.csv"
2020/10/23, 52, 48, 1, 3, 8,Morelos,"tecnológico-de zacatepec, zacatepec, morelos-air-quality.csv"
2020/10/24, 59, 60, 1, 3, 8,Morelos,"tecnológico-de zacatepec, zacatepec, morelos-air-quality.csv"
2020/10/25, 58, 53, 1, 3, 9,Morelos,"tecnológico-de zacatepec, zacatepec, morelos-air-quality.csv"
2020/10/26, 58, 46, 2, 3, 9,Morelos,"tecnológico-de zacatepec, zacatepec, morelos-air-quality.csv"
2020/10/27, 58, 44, 2, 3, 10,Morelos,"tecnológico-de zacatepec, zacatepec, morelos-air-quality.csv"
2020/10/28, 64, 39, 1, 3, 11,Morelos,"tecnológico-de zacatepec, zacatepec, morelos-air-quality.csv"
2020/10/29, 64, 39, , 3, 11,Morelos,"tecnológico-de zacatepec, zacatepec, morelos-air-quality.csv"
2020/10/30, 72, 48, 1, 3, 11,Morelos,"tecnológico-de zacatepec, zacatepec, morelos-air-quality.csv"
2020/10/31, 46, 40, 1, 3, 10,Morelos,"tecnológico-de zacatepec, zacatepec, morelos-air-quality.csv"
2020/11/1, 35, 43, , 3, 11,Morelos,"tecnológico-de zacatepec, zacatepec, morelos-air-quality.csv"
2020/11/2, 45, 42, , 3, 10,Morelos,"tecnológico-de zacatepec, zacatepec, morelos-air-quality.csv"
2020/11/3, 33, 54, 1, 3, 11,Morelos,"tecnológico-de zacatepec, zacatepec, morelos-air-quality.csv"
2020/11/4, 41, 47, 3, 4, 12,Morelos,"tecnológico-de zacatepec, zacatepec, morelos-air-quality.csv"
2020/11/5, 43, 49, 3, 3, 9,Morelos,"tecnológico-de zacatepec, zacatepec, morelos-air-quality.csv"
2020/11/6, 96, 52, 2, , 3,Morelos,"tecnológico-de zacatepec, zacatepec, morelos-air-quality.csv"
2020/11/7, 64, 6, 2, , 4,Morelos,"tecnológico-de zacatepec, zacatepec, morelos-air-quality.csv"
2020/11/8, 69, , , , ,Morelos,"tecnológico-de zacatepec, zacatepec, morelos-air-quality.csv"
2020/11/24, 63, 60, 5, 1, 9,Morelos,"tecnológico-de zacatepec, zacatepec, morelos-air-quality.csv"
2020/11/25, 73, 70, 7, 1, 7,Morelos,"tecnológico-de zacatepec, zacatepec, morelos-air-quality.csv"
2020/11/26, 95, 53, 6, 1, 7,Morelos,"tecnológico-de zacatepec, zacatepec, morelos-air-quality.csv"
2020/11/27, 82, 59, 9, 1, 8,Morelos,"tecnológico-de zacatepec, zacatepec, morelos-air-quality.csv"
2020/11/28, 86, 55, 8, 1, 8,Morelos,"tecnológico-de zacatepec, zacatepec, morelos-air-quality.csv"
2020/11/29, 87, 45, 5, 1, 8,Morelos,"tecnológico-de zacatepec, zacatepec, morelos-air-quality.csv"
2020/11/30, 81, 49, 6, 2, 8,Morelos,"tecnológico-de zacatepec, zacatepec, morelos-air-quality.csv"
2020/12/1, 87, 34, 5, 1, 7,Morelos,"tecnológico-de zacatepec, zacatepec, morelos-air-quality.csv"
2020/12/2, 35, 39, 7, 1, 9,Morelos,"tecnológico-de zacatepec, zacatepec, morelos-air-quality.csv"
2020/12/3, 74, 36, 6, 1, 9,Morelos,"tecnológico-de zacatepec, zacatepec, morelos-air-quality.csv"
2020/12/4, 77, 37, 7, 1, 9,Morelos,"tecnológico-de zacatepec, zacatepec, morelos-air-quality.csv"
2020/12/5, 78, 32, 7, 1, 10,Morelos,"tecnológico-de zacatepec, zacatepec, morelos-air-quality.csv"
2020/12/6, 72, 29, 5, 1, 10,Morelos,"tecnológico-de zacatepec, zacatepec, morelos-air-quality.csv"
2020/12/7, 64, 45, 7, 2, 11,Morelos,"tecnológico-de zacatepec, zacatepec, morelos-air-quality.csv"
2020/12/8, 79, 45, 7, 2, 11,Morelos,"tecnológico-de zacatepec, zacatepec, morelos-air-quality.csv"
2020/12/9, 79, 67, 9, 2, 13,Morelos,"tecnológico-de zacatepec, zacatepec, morelos-air-quality.csv"
2020/12/10, 103, 49, 7, 2, 14,Morelos,"tecnológico-de zacatepec, zacatepec, morelos-air-quality.csv"
2020/12/11, 108, 40, 6, 2, 13,Morelos,"tecnológico-de zacatepec, zacatepec, morelos-air-quality.csv"
2020/12/12, 85, 42, 6, 1, 13,Morelos,"tecnológico-de zacatepec, zacatepec, morelos-air-quality.csv"
2020/12/13, 80, 35, 6, 1, 13,Morelos,"tecnológico-de zacatepec, zacatepec, morelos-air-quality.csv"
2020/12/14, 71, 45, 7, 3, 13,Morelos,"tecnológico-de zacatepec, zacatepec, morelos-air-quality.csv"
2020/12/15, 79, 38, 6, 1, 14,Morelos,"tecnológico-de zacatepec, zacatepec, morelos-air-quality.csv"
2020/12/16, 80, 37, 7, 2, 14,Morelos,"tecnológico-de zacatepec, zacatepec, morelos-air-quality.csv"
2020/12/17, 87, 43, 8, 1, 15,Morelos,"tecnológico-de zacatepec, zacatepec, morelos-air-quality.csv"
2020/12/18, 93, 39, 8, 1, 15,Morelos,"tecnológico-de zacatepec, zacatepec, morelos-air-quality.csv"
2020/12/19, 77, 53, 10, 2, 16,Morelos,"tecnológico-de zacatepec, zacatepec, morelos-air-quality.csv"
2020/12/20, 83, 52, 9, 2, 17,Morelos,"tecnológico-de zacatepec, zacatepec, morelos-air-quality.csv"
2020/12/21, 92, 38, 8, 2, 16,Morelos,"tecnológico-de zacatepec, zacatepec, morelos-air-quality.csv"
2020/12/22, 73, 45, 10, 2, 17,Morelos,"tecnológico-de zacatepec, zacatepec, morelos-air-quality.csv"
2020/12/23, 78, 70, 11, 8, 14,Morelos,"tecnológico-de zacatepec, zacatepec, morelos-air-quality.csv"
2020/12/24, 160, 52, 8, 1, 7,Morelos,"tecnológico-de zacatepec, zacatepec, morelos-air-quality.csv"
2020/12/25, 102, 42, 4, 1, 6,Morelos,"tecnológico-de zacatepec, zacatepec, morelos-air-quality.csv"
2020/12/26, 86, 48, 5, 1, 6,Morelos,"tecnológico-de zacatepec, zacatepec, morelos-air-quality.csv"
2020/12/27, 87, 44, 5, , 6,Morelos,"tecnológico-de zacatepec, zacatepec, morelos-air-quality.csv"
2020/12/28, 78, 66, 5, 1, 7,Morelos,"tecnológico-de zacatepec, zacatepec, morelos-air-quality.csv"
2020/12/29, 86, , , , ,Morelos,"tecnológico-de zacatepec, zacatepec, morelos-air-quality.csv"
2020/8/24, 25, , , , ,Morelos,"tecnológico-de zacatepec, zacatepec, morelos-air-quality.csv"
2020/8/26, 832, 37, 3, 3, ,Morelos,"tecnológico-de zacatepec, zacatepec, morelos-air-quality.csv"
2020/8/27, 461, 20, 2, 3, ,Morelos,"tecnológico-de zacatepec, zacatepec, morelos-air-quality.csv"
2020/8/28, 7, 23, 2, 3, ,Morelos,"tecnológico-de zacatepec, zacatepec, morelos-air-quality.csv"
2020/8/29, 7, 28, 2, 3, ,Morelos,"tecnológico-de zacatepec, zacatepec, morelos-air-quality.csv"
2020/8/30, 11, 20, 2, 3, ,Morelos,"tecnológico-de zacatepec, zacatepec, morelos-air-quality.csv"
2020/8/31, 6, 22, 3, 3, ,Morelos,"tecnológico-de zacatepec, zacatepec, morelos-air-quality.csv"
2020/9/1, 11, 24, 2, 3, ,Morelos,"tecnológico-de zacatepec, zacatepec, morelos-air-quality.csv"
2020/9/2, 20, 32, 3, 3, ,Morelos,"tecnológico-de zacatepec, zacatepec, morelos-air-quality.csv"
2020/9/3, 34, 39, 3, 3, ,Morelos,"tecnológico-de zacatepec, zacatepec, morelos-air-quality.csv"
2020/9/4, 50, 39, 4, 3, ,Morelos,"tecnológico-de zacatepec, zacatepec, morelos-air-quality.csv"
2020/9/5, 42, 32, 6, 3, ,Morelos,"tecnológico-de zacatepec, zacatepec, morelos-air-quality.csv"
2020/9/6, 29, 33, 4, 3, ,Morelos,"tecnológico-de zacatepec, zacatepec, morelos-air-quality.csv"
2020/9/7, 39, 40, 3, 3, ,Morelos,"tecnológico-de zacatepec, zacatepec, morelos-air-quality.csv"
2020/9/8, 20, 31, 3, 3, ,Morelos,"tecnológico-de zacatepec, zacatepec, morelos-air-quality.csv"
2020/9/9, 19, 26, 3, 3, ,Morelos,"tecnológico-de zacatepec, zacatepec, morelos-air-quality.csv"
2020/9/10, 14, 29, 2, 3, ,Morelos,"tecnológico-de zacatepec, zacatepec, morelos-air-quality.csv"
2020/9/11, 10, 38, 4, 3, ,Morelos,"tecnológico-de zacatepec, zacatepec, morelos-air-quality.csv"
2020/9/12, 22, 37, 2, 3, ,Morelos,"tecnológico-de zacatepec, zacatepec, morelos-air-quality.csv"
2020/9/13, 13, 31, 1, 3, ,Morelos,"tecnológico-de zacatepec, zacatepec, morelos-air-quality.csv"
2020/9/14, 20, 42, 3, 3, ,Morelos,"tecnológico-de zacatepec, zacatepec, morelos-air-quality.csv"
2020/9/15, 29, 28, 2, 3, ,Morelos,"tecnológico-de zacatepec, zacatepec, morelos-air-quality.csv"
2020/9/16, 50, , , , ,Morelos,"tecnológico-de zacatepec, zacatepec, morelos-air-quality.csv"
2020/9/22, 15, 40, 2, 2, ,Morelos,"tecnológico-de zacatepec, zacatepec, morelos-air-quality.csv"
2020/9/23, 20, 35, 1, 2, ,Morelos,"tecnológico-de zacatepec, zacatepec, morelos-air-quality.csv"
2020/9/24, 38, 32, 1, 2, ,Morelos,"tecnológico-de zacatepec, zacatepec, morelos-air-quality.csv"
2020/9/25, 44, 33, 1, 2, ,Morelos,"tecnológico-de zacatepec, zacatepec, morelos-air-quality.csv"
2020/9/26, 21, 37, 3, 2, ,Morelos,"tecnológico-de zacatepec, zacatepec, morelos-air-quality.csv"
2020/9/27, 32, 29, , 2, ,Morelos,"tecnológico-de zacatepec, zacatepec, morelos-air-quality.csv"
2020/9/28, 41, 33, 1, 2, ,Morelos,"tecnológico-de zacatepec, zacatepec, morelos-air-quality.csv"
2020/9/29, 17, 24, 2, 2, ,Morelos,"tecnológico-de zacatepec, zacatepec, morelos-air-quality.csv"
2020/9/30, 15, 66, 3, 2, ,Morelos,"tecnológico-de zacatepec, zacatepec, morelos-air-quality.csv"
2020/10/1, 48, 52, 2, 2, ,Morelos,"tecnológico-de zacatepec, zacatepec, morelos-air-quality.csv"
2025/8/5, , 36, , , 5,Morelos,"tecnológico-de zacatepec, zacatepec, morelos-air-quality.csv"
2025/8/6, , 42, , , 4,Morelos,"tecnológico-de zacatepec, zacatepec, morelos-air-quality.csv"
2025/7/2, , 28, , , 3,Morelos,"tecnológico-de zacatepec, zacatepec, morelos-air-quality.csv"
2025/7/3, , 28, , 2, 3,Morelos,"tecnológico-de zacatepec, zacatepec, morelos-air-quality.csv"
2025/7/10, , 27, , 3, 4,Morelos,"tecnológico-de zacatepec, zacatepec, morelos-air-quality.csv"
2025/7/30, , 59, , 3, 5,Morelos,"tecnológico-de zacatepec, zacatepec, morelos-air-quality.csv"
2025/7/31, , 42, , , 5,Morelos,"tecnológico-de zacatepec, zacatepec, morelos-air-quality.csv"
2025/4/3, , 25, , 1, 3,Morelos,"tecnológico-de zacatepec, zacatepec, morelos-air-quality.csv"
2025/6/8, , 26, , 1, 2,Morelos,"tecnológico-de zacatepec, zacatepec, morelos-air-quality.csv"
2025/6/14, , 17, , , 2,Morelos,"tecnológico-de zacatepec, zacatepec, morelos-air-quality.csv"
2025/6/15, , 28, , , 3,Morelos,"tecnológico-de zacatepec, zacatepec, morelos-air-quality.csv"
2025/6/16, , 26, , , 2,Morelos,"tecnológico-de zacatepec, zacatepec, morelos-air-quality.csv"
2025/6/17, , 36, , , 2,Morelos,"tecnológico-de zacatepec, zacatepec, morelos-air-quality.csv"
2025/6/23, , 18, , , 3,Morelos,"tecnológico-de zacatepec, zacatepec, morelos-air-quality.csv"
2025/6/24, , 30, , , 4,Morelos,"tecnológico-de zacatepec, zacatepec, morelos-air-quality.csv"
2025/7/1, , 21, , , 3,Morelos,"tecnológico-de zacatepec, zacatepec, morelos-air-quality.csv"
2025/3/7, , 41, , , ,Morelos,"tecnológico-de zacatepec, zacatepec, morelos-air-quality.csv"
2024/7/2, , 25, , 3, ,Morelos,"tecnológico-de zacatepec, zacatepec, morelos-air-quality.csv"
2024/7/3, , 30, , 3, ,Morelos,"tecnológico-de zacatepec, zacatepec, morelos-air-quality.csv"
2024/7/5, , 42, , 3, ,Morelos,"tecnológico-de zacatepec, zacatepec, morelos-air-quality.csv"
2024/7/12, , 31, , 3, ,Morelos,"tecnológico-de zacatepec, zacatepec, morelos-air-quality.csv"
2024/7/13, , 38, , 3, ,Morelos,"tecnológico-de zacatepec, zacatepec, morelos-air-quality.csv"
2024/4/6, , 29, , 1, 1,Morelos,"tecnológico-de zacatepec, zacatepec, morelos-air-quality.csv"
2024/4/8, , 45, , 1, 3,Morelos,"tecnológico-de zacatepec, zacatepec, morelos-air-quality.csv"
2024/4/13, , 73, , 1, 2,Morelos,"tecnológico-de zacatepec, zacatepec, morelos-air-quality.csv"
2024/4/14, , 73, , 1, 2,Morelos,"tecnológico-de zacatepec, zacatepec, morelos-air-quality.csv"
2024/4/15, , 62, , 1, 4,Morelos,"tecnológico-de zacatepec, zacatepec, morelos-air-quality.csv"
2024/4/16, , 61, , 1, 4,Morelos,"tecnológico-de zacatepec, zacatepec, morelos-air-quality.csv"
2024/4/17, , 66, , 1, 4,Morelos,"tecnológico-de zacatepec, zacatepec, morelos-air-quality.csv"
2024/4/18, , 53, , 1, 4,Morelos,"tecnológico-de zacatepec, zacatepec, morelos-air-quality.csv"
2024/4/19, , 56, , 1, 5,Morelos,"tecnológico-de zacatepec, zacatepec, morelos-air-quality.csv"
2024/4/20, , 67, , 1, 4,Morelos,"tecnológico-de zacatepec, zacatepec, morelos-air-quality.csv"
2024/4/21, , 68, , 2, 4,Morelos,"tecnológico-de zacatepec, zacatepec, morelos-air-quality.csv"
2024/4/22, , 58, , 1, 3,Morelos,"tecnológico-de zacatepec, zacatepec, morelos-air-quality.csv"
2024/4/23, , 69, , 2, 2,Morelos,"tecnológico-de zacatepec, zacatepec, morelos-air-quality.csv"
2024/6/29, , 36, , 3, ,Morelos,"tecnológico-de zacatepec, zacatepec, morelos-air-quality.csv"
2024/1/30, , 21, , 2, ,Morelos,"tecnológico-de zacatepec, zacatepec, morelos-air-quality.csv"
2024/3/27, , 42, , 1, 5,Morelos,"tecnológico-de zacatepec, zacatepec, morelos-air-quality.csv"
2023/10/9, , 2, , 1, ,Morelos,"tecnológico-de zacatepec, zacatepec, morelos-air-quality.csv"
2023/10/29, , 18, , , ,Morelos,"tecnológico-de zacatepec, zacatepec, morelos-air-quality.csv"
2023/11/13, , 26, , , 1,Morelos,"tecnológico-de zacatepec, zacatepec, morelos-air-quality.csv"
2023/12/12, , 69, , , 5,Morelos,"tecnológico-de zacatepec, zacatepec, morelos-air-quality.csv"
2023/12/13, , 15, , 1, 3,Morelos,"tecnológico-de zacatepec, zacatepec, morelos-air-quality.csv"
2023/7/5, , 40, , 4, ,Morelos,"tecnológico-de zacatepec, zacatepec, morelos-air-quality.csv"
2023/5/3, , 63, , , ,Morelos,"tecnológico-de zacatepec, zacatepec, morelos-air-quality.csv"
2023/5/16, , 47, , , ,Morelos,"tecnológico-de zacatepec, zacatepec, morelos-air-quality.csv"
2023/6/14, , 60, , , ,Morelos,"tecnológico-de zacatepec, zacatepec, morelos-air-quality.csv"
2023/6/15, , 53, , 1, ,Morelos,"tecnológico-de zacatepec, zacatepec, morelos-air-quality.csv"
2023/2/1, , , , 1, ,Morelos,"tecnológico-de zacatepec, zacatepec, morelos-air-quality.csv"
2023/2/2, , , , 1, ,Morelos,"tecnológico-de zacatepec, zacatepec, morelos-air-quality.csv"
2023/2/3, , , , , ,Morelos,"tecnológico-de zacatepec, zacatepec, morelos-air-quality.csv"
2023/2/5, , , , 2, ,Morelos,"tecnológico-de zacatepec, zacatepec, morelos-air-quality.csv"
2023/2/6, , , , 1, ,Morelos,"tecnológico-de zacatepec, zacatepec, morelos-air-quality.csv"
2023/2/7, , , , 1, ,Morelos,"tecnológico-de zacatepec, zacatepec, morelos-air-quality.csv"
2023/2/20, , , , 1, ,Morelos,"tecnológico-de zacatepec, zacatepec, morelos-air-quality.csv"
2023/2/21, , 32, , 1, ,Morelos,"tecnológico-de zacatepec, zacatepec, morelos-air-quality.csv"
2022/10/19, , 33, , , 12,Morelos,"tecnológico-de zacatepec, zacatepec, morelos-air-quality.csv"
2022/11/1, , 42, , , 7,Morelos,"tecnológico-de zacatepec, zacatepec, morelos-air-quality.csv"
2022/11/7, , 63, , , 9,Morelos,"tecnológico-de zacatepec, zacatepec, morelos-air-quality.csv"
2022/11/16, , 55, , 1, 12,Morelos,"tecnológico-de zacatepec, zacatepec, morelos-air-quality.csv"
2022/11/17, , 53, , , 12,Morelos,"tecnológico-de zacatepec, zacatepec, morelos-air-quality.csv"
2022/11/18, , 56, , , 12,Morelos,"tecnológico-de zacatepec, zacatepec, morelos-air-quality.csv"
2022/11/19, , 61, , , 13,Morelos,"tecnológico-de zacatepec, zacatepec, morelos-air-quality.csv"
2022/11/20, , 78, , 1, 13,Morelos,"tecnológico-de zacatepec, zacatepec, morelos-air-quality.csv"
2022/11/21, , 49, , , 11,Morelos,"tecnológico-de zacatepec, zacatepec, morelos-air-quality.csv"
2022/11/22, , 53, , , 13,Morelos,"tecnológico-de zacatepec, zacatepec, morelos-air-quality.csv"
2022/11/23, , 47, , , 13,Morelos,"tecnológico-de zacatepec, zacatepec, morelos-air-quality.csv"
2022/11/24, , 43, , , 13,Morelos,"tecnológico-de zacatepec, zacatepec, morelos-air-quality.csv"
2022/11/25, , 37, , , 13,Morelos,"tecnológico-de zacatepec, zacatepec, morelos-air-quality.csv"
2023/1/1, , 25, , 1, ,Morelos,"tecnológico-de zacatepec, zacatepec, morelos-air-quality.csv"
2022/7/4, , 38, 8, 1, 10,Morelos,"tecnológico-de zacatepec, zacatepec, morelos-air-quality.csv"
2022/7/5, , 40, 5, , 10,Morelos,"tecnológico-de zacatepec, zacatepec, morelos-air-quality.csv"
2022/5/2, , 64, 4, , 26,Morelos,"tecnológico-de zacatepec, zacatepec, morelos-air-quality.csv"
2022/5/3, , 71, 5, 1, 27,Morelos,"tecnológico-de zacatepec, zacatepec, morelos-air-quality.csv"
2022/5/4, , 66, 5, 1, 28,Morelos,"tecnológico-de zacatepec, zacatepec, morelos-air-quality.csv"
2022/5/5, , 84, , , 28,Morelos,"tecnológico-de zacatepec, zacatepec, morelos-air-quality.csv"
2022/5/6, , 96, , , 27,Morelos,"tecnológico-de zacatepec, zacatepec, morelos-air-quality.csv"
2022/5/15, , 60, 2, , 1,Morelos,"tecnológico-de zacatepec, zacatepec, morelos-air-quality.csv"
2022/5/27, , 70, 3, , 6,Morelos,"tecnológico-de zacatepec, zacatepec, morelos-air-quality.csv"
2022/5/29, , 43, 2, , 6,Morelos,"tecnológico-de zacatepec, zacatepec, morelos-air-quality.csv"
2022/5/30, , 43, 3, , 7,Morelos,"tecnológico-de zacatepec, zacatepec, morelos-air-quality.csv"
2022/5/31, , 48, 2, , 7,Morelos,"tecnológico-de zacatepec, zacatepec, morelos-air-quality.csv"
2022/6/1, , 58, 4, , 7,Morelos,"tecnológico-de zacatepec, zacatepec, morelos-air-quality.csv"
2022/6/2, , 57, 3, , 7,Morelos,"tecnológico-de zacatepec, zacatepec, morelos-air-quality.csv"
2022/6/3, , 53, 5, 2, 12,Morelos,"tecnológico-de zacatepec, zacatepec, morelos-air-quality.csv"
2022/6/11, , 22, , , 4,Morelos,"tecnológico-de zacatepec, zacatepec, morelos-air-quality.csv"
2022/6/13, , 40, 1, , 5,Morelos,"tecnológico-de zacatepec, zacatepec, morelos-air-quality.csv"
2022/6/14, , 36, 1, , 5,Morelos,"tecnológico-de zacatepec, zacatepec, morelos-air-quality.csv"
2022/6/15, , 37, 1, , 6,Morelos,"tecnológico-de zacatepec, zacatepec, morelos-air-quality.csv"
2022/6/16, , 28, 2, , 5,Morelos,"tecnológico-de zacatepec, zacatepec, morelos-air-quality.csv"
2022/6/19, , 55, 3, , 6,Morelos,"tecnológico-de zacatepec, zacatepec, morelos-air-quality.csv"
2022/6/20, , 53, 4, , 6,Morelos,"tecnológico-de zacatepec, zacatepec, morelos-air-quality.csv"
2022/6/21, , 44, 6, , 7,Morelos,"tecnológico-de zacatepec, zacatepec, morelos-air-quality.csv"
2022/6/22, , 28, 4, , 7,Morelos,"tecnológico-de zacatepec, zacatepec, morelos-air-quality.csv"
2022/6/23, , 14, 5, , 6,Morelos,"tecnológico-de zacatepec, zacatepec, morelos-air-quality.csv"
2022/6/25, , 34, 3, , 8,Morelos,"tecnológico-de zacatepec, zacatepec, morelos-air-quality.csv"
2022/6/26, , 44, 3, , 8,Morelos,"tecnológico-de zacatepec, zacatepec, morelos-air-quality.csv"
2022/6/27, , 52, 5, , 9,Morelos,"tecnológico-de zacatepec, zacatepec, morelos-air-quality.csv"
2022/6/28, , 45, 4, , 8,Morelos,"tecnológico-de zacatepec, zacatepec, morelos-air-quality.csv"
2022/6/29, , 38, 4, , 9,Morelos,"tecnológico-de zacatepec, zacatepec, morelos-air-quality.csv"
2022/7/3, , 38, 8, 1, 10,Morelos,"tecnológico-de zacatepec, zacatepec, morelos-air-quality.csv"
2022/3/30, , 18, 13, , 12,Morelos,"tecnológico-de zacatepec, zacatepec, morelos-air-quality.csv"
2021/11/30, , 57, 9, 2, 26,Morelos,"tecnológico-de zacatepec, zacatepec, morelos-air-quality.csv"
2021/12/1, , 63, 7, 1, 26,Morelos,"tecnológico-de zacatepec, zacatepec, morelos-air-quality.csv"
2021/12/2, , 46, 7, 2, 27,Morelos,"tecnológico-de zacatepec, zacatepec, morelos-air-quality.csv"
2021/8/2, , 35, 3, 2, ,Morelos,"tecnológico-de zacatepec, zacatepec, morelos-air-quality.csv"
2021/8/3, , 31, 4, 2, ,Morelos,"tecnológico-de zacatepec, zacatepec, morelos-air-quality.csv"
2021/4/13, , 51, 8, 1, 1,Morelos,"tecnológico-de zacatepec, zacatepec, morelos-air-quality.csv"
2021/5/12, , 53, 6, , ,Morelos,"tecnológico-de zacatepec, zacatepec, morelos-air-quality.csv"
2021/5/13, , 53, 5, , ,Morelos,"tecnológico-de zacatepec, zacatepec, morelos-air-quality.csv"
2021/6/17, , 45, 5, 1, ,Morelos,"tecnológico-de zacatepec, zacatepec, morelos-air-quality.csv"
2021/1/11, , 28, 1, , 10,Morelos,"tecnológico-de zacatepec, zacatepec, morelos-air-quality.csv"
2021/2/10, , 34, 6, 2, 20,Morelos,"tecnológico-de zacatepec, zacatepec, morelos-air-quality.csv"
2021/2/28, , 45, 12, 2, 3,Morelos,"tecnológico-de zacatepec, zacatepec, morelos-air-quality.csv"
2021/3/30, , 45, 9, 1, 1,Morelos,"tecnológico-de zacatepec, zacatepec, morelos-air-quality.csv"
2020/11/23, , 49, 6, , 11,Morelos,"tecnológico-de zacatepec, zacatepec, morelos-air-quality.csv"
2020/8/23, , 36, 3, 5, ,Morelos,"tecnológico-de zacatepec, zacatepec, morelos-air-quality.csv"
2020/8/25, , 31, 2, 3, ,Morelos,"tecnológico-de zacatepec, zacatepec, morelos-air-quality.csv"
2020/9/21, , 27, 4, 3, ,Morelos,"tecnológico-de zacatepec, zacatepec, morelos-air-quality.csv"
2025/4/2, , , , 2, 2,Morelos,"tecnológico-de zacatepec, zacatepec, morelos-air-quality.csv"
2025/3/29, , , , 1, 1,Morelos,"tecnológico-de zacatepec, zacatepec, morelos-air-quality.csv"
2025/3/30, , , , 2, 2,Morelos,"tecnológico-de zacatepec, zacatepec, morelos-air-quality.csv"
2025/3/31, , , , 2, 3,Morelos,"tecnológico-de zacatepec, zacatepec, morelos-air-quality.csv"
2025/4/1, , , , 2, 3,Morelos,"tecnológico-de zacatepec, zacatepec, morelos-air-quality.csv"
2023/10/2, , , , 1, ,Morelos,"tecnológico-de zacatepec, zacatepec, morelos-air-quality.csv"
2023/10/3, , , , 1, ,Morelos,"tecnológico-de zacatepec, zacatepec, morelos-air-quality.csv"
2023/10/4, , , , 1, ,Morelos,"tecnológico-de zacatepec, zacatepec, morelos-air-quality.csv"
2023/10/5, , , , 1, ,Morelos,"tecnológico-de zacatepec, zacatepec, morelos-air-quality.csv"
2023/10/6, , , , 1, ,Morelos,"tecnológico-de zacatepec, zacatepec, morelos-air-quality.csv"
2023/10/7, , , , 1, ,Morelos,"tecnológico-de zacatepec, zacatepec, morelos-air-quality.csv"
2023/10/8, , , , 1, ,Morelos,"tecnológico-de zacatepec, zacatepec, morelos-air-quality.csv"
2023/8/25, , , , 1, ,Morelos,"tecnológico-de zacatepec, zacatepec, morelos-air-quality.csv"
2023/9/7, , , , 1, 1,Morelos,"tecnológico-de zacatepec, zacatepec, morelos-air-quality.csv"
2023/9/8, , , , 1, 1,Morelos,"tecnológico-de zacatepec, zacatepec, morelos-air-quality.csv"
2023/9/9, , , , 1, 1,Morelos,"tecnológico-de zacatepec, zacatepec, morelos-air-quality.csv"
2023/9/10, , , , 1, 1,Morelos,"tecnológico-de zacatepec, zacatepec, morelos-air-quality.csv"
2023/9/11, , , , 1, 2,Morelos,"tecnológico-de zacatepec, zacatepec, morelos-air-quality.csv"
2023/9/12, , , , 1, 2,Morelos,"tecnológico-de zacatepec, zacatepec, morelos-air-quality.csv"
2023/9/13, , , , 1, 2,Morelos,"tecnológico-de zacatepec, zacatepec, morelos-air-quality.csv"
2023/9/14, , , , 1, 1,Morelos,"tecnológico-de zacatepec, zacatepec, morelos-air-quality.csv"
2023/9/15, , , , 1, ,Morelos,"tecnológico-de zacatepec, zacatepec, morelos-air-quality.csv"
2023/9/16, , , , 2, ,Morelos,"tecnológico-de zacatepec, zacatepec, morelos-air-quality.csv"
2023/9/19, , , , 1, ,Morelos,"tecnológico-de zacatepec, zacatepec, morelos-air-quality.csv"
2023/9/20, , , , 1, ,Morelos,"tecnológico-de zacatepec, zacatepec, morelos-air-quality.csv"
2023/9/21, , , , 1, ,Morelos,"tecnológico-de zacatepec, zacatepec, morelos-air-quality.csv"
2023/9/22, , , , 1, ,Morelos,"tecnológico-de zacatepec, zacatepec, morelos-air-quality.csv"
2023/9/23, , , , 1, ,Morelos,"tecnológico-de zacatepec, zacatepec, morelos-air-quality.csv"
2023/9/24, , , , 1, ,Morelos,"tecnológico-de zacatepec, zacatepec, morelos-air-quality.csv"
2023/9/25, , , , 1, ,Morelos,"tecnológico-de zacatepec, zacatepec, morelos-air-quality.csv"
2023/9/26, , , , 1, ,Morelos,"tecnológico-de zacatepec, zacatepec, morelos-air-quality.csv"
2023/9/27, , , , 1, ,Morelos,"tecnológico-de zacatepec, zacatepec, morelos-air-quality.csv"
2023/9/28, , , , 1, ,Morelos,"tecnológico-de zacatepec, zacatepec, morelos-air-quality.csv"
2023/9/29, , , , 1, ,Morelos,"tecnológico-de zacatepec, zacatepec, morelos-air-quality.csv"
2023/9/30, , , , 1, ,Morelos,"tecnológico-de zacatepec, zacatepec, morelos-air-quality.csv"
2023/10/1, , , , 1, ,Morelos,"tecnológico-de zacatepec, zacatepec, morelos-air-quality.csv"
2023/2/8, , , , 1, ,Morelos,"tecnológico-de zacatepec, zacatepec, morelos-air-quality.csv"
2023/2/9, , , , 1, ,Morelos,"tecnológico-de zacatepec, zacatepec, morelos-air-quality.csv"
2023/2/10, , , , 2, ,Morelos,"tecnológico-de zacatepec, zacatepec, morelos-air-quality.csv"
2023/2/11, , , , 1, ,Morelos,"tecnológico-de zacatepec, zacatepec, morelos-air-quality.csv"
2023/2/12, , , , 1, ,Morelos,"tecnológico-de zacatepec, zacatepec, morelos-air-quality.csv"
2023/2/13, , , , 2, ,Morelos,"tecnológico-de zacatepec, zacatepec, morelos-air-quality.csv"
2023/2/14, , , , 2, ,Morelos,"tecnológico-de zacatepec, zacatepec, morelos-air-quality.csv"
2023/2/15, , , , 1, ,Morelos,"tecnológico-de zacatepec, zacatepec, morelos-air-quality.csv"
