date, pm25, pm10,estado,fuente_archivo
2025/8/2, 35, ,Guanajuato,san-miguel de allende presidencia municipal-air-quality.csv
2025/8/9, 54, ,Guanajuato,san-miguel de allende presidencia municipal-air-quality.csv
2025/8/10, 53, ,Guanajuato,san-miguel de allende presidencia municipal-air-quality.csv
2025/8/11, 53, ,Guanajuato,san-miguel de allende presidencia municipal-air-quality.csv
2025/8/12, 48, ,Guanajuato,san-miguel de allende presidencia municipal-air-quality.csv
2025/8/13, 55, ,Guanajuato,san-miguel de allende presidencia municipal-air-quality.csv
2025/8/14, 43, ,Guanajuato,san-miguel de allende presidencia municipal-air-quality.csv
2025/8/15, 52, ,Guanajuato,san-miguel de allende presidencia municipal-air-quality.csv
2025/8/16, 52, ,Guanajuato,san-miguel de allende presidencia municipal-air-quality.csv
2025/8/18, 53, ,Guanajuato,san-miguel de allende presidencia municipal-air-quality.csv
2025/8/19, 47, ,Guanajuato,san-miguel de allende presidencia municipal-air-quality.csv
2025/8/20, 33, ,Guanajuato,san-miguel de allende presidencia municipal-air-quality.csv
2025/8/21, 42, ,Guanajuato,san-miguel de allende presidencia municipal-air-quality.csv
2025/8/22, 44, ,Guanajuato,san-miguel de allende presidencia municipal-air-quality.csv
2025/8/23, 55, ,Guanajuato,san-miguel de allende presidencia municipal-air-quality.csv
2025/8/24, 35, ,Guanajuato,san-miguel de allende presidencia municipal-air-quality.csv
2025/8/25, 49, ,Guanajuato,san-miguel de allende presidencia municipal-air-quality.csv
2025/8/26, 51, ,Guanajuato,san-miguel de allende presidencia municipal-air-quality.csv
2025/8/27, 42, ,Guanajuato,san-miguel de allende presidencia municipal-air-quality.csv
2025/8/28, 47, ,Guanajuato,san-miguel de allende presidencia municipal-air-quality.csv
2025/7/2, 16, ,Guanajuato,san-miguel de allende presidencia municipal-air-quality.csv
2025/7/3, 45, ,Guanajuato,san-miguel de allende presidencia municipal-air-quality.csv
2025/7/4, 51, ,Guanajuato,san-miguel de allende presidencia municipal-air-quality.csv
2025/7/5, 48, ,Guanajuato,san-miguel de allende presidencia municipal-air-quality.csv
2025/7/6, 51, ,Guanajuato,san-miguel de allende presidencia municipal-air-quality.csv
2025/7/7, 50, ,Guanajuato,san-miguel de allende presidencia municipal-air-quality.csv
2025/7/8, 42, ,Guanajuato,san-miguel de allende presidencia municipal-air-quality.csv
2025/7/9, 54, ,Guanajuato,san-miguel de allende presidencia municipal-air-quality.csv
2025/7/11, 59, ,Guanajuato,san-miguel de allende presidencia municipal-air-quality.csv
2025/7/12, 39, ,Guanajuato,san-miguel de allende presidencia municipal-air-quality.csv
2025/7/13, 46, ,Guanajuato,san-miguel de allende presidencia municipal-air-quality.csv
2025/7/14, 50, ,Guanajuato,san-miguel de allende presidencia municipal-air-quality.csv
2025/7/15, 46, ,Guanajuato,san-miguel de allende presidencia municipal-air-quality.csv
2025/7/16, 47, ,Guanajuato,san-miguel de allende presidencia municipal-air-quality.csv
2025/7/17, 41, ,Guanajuato,san-miguel de allende presidencia municipal-air-quality.csv
2025/7/18, 61, ,Guanajuato,san-miguel de allende presidencia municipal-air-quality.csv
2025/7/19, 60, ,Guanajuato,san-miguel de allende presidencia municipal-air-quality.csv
2025/7/20, 49, ,Guanajuato,san-miguel de allende presidencia municipal-air-quality.csv
2025/7/21, 34, ,Guanajuato,san-miguel de allende presidencia municipal-air-quality.csv
2025/7/22, 49, ,Guanajuato,san-miguel de allende presidencia municipal-air-quality.csv
2025/7/23, 53, ,Guanajuato,san-miguel de allende presidencia municipal-air-quality.csv
2025/7/24, 44, ,Guanajuato,san-miguel de allende presidencia municipal-air-quality.csv
2025/7/25, 28, ,Guanajuato,san-miguel de allende presidencia municipal-air-quality.csv
2025/7/26, 30, ,Guanajuato,san-miguel de allende presidencia municipal-air-quality.csv
2025/7/27, 44, ,Guanajuato,san-miguel de allende presidencia municipal-air-quality.csv
2025/7/28, 31, ,Guanajuato,san-miguel de allende presidencia municipal-air-quality.csv
2025/7/29, 26, ,Guanajuato,san-miguel de allende presidencia municipal-air-quality.csv
2025/7/30, 33, ,Guanajuato,san-miguel de allende presidencia municipal-air-quality.csv
2025/7/31, 36, ,Guanajuato,san-miguel de allende presidencia municipal-air-quality.csv
2025/8/1, 38, ,Guanajuato,san-miguel de allende presidencia municipal-air-quality.csv
2025/4/2, 60, ,Guanajuato,san-miguel de allende presidencia municipal-air-quality.csv
2025/4/3, 63, ,Guanajuato,san-miguel de allende presidencia municipal-air-quality.csv
2025/4/4, 50, ,Guanajuato,san-miguel de allende presidencia municipal-air-quality.csv
2025/4/5, 58, ,Guanajuato,san-miguel de allende presidencia municipal-air-quality.csv
2025/4/6, 52, ,Guanajuato,san-miguel de allende presidencia municipal-air-quality.csv
2025/4/7, 52, ,Guanajuato,san-miguel de allende presidencia municipal-air-quality.csv
2025/4/8, 54, ,Guanajuato,san-miguel de allende presidencia municipal-air-quality.csv
2025/4/9, 53, ,Guanajuato,san-miguel de allende presidencia municipal-air-quality.csv
2025/4/10, 58, ,Guanajuato,san-miguel de allende presidencia municipal-air-quality.csv
2025/4/11, 42, ,Guanajuato,san-miguel de allende presidencia municipal-air-quality.csv
2025/4/12, 45, ,Guanajuato,san-miguel de allende presidencia municipal-air-quality.csv
2025/4/13, 49, ,Guanajuato,san-miguel de allende presidencia municipal-air-quality.csv
2025/4/14, 50, ,Guanajuato,san-miguel de allende presidencia municipal-air-quality.csv
2025/4/15, 42, ,Guanajuato,san-miguel de allende presidencia municipal-air-quality.csv
2025/4/16, 52, ,Guanajuato,san-miguel de allende presidencia municipal-air-quality.csv
2025/4/17, 63, ,Guanajuato,san-miguel de allende presidencia municipal-air-quality.csv
2025/4/18, 58, ,Guanajuato,san-miguel de allende presidencia municipal-air-quality.csv
2025/4/19, 63, ,Guanajuato,san-miguel de allende presidencia municipal-air-quality.csv
2025/4/20, 74, ,Guanajuato,san-miguel de allende presidencia municipal-air-quality.csv
2025/4/21, 67, ,Guanajuato,san-miguel de allende presidencia municipal-air-quality.csv
2025/4/22, 73, ,Guanajuato,san-miguel de allende presidencia municipal-air-quality.csv
2025/4/23, 74, ,Guanajuato,san-miguel de allende presidencia municipal-air-quality.csv
2025/4/24, 69, ,Guanajuato,san-miguel de allende presidencia municipal-air-quality.csv
2025/4/25, 74, ,Guanajuato,san-miguel de allende presidencia municipal-air-quality.csv
2025/4/26, 65, ,Guanajuato,san-miguel de allende presidencia municipal-air-quality.csv
2025/4/27, 87, ,Guanajuato,san-miguel de allende presidencia municipal-air-quality.csv
2025/4/28, 71, ,Guanajuato,san-miguel de allende presidencia municipal-air-quality.csv
2025/4/29, 71, ,Guanajuato,san-miguel de allende presidencia municipal-air-quality.csv
2025/4/30, 90, ,Guanajuato,san-miguel de allende presidencia municipal-air-quality.csv
2025/5/1, 90, ,Guanajuato,san-miguel de allende presidencia municipal-air-quality.csv
2025/5/3, 75, ,Guanajuato,san-miguel de allende presidencia municipal-air-quality.csv
2025/5/4, 50, ,Guanajuato,san-miguel de allende presidencia municipal-air-quality.csv
2025/5/5, 79, ,Guanajuato,san-miguel de allende presidencia municipal-air-quality.csv
2025/5/6, 74, ,Guanajuato,san-miguel de allende presidencia municipal-air-quality.csv
2025/5/7, 65, ,Guanajuato,san-miguel de allende presidencia municipal-air-quality.csv
2025/5/8, 59, ,Guanajuato,san-miguel de allende presidencia municipal-air-quality.csv
2025/5/9, 74, ,Guanajuato,san-miguel de allende presidencia municipal-air-quality.csv
2025/5/10, 63, ,Guanajuato,san-miguel de allende presidencia municipal-air-quality.csv
2025/5/11, 38, ,Guanajuato,san-miguel de allende presidencia municipal-air-quality.csv
2025/5/12, 48, ,Guanajuato,san-miguel de allende presidencia municipal-air-quality.csv
2025/5/13, 58, ,Guanajuato,san-miguel de allende presidencia municipal-air-quality.csv
2025/5/14, 70, ,Guanajuato,san-miguel de allende presidencia municipal-air-quality.csv
2025/5/15, 81, ,Guanajuato,san-miguel de allende presidencia municipal-air-quality.csv
2025/5/16, 71, ,Guanajuato,san-miguel de allende presidencia municipal-air-quality.csv
2025/5/19, 85, ,Guanajuato,san-miguel de allende presidencia municipal-air-quality.csv
2025/5/20, 65, ,Guanajuato,san-miguel de allende presidencia municipal-air-quality.csv
2025/5/21, 80, ,Guanajuato,san-miguel de allende presidencia municipal-air-quality.csv
2025/5/22, 56, ,Guanajuato,san-miguel de allende presidencia municipal-air-quality.csv
2025/5/23, 65, ,Guanajuato,san-miguel de allende presidencia municipal-air-quality.csv
2025/5/24, 61, ,Guanajuato,san-miguel de allende presidencia municipal-air-quality.csv
2025/5/25, 67, ,Guanajuato,san-miguel de allende presidencia municipal-air-quality.csv
2025/5/26, 55, ,Guanajuato,san-miguel de allende presidencia municipal-air-quality.csv
2025/5/27, 56, ,Guanajuato,san-miguel de allende presidencia municipal-air-quality.csv
2025/5/28, 60, ,Guanajuato,san-miguel de allende presidencia municipal-air-quality.csv
2025/5/29, 58, ,Guanajuato,san-miguel de allende presidencia municipal-air-quality.csv
2025/5/30, 43, ,Guanajuato,san-miguel de allende presidencia municipal-air-quality.csv
2025/5/31, 27, ,Guanajuato,san-miguel de allende presidencia municipal-air-quality.csv
2025/6/1, 40, ,Guanajuato,san-miguel de allende presidencia municipal-air-quality.csv
2025/6/2, 27, ,Guanajuato,san-miguel de allende presidencia municipal-air-quality.csv
2025/6/3, 50, ,Guanajuato,san-miguel de allende presidencia municipal-air-quality.csv
2025/6/4, 42, ,Guanajuato,san-miguel de allende presidencia municipal-air-quality.csv
2025/6/5, 50, ,Guanajuato,san-miguel de allende presidencia municipal-air-quality.csv
2025/6/10, 49, ,Guanajuato,san-miguel de allende presidencia municipal-air-quality.csv
2025/6/11, 63, ,Guanajuato,san-miguel de allende presidencia municipal-air-quality.csv
2025/6/15, 44, ,Guanajuato,san-miguel de allende presidencia municipal-air-quality.csv
2025/6/16, 35, ,Guanajuato,san-miguel de allende presidencia municipal-air-quality.csv
2025/6/17, 27, ,Guanajuato,san-miguel de allende presidencia municipal-air-quality.csv
2025/6/18, 30, ,Guanajuato,san-miguel de allende presidencia municipal-air-quality.csv
2025/6/19, 22, ,Guanajuato,san-miguel de allende presidencia municipal-air-quality.csv
2025/6/20, 14, ,Guanajuato,san-miguel de allende presidencia municipal-air-quality.csv
2025/6/21, 13, ,Guanajuato,san-miguel de allende presidencia municipal-air-quality.csv
2025/6/22, 35, ,Guanajuato,san-miguel de allende presidencia municipal-air-quality.csv
2025/6/23, 23, ,Guanajuato,san-miguel de allende presidencia municipal-air-quality.csv
2025/6/24, 19, ,Guanajuato,san-miguel de allende presidencia municipal-air-quality.csv
2025/6/25, 28, ,Guanajuato,san-miguel de allende presidencia municipal-air-quality.csv
2025/6/26, 21, ,Guanajuato,san-miguel de allende presidencia municipal-air-quality.csv
2025/6/27, 29, ,Guanajuato,san-miguel de allende presidencia municipal-air-quality.csv
2025/6/28, 33, ,Guanajuato,san-miguel de allende presidencia municipal-air-quality.csv
2025/6/29, 27, ,Guanajuato,san-miguel de allende presidencia municipal-air-quality.csv
2025/6/30, 29, ,Guanajuato,san-miguel de allende presidencia municipal-air-quality.csv
2025/7/1, 21, ,Guanajuato,san-miguel de allende presidencia municipal-air-quality.csv
2025/1/2, 103, ,Guanajuato,san-miguel de allende presidencia municipal-air-quality.csv
2025/1/3, 62, ,Guanajuato,san-miguel de allende presidencia municipal-air-quality.csv
2025/1/4, 51, ,Guanajuato,san-miguel de allende presidencia municipal-air-quality.csv
2025/1/5, 60, ,Guanajuato,san-miguel de allende presidencia municipal-air-quality.csv
2025/1/6, 58, ,Guanajuato,san-miguel de allende presidencia municipal-air-quality.csv
2025/1/7, 63, ,Guanajuato,san-miguel de allende presidencia municipal-air-quality.csv
2025/1/8, 68, ,Guanajuato,san-miguel de allende presidencia municipal-air-quality.csv
2025/1/9, 42, ,Guanajuato,san-miguel de allende presidencia municipal-air-quality.csv
2025/1/10, 37, ,Guanajuato,san-miguel de allende presidencia municipal-air-quality.csv
2025/1/11, 36, ,Guanajuato,san-miguel de allende presidencia municipal-air-quality.csv
2025/1/12, 23, ,Guanajuato,san-miguel de allende presidencia municipal-air-quality.csv
2025/1/13, 19, ,Guanajuato,san-miguel de allende presidencia municipal-air-quality.csv
2025/1/17, 48, ,Guanajuato,san-miguel de allende presidencia municipal-air-quality.csv
2025/1/18, 58, ,Guanajuato,san-miguel de allende presidencia municipal-air-quality.csv
2025/1/19, 38, ,Guanajuato,san-miguel de allende presidencia municipal-air-quality.csv
2025/1/20, 30, ,Guanajuato,san-miguel de allende presidencia municipal-air-quality.csv
2025/1/21, 53, ,Guanajuato,san-miguel de allende presidencia municipal-air-quality.csv
2025/1/24, 55, ,Guanajuato,san-miguel de allende presidencia municipal-air-quality.csv
2025/1/25, 42, ,Guanajuato,san-miguel de allende presidencia municipal-air-quality.csv
2025/1/26, 50, ,Guanajuato,san-miguel de allende presidencia municipal-air-quality.csv
2025/1/27, 65, ,Guanajuato,san-miguel de allende presidencia municipal-air-quality.csv
2025/1/29, 71, ,Guanajuato,san-miguel de allende presidencia municipal-air-quality.csv
2025/1/30, 66, ,Guanajuato,san-miguel de allende presidencia municipal-air-quality.csv
2025/1/31, 44, ,Guanajuato,san-miguel de allende presidencia municipal-air-quality.csv
2025/2/1, 44, ,Guanajuato,san-miguel de allende presidencia municipal-air-quality.csv
2025/2/2, 39, ,Guanajuato,san-miguel de allende presidencia municipal-air-quality.csv
2025/2/3, 47, ,Guanajuato,san-miguel de allende presidencia municipal-air-quality.csv
2025/2/4, 40, ,Guanajuato,san-miguel de allende presidencia municipal-air-quality.csv
2025/2/5, 40, ,Guanajuato,san-miguel de allende presidencia municipal-air-quality.csv
2025/2/6, 53, ,Guanajuato,san-miguel de allende presidencia municipal-air-quality.csv
2025/2/7, 58, ,Guanajuato,san-miguel de allende presidencia municipal-air-quality.csv
2025/2/8, 48, ,Guanajuato,san-miguel de allende presidencia municipal-air-quality.csv
2025/2/9, 38, ,Guanajuato,san-miguel de allende presidencia municipal-air-quality.csv
2025/2/10, 50, ,Guanajuato,san-miguel de allende presidencia municipal-air-quality.csv
2025/2/11, 56, ,Guanajuato,san-miguel de allende presidencia municipal-air-quality.csv
2025/2/12, 67, ,Guanajuato,san-miguel de allende presidencia municipal-air-quality.csv
2025/2/13, 45, ,Guanajuato,san-miguel de allende presidencia municipal-air-quality.csv
2025/2/14, 72, ,Guanajuato,san-miguel de allende presidencia municipal-air-quality.csv
2025/2/15, 61, ,Guanajuato,san-miguel de allende presidencia municipal-air-quality.csv
2025/2/16, 49, ,Guanajuato,san-miguel de allende presidencia municipal-air-quality.csv
2025/2/17, 51, ,Guanajuato,san-miguel de allende presidencia municipal-air-quality.csv
2025/2/18, 44, ,Guanajuato,san-miguel de allende presidencia municipal-air-quality.csv
2025/2/19, 59, ,Guanajuato,san-miguel de allende presidencia municipal-air-quality.csv
2025/2/20, 42, ,Guanajuato,san-miguel de allende presidencia municipal-air-quality.csv
2025/2/21, 48, ,Guanajuato,san-miguel de allende presidencia municipal-air-quality.csv
2025/2/22, 47, ,Guanajuato,san-miguel de allende presidencia municipal-air-quality.csv
2025/2/23, 43, ,Guanajuato,san-miguel de allende presidencia municipal-air-quality.csv
2025/2/24, 39, ,Guanajuato,san-miguel de allende presidencia municipal-air-quality.csv
2025/2/25, 23, ,Guanajuato,san-miguel de allende presidencia municipal-air-quality.csv
2025/2/26, 36, ,Guanajuato,san-miguel de allende presidencia municipal-air-quality.csv
2025/2/28, 54, ,Guanajuato,san-miguel de allende presidencia municipal-air-quality.csv
2025/3/1, 70, ,Guanajuato,san-miguel de allende presidencia municipal-air-quality.csv
2025/3/2, 58, ,Guanajuato,san-miguel de allende presidencia municipal-air-quality.csv
2025/3/3, 56, ,Guanajuato,san-miguel de allende presidencia municipal-air-quality.csv
2025/3/4, 54, ,Guanajuato,san-miguel de allende presidencia municipal-air-quality.csv
2025/3/5, 61, ,Guanajuato,san-miguel de allende presidencia municipal-air-quality.csv
2025/3/6, 61, ,Guanajuato,san-miguel de allende presidencia municipal-air-quality.csv
2025/3/7, 69, ,Guanajuato,san-miguel de allende presidencia municipal-air-quality.csv
2025/3/8, 50, ,Guanajuato,san-miguel de allende presidencia municipal-air-quality.csv
2025/3/9, 51, ,Guanajuato,san-miguel de allende presidencia municipal-air-quality.csv
2025/3/11, 56, ,Guanajuato,san-miguel de allende presidencia municipal-air-quality.csv
2025/3/12, 51, ,Guanajuato,san-miguel de allende presidencia municipal-air-quality.csv
2025/3/13, 42, ,Guanajuato,san-miguel de allende presidencia municipal-air-quality.csv
2025/3/14, 37, ,Guanajuato,san-miguel de allende presidencia municipal-air-quality.csv
2025/3/15, 41, ,Guanajuato,san-miguel de allende presidencia municipal-air-quality.csv
2025/3/16, 34, ,Guanajuato,san-miguel de allende presidencia municipal-air-quality.csv
2025/3/17, 51, ,Guanajuato,san-miguel de allende presidencia municipal-air-quality.csv
2025/3/18, 69, ,Guanajuato,san-miguel de allende presidencia municipal-air-quality.csv
2025/3/19, 67, ,Guanajuato,san-miguel de allende presidencia municipal-air-quality.csv
2025/3/20, 56, ,Guanajuato,san-miguel de allende presidencia municipal-air-quality.csv
2025/3/21, 100, ,Guanajuato,san-miguel de allende presidencia municipal-air-quality.csv
2025/3/22, 72, ,Guanajuato,san-miguel de allende presidencia municipal-air-quality.csv
2025/3/23, 69, ,Guanajuato,san-miguel de allende presidencia municipal-air-quality.csv
2025/3/24, 62, ,Guanajuato,san-miguel de allende presidencia municipal-air-quality.csv
2025/3/25, 72, ,Guanajuato,san-miguel de allende presidencia municipal-air-quality.csv
2025/3/26, 77, ,Guanajuato,san-miguel de allende presidencia municipal-air-quality.csv
2025/3/27, 79, ,Guanajuato,san-miguel de allende presidencia municipal-air-quality.csv
2025/3/28, 72, ,Guanajuato,san-miguel de allende presidencia municipal-air-quality.csv
2025/3/29, 45, ,Guanajuato,san-miguel de allende presidencia municipal-air-quality.csv
2025/3/30, 56, ,Guanajuato,san-miguel de allende presidencia municipal-air-quality.csv
2025/3/31, 56, ,Guanajuato,san-miguel de allende presidencia municipal-air-quality.csv
2025/4/1, 54, ,Guanajuato,san-miguel de allende presidencia municipal-air-quality.csv
2024/10/12, 21, ,Guanajuato,san-miguel de allende presidencia municipal-air-quality.csv
2024/10/16, 55, ,Guanajuato,san-miguel de allende presidencia municipal-air-quality.csv
2024/10/20, 36, ,Guanajuato,san-miguel de allende presidencia municipal-air-quality.csv
2024/10/21, 24, ,Guanajuato,san-miguel de allende presidencia municipal-air-quality.csv
2024/10/22, 13, ,Guanajuato,san-miguel de allende presidencia municipal-air-quality.csv
2024/10/23, 25, ,Guanajuato,san-miguel de allende presidencia municipal-air-quality.csv
2024/10/24, 35, ,Guanajuato,san-miguel de allende presidencia municipal-air-quality.csv
2024/10/25, 28, ,Guanajuato,san-miguel de allende presidencia municipal-air-quality.csv
2024/10/26, 42, ,Guanajuato,san-miguel de allende presidencia municipal-air-quality.csv
2024/10/27, 42, ,Guanajuato,san-miguel de allende presidencia municipal-air-quality.csv
2024/10/28, 23, ,Guanajuato,san-miguel de allende presidencia municipal-air-quality.csv
2024/10/29, 43, ,Guanajuato,san-miguel de allende presidencia municipal-air-quality.csv
2024/10/30, 64, ,Guanajuato,san-miguel de allende presidencia municipal-air-quality.csv
2024/10/31, 71, ,Guanajuato,san-miguel de allende presidencia municipal-air-quality.csv
2024/11/1, 54, ,Guanajuato,san-miguel de allende presidencia municipal-air-quality.csv
2024/11/2, 68, ,Guanajuato,san-miguel de allende presidencia municipal-air-quality.csv
2024/11/3, 77, ,Guanajuato,san-miguel de allende presidencia municipal-air-quality.csv
2024/11/4, 71, ,Guanajuato,san-miguel de allende presidencia municipal-air-quality.csv
2024/11/5, 60, ,Guanajuato,san-miguel de allende presidencia municipal-air-quality.csv
2024/11/6, 53, ,Guanajuato,san-miguel de allende presidencia municipal-air-quality.csv
2024/11/7, 60, ,Guanajuato,san-miguel de allende presidencia municipal-air-quality.csv
2024/11/8, 61, ,Guanajuato,san-miguel de allende presidencia municipal-air-quality.csv
2024/11/9, 54, ,Guanajuato,san-miguel de allende presidencia municipal-air-quality.csv
2024/11/10, 59, ,Guanajuato,san-miguel de allende presidencia municipal-air-quality.csv
2024/11/11, 56, ,Guanajuato,san-miguel de allende presidencia municipal-air-quality.csv
2024/11/12, 51, ,Guanajuato,san-miguel de allende presidencia municipal-air-quality.csv
2024/11/13, 61, ,Guanajuato,san-miguel de allende presidencia municipal-air-quality.csv
2024/11/14, 53, ,Guanajuato,san-miguel de allende presidencia municipal-air-quality.csv
2024/11/15, 54, ,Guanajuato,san-miguel de allende presidencia municipal-air-quality.csv
2024/11/16, 55, ,Guanajuato,san-miguel de allende presidencia municipal-air-quality.csv
2024/11/18, 64, ,Guanajuato,san-miguel de allende presidencia municipal-air-quality.csv
2024/11/19, 51, ,Guanajuato,san-miguel de allende presidencia municipal-air-quality.csv
2024/11/20, 46, ,Guanajuato,san-miguel de allende presidencia municipal-air-quality.csv
2024/11/21, 47, ,Guanajuato,san-miguel de allende presidencia municipal-air-quality.csv
2024/11/22, 36, ,Guanajuato,san-miguel de allende presidencia municipal-air-quality.csv
2024/11/23, 37, ,Guanajuato,san-miguel de allende presidencia municipal-air-quality.csv
2024/11/24, 48, ,Guanajuato,san-miguel de allende presidencia municipal-air-quality.csv
2024/11/25, 46, ,Guanajuato,san-miguel de allende presidencia municipal-air-quality.csv
2024/11/26, 49, ,Guanajuato,san-miguel de allende presidencia municipal-air-quality.csv
2024/11/27, 39, ,Guanajuato,san-miguel de allende presidencia municipal-air-quality.csv
2024/11/28, 51, ,Guanajuato,san-miguel de allende presidencia municipal-air-quality.csv
2024/11/29, 53, ,Guanajuato,san-miguel de allende presidencia municipal-air-quality.csv
2024/11/30, 49, ,Guanajuato,san-miguel de allende presidencia municipal-air-quality.csv
2024/12/1, 54, ,Guanajuato,san-miguel de allende presidencia municipal-air-quality.csv
2024/12/2, 48, ,Guanajuato,san-miguel de allende presidencia municipal-air-quality.csv
2024/12/3, 43, ,Guanajuato,san-miguel de allende presidencia municipal-air-quality.csv
2024/12/4, 49, ,Guanajuato,san-miguel de allende presidencia municipal-air-quality.csv
2024/12/5, 49, ,Guanajuato,san-miguel de allende presidencia municipal-air-quality.csv
2024/12/6, 53, ,Guanajuato,san-miguel de allende presidencia municipal-air-quality.csv
2024/12/7, 49, ,Guanajuato,san-miguel de allende presidencia municipal-air-quality.csv
2024/12/8, 42, ,Guanajuato,san-miguel de allende presidencia municipal-air-quality.csv
2024/12/9, 58, ,Guanajuato,san-miguel de allende presidencia municipal-air-quality.csv
2024/12/10, 58, ,Guanajuato,san-miguel de allende presidencia municipal-air-quality.csv
2024/12/11, 62, ,Guanajuato,san-miguel de allende presidencia municipal-air-quality.csv
2024/12/12, 38, ,Guanajuato,san-miguel de allende presidencia municipal-air-quality.csv
2024/12/13, 51, ,Guanajuato,san-miguel de allende presidencia municipal-air-quality.csv
2024/12/14, 65, ,Guanajuato,san-miguel de allende presidencia municipal-air-quality.csv
2024/12/15, 63, ,Guanajuato,san-miguel de allende presidencia municipal-air-quality.csv
2024/12/18, 34, ,Guanajuato,san-miguel de allende presidencia municipal-air-quality.csv
2024/12/19, 31, ,Guanajuato,san-miguel de allende presidencia municipal-air-quality.csv
2024/12/20, 25, ,Guanajuato,san-miguel de allende presidencia municipal-air-quality.csv
2024/12/21, 22, ,Guanajuato,san-miguel de allende presidencia municipal-air-quality.csv
2024/12/22, 26, ,Guanajuato,san-miguel de allende presidencia municipal-air-quality.csv
2024/12/23, 34, ,Guanajuato,san-miguel de allende presidencia municipal-air-quality.csv
2024/12/24, 46, ,Guanajuato,san-miguel de allende presidencia municipal-air-quality.csv
2024/12/25, 68, ,Guanajuato,san-miguel de allende presidencia municipal-air-quality.csv
2024/12/26, 98, ,Guanajuato,san-miguel de allende presidencia municipal-air-quality.csv
2024/8/20, 19, ,Guanajuato,san-miguel de allende presidencia municipal-air-quality.csv
2024/8/26, 52, ,Guanajuato,san-miguel de allende presidencia municipal-air-quality.csv
2024/8/27, 60, ,Guanajuato,san-miguel de allende presidencia municipal-air-quality.csv
2024/8/28, 55, ,Guanajuato,san-miguel de allende presidencia municipal-air-quality.csv
2024/9/4, 30, ,Guanajuato,san-miguel de allende presidencia municipal-air-quality.csv
2024/9/11, 35, ,Guanajuato,san-miguel de allende presidencia municipal-air-quality.csv
2024/4/8, 61, ,Guanajuato,san-miguel de allende presidencia municipal-air-quality.csv
2024/5/1, 68, ,Guanajuato,san-miguel de allende presidencia municipal-air-quality.csv
2024/5/14, 77, ,Guanajuato,san-miguel de allende presidencia municipal-air-quality.csv
2024/5/21, 79, ,Guanajuato,san-miguel de allende presidencia municipal-air-quality.csv
2024/6/5, 64, ,Guanajuato,san-miguel de allende presidencia municipal-air-quality.csv
2024/1/9, 41, ,Guanajuato,san-miguel de allende presidencia municipal-air-quality.csv
2024/2/10, 41, ,Guanajuato,san-miguel de allende presidencia municipal-air-quality.csv
2024/2/16, 131, ,Guanajuato,san-miguel de allende presidencia municipal-air-quality.csv
2024/2/17, 29, ,Guanajuato,san-miguel de allende presidencia municipal-air-quality.csv
2024/3/14, 56, ,Guanajuato,san-miguel de allende presidencia municipal-air-quality.csv
2023/12/1, 42, ,Guanajuato,san-miguel de allende presidencia municipal-air-quality.csv
2023/12/2, 58, ,Guanajuato,san-miguel de allende presidencia municipal-air-quality.csv
2023/12/8, 30, ,Guanajuato,san-miguel de allende presidencia municipal-air-quality.csv
2023/12/15, 37, ,Guanajuato,san-miguel de allende presidencia municipal-air-quality.csv
2023/12/16, 37, ,Guanajuato,san-miguel de allende presidencia municipal-air-quality.csv
2023/12/22, 39, ,Guanajuato,san-miguel de allende presidencia municipal-air-quality.csv
2023/7/2, 40, ,Guanajuato,san-miguel de allende presidencia municipal-air-quality.csv
2023/7/3, 48, ,Guanajuato,san-miguel de allende presidencia municipal-air-quality.csv
2023/7/18, 42, ,Guanajuato,san-miguel de allende presidencia municipal-air-quality.csv
2023/7/19, 49, ,Guanajuato,san-miguel de allende presidencia municipal-air-quality.csv
2023/7/20, 55, ,Guanajuato,san-miguel de allende presidencia municipal-air-quality.csv
2023/7/21, 42, ,Guanajuato,san-miguel de allende presidencia municipal-air-quality.csv
2023/7/22, 56, ,Guanajuato,san-miguel de allende presidencia municipal-air-quality.csv
2023/7/23, 46, ,Guanajuato,san-miguel de allende presidencia municipal-air-quality.csv
2023/7/24, 43, ,Guanajuato,san-miguel de allende presidencia municipal-air-quality.csv
2023/7/26, 37, ,Guanajuato,san-miguel de allende presidencia municipal-air-quality.csv
2023/7/27, 44, ,Guanajuato,san-miguel de allende presidencia municipal-air-quality.csv
2023/7/28, 53, ,Guanajuato,san-miguel de allende presidencia municipal-air-quality.csv
2023/7/29, 45, ,Guanajuato,san-miguel de allende presidencia municipal-air-quality.csv
2023/7/30, 38, ,Guanajuato,san-miguel de allende presidencia municipal-air-quality.csv
2023/7/31, 31, ,Guanajuato,san-miguel de allende presidencia municipal-air-quality.csv
2023/8/1, 23, ,Guanajuato,san-miguel de allende presidencia municipal-air-quality.csv
2023/8/2, 29, ,Guanajuato,san-miguel de allende presidencia municipal-air-quality.csv
2023/8/3, 36, ,Guanajuato,san-miguel de allende presidencia municipal-air-quality.csv
2023/8/4, 40, ,Guanajuato,san-miguel de allende presidencia municipal-air-quality.csv
2023/8/5, 32, ,Guanajuato,san-miguel de allende presidencia municipal-air-quality.csv
2023/8/6, 46, ,Guanajuato,san-miguel de allende presidencia municipal-air-quality.csv
2023/8/7, 48, ,Guanajuato,san-miguel de allende presidencia municipal-air-quality.csv
2023/8/8, 39, ,Guanajuato,san-miguel de allende presidencia municipal-air-quality.csv
2023/8/9, 43, ,Guanajuato,san-miguel de allende presidencia municipal-air-quality.csv
2023/8/15, 25, ,Guanajuato,san-miguel de allende presidencia municipal-air-quality.csv
2023/8/20, 55, ,Guanajuato,san-miguel de allende presidencia municipal-air-quality.csv
2023/8/26, 61, ,Guanajuato,san-miguel de allende presidencia municipal-air-quality.csv
2023/9/3, 47, ,Guanajuato,san-miguel de allende presidencia municipal-air-quality.csv
2023/9/4, 65, ,Guanajuato,san-miguel de allende presidencia municipal-air-quality.csv
2023/4/2, 72, ,Guanajuato,san-miguel de allende presidencia municipal-air-quality.csv
2023/4/3, 80, ,Guanajuato,san-miguel de allende presidencia municipal-air-quality.csv
2023/4/4, 76, ,Guanajuato,san-miguel de allende presidencia municipal-air-quality.csv
2023/4/5, 68, ,Guanajuato,san-miguel de allende presidencia municipal-air-quality.csv
2023/4/6, 65, ,Guanajuato,san-miguel de allende presidencia municipal-air-quality.csv
2023/4/7, 77, ,Guanajuato,san-miguel de allende presidencia municipal-air-quality.csv
2023/4/8, 58, ,Guanajuato,san-miguel de allende presidencia municipal-air-quality.csv
2023/4/9, 46, ,Guanajuato,san-miguel de allende presidencia municipal-air-quality.csv
2023/4/10, 78, ,Guanajuato,san-miguel de allende presidencia municipal-air-quality.csv
2023/4/11, 49, ,Guanajuato,san-miguel de allende presidencia municipal-air-quality.csv
2023/4/12, 38, ,Guanajuato,san-miguel de allende presidencia municipal-air-quality.csv
2023/4/13, 31, ,Guanajuato,san-miguel de allende presidencia municipal-air-quality.csv
2023/4/14, 44, ,Guanajuato,san-miguel de allende presidencia municipal-air-quality.csv
2023/4/15, 57, ,Guanajuato,san-miguel de allende presidencia municipal-air-quality.csv
2023/4/16, 50, ,Guanajuato,san-miguel de allende presidencia municipal-air-quality.csv
2023/4/17, 74, ,Guanajuato,san-miguel de allende presidencia municipal-air-quality.csv
2023/4/18, 63, ,Guanajuato,san-miguel de allende presidencia municipal-air-quality.csv
2023/4/19, 57, ,Guanajuato,san-miguel de allende presidencia municipal-air-quality.csv
2023/4/20, 53, ,Guanajuato,san-miguel de allende presidencia municipal-air-quality.csv
2023/4/21, 60, ,Guanajuato,san-miguel de allende presidencia municipal-air-quality.csv
2023/4/22, 60, ,Guanajuato,san-miguel de allende presidencia municipal-air-quality.csv
2023/4/23, 65, ,Guanajuato,san-miguel de allende presidencia municipal-air-quality.csv
2023/4/24, 67, ,Guanajuato,san-miguel de allende presidencia municipal-air-quality.csv
2023/4/25, 47, ,Guanajuato,san-miguel de allende presidencia municipal-air-quality.csv
2023/4/26, 59, ,Guanajuato,san-miguel de allende presidencia municipal-air-quality.csv
2023/4/27, 56, ,Guanajuato,san-miguel de allende presidencia municipal-air-quality.csv
2023/4/28, 60, ,Guanajuato,san-miguel de allende presidencia municipal-air-quality.csv
2023/4/29, 69, ,Guanajuato,san-miguel de allende presidencia municipal-air-quality.csv
2023/4/30, 63, ,Guanajuato,san-miguel de allende presidencia municipal-air-quality.csv
2023/5/1, 58, ,Guanajuato,san-miguel de allende presidencia municipal-air-quality.csv
2023/5/2, 67, ,Guanajuato,san-miguel de allende presidencia municipal-air-quality.csv
2023/5/3, 66, ,Guanajuato,san-miguel de allende presidencia municipal-air-quality.csv
2023/5/4, 91, ,Guanajuato,san-miguel de allende presidencia municipal-air-quality.csv
2023/5/5, 101, ,Guanajuato,san-miguel de allende presidencia municipal-air-quality.csv
2023/5/6, 96, ,Guanajuato,san-miguel de allende presidencia municipal-air-quality.csv
2023/5/7, 84, ,Guanajuato,san-miguel de allende presidencia municipal-air-quality.csv
2023/5/8, 70, ,Guanajuato,san-miguel de allende presidencia municipal-air-quality.csv
2023/5/9, 70, ,Guanajuato,san-miguel de allende presidencia municipal-air-quality.csv
2023/5/10, 60, ,Guanajuato,san-miguel de allende presidencia municipal-air-quality.csv
2023/5/11, 53, ,Guanajuato,san-miguel de allende presidencia municipal-air-quality.csv
2023/5/12, 52, ,Guanajuato,san-miguel de allende presidencia municipal-air-quality.csv
2023/5/13, 68, ,Guanajuato,san-miguel de allende presidencia municipal-air-quality.csv
2023/5/14, 75, ,Guanajuato,san-miguel de allende presidencia municipal-air-quality.csv
2023/5/15, 51, ,Guanajuato,san-miguel de allende presidencia municipal-air-quality.csv
2023/5/16, 44, ,Guanajuato,san-miguel de allende presidencia municipal-air-quality.csv
2023/5/17, 56, ,Guanajuato,san-miguel de allende presidencia municipal-air-quality.csv
2023/5/18, 60, ,Guanajuato,san-miguel de allende presidencia municipal-air-quality.csv
2023/5/19, 66, ,Guanajuato,san-miguel de allende presidencia municipal-air-quality.csv
2023/5/20, 66, ,Guanajuato,san-miguel de allende presidencia municipal-air-quality.csv
2023/5/21, 53, ,Guanajuato,san-miguel de allende presidencia municipal-air-quality.csv
2023/5/22, 40, ,Guanajuato,san-miguel de allende presidencia municipal-air-quality.csv
2023/5/23, 44, ,Guanajuato,san-miguel de allende presidencia municipal-air-quality.csv
2023/5/24, 54, ,Guanajuato,san-miguel de allende presidencia municipal-air-quality.csv
2023/5/25, 55, ,Guanajuato,san-miguel de allende presidencia municipal-air-quality.csv
2023/5/26, 71, ,Guanajuato,san-miguel de allende presidencia municipal-air-quality.csv
2023/5/27, 69, ,Guanajuato,san-miguel de allende presidencia municipal-air-quality.csv
2023/5/28, 55, ,Guanajuato,san-miguel de allende presidencia municipal-air-quality.csv
2023/5/29, 59, ,Guanajuato,san-miguel de allende presidencia municipal-air-quality.csv
2023/5/30, 53, ,Guanajuato,san-miguel de allende presidencia municipal-air-quality.csv
2023/5/31, 53, ,Guanajuato,san-miguel de allende presidencia municipal-air-quality.csv
2023/6/1, 60, ,Guanajuato,san-miguel de allende presidencia municipal-air-quality.csv
2023/6/2, 68, ,Guanajuato,san-miguel de allende presidencia municipal-air-quality.csv
2023/6/3, 82, ,Guanajuato,san-miguel de allende presidencia municipal-air-quality.csv
2023/6/8, 49, ,Guanajuato,san-miguel de allende presidencia municipal-air-quality.csv
2023/6/10, 64, ,Guanajuato,san-miguel de allende presidencia municipal-air-quality.csv
2023/6/11, 61, ,Guanajuato,san-miguel de allende presidencia municipal-air-quality.csv
2023/6/12, 66, ,Guanajuato,san-miguel de allende presidencia municipal-air-quality.csv
2023/6/13, 57, ,Guanajuato,san-miguel de allende presidencia municipal-air-quality.csv
2023/6/14, 41, ,Guanajuato,san-miguel de allende presidencia municipal-air-quality.csv
2023/6/15, 36, ,Guanajuato,san-miguel de allende presidencia municipal-air-quality.csv
2023/6/16, 44, ,Guanajuato,san-miguel de allende presidencia municipal-air-quality.csv
2023/6/17, 66, ,Guanajuato,san-miguel de allende presidencia municipal-air-quality.csv
2023/6/18, 87, ,Guanajuato,san-miguel de allende presidencia municipal-air-quality.csv
2023/6/19, 77, ,Guanajuato,san-miguel de allende presidencia municipal-air-quality.csv
2023/6/20, 51, ,Guanajuato,san-miguel de allende presidencia municipal-air-quality.csv
2023/6/21, 52, ,Guanajuato,san-miguel de allende presidencia municipal-air-quality.csv
2023/6/22, 56, ,Guanajuato,san-miguel de allende presidencia municipal-air-quality.csv
2023/6/23, 52, ,Guanajuato,san-miguel de allende presidencia municipal-air-quality.csv
2023/6/24, 63, ,Guanajuato,san-miguel de allende presidencia municipal-air-quality.csv
2023/6/25, 54, ,Guanajuato,san-miguel de allende presidencia municipal-air-quality.csv
2023/6/26, 39, ,Guanajuato,san-miguel de allende presidencia municipal-air-quality.csv
2023/6/27, 35, ,Guanajuato,san-miguel de allende presidencia municipal-air-quality.csv
2023/6/28, 36, ,Guanajuato,san-miguel de allende presidencia municipal-air-quality.csv
2023/6/29, 49, ,Guanajuato,san-miguel de allende presidencia municipal-air-quality.csv
2023/6/30, 35, ,Guanajuato,san-miguel de allende presidencia municipal-air-quality.csv
2023/7/1, 28, ,Guanajuato,san-miguel de allende presidencia municipal-air-quality.csv
2023/1/3, 44, ,Guanajuato,san-miguel de allende presidencia municipal-air-quality.csv
2023/1/4, 45, ,Guanajuato,san-miguel de allende presidencia municipal-air-quality.csv
2023/1/11, 60, ,Guanajuato,san-miguel de allende presidencia municipal-air-quality.csv
2023/1/12, 74, ,Guanajuato,san-miguel de allende presidencia municipal-air-quality.csv
2023/1/13, 73, ,Guanajuato,san-miguel de allende presidencia municipal-air-quality.csv
2023/1/14, 49, ,Guanajuato,san-miguel de allende presidencia municipal-air-quality.csv
2023/1/15, 48, ,Guanajuato,san-miguel de allende presidencia municipal-air-quality.csv
2023/1/16, 72, ,Guanajuato,san-miguel de allende presidencia municipal-air-quality.csv
2023/1/17, 50, ,Guanajuato,san-miguel de allende presidencia municipal-air-quality.csv
2023/1/18, 64, ,Guanajuato,san-miguel de allende presidencia municipal-air-quality.csv
2023/1/19, 66, ,Guanajuato,san-miguel de allende presidencia municipal-air-quality.csv
2023/1/20, 69, ,Guanajuato,san-miguel de allende presidencia municipal-air-quality.csv
2023/1/21, 83, ,Guanajuato,san-miguel de allende presidencia municipal-air-quality.csv
2023/1/22, 71, ,Guanajuato,san-miguel de allende presidencia municipal-air-quality.csv
2023/1/23, 60, ,Guanajuato,san-miguel de allende presidencia municipal-air-quality.csv
2023/1/24, 59, ,Guanajuato,san-miguel de allende presidencia municipal-air-quality.csv
2023/1/25, 46, ,Guanajuato,san-miguel de allende presidencia municipal-air-quality.csv
2023/1/26, 47, ,Guanajuato,san-miguel de allende presidencia municipal-air-quality.csv
2023/1/27, 48, ,Guanajuato,san-miguel de allende presidencia municipal-air-quality.csv
2023/1/28, 54, ,Guanajuato,san-miguel de allende presidencia municipal-air-quality.csv
2023/1/29, 58, ,Guanajuato,san-miguel de allende presidencia municipal-air-quality.csv
2023/1/30, 52, ,Guanajuato,san-miguel de allende presidencia municipal-air-quality.csv
2023/1/31, 56, ,Guanajuato,san-miguel de allende presidencia municipal-air-quality.csv
2023/2/1, 60, ,Guanajuato,san-miguel de allende presidencia municipal-air-quality.csv
2023/2/2, 69, ,Guanajuato,san-miguel de allende presidencia municipal-air-quality.csv
2023/2/3, 65, ,Guanajuato,san-miguel de allende presidencia municipal-air-quality.csv
2023/2/4, 37, ,Guanajuato,san-miguel de allende presidencia municipal-air-quality.csv
2023/2/8, 76, ,Guanajuato,san-miguel de allende presidencia municipal-air-quality.csv
2023/2/9, 73, ,Guanajuato,san-miguel de allende presidencia municipal-air-quality.csv
2023/2/10, 78, ,Guanajuato,san-miguel de allende presidencia municipal-air-quality.csv
2023/2/11, 55, ,Guanajuato,san-miguel de allende presidencia municipal-air-quality.csv
2023/2/12, 38, ,Guanajuato,san-miguel de allende presidencia municipal-air-quality.csv
2023/2/13, 52, ,Guanajuato,san-miguel de allende presidencia municipal-air-quality.csv
2023/2/14, 77, ,Guanajuato,san-miguel de allende presidencia municipal-air-quality.csv
2023/2/15, 52, ,Guanajuato,san-miguel de allende presidencia municipal-air-quality.csv
2023/2/16, 48, ,Guanajuato,san-miguel de allende presidencia municipal-air-quality.csv
2023/2/17, 63, ,Guanajuato,san-miguel de allende presidencia municipal-air-quality.csv
2023/2/18, 61, ,Guanajuato,san-miguel de allende presidencia municipal-air-quality.csv
2023/2/19, 42, ,Guanajuato,san-miguel de allende presidencia municipal-air-quality.csv
2023/2/20, 50, ,Guanajuato,san-miguel de allende presidencia municipal-air-quality.csv
2023/2/21, 51, ,Guanajuato,san-miguel de allende presidencia municipal-air-quality.csv
2023/2/22, 64, ,Guanajuato,san-miguel de allende presidencia municipal-air-quality.csv
2023/2/23, 52, ,Guanajuato,san-miguel de allende presidencia municipal-air-quality.csv
2023/2/24, 58, ,Guanajuato,san-miguel de allende presidencia municipal-air-quality.csv
2023/2/25, 57, ,Guanajuato,san-miguel de allende presidencia municipal-air-quality.csv
2023/2/26, 69, ,Guanajuato,san-miguel de allende presidencia municipal-air-quality.csv
2023/2/27, 59, ,Guanajuato,san-miguel de allende presidencia municipal-air-quality.csv
2023/2/28, 47, ,Guanajuato,san-miguel de allende presidencia municipal-air-quality.csv
2023/3/1, 62, ,Guanajuato,san-miguel de allende presidencia municipal-air-quality.csv
2023/3/2, 54, ,Guanajuato,san-miguel de allende presidencia municipal-air-quality.csv
2023/3/3, 49, ,Guanajuato,san-miguel de allende presidencia municipal-air-quality.csv
2023/3/4, 53, ,Guanajuato,san-miguel de allende presidencia municipal-air-quality.csv
2023/3/5, 62, ,Guanajuato,san-miguel de allende presidencia municipal-air-quality.csv
2023/3/6, 62, ,Guanajuato,san-miguel de allende presidencia municipal-air-quality.csv
2023/3/7, 63, ,Guanajuato,san-miguel de allende presidencia municipal-air-quality.csv
2023/3/8, 63, ,Guanajuato,san-miguel de allende presidencia municipal-air-quality.csv
2023/3/9, 71, ,Guanajuato,san-miguel de allende presidencia municipal-air-quality.csv
2023/3/10, 77, ,Guanajuato,san-miguel de allende presidencia municipal-air-quality.csv
2023/3/11, 84, ,Guanajuato,san-miguel de allende presidencia municipal-air-quality.csv
2023/3/12, 81, ,Guanajuato,san-miguel de allende presidencia municipal-air-quality.csv
2023/3/13, 68, ,Guanajuato,san-miguel de allende presidencia municipal-air-quality.csv
2023/3/14, 66, ,Guanajuato,san-miguel de allende presidencia municipal-air-quality.csv
2023/3/15, 67, ,Guanajuato,san-miguel de allende presidencia municipal-air-quality.csv
2023/3/16, 57, ,Guanajuato,san-miguel de allende presidencia municipal-air-quality.csv
2023/3/17, 46, ,Guanajuato,san-miguel de allende presidencia municipal-air-quality.csv
2023/3/18, 53, ,Guanajuato,san-miguel de allende presidencia municipal-air-quality.csv
2023/3/19, 55, ,Guanajuato,san-miguel de allende presidencia municipal-air-quality.csv
2023/3/20, 48, ,Guanajuato,san-miguel de allende presidencia municipal-air-quality.csv
2023/3/21, 43, ,Guanajuato,san-miguel de allende presidencia municipal-air-quality.csv
2023/3/22, 48, ,Guanajuato,san-miguel de allende presidencia municipal-air-quality.csv
2023/3/23, 58, ,Guanajuato,san-miguel de allende presidencia municipal-air-quality.csv
2023/3/24, 66, ,Guanajuato,san-miguel de allende presidencia municipal-air-quality.csv
2023/3/25, 52, ,Guanajuato,san-miguel de allende presidencia municipal-air-quality.csv
2023/3/26, 52, ,Guanajuato,san-miguel de allende presidencia municipal-air-quality.csv
2023/3/27, 58, ,Guanajuato,san-miguel de allende presidencia municipal-air-quality.csv
2023/3/28, 63, ,Guanajuato,san-miguel de allende presidencia municipal-air-quality.csv
2023/3/29, 81, ,Guanajuato,san-miguel de allende presidencia municipal-air-quality.csv
2023/3/30, 80, ,Guanajuato,san-miguel de allende presidencia municipal-air-quality.csv
2023/3/31, 65, ,Guanajuato,san-miguel de allende presidencia municipal-air-quality.csv
2023/4/1, 73, ,Guanajuato,san-miguel de allende presidencia municipal-air-quality.csv
2022/10/2, 43, ,Guanajuato,san-miguel de allende presidencia municipal-air-quality.csv
2022/10/3, 47, ,Guanajuato,san-miguel de allende presidencia municipal-air-quality.csv
2022/10/4, 57, ,Guanajuato,san-miguel de allende presidencia municipal-air-quality.csv
2022/10/5, 57, ,Guanajuato,san-miguel de allende presidencia municipal-air-quality.csv
2022/10/6, 47, ,Guanajuato,san-miguel de allende presidencia municipal-air-quality.csv
2022/10/7, 29, ,Guanajuato,san-miguel de allende presidencia municipal-air-quality.csv
2022/10/8, 23, ,Guanajuato,san-miguel de allende presidencia municipal-air-quality.csv
2022/10/9, 27, ,Guanajuato,san-miguel de allende presidencia municipal-air-quality.csv
2022/10/10, 22, ,Guanajuato,san-miguel de allende presidencia municipal-air-quality.csv
2022/10/11, 27, ,Guanajuato,san-miguel de allende presidencia municipal-air-quality.csv
2022/10/12, 27, ,Guanajuato,san-miguel de allende presidencia municipal-air-quality.csv
2022/10/13, 25, ,Guanajuato,san-miguel de allende presidencia municipal-air-quality.csv
2022/10/14, 28, ,Guanajuato,san-miguel de allende presidencia municipal-air-quality.csv
2022/10/15, 37, ,Guanajuato,san-miguel de allende presidencia municipal-air-quality.csv
2022/10/16, 39, ,Guanajuato,san-miguel de allende presidencia municipal-air-quality.csv
2022/10/17, 44, ,Guanajuato,san-miguel de allende presidencia municipal-air-quality.csv
2022/10/18, 45, ,Guanajuato,san-miguel de allende presidencia municipal-air-quality.csv
2022/10/19, 46, ,Guanajuato,san-miguel de allende presidencia municipal-air-quality.csv
2022/10/20, 20, ,Guanajuato,san-miguel de allende presidencia municipal-air-quality.csv
2022/10/21, 34, ,Guanajuato,san-miguel de allende presidencia municipal-air-quality.csv
2022/10/22, 42, ,Guanajuato,san-miguel de allende presidencia municipal-air-quality.csv
2022/10/23, 44, ,Guanajuato,san-miguel de allende presidencia municipal-air-quality.csv
2022/10/24, 32, ,Guanajuato,san-miguel de allende presidencia municipal-air-quality.csv
2022/10/25, 36, ,Guanajuato,san-miguel de allende presidencia municipal-air-quality.csv
2022/10/26, 46, ,Guanajuato,san-miguel de allende presidencia municipal-air-quality.csv
2022/10/27, 53, ,Guanajuato,san-miguel de allende presidencia municipal-air-quality.csv
2022/10/28, 55, ,Guanajuato,san-miguel de allende presidencia municipal-air-quality.csv
2022/10/29, 56, ,Guanajuato,san-miguel de allende presidencia municipal-air-quality.csv
2022/10/30, 67, ,Guanajuato,san-miguel de allende presidencia municipal-air-quality.csv
2022/10/31, 66, ,Guanajuato,san-miguel de allende presidencia municipal-air-quality.csv
2022/11/1, 64, ,Guanajuato,san-miguel de allende presidencia municipal-air-quality.csv
2022/11/2, 63, ,Guanajuato,san-miguel de allende presidencia municipal-air-quality.csv
2022/11/3, 59, ,Guanajuato,san-miguel de allende presidencia municipal-air-quality.csv
2022/11/4, 59, ,Guanajuato,san-miguel de allende presidencia municipal-air-quality.csv
2022/11/5, 66, ,Guanajuato,san-miguel de allende presidencia municipal-air-quality.csv
2022/11/6, 63, ,Guanajuato,san-miguel de allende presidencia municipal-air-quality.csv
2022/11/7, 61, ,Guanajuato,san-miguel de allende presidencia municipal-air-quality.csv
2022/11/8, 49, ,Guanajuato,san-miguel de allende presidencia municipal-air-quality.csv
2022/11/9, 46, ,Guanajuato,san-miguel de allende presidencia municipal-air-quality.csv
2022/11/10, 37, ,Guanajuato,san-miguel de allende presidencia municipal-air-quality.csv
2022/11/11, 51, ,Guanajuato,san-miguel de allende presidencia municipal-air-quality.csv
2022/11/12, 65, ,Guanajuato,san-miguel de allende presidencia municipal-air-quality.csv
2022/11/13, 75, ,Guanajuato,san-miguel de allende presidencia municipal-air-quality.csv
2022/11/14, 68, ,Guanajuato,san-miguel de allende presidencia municipal-air-quality.csv
2022/11/15, 63, ,Guanajuato,san-miguel de allende presidencia municipal-air-quality.csv
2022/11/16, 65, ,Guanajuato,san-miguel de allende presidencia municipal-air-quality.csv
2022/11/17, 57, ,Guanajuato,san-miguel de allende presidencia municipal-air-quality.csv
2022/11/18, 48, ,Guanajuato,san-miguel de allende presidencia municipal-air-quality.csv
2022/11/19, 43, ,Guanajuato,san-miguel de allende presidencia municipal-air-quality.csv
2022/11/20, 52, ,Guanajuato,san-miguel de allende presidencia municipal-air-quality.csv
2022/12/4, 33, ,Guanajuato,san-miguel de allende presidencia municipal-air-quality.csv
2022/12/5, 23, ,Guanajuato,san-miguel de allende presidencia municipal-air-quality.csv
2022/12/6, 33, ,Guanajuato,san-miguel de allende presidencia municipal-air-quality.csv
2022/12/7, 47, ,Guanajuato,san-miguel de allende presidencia municipal-air-quality.csv
2022/12/8, 48, ,Guanajuato,san-miguel de allende presidencia municipal-air-quality.csv
2022/12/9, 71, ,Guanajuato,san-miguel de allende presidencia municipal-air-quality.csv
2022/12/10, 74, ,Guanajuato,san-miguel de allende presidencia municipal-air-quality.csv
2022/12/11, 59, ,Guanajuato,san-miguel de allende presidencia municipal-air-quality.csv
2022/12/12, 66, ,Guanajuato,san-miguel de allende presidencia municipal-air-quality.csv
2022/12/13, 70, ,Guanajuato,san-miguel de allende presidencia municipal-air-quality.csv
2022/12/14, 76, ,Guanajuato,san-miguel de allende presidencia municipal-air-quality.csv
2022/12/15, 68, ,Guanajuato,san-miguel de allende presidencia municipal-air-quality.csv
2022/12/16, 73, ,Guanajuato,san-miguel de allende presidencia municipal-air-quality.csv
2022/12/17, 79, ,Guanajuato,san-miguel de allende presidencia municipal-air-quality.csv
2022/12/18, 85, ,Guanajuato,san-miguel de allende presidencia municipal-air-quality.csv
2022/12/19, 73, ,Guanajuato,san-miguel de allende presidencia municipal-air-quality.csv
2022/12/20, 65, ,Guanajuato,san-miguel de allende presidencia municipal-air-quality.csv
2022/12/21, 65, ,Guanajuato,san-miguel de allende presidencia municipal-air-quality.csv
2022/12/22, 68, ,Guanajuato,san-miguel de allende presidencia municipal-air-quality.csv
2022/12/23, 73, ,Guanajuato,san-miguel de allende presidencia municipal-air-quality.csv
2022/12/24, 74, ,Guanajuato,san-miguel de allende presidencia municipal-air-quality.csv
2022/12/25, 64, ,Guanajuato,san-miguel de allende presidencia municipal-air-quality.csv
2022/12/26, 49, ,Guanajuato,san-miguel de allende presidencia municipal-air-quality.csv
2022/12/28, 42, ,Guanajuato,san-miguel de allende presidencia municipal-air-quality.csv
2022/12/29, 63, ,Guanajuato,san-miguel de allende presidencia municipal-air-quality.csv
2022/12/30, 46, ,Guanajuato,san-miguel de allende presidencia municipal-air-quality.csv
2022/12/31, 58, ,Guanajuato,san-miguel de allende presidencia municipal-air-quality.csv
2023/1/1, 55, ,Guanajuato,san-miguel de allende presidencia municipal-air-quality.csv
2023/1/2, 68, ,Guanajuato,san-miguel de allende presidencia municipal-air-quality.csv
2022/7/2, 39, ,Guanajuato,san-miguel de allende presidencia municipal-air-quality.csv
2022/7/3, 49, ,Guanajuato,san-miguel de allende presidencia municipal-air-quality.csv
2022/7/4, 43, ,Guanajuato,san-miguel de allende presidencia municipal-air-quality.csv
2022/7/5, 42, ,Guanajuato,san-miguel de allende presidencia municipal-air-quality.csv
2022/7/6, 33, ,Guanajuato,san-miguel de allende presidencia municipal-air-quality.csv
2022/7/7, 50, ,Guanajuato,san-miguel de allende presidencia municipal-air-quality.csv
2022/7/8, 49, ,Guanajuato,san-miguel de allende presidencia municipal-air-quality.csv
2022/7/9, 41, ,Guanajuato,san-miguel de allende presidencia municipal-air-quality.csv
2022/7/10, 40, ,Guanajuato,san-miguel de allende presidencia municipal-air-quality.csv
2022/7/11, 33, ,Guanajuato,san-miguel de allende presidencia municipal-air-quality.csv
2022/7/12, 32, ,Guanajuato,san-miguel de allende presidencia municipal-air-quality.csv
2022/7/13, 38, ,Guanajuato,san-miguel de allende presidencia municipal-air-quality.csv
2022/7/14, 46, ,Guanajuato,san-miguel de allende presidencia municipal-air-quality.csv
2022/7/15, 55, ,Guanajuato,san-miguel de allende presidencia municipal-air-quality.csv
2022/7/16, 32, ,Guanajuato,san-miguel de allende presidencia municipal-air-quality.csv
2022/7/17, 32, ,Guanajuato,san-miguel de allende presidencia municipal-air-quality.csv
2022/7/18, 54, ,Guanajuato,san-miguel de allende presidencia municipal-air-quality.csv
2022/7/21, 46, ,Guanajuato,san-miguel de allende presidencia municipal-air-quality.csv
2022/7/22, 48, ,Guanajuato,san-miguel de allende presidencia municipal-air-quality.csv
2022/7/23, 59, ,Guanajuato,san-miguel de allende presidencia municipal-air-quality.csv
2022/7/24, 52, ,Guanajuato,san-miguel de allende presidencia municipal-air-quality.csv
2022/7/25, 35, ,Guanajuato,san-miguel de allende presidencia municipal-air-quality.csv
2022/7/26, 36, ,Guanajuato,san-miguel de allende presidencia municipal-air-quality.csv
2022/7/27, 39, ,Guanajuato,san-miguel de allende presidencia municipal-air-quality.csv
2022/7/28, 46, ,Guanajuato,san-miguel de allende presidencia municipal-air-quality.csv
2022/7/29, 39, ,Guanajuato,san-miguel de allende presidencia municipal-air-quality.csv
2022/8/6, 59, ,Guanajuato,san-miguel de allende presidencia municipal-air-quality.csv
2022/8/9, 27, ,Guanajuato,san-miguel de allende presidencia municipal-air-quality.csv
2022/8/10, 30, ,Guanajuato,san-miguel de allende presidencia municipal-air-quality.csv
2022/8/11, 29, ,Guanajuato,san-miguel de allende presidencia municipal-air-quality.csv
2022/8/12, 33, ,Guanajuato,san-miguel de allende presidencia municipal-air-quality.csv
2022/8/13, 34, ,Guanajuato,san-miguel de allende presidencia municipal-air-quality.csv
2022/8/14, 39, ,Guanajuato,san-miguel de allende presidencia municipal-air-quality.csv
2022/8/15, 30, ,Guanajuato,san-miguel de allende presidencia municipal-air-quality.csv
2022/8/16, 31, ,Guanajuato,san-miguel de allende presidencia municipal-air-quality.csv
2022/8/17, 27, ,Guanajuato,san-miguel de allende presidencia municipal-air-quality.csv
2022/8/18, 42, ,Guanajuato,san-miguel de allende presidencia municipal-air-quality.csv
2022/8/19, 41, ,Guanajuato,san-miguel de allende presidencia municipal-air-quality.csv
2022/8/20, 43, ,Guanajuato,san-miguel de allende presidencia municipal-air-quality.csv
2022/8/21, 51, ,Guanajuato,san-miguel de allende presidencia municipal-air-quality.csv
2022/8/22, 53, ,Guanajuato,san-miguel de allende presidencia municipal-air-quality.csv
2022/8/23, 40, ,Guanajuato,san-miguel de allende presidencia municipal-air-quality.csv
2022/8/24, 42, ,Guanajuato,san-miguel de allende presidencia municipal-air-quality.csv
2022/8/25, 40, ,Guanajuato,san-miguel de allende presidencia municipal-air-quality.csv
2022/8/26, 46, ,Guanajuato,san-miguel de allende presidencia municipal-air-quality.csv
2022/8/27, 41, ,Guanajuato,san-miguel de allende presidencia municipal-air-quality.csv
2022/8/28, 48, ,Guanajuato,san-miguel de allende presidencia municipal-air-quality.csv
2022/8/29, 36, ,Guanajuato,san-miguel de allende presidencia municipal-air-quality.csv
2022/8/30, 46, ,Guanajuato,san-miguel de allende presidencia municipal-air-quality.csv
2022/8/31, 44, ,Guanajuato,san-miguel de allende presidencia municipal-air-quality.csv
2022/9/1, 45, ,Guanajuato,san-miguel de allende presidencia municipal-air-quality.csv
2022/9/2, 37, ,Guanajuato,san-miguel de allende presidencia municipal-air-quality.csv
2022/9/3, 33, ,Guanajuato,san-miguel de allende presidencia municipal-air-quality.csv
2022/9/4, 17, ,Guanajuato,san-miguel de allende presidencia municipal-air-quality.csv
2022/9/5, 16, ,Guanajuato,san-miguel de allende presidencia municipal-air-quality.csv
2022/9/6, 19, ,Guanajuato,san-miguel de allende presidencia municipal-air-quality.csv
2022/9/7, 27, ,Guanajuato,san-miguel de allende presidencia municipal-air-quality.csv
2022/9/8, 24, ,Guanajuato,san-miguel de allende presidencia municipal-air-quality.csv
2022/9/9, 16, ,Guanajuato,san-miguel de allende presidencia municipal-air-quality.csv
2022/9/10, 32, ,Guanajuato,san-miguel de allende presidencia municipal-air-quality.csv
2022/9/11, 33, ,Guanajuato,san-miguel de allende presidencia municipal-air-quality.csv
2022/9/12, 43, ,Guanajuato,san-miguel de allende presidencia municipal-air-quality.csv
2022/9/13, 42, ,Guanajuato,san-miguel de allende presidencia municipal-air-quality.csv
2022/9/14, 41, ,Guanajuato,san-miguel de allende presidencia municipal-air-quality.csv
2022/9/15, 48, ,Guanajuato,san-miguel de allende presidencia municipal-air-quality.csv
2022/9/16, 37, ,Guanajuato,san-miguel de allende presidencia municipal-air-quality.csv
2022/9/17, 19, ,Guanajuato,san-miguel de allende presidencia municipal-air-quality.csv
2022/9/18, 19, ,Guanajuato,san-miguel de allende presidencia municipal-air-quality.csv
2022/9/19, 25, ,Guanajuato,san-miguel de allende presidencia municipal-air-quality.csv
2022/9/20, 21, ,Guanajuato,san-miguel de allende presidencia municipal-air-quality.csv
2022/9/21, 18, ,Guanajuato,san-miguel de allende presidencia municipal-air-quality.csv
2022/9/22, 23, ,Guanajuato,san-miguel de allende presidencia municipal-air-quality.csv
2022/9/23, 36, ,Guanajuato,san-miguel de allende presidencia municipal-air-quality.csv
2022/9/24, 21, ,Guanajuato,san-miguel de allende presidencia municipal-air-quality.csv
2022/9/25, 36, ,Guanajuato,san-miguel de allende presidencia municipal-air-quality.csv
2022/9/26, 35, ,Guanajuato,san-miguel de allende presidencia municipal-air-quality.csv
2022/9/27, 32, ,Guanajuato,san-miguel de allende presidencia municipal-air-quality.csv
2022/9/28, 20, ,Guanajuato,san-miguel de allende presidencia municipal-air-quality.csv
2022/9/29, 30, ,Guanajuato,san-miguel de allende presidencia municipal-air-quality.csv
2022/9/30, 32, ,Guanajuato,san-miguel de allende presidencia municipal-air-quality.csv
2022/10/1, 37, ,Guanajuato,san-miguel de allende presidencia municipal-air-quality.csv
2022/4/2, 72, ,Guanajuato,san-miguel de allende presidencia municipal-air-quality.csv
2022/4/3, 54, ,Guanajuato,san-miguel de allende presidencia municipal-air-quality.csv
2022/4/4, 70, ,Guanajuato,san-miguel de allende presidencia municipal-air-quality.csv
2022/4/5, 70, ,Guanajuato,san-miguel de allende presidencia municipal-air-quality.csv
2022/4/6, 67, ,Guanajuato,san-miguel de allende presidencia municipal-air-quality.csv
2022/4/7, 59, ,Guanajuato,san-miguel de allende presidencia municipal-air-quality.csv
2022/4/8, 79, ,Guanajuato,san-miguel de allende presidencia municipal-air-quality.csv
2022/4/9, 76, ,Guanajuato,san-miguel de allende presidencia municipal-air-quality.csv
2022/4/10, 62, ,Guanajuato,san-miguel de allende presidencia municipal-air-quality.csv
2022/4/11, 69, ,Guanajuato,san-miguel de allende presidencia municipal-air-quality.csv
2022/4/12, 54, ,Guanajuato,san-miguel de allende presidencia municipal-air-quality.csv
2022/4/13, 51, ,Guanajuato,san-miguel de allende presidencia municipal-air-quality.csv
2022/4/14, 34, ,Guanajuato,san-miguel de allende presidencia municipal-air-quality.csv
2022/4/15, 70, ,Guanajuato,san-miguel de allende presidencia municipal-air-quality.csv
2022/4/16, 77, ,Guanajuato,san-miguel de allende presidencia municipal-air-quality.csv
2022/4/17, 53, ,Guanajuato,san-miguel de allende presidencia municipal-air-quality.csv
2022/4/18, 58, ,Guanajuato,san-miguel de allende presidencia municipal-air-quality.csv
2022/4/19, 69, ,Guanajuato,san-miguel de allende presidencia municipal-air-quality.csv
2022/4/20, 64, ,Guanajuato,san-miguel de allende presidencia municipal-air-quality.csv
2022/5/18, 47, ,Guanajuato,san-miguel de allende presidencia municipal-air-quality.csv
2022/5/19, 62, ,Guanajuato,san-miguel de allende presidencia municipal-air-quality.csv
2022/5/25, 81, ,Guanajuato,san-miguel de allende presidencia municipal-air-quality.csv
2022/5/26, 68, ,Guanajuato,san-miguel de allende presidencia municipal-air-quality.csv
2022/5/27, 75, ,Guanajuato,san-miguel de allende presidencia municipal-air-quality.csv
2022/5/28, 74, ,Guanajuato,san-miguel de allende presidencia municipal-air-quality.csv
2022/5/29, 67, ,Guanajuato,san-miguel de allende presidencia municipal-air-quality.csv
2022/5/30, 58, ,Guanajuato,san-miguel de allende presidencia municipal-air-quality.csv
2022/5/31, 53, ,Guanajuato,san-miguel de allende presidencia municipal-air-quality.csv
2022/6/1, 54, ,Guanajuato,san-miguel de allende presidencia municipal-air-quality.csv
2022/6/2, 53, ,Guanajuato,san-miguel de allende presidencia municipal-air-quality.csv
2022/6/3, 35, ,Guanajuato,san-miguel de allende presidencia municipal-air-quality.csv
2022/6/4, 36, ,Guanajuato,san-miguel de allende presidencia municipal-air-quality.csv
2022/6/5, 39, ,Guanajuato,san-miguel de allende presidencia municipal-air-quality.csv
2022/6/6, 55, ,Guanajuato,san-miguel de allende presidencia municipal-air-quality.csv
2022/6/7, 40, ,Guanajuato,san-miguel de allende presidencia municipal-air-quality.csv
2022/6/8, 36, ,Guanajuato,san-miguel de allende presidencia municipal-air-quality.csv
2022/6/9, 65, ,Guanajuato,san-miguel de allende presidencia municipal-air-quality.csv
2022/6/10, 56, ,Guanajuato,san-miguel de allende presidencia municipal-air-quality.csv
2022/6/11, 33, ,Guanajuato,san-miguel de allende presidencia municipal-air-quality.csv
2022/6/12, 40, ,Guanajuato,san-miguel de allende presidencia municipal-air-quality.csv
2022/6/13, 46, ,Guanajuato,san-miguel de allende presidencia municipal-air-quality.csv
2022/6/14, 62, ,Guanajuato,san-miguel de allende presidencia municipal-air-quality.csv
2022/6/15, 54, ,Guanajuato,san-miguel de allende presidencia municipal-air-quality.csv
2022/6/16, 26, ,Guanajuato,san-miguel de allende presidencia municipal-air-quality.csv
2022/6/17, 50, ,Guanajuato,san-miguel de allende presidencia municipal-air-quality.csv
2022/6/18, 43, ,Guanajuato,san-miguel de allende presidencia municipal-air-quality.csv
2022/6/19, 40, ,Guanajuato,san-miguel de allende presidencia municipal-air-quality.csv
2022/6/20, 35, ,Guanajuato,san-miguel de allende presidencia municipal-air-quality.csv
2022/6/21, 31, ,Guanajuato,san-miguel de allende presidencia municipal-air-quality.csv
2022/6/22, 27, ,Guanajuato,san-miguel de allende presidencia municipal-air-quality.csv
2022/6/23, 19, ,Guanajuato,san-miguel de allende presidencia municipal-air-quality.csv
2022/6/24, 40, ,Guanajuato,san-miguel de allende presidencia municipal-air-quality.csv
2022/6/25, 66, ,Guanajuato,san-miguel de allende presidencia municipal-air-quality.csv
2022/6/26, 50, ,Guanajuato,san-miguel de allende presidencia municipal-air-quality.csv
2022/6/27, 43, ,Guanajuato,san-miguel de allende presidencia municipal-air-quality.csv
2022/6/28, 47, ,Guanajuato,san-miguel de allende presidencia municipal-air-quality.csv
2022/6/29, 39, ,Guanajuato,san-miguel de allende presidencia municipal-air-quality.csv
2022/6/30, 38, ,Guanajuato,san-miguel de allende presidencia municipal-air-quality.csv
2022/7/1, 43, ,Guanajuato,san-miguel de allende presidencia municipal-air-quality.csv
2022/1/4, 53, ,Guanajuato,san-miguel de allende presidencia municipal-air-quality.csv
2022/1/5, 61, ,Guanajuato,san-miguel de allende presidencia municipal-air-quality.csv
2022/1/6, 75, ,Guanajuato,san-miguel de allende presidencia municipal-air-quality.csv
2022/1/7, 47, ,Guanajuato,san-miguel de allende presidencia municipal-air-quality.csv
2022/1/8, 58, ,Guanajuato,san-miguel de allende presidencia municipal-air-quality.csv
2022/1/9, 66, ,Guanajuato,san-miguel de allende presidencia municipal-air-quality.csv
2022/1/11, 36, ,Guanajuato,san-miguel de allende presidencia municipal-air-quality.csv
2022/1/12, 23, ,Guanajuato,san-miguel de allende presidencia municipal-air-quality.csv
2022/1/13, 31, ,Guanajuato,san-miguel de allende presidencia municipal-air-quality.csv
2022/1/14, 39, ,Guanajuato,san-miguel de allende presidencia municipal-air-quality.csv
2022/1/15, 48, ,Guanajuato,san-miguel de allende presidencia municipal-air-quality.csv
2022/1/16, 57, ,Guanajuato,san-miguel de allende presidencia municipal-air-quality.csv
2022/1/17, 60, ,Guanajuato,san-miguel de allende presidencia municipal-air-quality.csv
2022/1/18, 63, ,Guanajuato,san-miguel de allende presidencia municipal-air-quality.csv
2022/1/19, 62, ,Guanajuato,san-miguel de allende presidencia municipal-air-quality.csv
2022/1/20, 55, ,Guanajuato,san-miguel de allende presidencia municipal-air-quality.csv
2022/1/21, 69, ,Guanajuato,san-miguel de allende presidencia municipal-air-quality.csv
2022/1/22, 71, ,Guanajuato,san-miguel de allende presidencia municipal-air-quality.csv
2022/1/23, 56, ,Guanajuato,san-miguel de allende presidencia municipal-air-quality.csv
2022/1/24, 51, ,Guanajuato,san-miguel de allende presidencia municipal-air-quality.csv
2022/1/25, 59, ,Guanajuato,san-miguel de allende presidencia municipal-air-quality.csv
2022/1/26, 47, ,Guanajuato,san-miguel de allende presidencia municipal-air-quality.csv
2022/1/27, 56, ,Guanajuato,san-miguel de allende presidencia municipal-air-quality.csv
2022/1/28, 57, ,Guanajuato,san-miguel de allende presidencia municipal-air-quality.csv
2022/1/29, 45, ,Guanajuato,san-miguel de allende presidencia municipal-air-quality.csv
2022/1/30, 11, ,Guanajuato,san-miguel de allende presidencia municipal-air-quality.csv
2022/2/2, 38, ,Guanajuato,san-miguel de allende presidencia municipal-air-quality.csv
2022/2/3, 49, ,Guanajuato,san-miguel de allende presidencia municipal-air-quality.csv
2022/2/4, 50, ,Guanajuato,san-miguel de allende presidencia municipal-air-quality.csv
2022/2/5, 53, ,Guanajuato,san-miguel de allende presidencia municipal-air-quality.csv
2022/2/6, 44, ,Guanajuato,san-miguel de allende presidencia municipal-air-quality.csv
2022/2/7, 67, ,Guanajuato,san-miguel de allende presidencia municipal-air-quality.csv
2022/2/8, 41, ,Guanajuato,san-miguel de allende presidencia municipal-air-quality.csv
2022/2/9, 36, ,Guanajuato,san-miguel de allende presidencia municipal-air-quality.csv
2022/2/10, 69, ,Guanajuato,san-miguel de allende presidencia municipal-air-quality.csv
2022/2/11, 61, ,Guanajuato,san-miguel de allende presidencia municipal-air-quality.csv
2022/2/12, 67, ,Guanajuato,san-miguel de allende presidencia municipal-air-quality.csv
2022/2/17, 70, ,Guanajuato,san-miguel de allende presidencia municipal-air-quality.csv
2022/2/18, 45, ,Guanajuato,san-miguel de allende presidencia municipal-air-quality.csv
2022/2/19, 55, ,Guanajuato,san-miguel de allende presidencia municipal-air-quality.csv
2022/2/20, 62, ,Guanajuato,san-miguel de allende presidencia municipal-air-quality.csv
2022/2/21, 56, ,Guanajuato,san-miguel de allende presidencia municipal-air-quality.csv
2022/2/22, 64, ,Guanajuato,san-miguel de allende presidencia municipal-air-quality.csv
2022/2/23, 69, ,Guanajuato,san-miguel de allende presidencia municipal-air-quality.csv
2022/2/24, 57, ,Guanajuato,san-miguel de allende presidencia municipal-air-quality.csv
2022/2/25, 70, ,Guanajuato,san-miguel de allende presidencia municipal-air-quality.csv
2022/2/26, 71, ,Guanajuato,san-miguel de allende presidencia municipal-air-quality.csv
2022/2/27, 47, ,Guanajuato,san-miguel de allende presidencia municipal-air-quality.csv
2022/2/28, 64, ,Guanajuato,san-miguel de allende presidencia municipal-air-quality.csv
2022/3/1, 44, ,Guanajuato,san-miguel de allende presidencia municipal-air-quality.csv
2022/3/2, 40, ,Guanajuato,san-miguel de allende presidencia municipal-air-quality.csv
2022/3/3, 50, ,Guanajuato,san-miguel de allende presidencia municipal-air-quality.csv
2022/3/4, 53, ,Guanajuato,san-miguel de allende presidencia municipal-air-quality.csv
2022/3/10, 56, ,Guanajuato,san-miguel de allende presidencia municipal-air-quality.csv
2022/3/11, 57, ,Guanajuato,san-miguel de allende presidencia municipal-air-quality.csv
2022/3/12, 56, ,Guanajuato,san-miguel de allende presidencia municipal-air-quality.csv
2022/3/13, 53, ,Guanajuato,san-miguel de allende presidencia municipal-air-quality.csv
2022/3/14, 49, ,Guanajuato,san-miguel de allende presidencia municipal-air-quality.csv
2022/3/19, 57, ,Guanajuato,san-miguel de allende presidencia municipal-air-quality.csv
2022/3/20, 88, ,Guanajuato,san-miguel de allende presidencia municipal-air-quality.csv
2022/3/21, 62, ,Guanajuato,san-miguel de allende presidencia municipal-air-quality.csv
2022/3/22, 60, ,Guanajuato,san-miguel de allende presidencia municipal-air-quality.csv
2022/3/23, 73, ,Guanajuato,san-miguel de allende presidencia municipal-air-quality.csv
2022/3/24, 64, ,Guanajuato,san-miguel de allende presidencia municipal-air-quality.csv
2022/3/25, 74, ,Guanajuato,san-miguel de allende presidencia municipal-air-quality.csv
2022/3/26, 62, ,Guanajuato,san-miguel de allende presidencia municipal-air-quality.csv
2022/3/27, 62, ,Guanajuato,san-miguel de allende presidencia municipal-air-quality.csv
2022/3/28, 63, ,Guanajuato,san-miguel de allende presidencia municipal-air-quality.csv
2022/3/29, 64, ,Guanajuato,san-miguel de allende presidencia municipal-air-quality.csv
2022/3/30, 71, ,Guanajuato,san-miguel de allende presidencia municipal-air-quality.csv
2022/3/31, 55, ,Guanajuato,san-miguel de allende presidencia municipal-air-quality.csv
2022/4/1, 55, ,Guanajuato,san-miguel de allende presidencia municipal-air-quality.csv
2021/10/2, 28, ,Guanajuato,san-miguel de allende presidencia municipal-air-quality.csv
2021/10/3, 22, ,Guanajuato,san-miguel de allende presidencia municipal-air-quality.csv
2021/10/4, 15, ,Guanajuato,san-miguel de allende presidencia municipal-air-quality.csv
2021/10/5, 16, ,Guanajuato,san-miguel de allende presidencia municipal-air-quality.csv
2021/10/6, 13, ,Guanajuato,san-miguel de allende presidencia municipal-air-quality.csv
2021/10/10, 32, ,Guanajuato,san-miguel de allende presidencia municipal-air-quality.csv
2021/10/11, 49, ,Guanajuato,san-miguel de allende presidencia municipal-air-quality.csv
2021/10/12, 44, ,Guanajuato,san-miguel de allende presidencia municipal-air-quality.csv
2021/10/13, 31, ,Guanajuato,san-miguel de allende presidencia municipal-air-quality.csv
2021/10/19, 31, ,Guanajuato,san-miguel de allende presidencia municipal-air-quality.csv
2021/10/20, 16, ,Guanajuato,san-miguel de allende presidencia municipal-air-quality.csv
2021/11/5, 40, ,Guanajuato,san-miguel de allende presidencia municipal-air-quality.csv
2021/11/6, 29, ,Guanajuato,san-miguel de allende presidencia municipal-air-quality.csv
2021/11/7, 32, ,Guanajuato,san-miguel de allende presidencia municipal-air-quality.csv
2021/11/8, 43, ,Guanajuato,san-miguel de allende presidencia municipal-air-quality.csv
2021/11/9, 32, ,Guanajuato,san-miguel de allende presidencia municipal-air-quality.csv
2021/11/10, 28, ,Guanajuato,san-miguel de allende presidencia municipal-air-quality.csv
2021/11/15, 32, ,Guanajuato,san-miguel de allende presidencia municipal-air-quality.csv
2021/11/16, 23, ,Guanajuato,san-miguel de allende presidencia municipal-air-quality.csv
2021/11/17, 33, ,Guanajuato,san-miguel de allende presidencia municipal-air-quality.csv
2021/11/18, 48, ,Guanajuato,san-miguel de allende presidencia municipal-air-quality.csv
2021/11/19, 60, ,Guanajuato,san-miguel de allende presidencia municipal-air-quality.csv
2021/11/20, 29, ,Guanajuato,san-miguel de allende presidencia municipal-air-quality.csv
2021/11/21, 25, ,Guanajuato,san-miguel de allende presidencia municipal-air-quality.csv
2021/11/22, 28, ,Guanajuato,san-miguel de allende presidencia municipal-air-quality.csv
2021/11/23, 30, ,Guanajuato,san-miguel de allende presidencia municipal-air-quality.csv
2021/11/24, 11, ,Guanajuato,san-miguel de allende presidencia municipal-air-quality.csv
2021/12/7, 68, ,Guanajuato,san-miguel de allende presidencia municipal-air-quality.csv
2021/12/8, 71, ,Guanajuato,san-miguel de allende presidencia municipal-air-quality.csv
2021/12/9, 63, ,Guanajuato,san-miguel de allende presidencia municipal-air-quality.csv
2021/12/10, 62, ,Guanajuato,san-miguel de allende presidencia municipal-air-quality.csv
2021/12/11, 64, ,Guanajuato,san-miguel de allende presidencia municipal-air-quality.csv
2021/12/12, 53, ,Guanajuato,san-miguel de allende presidencia municipal-air-quality.csv
2021/12/13, 74, ,Guanajuato,san-miguel de allende presidencia municipal-air-quality.csv
2021/12/14, 51, ,Guanajuato,san-miguel de allende presidencia municipal-air-quality.csv
2021/12/15, 42, ,Guanajuato,san-miguel de allende presidencia municipal-air-quality.csv
2021/12/16, 37, ,Guanajuato,san-miguel de allende presidencia municipal-air-quality.csv
2021/12/17, 46, ,Guanajuato,san-miguel de allende presidencia municipal-air-quality.csv
2021/12/18, 67, ,Guanajuato,san-miguel de allende presidencia municipal-air-quality.csv
2021/12/19, 73, ,Guanajuato,san-miguel de allende presidencia municipal-air-quality.csv
2021/12/20, 48, ,Guanajuato,san-miguel de allende presidencia municipal-air-quality.csv
2021/12/21, 49, ,Guanajuato,san-miguel de allende presidencia municipal-air-quality.csv
2021/12/22, 45, ,Guanajuato,san-miguel de allende presidencia municipal-air-quality.csv
2021/12/23, 47, ,Guanajuato,san-miguel de allende presidencia municipal-air-quality.csv
2021/12/24, 56, ,Guanajuato,san-miguel de allende presidencia municipal-air-quality.csv
2021/12/25, 52, ,Guanajuato,san-miguel de allende presidencia municipal-air-quality.csv
2021/12/26, 71, ,Guanajuato,san-miguel de allende presidencia municipal-air-quality.csv
2021/12/27, 39, ,Guanajuato,san-miguel de allende presidencia municipal-air-quality.csv
2021/12/28, 58, ,Guanajuato,san-miguel de allende presidencia municipal-air-quality.csv
2021/12/29, 104, ,Guanajuato,san-miguel de allende presidencia municipal-air-quality.csv
2022/1/1, 75, ,Guanajuato,san-miguel de allende presidencia municipal-air-quality.csv
2022/1/2, 87, ,Guanajuato,san-miguel de allende presidencia municipal-air-quality.csv
2022/1/3, 49, ,Guanajuato,san-miguel de allende presidencia municipal-air-quality.csv
2021/7/2, 11, ,Guanajuato,san-miguel de allende presidencia municipal-air-quality.csv
2021/7/3, 13, ,Guanajuato,san-miguel de allende presidencia municipal-air-quality.csv
2021/7/4, 21, ,Guanajuato,san-miguel de allende presidencia municipal-air-quality.csv
2021/7/5, 24, ,Guanajuato,san-miguel de allende presidencia municipal-air-quality.csv
2021/7/6, 21, ,Guanajuato,san-miguel de allende presidencia municipal-air-quality.csv
2021/7/7, 35, ,Guanajuato,san-miguel de allende presidencia municipal-air-quality.csv
2021/7/8, 24, ,Guanajuato,san-miguel de allende presidencia municipal-air-quality.csv
2021/7/23, 31, ,Guanajuato,san-miguel de allende presidencia municipal-air-quality.csv
2021/7/24, 51, ,Guanajuato,san-miguel de allende presidencia municipal-air-quality.csv
2021/7/25, 56, ,Guanajuato,san-miguel de allende presidencia municipal-air-quality.csv
2021/7/26, 53, ,Guanajuato,san-miguel de allende presidencia municipal-air-quality.csv
2021/7/27, 39, ,Guanajuato,san-miguel de allende presidencia municipal-air-quality.csv
2021/7/28, 28, ,Guanajuato,san-miguel de allende presidencia municipal-air-quality.csv
2021/7/29, 41, ,Guanajuato,san-miguel de allende presidencia municipal-air-quality.csv
2021/7/30, 38, ,Guanajuato,san-miguel de allende presidencia municipal-air-quality.csv
2021/8/3, 39, ,Guanajuato,san-miguel de allende presidencia municipal-air-quality.csv
2021/8/4, 37, ,Guanajuato,san-miguel de allende presidencia municipal-air-quality.csv
2021/8/25, 35, ,Guanajuato,san-miguel de allende presidencia municipal-air-quality.csv
2021/9/6, 27, ,Guanajuato,san-miguel de allende presidencia municipal-air-quality.csv
2021/9/7, 21, ,Guanajuato,san-miguel de allende presidencia municipal-air-quality.csv
2021/9/9, 31, ,Guanajuato,san-miguel de allende presidencia municipal-air-quality.csv
2021/9/10, 33, ,Guanajuato,san-miguel de allende presidencia municipal-air-quality.csv
2021/9/11, 31, ,Guanajuato,san-miguel de allende presidencia municipal-air-quality.csv
2021/9/12, 25, ,Guanajuato,san-miguel de allende presidencia municipal-air-quality.csv
2021/9/13, 15, ,Guanajuato,san-miguel de allende presidencia municipal-air-quality.csv
2021/9/14, 20, ,Guanajuato,san-miguel de allende presidencia municipal-air-quality.csv
2021/9/15, 19, ,Guanajuato,san-miguel de allende presidencia municipal-air-quality.csv
2021/9/16, 30, ,Guanajuato,san-miguel de allende presidencia municipal-air-quality.csv
2021/9/17, 33, ,Guanajuato,san-miguel de allende presidencia municipal-air-quality.csv
2021/9/18, 40, ,Guanajuato,san-miguel de allende presidencia municipal-air-quality.csv
2021/9/19, 36, ,Guanajuato,san-miguel de allende presidencia municipal-air-quality.csv
2021/9/20, 37, ,Guanajuato,san-miguel de allende presidencia municipal-air-quality.csv
2021/9/21, 21, ,Guanajuato,san-miguel de allende presidencia municipal-air-quality.csv
2021/9/22, 38, ,Guanajuato,san-miguel de allende presidencia municipal-air-quality.csv
2021/9/30, 47, ,Guanajuato,san-miguel de allende presidencia municipal-air-quality.csv
2021/10/1, 22, ,Guanajuato,san-miguel de allende presidencia municipal-air-quality.csv
2021/4/30, 78, ,Guanajuato,san-miguel de allende presidencia municipal-air-quality.csv
2021/5/1, 84, ,Guanajuato,san-miguel de allende presidencia municipal-air-quality.csv
2021/5/2, 95, ,Guanajuato,san-miguel de allende presidencia municipal-air-quality.csv
2021/5/19, 46, ,Guanajuato,san-miguel de allende presidencia municipal-air-quality.csv
2021/5/20, 67, ,Guanajuato,san-miguel de allende presidencia municipal-air-quality.csv
2021/5/21, 55, ,Guanajuato,san-miguel de allende presidencia municipal-air-quality.csv
2021/5/22, 54, ,Guanajuato,san-miguel de allende presidencia municipal-air-quality.csv
2021/5/23, 60, ,Guanajuato,san-miguel de allende presidencia municipal-air-quality.csv
2021/5/24, 61, ,Guanajuato,san-miguel de allende presidencia municipal-air-quality.csv
2021/5/25, 38, ,Guanajuato,san-miguel de allende presidencia municipal-air-quality.csv
2021/5/26, 52, ,Guanajuato,san-miguel de allende presidencia municipal-air-quality.csv
2021/5/27, 51, ,Guanajuato,san-miguel de allende presidencia municipal-air-quality.csv
2021/5/28, 55, ,Guanajuato,san-miguel de allende presidencia municipal-air-quality.csv
2021/5/29, 58, ,Guanajuato,san-miguel de allende presidencia municipal-air-quality.csv
2021/5/30, 65, ,Guanajuato,san-miguel de allende presidencia municipal-air-quality.csv
2021/5/31, 67, ,Guanajuato,san-miguel de allende presidencia municipal-air-quality.csv
2021/6/1, 71, ,Guanajuato,san-miguel de allende presidencia municipal-air-quality.csv
2021/6/2, 62, ,Guanajuato,san-miguel de allende presidencia municipal-air-quality.csv
2021/6/3, 25, ,Guanajuato,san-miguel de allende presidencia municipal-air-quality.csv
2021/6/4, 23, ,Guanajuato,san-miguel de allende presidencia municipal-air-quality.csv
2021/6/5, 27, ,Guanajuato,san-miguel de allende presidencia municipal-air-quality.csv
2021/6/6, 28, ,Guanajuato,san-miguel de allende presidencia municipal-air-quality.csv
2021/6/16, 17, ,Guanajuato,san-miguel de allende presidencia municipal-air-quality.csv
2021/6/17, 21, ,Guanajuato,san-miguel de allende presidencia municipal-air-quality.csv
2021/6/18, 12, ,Guanajuato,san-miguel de allende presidencia municipal-air-quality.csv
2021/6/19, 5, ,Guanajuato,san-miguel de allende presidencia municipal-air-quality.csv
2021/6/20, 23, ,Guanajuato,san-miguel de allende presidencia municipal-air-quality.csv
2021/6/21, 20, ,Guanajuato,san-miguel de allende presidencia municipal-air-quality.csv
2021/6/22, 26, ,Guanajuato,san-miguel de allende presidencia municipal-air-quality.csv
2021/6/23, 23, ,Guanajuato,san-miguel de allende presidencia municipal-air-quality.csv
2021/6/24, 25, ,Guanajuato,san-miguel de allende presidencia municipal-air-quality.csv
2021/6/25, 29, ,Guanajuato,san-miguel de allende presidencia municipal-air-quality.csv
2021/6/26, 38, ,Guanajuato,san-miguel de allende presidencia municipal-air-quality.csv
2021/6/27, 28, ,Guanajuato,san-miguel de allende presidencia municipal-air-quality.csv
2021/6/28, 11, ,Guanajuato,san-miguel de allende presidencia municipal-air-quality.csv
2021/6/29, 10, ,Guanajuato,san-miguel de allende presidencia municipal-air-quality.csv
2021/6/30, 14, ,Guanajuato,san-miguel de allende presidencia municipal-air-quality.csv
2021/7/1, 26, ,Guanajuato,san-miguel de allende presidencia municipal-air-quality.csv
2021/1/5, 49, ,Guanajuato,san-miguel de allende presidencia municipal-air-quality.csv
2021/1/6, 64, ,Guanajuato,san-miguel de allende presidencia municipal-air-quality.csv
2021/1/7, 61, ,Guanajuato,san-miguel de allende presidencia municipal-air-quality.csv
2021/1/8, 67, ,Guanajuato,san-miguel de allende presidencia municipal-air-quality.csv
2021/1/9, 70, ,Guanajuato,san-miguel de allende presidencia municipal-air-quality.csv
2021/1/10, 59, ,Guanajuato,san-miguel de allende presidencia municipal-air-quality.csv
2021/1/11, 44, ,Guanajuato,san-miguel de allende presidencia municipal-air-quality.csv
2021/1/12, 48, ,Guanajuato,san-miguel de allende presidencia municipal-air-quality.csv
2021/1/13, 44, ,Guanajuato,san-miguel de allende presidencia municipal-air-quality.csv
2021/1/14, 51, ,Guanajuato,san-miguel de allende presidencia municipal-air-quality.csv
2021/1/15, 48, ,Guanajuato,san-miguel de allende presidencia municipal-air-quality.csv
2021/1/16, 61, ,Guanajuato,san-miguel de allende presidencia municipal-air-quality.csv
2021/1/17, 57, ,Guanajuato,san-miguel de allende presidencia municipal-air-quality.csv
2021/1/18, 44, ,Guanajuato,san-miguel de allende presidencia municipal-air-quality.csv
2021/1/19, 49, ,Guanajuato,san-miguel de allende presidencia municipal-air-quality.csv
2021/1/20, 53, ,Guanajuato,san-miguel de allende presidencia municipal-air-quality.csv
2021/1/21, 63, ,Guanajuato,san-miguel de allende presidencia municipal-air-quality.csv
2021/1/22, 53, ,Guanajuato,san-miguel de allende presidencia municipal-air-quality.csv
2021/1/23, 55, ,Guanajuato,san-miguel de allende presidencia municipal-air-quality.csv
2021/1/24, 64, ,Guanajuato,san-miguel de allende presidencia municipal-air-quality.csv
2021/1/25, 64, ,Guanajuato,san-miguel de allende presidencia municipal-air-quality.csv
2021/1/26, 47, ,Guanajuato,san-miguel de allende presidencia municipal-air-quality.csv
2021/1/27, 42, ,Guanajuato,san-miguel de allende presidencia municipal-air-quality.csv
2021/1/28, 58, ,Guanajuato,san-miguel de allende presidencia municipal-air-quality.csv
2021/1/29, 36, ,Guanajuato,san-miguel de allende presidencia municipal-air-quality.csv
2021/1/30, 48, ,Guanajuato,san-miguel de allende presidencia municipal-air-quality.csv
2021/1/31, 70, ,Guanajuato,san-miguel de allende presidencia municipal-air-quality.csv
2021/2/1, 58, ,Guanajuato,san-miguel de allende presidencia municipal-air-quality.csv
2021/2/2, 35, ,Guanajuato,san-miguel de allende presidencia municipal-air-quality.csv
2021/2/3, 40, ,Guanajuato,san-miguel de allende presidencia municipal-air-quality.csv
2021/2/4, 47, ,Guanajuato,san-miguel de allende presidencia municipal-air-quality.csv
2021/2/5, 55, ,Guanajuato,san-miguel de allende presidencia municipal-air-quality.csv
2021/2/6, 61, ,Guanajuato,san-miguel de allende presidencia municipal-air-quality.csv
2021/2/7, 52, ,Guanajuato,san-miguel de allende presidencia municipal-air-quality.csv
2021/2/8, 75, ,Guanajuato,san-miguel de allende presidencia municipal-air-quality.csv
2021/2/9, 53, ,Guanajuato,san-miguel de allende presidencia municipal-air-quality.csv
2021/2/10, 63, ,Guanajuato,san-miguel de allende presidencia municipal-air-quality.csv
2021/2/11, 66, ,Guanajuato,san-miguel de allende presidencia municipal-air-quality.csv
2021/2/12, 48, ,Guanajuato,san-miguel de allende presidencia municipal-air-quality.csv
2021/2/13, 36, ,Guanajuato,san-miguel de allende presidencia municipal-air-quality.csv
2021/2/14, 40, ,Guanajuato,san-miguel de allende presidencia municipal-air-quality.csv
2021/2/15, 38, ,Guanajuato,san-miguel de allende presidencia municipal-air-quality.csv
2021/2/16, 44, ,Guanajuato,san-miguel de allende presidencia municipal-air-quality.csv
2021/2/17, 45, ,Guanajuato,san-miguel de allende presidencia municipal-air-quality.csv
2021/2/18, 42, ,Guanajuato,san-miguel de allende presidencia municipal-air-quality.csv
2021/2/19, 50, ,Guanajuato,san-miguel de allende presidencia municipal-air-quality.csv
2021/2/20, 43, ,Guanajuato,san-miguel de allende presidencia municipal-air-quality.csv
2021/2/21, 45, ,Guanajuato,san-miguel de allende presidencia municipal-air-quality.csv
2021/2/22, 81, ,Guanajuato,san-miguel de allende presidencia municipal-air-quality.csv
2021/2/23, 78, ,Guanajuato,san-miguel de allende presidencia municipal-air-quality.csv
2021/2/24, 59, ,Guanajuato,san-miguel de allende presidencia municipal-air-quality.csv
2021/2/25, 50, ,Guanajuato,san-miguel de allende presidencia municipal-air-quality.csv
2021/2/26, 51, ,Guanajuato,san-miguel de allende presidencia municipal-air-quality.csv
2021/2/27, 70, ,Guanajuato,san-miguel de allende presidencia municipal-air-quality.csv
2021/2/28, 72, ,Guanajuato,san-miguel de allende presidencia municipal-air-quality.csv
2021/3/1, 71, ,Guanajuato,san-miguel de allende presidencia municipal-air-quality.csv
2021/3/2, 75, ,Guanajuato,san-miguel de allende presidencia municipal-air-quality.csv
2021/3/3, 81, ,Guanajuato,san-miguel de allende presidencia municipal-air-quality.csv
2021/3/4, 42, ,Guanajuato,san-miguel de allende presidencia municipal-air-quality.csv
2021/3/5, 64, ,Guanajuato,san-miguel de allende presidencia municipal-air-quality.csv
2021/3/6, 59, ,Guanajuato,san-miguel de allende presidencia municipal-air-quality.csv
2021/3/7, 57, ,Guanajuato,san-miguel de allende presidencia municipal-air-quality.csv
2021/3/8, 49, ,Guanajuato,san-miguel de allende presidencia municipal-air-quality.csv
2021/3/9, 58, ,Guanajuato,san-miguel de allende presidencia municipal-air-quality.csv
2021/3/10, 51, ,Guanajuato,san-miguel de allende presidencia municipal-air-quality.csv
2020/10/2, 26, ,Guanajuato,san-miguel de allende presidencia municipal-air-quality.csv
2020/10/3, 30, ,Guanajuato,san-miguel de allende presidencia municipal-air-quality.csv
2020/10/4, 30, ,Guanajuato,san-miguel de allende presidencia municipal-air-quality.csv
2020/10/5, 44, ,Guanajuato,san-miguel de allende presidencia municipal-air-quality.csv
2020/10/6, 50, ,Guanajuato,san-miguel de allende presidencia municipal-air-quality.csv
2020/10/7, 45, ,Guanajuato,san-miguel de allende presidencia municipal-air-quality.csv
2020/10/8, 41, ,Guanajuato,san-miguel de allende presidencia municipal-air-quality.csv
2020/10/9, 43, ,Guanajuato,san-miguel de allende presidencia municipal-air-quality.csv
2020/10/10, 40, ,Guanajuato,san-miguel de allende presidencia municipal-air-quality.csv
2020/10/11, 55, ,Guanajuato,san-miguel de allende presidencia municipal-air-quality.csv
2020/10/12, 47, ,Guanajuato,san-miguel de allende presidencia municipal-air-quality.csv
2020/10/13, 42, ,Guanajuato,san-miguel de allende presidencia municipal-air-quality.csv
2020/10/14, 43, ,Guanajuato,san-miguel de allende presidencia municipal-air-quality.csv
2020/10/15, 37, ,Guanajuato,san-miguel de allende presidencia municipal-air-quality.csv
2020/10/21, 25, ,Guanajuato,san-miguel de allende presidencia municipal-air-quality.csv
2020/10/22, 38, ,Guanajuato,san-miguel de allende presidencia municipal-air-quality.csv
2020/10/23, 36, ,Guanajuato,san-miguel de allende presidencia municipal-air-quality.csv
2020/10/24, 31, ,Guanajuato,san-miguel de allende presidencia municipal-air-quality.csv
2020/10/25, 47, ,Guanajuato,san-miguel de allende presidencia municipal-air-quality.csv
2020/10/26, 40, ,Guanajuato,san-miguel de allende presidencia municipal-air-quality.csv
2020/10/27, 31, ,Guanajuato,san-miguel de allende presidencia municipal-air-quality.csv
2020/10/28, 51, ,Guanajuato,san-miguel de allende presidencia municipal-air-quality.csv
2020/10/29, 61, ,Guanajuato,san-miguel de allende presidencia municipal-air-quality.csv
2020/10/30, 59, ,Guanajuato,san-miguel de allende presidencia municipal-air-quality.csv
2020/10/31, 42, ,Guanajuato,san-miguel de allende presidencia municipal-air-quality.csv
2020/11/4, 25, ,Guanajuato,san-miguel de allende presidencia municipal-air-quality.csv
2020/11/5, 30, ,Guanajuato,san-miguel de allende presidencia municipal-air-quality.csv
2020/11/6, 41, ,Guanajuato,san-miguel de allende presidencia municipal-air-quality.csv
2020/11/7, 39, ,Guanajuato,san-miguel de allende presidencia municipal-air-quality.csv
2020/11/8, 57, ,Guanajuato,san-miguel de allende presidencia municipal-air-quality.csv
2020/11/9, 68, ,Guanajuato,san-miguel de allende presidencia municipal-air-quality.csv
2020/11/10, 61, ,Guanajuato,san-miguel de allende presidencia municipal-air-quality.csv
2020/11/11, 54, ,Guanajuato,san-miguel de allende presidencia municipal-air-quality.csv
2020/11/12, 62, ,Guanajuato,san-miguel de allende presidencia municipal-air-quality.csv
2020/11/13, 62, ,Guanajuato,san-miguel de allende presidencia municipal-air-quality.csv
2020/11/14, 63, ,Guanajuato,san-miguel de allende presidencia municipal-air-quality.csv
2020/11/20, 27, ,Guanajuato,san-miguel de allende presidencia municipal-air-quality.csv
2020/11/21, 34, ,Guanajuato,san-miguel de allende presidencia municipal-air-quality.csv
2020/11/22, 30, ,Guanajuato,san-miguel de allende presidencia municipal-air-quality.csv
2020/11/23, 22, ,Guanajuato,san-miguel de allende presidencia municipal-air-quality.csv
2020/11/24, 35, ,Guanajuato,san-miguel de allende presidencia municipal-air-quality.csv
2020/11/25, 49, ,Guanajuato,san-miguel de allende presidencia municipal-air-quality.csv
2020/11/26, 64, ,Guanajuato,san-miguel de allende presidencia municipal-air-quality.csv
2020/11/27, 63, ,Guanajuato,san-miguel de allende presidencia municipal-air-quality.csv
2020/11/28, 67, ,Guanajuato,san-miguel de allende presidencia municipal-air-quality.csv
2020/11/29, 66, ,Guanajuato,san-miguel de allende presidencia municipal-air-quality.csv
2020/11/30, 71, ,Guanajuato,san-miguel de allende presidencia municipal-air-quality.csv
2020/12/1, 50, ,Guanajuato,san-miguel de allende presidencia municipal-air-quality.csv
2020/12/2, 47, ,Guanajuato,san-miguel de allende presidencia municipal-air-quality.csv
2020/12/3, 60, ,Guanajuato,san-miguel de allende presidencia municipal-air-quality.csv
2020/12/4, 59, ,Guanajuato,san-miguel de allende presidencia municipal-air-quality.csv
2020/12/5, 62, ,Guanajuato,san-miguel de allende presidencia municipal-air-quality.csv
2020/12/6, 50, ,Guanajuato,san-miguel de allende presidencia municipal-air-quality.csv
2020/12/7, 49, ,Guanajuato,san-miguel de allende presidencia municipal-air-quality.csv
2020/12/8, 39, ,Guanajuato,san-miguel de allende presidencia municipal-air-quality.csv
2020/12/9, 32, ,Guanajuato,san-miguel de allende presidencia municipal-air-quality.csv
2020/12/10, 30, ,Guanajuato,san-miguel de allende presidencia municipal-air-quality.csv
2020/12/11, 54, ,Guanajuato,san-miguel de allende presidencia municipal-air-quality.csv
2020/12/12, 51, ,Guanajuato,san-miguel de allende presidencia municipal-air-quality.csv
2020/12/13, 65, ,Guanajuato,san-miguel de allende presidencia municipal-air-quality.csv
2020/12/14, 46, ,Guanajuato,san-miguel de allende presidencia municipal-air-quality.csv
2020/12/15, 58, ,Guanajuato,san-miguel de allende presidencia municipal-air-quality.csv
2020/12/16, 47, ,Guanajuato,san-miguel de allende presidencia municipal-air-quality.csv
2020/12/17, 47, ,Guanajuato,san-miguel de allende presidencia municipal-air-quality.csv
2020/12/18, 63, ,Guanajuato,san-miguel de allende presidencia municipal-air-quality.csv
2020/12/19, 65, ,Guanajuato,san-miguel de allende presidencia municipal-air-quality.csv
2020/12/20, 57, ,Guanajuato,san-miguel de allende presidencia municipal-air-quality.csv
2020/12/21, 56, ,Guanajuato,san-miguel de allende presidencia municipal-air-quality.csv
2020/12/22, 60, ,Guanajuato,san-miguel de allende presidencia municipal-air-quality.csv
2020/12/23, 63, ,Guanajuato,san-miguel de allende presidencia municipal-air-quality.csv
2020/12/24, 61, ,Guanajuato,san-miguel de allende presidencia municipal-air-quality.csv
2020/12/25, 54, ,Guanajuato,san-miguel de allende presidencia municipal-air-quality.csv
2020/12/26, 57, ,Guanajuato,san-miguel de allende presidencia municipal-air-quality.csv
2020/12/27, 59, ,Guanajuato,san-miguel de allende presidencia municipal-air-quality.csv
2020/12/28, 53, ,Guanajuato,san-miguel de allende presidencia municipal-air-quality.csv
2020/12/29, 51, ,Guanajuato,san-miguel de allende presidencia municipal-air-quality.csv
2020/12/30, 65, ,Guanajuato,san-miguel de allende presidencia municipal-air-quality.csv
2020/12/31, 72, ,Guanajuato,san-miguel de allende presidencia municipal-air-quality.csv
2021/1/1, 49, ,Guanajuato,san-miguel de allende presidencia municipal-air-quality.csv
2021/1/2, 64, ,Guanajuato,san-miguel de allende presidencia municipal-air-quality.csv
2021/1/3, 67, ,Guanajuato,san-miguel de allende presidencia municipal-air-quality.csv
2020/7/2, 35, ,Guanajuato,san-miguel de allende presidencia municipal-air-quality.csv
2020/7/3, 59, ,Guanajuato,san-miguel de allende presidencia municipal-air-quality.csv
2020/7/4, 55, ,Guanajuato,san-miguel de allende presidencia municipal-air-quality.csv
2020/7/5, 42, ,Guanajuato,san-miguel de allende presidencia municipal-air-quality.csv
2020/7/6, 31, ,Guanajuato,san-miguel de allende presidencia municipal-air-quality.csv
2020/7/7, 39, ,Guanajuato,san-miguel de allende presidencia municipal-air-quality.csv
2020/7/8, 39, ,Guanajuato,san-miguel de allende presidencia municipal-air-quality.csv
2020/7/9, 30, ,Guanajuato,san-miguel de allende presidencia municipal-air-quality.csv
2020/7/10, 19, ,Guanajuato,san-miguel de allende presidencia municipal-air-quality.csv
2020/7/11, 26, ,Guanajuato,san-miguel de allende presidencia municipal-air-quality.csv
2020/7/12, 33, ,Guanajuato,san-miguel de allende presidencia municipal-air-quality.csv
2020/7/13, 23, ,Guanajuato,san-miguel de allende presidencia municipal-air-quality.csv
2020/7/14, 35, ,Guanajuato,san-miguel de allende presidencia municipal-air-quality.csv
2020/7/15, 45, ,Guanajuato,san-miguel de allende presidencia municipal-air-quality.csv
2020/7/16, 56, ,Guanajuato,san-miguel de allende presidencia municipal-air-quality.csv
2020/7/17, 65, ,Guanajuato,san-miguel de allende presidencia municipal-air-quality.csv
2020/7/18, 64, ,Guanajuato,san-miguel de allende presidencia municipal-air-quality.csv
2020/7/19, 55, ,Guanajuato,san-miguel de allende presidencia municipal-air-quality.csv
2020/7/20, 62, ,Guanajuato,san-miguel de allende presidencia municipal-air-quality.csv
2020/7/21, 55, ,Guanajuato,san-miguel de allende presidencia municipal-air-quality.csv
2020/7/22, 41, ,Guanajuato,san-miguel de allende presidencia municipal-air-quality.csv
2020/7/23, 42, ,Guanajuato,san-miguel de allende presidencia municipal-air-quality.csv
2020/7/24, 38, ,Guanajuato,san-miguel de allende presidencia municipal-air-quality.csv
2020/7/25, 49, ,Guanajuato,san-miguel de allende presidencia municipal-air-quality.csv
2020/7/28, 42, ,Guanajuato,san-miguel de allende presidencia municipal-air-quality.csv
2020/7/29, 49, ,Guanajuato,san-miguel de allende presidencia municipal-air-quality.csv
2020/7/30, 30, ,Guanajuato,san-miguel de allende presidencia municipal-air-quality.csv
2020/7/31, 40, ,Guanajuato,san-miguel de allende presidencia municipal-air-quality.csv
2020/8/1, 35, ,Guanajuato,san-miguel de allende presidencia municipal-air-quality.csv
2020/8/2, 38, ,Guanajuato,san-miguel de allende presidencia municipal-air-quality.csv
2020/8/3, 50, ,Guanajuato,san-miguel de allende presidencia municipal-air-quality.csv
2020/8/4, 36, ,Guanajuato,san-miguel de allende presidencia municipal-air-quality.csv
2020/8/5, 40, ,Guanajuato,san-miguel de allende presidencia municipal-air-quality.csv
2020/8/6, 41, ,Guanajuato,san-miguel de allende presidencia municipal-air-quality.csv
2020/8/7, 35, ,Guanajuato,san-miguel de allende presidencia municipal-air-quality.csv
2020/8/8, 25, ,Guanajuato,san-miguel de allende presidencia municipal-air-quality.csv
2020/8/9, 16, ,Guanajuato,san-miguel de allende presidencia municipal-air-quality.csv
2020/8/10, 17, ,Guanajuato,san-miguel de allende presidencia municipal-air-quality.csv
2020/8/11, 104, ,Guanajuato,san-miguel de allende presidencia municipal-air-quality.csv
2020/8/12, 17, ,Guanajuato,san-miguel de allende presidencia municipal-air-quality.csv
2020/8/13, 26, ,Guanajuato,san-miguel de allende presidencia municipal-air-quality.csv
2020/8/14, 68, ,Guanajuato,san-miguel de allende presidencia municipal-air-quality.csv
2020/8/15, 33, ,Guanajuato,san-miguel de allende presidencia municipal-air-quality.csv
2020/8/16, 28, ,Guanajuato,san-miguel de allende presidencia municipal-air-quality.csv
2020/8/17, 25, ,Guanajuato,san-miguel de allende presidencia municipal-air-quality.csv
2020/8/18, 27, ,Guanajuato,san-miguel de allende presidencia municipal-air-quality.csv
2020/8/19, 25, ,Guanajuato,san-miguel de allende presidencia municipal-air-quality.csv
2020/8/20, 29, ,Guanajuato,san-miguel de allende presidencia municipal-air-quality.csv
2020/8/21, 39, ,Guanajuato,san-miguel de allende presidencia municipal-air-quality.csv
2020/8/22, 37, ,Guanajuato,san-miguel de allende presidencia municipal-air-quality.csv
2020/8/23, 42, ,Guanajuato,san-miguel de allende presidencia municipal-air-quality.csv
2020/8/24, 39, ,Guanajuato,san-miguel de allende presidencia municipal-air-quality.csv
2020/8/25, 44, ,Guanajuato,san-miguel de allende presidencia municipal-air-quality.csv
2020/8/26, 21, ,Guanajuato,san-miguel de allende presidencia municipal-air-quality.csv
2020/8/27, 15, ,Guanajuato,san-miguel de allende presidencia municipal-air-quality.csv
2020/8/28, 26, ,Guanajuato,san-miguel de allende presidencia municipal-air-quality.csv
2020/8/29, 21, ,Guanajuato,san-miguel de allende presidencia municipal-air-quality.csv
2020/8/30, 46, ,Guanajuato,san-miguel de allende presidencia municipal-air-quality.csv
2020/8/31, 34, ,Guanajuato,san-miguel de allende presidencia municipal-air-quality.csv
2020/9/1, 40, ,Guanajuato,san-miguel de allende presidencia municipal-air-quality.csv
2020/9/2, 30, ,Guanajuato,san-miguel de allende presidencia municipal-air-quality.csv
2020/9/3, 47, ,Guanajuato,san-miguel de allende presidencia municipal-air-quality.csv
2020/9/4, 61, ,Guanajuato,san-miguel de allende presidencia municipal-air-quality.csv
2020/9/5, 38, ,Guanajuato,san-miguel de allende presidencia municipal-air-quality.csv
2020/9/6, 17, ,Guanajuato,san-miguel de allende presidencia municipal-air-quality.csv
2020/9/7, 14, ,Guanajuato,san-miguel de allende presidencia municipal-air-quality.csv
2020/9/8, 18, ,Guanajuato,san-miguel de allende presidencia municipal-air-quality.csv
2020/9/9, 29, ,Guanajuato,san-miguel de allende presidencia municipal-air-quality.csv
2020/9/10, 45, ,Guanajuato,san-miguel de allende presidencia municipal-air-quality.csv
2020/9/11, 20, ,Guanajuato,san-miguel de allende presidencia municipal-air-quality.csv
2020/9/12, 18, ,Guanajuato,san-miguel de allende presidencia municipal-air-quality.csv
2020/9/17, 13, ,Guanajuato,san-miguel de allende presidencia municipal-air-quality.csv
2020/9/18, 18, ,Guanajuato,san-miguel de allende presidencia municipal-air-quality.csv
2020/9/19, 16, ,Guanajuato,san-miguel de allende presidencia municipal-air-quality.csv
2020/9/20, 13, ,Guanajuato,san-miguel de allende presidencia municipal-air-quality.csv
2020/9/21, 32, ,Guanajuato,san-miguel de allende presidencia municipal-air-quality.csv
2020/9/22, 37, ,Guanajuato,san-miguel de allende presidencia municipal-air-quality.csv
2020/9/23, 44, ,Guanajuato,san-miguel de allende presidencia municipal-air-quality.csv
2020/9/24, 48, ,Guanajuato,san-miguel de allende presidencia municipal-air-quality.csv
2020/9/25, 54, ,Guanajuato,san-miguel de allende presidencia municipal-air-quality.csv
2020/9/26, 56, ,Guanajuato,san-miguel de allende presidencia municipal-air-quality.csv
2020/9/29, 33, ,Guanajuato,san-miguel de allende presidencia municipal-air-quality.csv
2020/9/30, 39, ,Guanajuato,san-miguel de allende presidencia municipal-air-quality.csv
2020/10/1, 32, ,Guanajuato,san-miguel de allende presidencia municipal-air-quality.csv
2020/4/15, 46, ,Guanajuato,san-miguel de allende presidencia municipal-air-quality.csv
2020/4/16, 41, ,Guanajuato,san-miguel de allende presidencia municipal-air-quality.csv
2020/4/17, 59, ,Guanajuato,san-miguel de allende presidencia municipal-air-quality.csv
2020/4/18, 65, ,Guanajuato,san-miguel de allende presidencia municipal-air-quality.csv
2020/4/19, 68, ,Guanajuato,san-miguel de allende presidencia municipal-air-quality.csv
2020/4/20, 56, ,Guanajuato,san-miguel de allende presidencia municipal-air-quality.csv
2020/4/21, 49, ,Guanajuato,san-miguel de allende presidencia municipal-air-quality.csv
2020/4/22, 55, ,Guanajuato,san-miguel de allende presidencia municipal-air-quality.csv
2020/4/23, 56, ,Guanajuato,san-miguel de allende presidencia municipal-air-quality.csv
2020/4/24, 54, ,Guanajuato,san-miguel de allende presidencia municipal-air-quality.csv
2020/4/25, 76, ,Guanajuato,san-miguel de allende presidencia municipal-air-quality.csv
2020/4/26, 71, ,Guanajuato,san-miguel de allende presidencia municipal-air-quality.csv
2020/4/27, 58, ,Guanajuato,san-miguel de allende presidencia municipal-air-quality.csv
2020/4/28, 49, ,Guanajuato,san-miguel de allende presidencia municipal-air-quality.csv
2020/4/29, 51, ,Guanajuato,san-miguel de allende presidencia municipal-air-quality.csv
2020/4/30, 50, ,Guanajuato,san-miguel de allende presidencia municipal-air-quality.csv
2020/5/1, 35, ,Guanajuato,san-miguel de allende presidencia municipal-air-quality.csv
2020/5/2, 35, ,Guanajuato,san-miguel de allende presidencia municipal-air-quality.csv
2020/5/3, 45, ,Guanajuato,san-miguel de allende presidencia municipal-air-quality.csv
2020/5/4, 40, ,Guanajuato,san-miguel de allende presidencia municipal-air-quality.csv
2020/5/5, 50, ,Guanajuato,san-miguel de allende presidencia municipal-air-quality.csv
2020/5/6, 34, ,Guanajuato,san-miguel de allende presidencia municipal-air-quality.csv
2020/5/7, 44, ,Guanajuato,san-miguel de allende presidencia municipal-air-quality.csv
2020/5/8, 53, ,Guanajuato,san-miguel de allende presidencia municipal-air-quality.csv
2020/5/9, 58, ,Guanajuato,san-miguel de allende presidencia municipal-air-quality.csv
2020/5/13, 48, ,Guanajuato,san-miguel de allende presidencia municipal-air-quality.csv
2020/5/14, 72, ,Guanajuato,san-miguel de allende presidencia municipal-air-quality.csv
2020/5/15, 72, ,Guanajuato,san-miguel de allende presidencia municipal-air-quality.csv
2020/5/16, 66, ,Guanajuato,san-miguel de allende presidencia municipal-air-quality.csv
2020/5/18, 53, ,Guanajuato,san-miguel de allende presidencia municipal-air-quality.csv
2020/5/19, 55, ,Guanajuato,san-miguel de allende presidencia municipal-air-quality.csv
2020/5/20, 67, ,Guanajuato,san-miguel de allende presidencia municipal-air-quality.csv
2020/5/21, 79, ,Guanajuato,san-miguel de allende presidencia municipal-air-quality.csv
2020/5/22, 57, ,Guanajuato,san-miguel de allende presidencia municipal-air-quality.csv
2020/5/23, 50, ,Guanajuato,san-miguel de allende presidencia municipal-air-quality.csv
2020/5/24, 53, ,Guanajuato,san-miguel de allende presidencia municipal-air-quality.csv
2020/5/25, 64, ,Guanajuato,san-miguel de allende presidencia municipal-air-quality.csv
2020/5/26, 60, ,Guanajuato,san-miguel de allende presidencia municipal-air-quality.csv
2020/5/27, 66, ,Guanajuato,san-miguel de allende presidencia municipal-air-quality.csv
2020/5/28, 83, ,Guanajuato,san-miguel de allende presidencia municipal-air-quality.csv
2020/5/29, 57, ,Guanajuato,san-miguel de allende presidencia municipal-air-quality.csv
2020/5/30, 35, ,Guanajuato,san-miguel de allende presidencia municipal-air-quality.csv
2020/5/31, 25, ,Guanajuato,san-miguel de allende presidencia municipal-air-quality.csv
2020/6/1, 25, ,Guanajuato,san-miguel de allende presidencia municipal-air-quality.csv
2020/6/2, 41, ,Guanajuato,san-miguel de allende presidencia municipal-air-quality.csv
2020/6/3, 36, ,Guanajuato,san-miguel de allende presidencia municipal-air-quality.csv
2020/6/4, 21, ,Guanajuato,san-miguel de allende presidencia municipal-air-quality.csv
2020/6/5, 44, ,Guanajuato,san-miguel de allende presidencia municipal-air-quality.csv
2020/6/6, 41, ,Guanajuato,san-miguel de allende presidencia municipal-air-quality.csv
2020/6/7, 37, ,Guanajuato,san-miguel de allende presidencia municipal-air-quality.csv
2020/6/8, 47, ,Guanajuato,san-miguel de allende presidencia municipal-air-quality.csv
2020/6/9, 47, ,Guanajuato,san-miguel de allende presidencia municipal-air-quality.csv
2020/6/10, 29, ,Guanajuato,san-miguel de allende presidencia municipal-air-quality.csv
2020/6/11, 32, ,Guanajuato,san-miguel de allende presidencia municipal-air-quality.csv
2020/6/12, 29, ,Guanajuato,san-miguel de allende presidencia municipal-air-quality.csv
2020/6/13, 20, ,Guanajuato,san-miguel de allende presidencia municipal-air-quality.csv
2020/6/14, 38, ,Guanajuato,san-miguel de allende presidencia municipal-air-quality.csv
2020/6/15, 37, ,Guanajuato,san-miguel de allende presidencia municipal-air-quality.csv
2020/6/16, 37, ,Guanajuato,san-miguel de allende presidencia municipal-air-quality.csv
2020/6/17, 37, ,Guanajuato,san-miguel de allende presidencia municipal-air-quality.csv
2020/6/18, 34, ,Guanajuato,san-miguel de allende presidencia municipal-air-quality.csv
2020/6/19, 41, ,Guanajuato,san-miguel de allende presidencia municipal-air-quality.csv
2020/6/20, 33, ,Guanajuato,san-miguel de allende presidencia municipal-air-quality.csv
2020/6/21, 39, ,Guanajuato,san-miguel de allende presidencia municipal-air-quality.csv
2020/6/22, 39, ,Guanajuato,san-miguel de allende presidencia municipal-air-quality.csv
2020/6/23, 27, ,Guanajuato,san-miguel de allende presidencia municipal-air-quality.csv
2020/6/24, 26, ,Guanajuato,san-miguel de allende presidencia municipal-air-quality.csv
2020/6/25, 27, ,Guanajuato,san-miguel de allende presidencia municipal-air-quality.csv
2020/6/26, 31, ,Guanajuato,san-miguel de allende presidencia municipal-air-quality.csv
2020/6/27, 36, ,Guanajuato,san-miguel de allende presidencia municipal-air-quality.csv
2020/6/28, 54, ,Guanajuato,san-miguel de allende presidencia municipal-air-quality.csv
2020/6/29, 74, ,Guanajuato,san-miguel de allende presidencia municipal-air-quality.csv
2020/6/30, 51, ,Guanajuato,san-miguel de allende presidencia municipal-air-quality.csv
2020/7/1, 45, ,Guanajuato,san-miguel de allende presidencia municipal-air-quality.csv
2020/1/2, 58, ,Guanajuato,san-miguel de allende presidencia municipal-air-quality.csv
2020/1/3, 41, ,Guanajuato,san-miguel de allende presidencia municipal-air-quality.csv
2020/1/4, 26, ,Guanajuato,san-miguel de allende presidencia municipal-air-quality.csv
2020/1/8, 36, ,Guanajuato,san-miguel de allende presidencia municipal-air-quality.csv
2020/1/9, 57, ,Guanajuato,san-miguel de allende presidencia municipal-air-quality.csv
2020/1/10, 83, ,Guanajuato,san-miguel de allende presidencia municipal-air-quality.csv
2020/1/11, 74, ,Guanajuato,san-miguel de allende presidencia municipal-air-quality.csv
2020/1/12, 60, ,Guanajuato,san-miguel de allende presidencia municipal-air-quality.csv
2020/1/13, 59, ,Guanajuato,san-miguel de allende presidencia municipal-air-quality.csv
2020/1/14, 54, ,Guanajuato,san-miguel de allende presidencia municipal-air-quality.csv
2020/1/15, 48, ,Guanajuato,san-miguel de allende presidencia municipal-air-quality.csv
2020/1/16, 50, ,Guanajuato,san-miguel de allende presidencia municipal-air-quality.csv
2020/1/17, 53, ,Guanajuato,san-miguel de allende presidencia municipal-air-quality.csv
2020/1/18, 43, ,Guanajuato,san-miguel de allende presidencia municipal-air-quality.csv
2020/1/19, 45, ,Guanajuato,san-miguel de allende presidencia municipal-air-quality.csv
2020/1/20, 33, ,Guanajuato,san-miguel de allende presidencia municipal-air-quality.csv
2020/1/21, 19, ,Guanajuato,san-miguel de allende presidencia municipal-air-quality.csv
2020/1/22, 36, ,Guanajuato,san-miguel de allende presidencia municipal-air-quality.csv
2020/1/23, 58, ,Guanajuato,san-miguel de allende presidencia municipal-air-quality.csv
2020/1/24, 48, ,Guanajuato,san-miguel de allende presidencia municipal-air-quality.csv
2020/1/25, 46, ,Guanajuato,san-miguel de allende presidencia municipal-air-quality.csv
2020/1/26, 59, ,Guanajuato,san-miguel de allende presidencia municipal-air-quality.csv
2020/1/27, 46, ,Guanajuato,san-miguel de allende presidencia municipal-air-quality.csv
2020/1/28, 39, ,Guanajuato,san-miguel de allende presidencia municipal-air-quality.csv
2020/1/29, 46, ,Guanajuato,san-miguel de allende presidencia municipal-air-quality.csv
2020/1/30, 51, ,Guanajuato,san-miguel de allende presidencia municipal-air-quality.csv
2020/1/31, 35, ,Guanajuato,san-miguel de allende presidencia municipal-air-quality.csv
2020/2/1, 29, ,Guanajuato,san-miguel de allende presidencia municipal-air-quality.csv
2020/2/4, 54, ,Guanajuato,san-miguel de allende presidencia municipal-air-quality.csv
2020/2/5, 40, ,Guanajuato,san-miguel de allende presidencia municipal-air-quality.csv
2020/2/6, 36, ,Guanajuato,san-miguel de allende presidencia municipal-air-quality.csv
2020/2/7, 28, ,Guanajuato,san-miguel de allende presidencia municipal-air-quality.csv
2020/2/8, 53, ,Guanajuato,san-miguel de allende presidencia municipal-air-quality.csv
2020/2/9, 55, ,Guanajuato,san-miguel de allende presidencia municipal-air-quality.csv
2020/2/10, 53, ,Guanajuato,san-miguel de allende presidencia municipal-air-quality.csv
2020/2/11, 46, ,Guanajuato,san-miguel de allende presidencia municipal-air-quality.csv
2020/2/12, 47, ,Guanajuato,san-miguel de allende presidencia municipal-air-quality.csv
2020/2/13, 45, ,Guanajuato,san-miguel de allende presidencia municipal-air-quality.csv
2020/2/14, 44, ,Guanajuato,san-miguel de allende presidencia municipal-air-quality.csv
2020/2/15, 40, ,Guanajuato,san-miguel de allende presidencia municipal-air-quality.csv
2020/2/16, 50, ,Guanajuato,san-miguel de allende presidencia municipal-air-quality.csv
2020/2/17, 53, ,Guanajuato,san-miguel de allende presidencia municipal-air-quality.csv
2020/2/18, 39, ,Guanajuato,san-miguel de allende presidencia municipal-air-quality.csv
2020/2/19, 48, ,Guanajuato,san-miguel de allende presidencia municipal-air-quality.csv
2020/2/20, 58, ,Guanajuato,san-miguel de allende presidencia municipal-air-quality.csv
2020/2/21, 63, ,Guanajuato,san-miguel de allende presidencia municipal-air-quality.csv
2020/2/22, 34, ,Guanajuato,san-miguel de allende presidencia municipal-air-quality.csv
2020/2/23, 48, ,Guanajuato,san-miguel de allende presidencia municipal-air-quality.csv
2020/2/24, 70, ,Guanajuato,san-miguel de allende presidencia municipal-air-quality.csv
2020/2/25, 55, ,Guanajuato,san-miguel de allende presidencia municipal-air-quality.csv
2020/2/26, 52, ,Guanajuato,san-miguel de allende presidencia municipal-air-quality.csv
2020/2/27, 47, ,Guanajuato,san-miguel de allende presidencia municipal-air-quality.csv
2020/2/28, 39, ,Guanajuato,san-miguel de allende presidencia municipal-air-quality.csv
2020/2/29, 37, ,Guanajuato,san-miguel de allende presidencia municipal-air-quality.csv
2020/3/2, 47, ,Guanajuato,san-miguel de allende presidencia municipal-air-quality.csv
2020/3/3, 43, ,Guanajuato,san-miguel de allende presidencia municipal-air-quality.csv
2020/3/4, 53, ,Guanajuato,san-miguel de allende presidencia municipal-air-quality.csv
2020/3/5, 49, ,Guanajuato,san-miguel de allende presidencia municipal-air-quality.csv
2020/3/6, 50, ,Guanajuato,san-miguel de allende presidencia municipal-air-quality.csv
2020/3/7, 39, ,Guanajuato,san-miguel de allende presidencia municipal-air-quality.csv
2020/3/8, 42, ,Guanajuato,san-miguel de allende presidencia municipal-air-quality.csv
2020/3/9, 51, ,Guanajuato,san-miguel de allende presidencia municipal-air-quality.csv
2020/3/10, 47, ,Guanajuato,san-miguel de allende presidencia municipal-air-quality.csv
2020/3/11, 33, ,Guanajuato,san-miguel de allende presidencia municipal-air-quality.csv
2020/3/12, 47, ,Guanajuato,san-miguel de allende presidencia municipal-air-quality.csv
2020/3/13, 53, ,Guanajuato,san-miguel de allende presidencia municipal-air-quality.csv
2020/3/14, 63, ,Guanajuato,san-miguel de allende presidencia municipal-air-quality.csv
2020/3/15, 43, ,Guanajuato,san-miguel de allende presidencia municipal-air-quality.csv
2020/3/16, 50, ,Guanajuato,san-miguel de allende presidencia municipal-air-quality.csv
2020/3/17, 45, ,Guanajuato,san-miguel de allende presidencia municipal-air-quality.csv
2020/3/18, 32, ,Guanajuato,san-miguel de allende presidencia municipal-air-quality.csv
2020/3/20, 67, ,Guanajuato,san-miguel de allende presidencia municipal-air-quality.csv
2020/3/21, 57, ,Guanajuato,san-miguel de allende presidencia municipal-air-quality.csv
2020/3/22, 79, ,Guanajuato,san-miguel de allende presidencia municipal-air-quality.csv
2020/3/23, 63, ,Guanajuato,san-miguel de allende presidencia municipal-air-quality.csv
2020/3/24, 45, ,Guanajuato,san-miguel de allende presidencia municipal-air-quality.csv
2020/3/25, 40, ,Guanajuato,san-miguel de allende presidencia municipal-air-quality.csv
2020/3/26, 37, ,Guanajuato,san-miguel de allende presidencia municipal-air-quality.csv
2020/3/27, 52, ,Guanajuato,san-miguel de allende presidencia municipal-air-quality.csv
2020/3/28, 53, ,Guanajuato,san-miguel de allende presidencia municipal-air-quality.csv
2020/3/29, 48, ,Guanajuato,san-miguel de allende presidencia municipal-air-quality.csv
2020/3/30, 77, ,Guanajuato,san-miguel de allende presidencia municipal-air-quality.csv
2020/3/31, 77, ,Guanajuato,san-miguel de allende presidencia municipal-air-quality.csv
2020/4/1, 69, ,Guanajuato,san-miguel de allende presidencia municipal-air-quality.csv
2019/10/2, 35, ,Guanajuato,san-miguel de allende presidencia municipal-air-quality.csv
2019/10/3, 35, ,Guanajuato,san-miguel de allende presidencia municipal-air-quality.csv
2019/10/4, 33, ,Guanajuato,san-miguel de allende presidencia municipal-air-quality.csv
2019/10/5, 49, ,Guanajuato,san-miguel de allende presidencia municipal-air-quality.csv
2019/10/6, 32, ,Guanajuato,san-miguel de allende presidencia municipal-air-quality.csv
2019/10/7, 33, ,Guanajuato,san-miguel de allende presidencia municipal-air-quality.csv
2019/10/8, 38, ,Guanajuato,san-miguel de allende presidencia municipal-air-quality.csv
2019/10/9, 26, ,Guanajuato,san-miguel de allende presidencia municipal-air-quality.csv
2019/10/10, 32, ,Guanajuato,san-miguel de allende presidencia municipal-air-quality.csv
2019/10/11, 36, ,Guanajuato,san-miguel de allende presidencia municipal-air-quality.csv
2019/10/12, 44, ,Guanajuato,san-miguel de allende presidencia municipal-air-quality.csv
2019/10/13, 35, ,Guanajuato,san-miguel de allende presidencia municipal-air-quality.csv
2019/10/14, 23, ,Guanajuato,san-miguel de allende presidencia municipal-air-quality.csv
2019/10/15, 25, ,Guanajuato,san-miguel de allende presidencia municipal-air-quality.csv
2019/10/16, 26, ,Guanajuato,san-miguel de allende presidencia municipal-air-quality.csv
2019/10/17, 32, ,Guanajuato,san-miguel de allende presidencia municipal-air-quality.csv
2019/10/19, 23, ,Guanajuato,san-miguel de allende presidencia municipal-air-quality.csv
2019/10/20, 22, ,Guanajuato,san-miguel de allende presidencia municipal-air-quality.csv
2019/10/21, 27, ,Guanajuato,san-miguel de allende presidencia municipal-air-quality.csv
2019/10/22, 21, ,Guanajuato,san-miguel de allende presidencia municipal-air-quality.csv
2019/10/23, 19, ,Guanajuato,san-miguel de allende presidencia municipal-air-quality.csv
2019/10/24, 28, ,Guanajuato,san-miguel de allende presidencia municipal-air-quality.csv
2019/10/25, 35, ,Guanajuato,san-miguel de allende presidencia municipal-air-quality.csv
2019/10/29, 55, ,Guanajuato,san-miguel de allende presidencia municipal-air-quality.csv
2019/10/30, 50, ,Guanajuato,san-miguel de allende presidencia municipal-air-quality.csv
2019/10/31, 53, ,Guanajuato,san-miguel de allende presidencia municipal-air-quality.csv
2019/11/1, 35, ,Guanajuato,san-miguel de allende presidencia municipal-air-quality.csv
2019/11/2, 36, ,Guanajuato,san-miguel de allende presidencia municipal-air-quality.csv
2019/11/3, 30, ,Guanajuato,san-miguel de allende presidencia municipal-air-quality.csv
2019/11/4, 22, ,Guanajuato,san-miguel de allende presidencia municipal-air-quality.csv
2019/11/5, 29, ,Guanajuato,san-miguel de allende presidencia municipal-air-quality.csv
2019/11/6, 29, ,Guanajuato,san-miguel de allende presidencia municipal-air-quality.csv
2019/11/7, 28, ,Guanajuato,san-miguel de allende presidencia municipal-air-quality.csv
2019/11/8, 26, ,Guanajuato,san-miguel de allende presidencia municipal-air-quality.csv
2019/11/9, 38, ,Guanajuato,san-miguel de allende presidencia municipal-air-quality.csv
2019/11/10, 33, ,Guanajuato,san-miguel de allende presidencia municipal-air-quality.csv
2019/11/11, 33, ,Guanajuato,san-miguel de allende presidencia municipal-air-quality.csv
2019/11/12, 44, ,Guanajuato,san-miguel de allende presidencia municipal-air-quality.csv
2019/11/13, 42, ,Guanajuato,san-miguel de allende presidencia municipal-air-quality.csv
2019/11/14, 36, ,Guanajuato,san-miguel de allende presidencia municipal-air-quality.csv
2019/11/15, 45, ,Guanajuato,san-miguel de allende presidencia municipal-air-quality.csv
2019/11/16, 33, ,Guanajuato,san-miguel de allende presidencia municipal-air-quality.csv
2019/11/17, 39, ,Guanajuato,san-miguel de allende presidencia municipal-air-quality.csv
2019/11/18, 43, ,Guanajuato,san-miguel de allende presidencia municipal-air-quality.csv
2019/11/19, 42, ,Guanajuato,san-miguel de allende presidencia municipal-air-quality.csv
2019/11/20, 45, ,Guanajuato,san-miguel de allende presidencia municipal-air-quality.csv
2019/11/21, 60, ,Guanajuato,san-miguel de allende presidencia municipal-air-quality.csv
2019/11/22, 56, ,Guanajuato,san-miguel de allende presidencia municipal-air-quality.csv
2019/11/23, 50, ,Guanajuato,san-miguel de allende presidencia municipal-air-quality.csv
2019/11/24, 55, ,Guanajuato,san-miguel de allende presidencia municipal-air-quality.csv
2019/11/25, 58, ,Guanajuato,san-miguel de allende presidencia municipal-air-quality.csv
2019/11/26, 67, ,Guanajuato,san-miguel de allende presidencia municipal-air-quality.csv
2019/11/27, 64, ,Guanajuato,san-miguel de allende presidencia municipal-air-quality.csv
2019/11/28, 75, ,Guanajuato,san-miguel de allende presidencia municipal-air-quality.csv
2019/11/29, 73, ,Guanajuato,san-miguel de allende presidencia municipal-air-quality.csv
2019/11/30, 80, ,Guanajuato,san-miguel de allende presidencia municipal-air-quality.csv
2019/12/1, 73, ,Guanajuato,san-miguel de allende presidencia municipal-air-quality.csv
2019/12/2, 62, ,Guanajuato,san-miguel de allende presidencia municipal-air-quality.csv
2019/12/3, 55, ,Guanajuato,san-miguel de allende presidencia municipal-air-quality.csv
2019/12/4, 56, ,Guanajuato,san-miguel de allende presidencia municipal-air-quality.csv
2019/12/5, 73, ,Guanajuato,san-miguel de allende presidencia municipal-air-quality.csv
2019/12/6, 55, ,Guanajuato,san-miguel de allende presidencia municipal-air-quality.csv
2019/12/7, 48, ,Guanajuato,san-miguel de allende presidencia municipal-air-quality.csv
2019/12/8, 54, ,Guanajuato,san-miguel de allende presidencia municipal-air-quality.csv
2019/12/9, 57, ,Guanajuato,san-miguel de allende presidencia municipal-air-quality.csv
2019/12/10, 67, ,Guanajuato,san-miguel de allende presidencia municipal-air-quality.csv
2019/12/11, 71, ,Guanajuato,san-miguel de allende presidencia municipal-air-quality.csv
2019/12/12, 51, ,Guanajuato,san-miguel de allende presidencia municipal-air-quality.csv
2019/12/13, 57, ,Guanajuato,san-miguel de allende presidencia municipal-air-quality.csv
2019/12/14, 60, ,Guanajuato,san-miguel de allende presidencia municipal-air-quality.csv
2019/12/15, 70, ,Guanajuato,san-miguel de allende presidencia municipal-air-quality.csv
2019/12/16, 80, ,Guanajuato,san-miguel de allende presidencia municipal-air-quality.csv
2019/12/17, 50, ,Guanajuato,san-miguel de allende presidencia municipal-air-quality.csv
2019/12/18, 72, ,Guanajuato,san-miguel de allende presidencia municipal-air-quality.csv
2019/12/19, 49, ,Guanajuato,san-miguel de allende presidencia municipal-air-quality.csv
2019/12/20, 57, ,Guanajuato,san-miguel de allende presidencia municipal-air-quality.csv
2019/12/21, 61, ,Guanajuato,san-miguel de allende presidencia municipal-air-quality.csv
2019/12/26, 56, ,Guanajuato,san-miguel de allende presidencia municipal-air-quality.csv
2019/12/27, 69, ,Guanajuato,san-miguel de allende presidencia municipal-air-quality.csv
2019/12/28, 73, ,Guanajuato,san-miguel de allende presidencia municipal-air-quality.csv
2019/12/29, 53, ,Guanajuato,san-miguel de allende presidencia municipal-air-quality.csv
2019/7/2, 21, ,Guanajuato,san-miguel de allende presidencia municipal-air-quality.csv
2019/7/3, 23, ,Guanajuato,san-miguel de allende presidencia municipal-air-quality.csv
2019/7/4, 15, ,Guanajuato,san-miguel de allende presidencia municipal-air-quality.csv
2019/7/5, 24, ,Guanajuato,san-miguel de allende presidencia municipal-air-quality.csv
2019/7/6, 52, ,Guanajuato,san-miguel de allende presidencia municipal-air-quality.csv
2019/7/7, 46, ,Guanajuato,san-miguel de allende presidencia municipal-air-quality.csv
2019/7/8, 38, ,Guanajuato,san-miguel de allende presidencia municipal-air-quality.csv
2019/7/9, 31, ,Guanajuato,san-miguel de allende presidencia municipal-air-quality.csv
2019/7/10, 36, ,Guanajuato,san-miguel de allende presidencia municipal-air-quality.csv
2019/7/11, 31, ,Guanajuato,san-miguel de allende presidencia municipal-air-quality.csv
2019/7/12, 23, ,Guanajuato,san-miguel de allende presidencia municipal-air-quality.csv
2019/7/13, 42, ,Guanajuato,san-miguel de allende presidencia municipal-air-quality.csv
2019/7/14, 36, ,Guanajuato,san-miguel de allende presidencia municipal-air-quality.csv
2019/7/15, 14, ,Guanajuato,san-miguel de allende presidencia municipal-air-quality.csv
2019/7/16, 46, ,Guanajuato,san-miguel de allende presidencia municipal-air-quality.csv
2019/7/17, 29, ,Guanajuato,san-miguel de allende presidencia municipal-air-quality.csv
2019/7/18, 26, ,Guanajuato,san-miguel de allende presidencia municipal-air-quality.csv
2019/7/19, 16, ,Guanajuato,san-miguel de allende presidencia municipal-air-quality.csv
2019/7/20, 35, ,Guanajuato,san-miguel de allende presidencia municipal-air-quality.csv
2019/7/21, 42, ,Guanajuato,san-miguel de allende presidencia municipal-air-quality.csv
2019/7/22, 34, ,Guanajuato,san-miguel de allende presidencia municipal-air-quality.csv
2019/7/23, 25, ,Guanajuato,san-miguel de allende presidencia municipal-air-quality.csv
2019/7/24, 27, ,Guanajuato,san-miguel de allende presidencia municipal-air-quality.csv
2019/7/25, 32, ,Guanajuato,san-miguel de allende presidencia municipal-air-quality.csv
2019/7/26, 24, ,Guanajuato,san-miguel de allende presidencia municipal-air-quality.csv
2019/7/27, 22, ,Guanajuato,san-miguel de allende presidencia municipal-air-quality.csv
2019/7/28, 24, ,Guanajuato,san-miguel de allende presidencia municipal-air-quality.csv
2019/7/29, 35, ,Guanajuato,san-miguel de allende presidencia municipal-air-quality.csv
2019/7/30, 34, ,Guanajuato,san-miguel de allende presidencia municipal-air-quality.csv
2019/7/31, 39, ,Guanajuato,san-miguel de allende presidencia municipal-air-quality.csv
2019/8/1, 56, ,Guanajuato,san-miguel de allende presidencia municipal-air-quality.csv
2019/8/2, 38, ,Guanajuato,san-miguel de allende presidencia municipal-air-quality.csv
2019/8/3, 29, ,Guanajuato,san-miguel de allende presidencia municipal-air-quality.csv
2019/8/4, 29, ,Guanajuato,san-miguel de allende presidencia municipal-air-quality.csv
2019/8/5, 37, ,Guanajuato,san-miguel de allende presidencia municipal-air-quality.csv
2019/8/6, 26, ,Guanajuato,san-miguel de allende presidencia municipal-air-quality.csv
2019/8/7, 41, ,Guanajuato,san-miguel de allende presidencia municipal-air-quality.csv
2019/8/8, 54, ,Guanajuato,san-miguel de allende presidencia municipal-air-quality.csv
2019/8/9, 44, ,Guanajuato,san-miguel de allende presidencia municipal-air-quality.csv
2019/8/10, 38, ,Guanajuato,san-miguel de allende presidencia municipal-air-quality.csv
2019/8/11, 40, ,Guanajuato,san-miguel de allende presidencia municipal-air-quality.csv
2019/8/12, 26, ,Guanajuato,san-miguel de allende presidencia municipal-air-quality.csv
2019/8/13, 38, ,Guanajuato,san-miguel de allende presidencia municipal-air-quality.csv
2019/8/14, 27, ,Guanajuato,san-miguel de allende presidencia municipal-air-quality.csv
2019/8/15, 44, ,Guanajuato,san-miguel de allende presidencia municipal-air-quality.csv
2019/8/20, 38, ,Guanajuato,san-miguel de allende presidencia municipal-air-quality.csv
2019/8/21, 36, ,Guanajuato,san-miguel de allende presidencia municipal-air-quality.csv
2019/8/22, 34, ,Guanajuato,san-miguel de allende presidencia municipal-air-quality.csv
2019/8/23, 37, ,Guanajuato,san-miguel de allende presidencia municipal-air-quality.csv
2019/8/24, 25, ,Guanajuato,san-miguel de allende presidencia municipal-air-quality.csv
2019/8/25, 30, ,Guanajuato,san-miguel de allende presidencia municipal-air-quality.csv
2019/8/26, 32, ,Guanajuato,san-miguel de allende presidencia municipal-air-quality.csv
2019/8/27, 38, ,Guanajuato,san-miguel de allende presidencia municipal-air-quality.csv
2019/8/28, 44, ,Guanajuato,san-miguel de allende presidencia municipal-air-quality.csv
2019/8/29, 55, ,Guanajuato,san-miguel de allende presidencia municipal-air-quality.csv
2019/8/30, 48, ,Guanajuato,san-miguel de allende presidencia municipal-air-quality.csv
2019/8/31, 49, ,Guanajuato,san-miguel de allende presidencia municipal-air-quality.csv
2019/9/1, 49, ,Guanajuato,san-miguel de allende presidencia municipal-air-quality.csv
2019/9/2, 52, ,Guanajuato,san-miguel de allende presidencia municipal-air-quality.csv
2019/9/3, 29, ,Guanajuato,san-miguel de allende presidencia municipal-air-quality.csv
2019/9/4, 28, ,Guanajuato,san-miguel de allende presidencia municipal-air-quality.csv
2019/9/5, 35, ,Guanajuato,san-miguel de allende presidencia municipal-air-quality.csv
2019/9/6, 34, ,Guanajuato,san-miguel de allende presidencia municipal-air-quality.csv
2019/9/7, 43, ,Guanajuato,san-miguel de allende presidencia municipal-air-quality.csv
2019/9/8, 49, ,Guanajuato,san-miguel de allende presidencia municipal-air-quality.csv
2019/9/9, 31, ,Guanajuato,san-miguel de allende presidencia municipal-air-quality.csv
2019/9/10, 21, ,Guanajuato,san-miguel de allende presidencia municipal-air-quality.csv
2019/9/11, 33, ,Guanajuato,san-miguel de allende presidencia municipal-air-quality.csv
2019/9/12, 21, ,Guanajuato,san-miguel de allende presidencia municipal-air-quality.csv
2019/9/13, 20, ,Guanajuato,san-miguel de allende presidencia municipal-air-quality.csv
2019/9/14, 17, ,Guanajuato,san-miguel de allende presidencia municipal-air-quality.csv
2019/9/15, 23, ,Guanajuato,san-miguel de allende presidencia municipal-air-quality.csv
2019/9/16, 23, ,Guanajuato,san-miguel de allende presidencia municipal-air-quality.csv
2019/9/17, 23, ,Guanajuato,san-miguel de allende presidencia municipal-air-quality.csv
2019/9/18, 26, ,Guanajuato,san-miguel de allende presidencia municipal-air-quality.csv
2019/9/19, 38, ,Guanajuato,san-miguel de allende presidencia municipal-air-quality.csv
2019/9/20, 24, ,Guanajuato,san-miguel de allende presidencia municipal-air-quality.csv
2019/9/21, 36, ,Guanajuato,san-miguel de allende presidencia municipal-air-quality.csv
2019/9/22, 40, ,Guanajuato,san-miguel de allende presidencia municipal-air-quality.csv
2019/9/23, 27, ,Guanajuato,san-miguel de allende presidencia municipal-air-quality.csv
2019/9/24, 24, ,Guanajuato,san-miguel de allende presidencia municipal-air-quality.csv
2019/9/25, 42, ,Guanajuato,san-miguel de allende presidencia municipal-air-quality.csv
2019/9/26, 56, ,Guanajuato,san-miguel de allende presidencia municipal-air-quality.csv
2019/9/27, 62, ,Guanajuato,san-miguel de allende presidencia municipal-air-quality.csv
2019/9/28, 47, ,Guanajuato,san-miguel de allende presidencia municipal-air-quality.csv
2019/9/29, 42, ,Guanajuato,san-miguel de allende presidencia municipal-air-quality.csv
2019/9/30, 27, ,Guanajuato,san-miguel de allende presidencia municipal-air-quality.csv
2019/10/1, 24, ,Guanajuato,san-miguel de allende presidencia municipal-air-quality.csv
2019/5/24, 78, ,Guanajuato,san-miguel de allende presidencia municipal-air-quality.csv
2019/5/25, 83, ,Guanajuato,san-miguel de allende presidencia municipal-air-quality.csv
2019/5/26, 73, ,Guanajuato,san-miguel de allende presidencia municipal-air-quality.csv
2019/5/27, 62, ,Guanajuato,san-miguel de allende presidencia municipal-air-quality.csv
2019/5/28, 59, ,Guanajuato,san-miguel de allende presidencia municipal-air-quality.csv
2019/5/29, 67, ,Guanajuato,san-miguel de allende presidencia municipal-air-quality.csv
2019/5/30, 78, ,Guanajuato,san-miguel de allende presidencia municipal-air-quality.csv
2019/5/31, 75, ,Guanajuato,san-miguel de allende presidencia municipal-air-quality.csv
2019/6/1, 64, ,Guanajuato,san-miguel de allende presidencia municipal-air-quality.csv
2019/6/2, 41, ,Guanajuato,san-miguel de allende presidencia municipal-air-quality.csv
2019/6/3, 34, ,Guanajuato,san-miguel de allende presidencia municipal-air-quality.csv
2019/6/4, 15, ,Guanajuato,san-miguel de allende presidencia municipal-air-quality.csv
2019/6/5, 15, ,Guanajuato,san-miguel de allende presidencia municipal-air-quality.csv
2019/6/6, 13, ,Guanajuato,san-miguel de allende presidencia municipal-air-quality.csv
2019/6/9, 37, ,Guanajuato,san-miguel de allende presidencia municipal-air-quality.csv
2019/6/15, 17, ,Guanajuato,san-miguel de allende presidencia municipal-air-quality.csv
2019/6/17, 29, ,Guanajuato,san-miguel de allende presidencia municipal-air-quality.csv
2019/6/18, 39, ,Guanajuato,san-miguel de allende presidencia municipal-air-quality.csv
2019/6/19, 51, ,Guanajuato,san-miguel de allende presidencia municipal-air-quality.csv
2019/6/20, 41, ,Guanajuato,san-miguel de allende presidencia municipal-air-quality.csv
2019/6/21, 45, ,Guanajuato,san-miguel de allende presidencia municipal-air-quality.csv
2019/6/22, 47, ,Guanajuato,san-miguel de allende presidencia municipal-air-quality.csv
2019/6/23, 48, ,Guanajuato,san-miguel de allende presidencia municipal-air-quality.csv
2019/6/24, 30, ,Guanajuato,san-miguel de allende presidencia municipal-air-quality.csv
2019/6/25, 34, ,Guanajuato,san-miguel de allende presidencia municipal-air-quality.csv
2019/6/26, 24, ,Guanajuato,san-miguel de allende presidencia municipal-air-quality.csv
2019/6/27, 16, ,Guanajuato,san-miguel de allende presidencia municipal-air-quality.csv
2019/6/28, 33, ,Guanajuato,san-miguel de allende presidencia municipal-air-quality.csv
2019/6/29, 28, ,Guanajuato,san-miguel de allende presidencia municipal-air-quality.csv
2019/6/30, 23, ,Guanajuato,san-miguel de allende presidencia municipal-air-quality.csv
2019/7/1, 19, ,Guanajuato,san-miguel de allende presidencia municipal-air-quality.csv
2018/10/2, 21, ,Guanajuato,san-miguel de allende presidencia municipal-air-quality.csv
2018/10/3, 16, ,Guanajuato,san-miguel de allende presidencia municipal-air-quality.csv
2018/10/4, 15, ,Guanajuato,san-miguel de allende presidencia municipal-air-quality.csv
2018/10/5, 15, ,Guanajuato,san-miguel de allende presidencia municipal-air-quality.csv
2018/10/6, 25, ,Guanajuato,san-miguel de allende presidencia municipal-air-quality.csv
2018/10/7, 35, ,Guanajuato,san-miguel de allende presidencia municipal-air-quality.csv
2018/10/8, 39, ,Guanajuato,san-miguel de allende presidencia municipal-air-quality.csv
2018/10/9, 37, ,Guanajuato,san-miguel de allende presidencia municipal-air-quality.csv
2018/10/10, 30, ,Guanajuato,san-miguel de allende presidencia municipal-air-quality.csv
2018/10/11, 45, ,Guanajuato,san-miguel de allende presidencia municipal-air-quality.csv
2018/10/12, 32, ,Guanajuato,san-miguel de allende presidencia municipal-air-quality.csv
2018/10/13, 41, ,Guanajuato,san-miguel de allende presidencia municipal-air-quality.csv
2018/10/14, 36, ,Guanajuato,san-miguel de allende presidencia municipal-air-quality.csv
2018/10/15, 46, ,Guanajuato,san-miguel de allende presidencia municipal-air-quality.csv
2018/10/16, 41, ,Guanajuato,san-miguel de allende presidencia municipal-air-quality.csv
2018/10/17, 19, ,Guanajuato,san-miguel de allende presidencia municipal-air-quality.csv
2018/10/18, 12, ,Guanajuato,san-miguel de allende presidencia municipal-air-quality.csv
2018/10/19, 9, ,Guanajuato,san-miguel de allende presidencia municipal-air-quality.csv
2018/10/20, 7, ,Guanajuato,san-miguel de allende presidencia municipal-air-quality.csv
2018/11/12, 54, ,Guanajuato,san-miguel de allende presidencia municipal-air-quality.csv
2018/11/13, 54, ,Guanajuato,san-miguel de allende presidencia municipal-air-quality.csv
2018/11/14, 40, ,Guanajuato,san-miguel de allende presidencia municipal-air-quality.csv
2018/11/15, 23, ,Guanajuato,san-miguel de allende presidencia municipal-air-quality.csv
2018/11/16, 48, ,Guanajuato,san-miguel de allende presidencia municipal-air-quality.csv
2018/11/17, 51, ,Guanajuato,san-miguel de allende presidencia municipal-air-quality.csv
2018/11/18, 66, ,Guanajuato,san-miguel de allende presidencia municipal-air-quality.csv
2018/11/19, 56, ,Guanajuato,san-miguel de allende presidencia municipal-air-quality.csv
2018/11/20, 50, ,Guanajuato,san-miguel de allende presidencia municipal-air-quality.csv
2018/11/21, 69, ,Guanajuato,san-miguel de allende presidencia municipal-air-quality.csv
2018/11/22, 66, ,Guanajuato,san-miguel de allende presidencia municipal-air-quality.csv
2018/11/23, 64, ,Guanajuato,san-miguel de allende presidencia municipal-air-quality.csv
2018/11/24, 60, ,Guanajuato,san-miguel de allende presidencia municipal-air-quality.csv
2018/11/25, 66, ,Guanajuato,san-miguel de allende presidencia municipal-air-quality.csv
2018/11/26, 56, ,Guanajuato,san-miguel de allende presidencia municipal-air-quality.csv
2018/11/27, 53, ,Guanajuato,san-miguel de allende presidencia municipal-air-quality.csv
2018/11/28, 47, ,Guanajuato,san-miguel de allende presidencia municipal-air-quality.csv
2018/11/29, 55, ,Guanajuato,san-miguel de allende presidencia municipal-air-quality.csv
2018/11/30, 29, ,Guanajuato,san-miguel de allende presidencia municipal-air-quality.csv
2018/12/1, 41, ,Guanajuato,san-miguel de allende presidencia municipal-air-quality.csv
2018/12/2, 46, ,Guanajuato,san-miguel de allende presidencia municipal-air-quality.csv
2018/12/3, 41, ,Guanajuato,san-miguel de allende presidencia municipal-air-quality.csv
2018/12/4, 47, ,Guanajuato,san-miguel de allende presidencia municipal-air-quality.csv
2018/12/5, 58, ,Guanajuato,san-miguel de allende presidencia municipal-air-quality.csv
2018/12/6, 33, ,Guanajuato,san-miguel de allende presidencia municipal-air-quality.csv
2018/12/7, 36, ,Guanajuato,san-miguel de allende presidencia municipal-air-quality.csv
2018/12/8, 61, ,Guanajuato,san-miguel de allende presidencia municipal-air-quality.csv
2018/12/9, 53, ,Guanajuato,san-miguel de allende presidencia municipal-air-quality.csv
2018/12/10, 58, ,Guanajuato,san-miguel de allende presidencia municipal-air-quality.csv
2018/12/11, 23, ,Guanajuato,san-miguel de allende presidencia municipal-air-quality.csv
2018/12/12, 33, ,Guanajuato,san-miguel de allende presidencia municipal-air-quality.csv
2018/12/13, 66, ,Guanajuato,san-miguel de allende presidencia municipal-air-quality.csv
2018/12/14, 38, ,Guanajuato,san-miguel de allende presidencia municipal-air-quality.csv
2018/12/15, 34, ,Guanajuato,san-miguel de allende presidencia municipal-air-quality.csv
2018/12/16, 39, ,Guanajuato,san-miguel de allende presidencia municipal-air-quality.csv
2018/12/17, 42, ,Guanajuato,san-miguel de allende presidencia municipal-air-quality.csv
2018/12/18, 61, ,Guanajuato,san-miguel de allende presidencia municipal-air-quality.csv
2018/12/19, 75, ,Guanajuato,san-miguel de allende presidencia municipal-air-quality.csv
2018/12/20, 50, ,Guanajuato,san-miguel de allende presidencia municipal-air-quality.csv
2018/12/21, 34, ,Guanajuato,san-miguel de allende presidencia municipal-air-quality.csv
2018/12/22, 44, ,Guanajuato,san-miguel de allende presidencia municipal-air-quality.csv
2018/12/23, 65, ,Guanajuato,san-miguel de allende presidencia municipal-air-quality.csv
2018/12/24, 53, ,Guanajuato,san-miguel de allende presidencia municipal-air-quality.csv
2018/12/25, 57, ,Guanajuato,san-miguel de allende presidencia municipal-air-quality.csv
2018/12/26, 112, ,Guanajuato,san-miguel de allende presidencia municipal-air-quality.csv
2018/12/27, 89, ,Guanajuato,san-miguel de allende presidencia municipal-air-quality.csv
2018/12/28, 56, ,Guanajuato,san-miguel de allende presidencia municipal-air-quality.csv
2018/12/29, 61, ,Guanajuato,san-miguel de allende presidencia municipal-air-quality.csv
2018/12/30, 84, ,Guanajuato,san-miguel de allende presidencia municipal-air-quality.csv
2018/12/31, 83, ,Guanajuato,san-miguel de allende presidencia municipal-air-quality.csv
2018/7/2, 59, ,Guanajuato,san-miguel de allende presidencia municipal-air-quality.csv
2018/7/3, 68, ,Guanajuato,san-miguel de allende presidencia municipal-air-quality.csv
2018/7/4, 51, ,Guanajuato,san-miguel de allende presidencia municipal-air-quality.csv
2018/7/5, 44, ,Guanajuato,san-miguel de allende presidencia municipal-air-quality.csv
2018/7/6, 56, ,Guanajuato,san-miguel de allende presidencia municipal-air-quality.csv
2018/7/7, 30, ,Guanajuato,san-miguel de allende presidencia municipal-air-quality.csv
2018/7/8, 26, ,Guanajuato,san-miguel de allende presidencia municipal-air-quality.csv
2018/7/9, 28, ,Guanajuato,san-miguel de allende presidencia municipal-air-quality.csv
2018/7/10, 29, ,Guanajuato,san-miguel de allende presidencia municipal-air-quality.csv
2018/7/11, 32, ,Guanajuato,san-miguel de allende presidencia municipal-air-quality.csv
2018/7/12, 28, ,Guanajuato,san-miguel de allende presidencia municipal-air-quality.csv
2018/7/13, 37, ,Guanajuato,san-miguel de allende presidencia municipal-air-quality.csv
2018/7/14, 49, ,Guanajuato,san-miguel de allende presidencia municipal-air-quality.csv
2018/7/15, 35, ,Guanajuato,san-miguel de allende presidencia municipal-air-quality.csv
2018/7/16, 59, ,Guanajuato,san-miguel de allende presidencia municipal-air-quality.csv
2018/7/17, 75, ,Guanajuato,san-miguel de allende presidencia municipal-air-quality.csv
2018/7/18, 60, ,Guanajuato,san-miguel de allende presidencia municipal-air-quality.csv
2018/7/19, 40, ,Guanajuato,san-miguel de allende presidencia municipal-air-quality.csv
2018/7/20, 48, ,Guanajuato,san-miguel de allende presidencia municipal-air-quality.csv
2018/7/21, 47, ,Guanajuato,san-miguel de allende presidencia municipal-air-quality.csv
2018/7/22, 52, ,Guanajuato,san-miguel de allende presidencia municipal-air-quality.csv
2018/7/23, 33, ,Guanajuato,san-miguel de allende presidencia municipal-air-quality.csv
2018/7/24, 47, ,Guanajuato,san-miguel de allende presidencia municipal-air-quality.csv
2018/7/25, 47, ,Guanajuato,san-miguel de allende presidencia municipal-air-quality.csv
2018/7/31, 40, ,Guanajuato,san-miguel de allende presidencia municipal-air-quality.csv
2018/8/1, 37, ,Guanajuato,san-miguel de allende presidencia municipal-air-quality.csv
2018/8/2, 33, ,Guanajuato,san-miguel de allende presidencia municipal-air-quality.csv
2018/8/3, 32, ,Guanajuato,san-miguel de allende presidencia municipal-air-quality.csv
2018/8/4, 34, ,Guanajuato,san-miguel de allende presidencia municipal-air-quality.csv
2018/8/5, 29, ,Guanajuato,san-miguel de allende presidencia municipal-air-quality.csv
2018/8/6, 19, ,Guanajuato,san-miguel de allende presidencia municipal-air-quality.csv
2018/8/7, 25, ,Guanajuato,san-miguel de allende presidencia municipal-air-quality.csv
2018/8/8, 28, ,Guanajuato,san-miguel de allende presidencia municipal-air-quality.csv
2018/8/9, 46, ,Guanajuato,san-miguel de allende presidencia municipal-air-quality.csv
2018/8/10, 43, ,Guanajuato,san-miguel de allende presidencia municipal-air-quality.csv
2018/8/11, 39, ,Guanajuato,san-miguel de allende presidencia municipal-air-quality.csv
2018/8/12, 48, ,Guanajuato,san-miguel de allende presidencia municipal-air-quality.csv
2018/8/13, 40, ,Guanajuato,san-miguel de allende presidencia municipal-air-quality.csv
2018/8/14, 19, ,Guanajuato,san-miguel de allende presidencia municipal-air-quality.csv
2018/8/15, 42, ,Guanajuato,san-miguel de allende presidencia municipal-air-quality.csv
2018/8/16, 49, ,Guanajuato,san-miguel de allende presidencia municipal-air-quality.csv
2018/8/17, 43, ,Guanajuato,san-miguel de allende presidencia municipal-air-quality.csv
2018/8/18, 36, ,Guanajuato,san-miguel de allende presidencia municipal-air-quality.csv
2018/8/19, 42, ,Guanajuato,san-miguel de allende presidencia municipal-air-quality.csv
2018/8/21, 24, ,Guanajuato,san-miguel de allende presidencia municipal-air-quality.csv
2018/8/22, 25, ,Guanajuato,san-miguel de allende presidencia municipal-air-quality.csv
2018/8/23, 18, ,Guanajuato,san-miguel de allende presidencia municipal-air-quality.csv
2018/8/24, 17, ,Guanajuato,san-miguel de allende presidencia municipal-air-quality.csv
2018/8/25, 35, ,Guanajuato,san-miguel de allende presidencia municipal-air-quality.csv
2018/8/26, 34, ,Guanajuato,san-miguel de allende presidencia municipal-air-quality.csv
2018/8/27, 30, ,Guanajuato,san-miguel de allende presidencia municipal-air-quality.csv
2018/8/28, 26, ,Guanajuato,san-miguel de allende presidencia municipal-air-quality.csv
2018/8/29, 43, ,Guanajuato,san-miguel de allende presidencia municipal-air-quality.csv
2018/8/30, 35, ,Guanajuato,san-miguel de allende presidencia municipal-air-quality.csv
2018/8/31, 34, ,Guanajuato,san-miguel de allende presidencia municipal-air-quality.csv
2018/9/1, 24, ,Guanajuato,san-miguel de allende presidencia municipal-air-quality.csv
2018/9/2, 30, ,Guanajuato,san-miguel de allende presidencia municipal-air-quality.csv
2018/9/3, 40, ,Guanajuato,san-miguel de allende presidencia municipal-air-quality.csv
2018/9/4, 36, ,Guanajuato,san-miguel de allende presidencia municipal-air-quality.csv
2018/9/5, 22, ,Guanajuato,san-miguel de allende presidencia municipal-air-quality.csv
2018/9/6, 34, ,Guanajuato,san-miguel de allende presidencia municipal-air-quality.csv
2018/9/7, 28, ,Guanajuato,san-miguel de allende presidencia municipal-air-quality.csv
2018/9/8, 38, ,Guanajuato,san-miguel de allende presidencia municipal-air-quality.csv
2018/9/9, 44, ,Guanajuato,san-miguel de allende presidencia municipal-air-quality.csv
2018/9/10, 46, ,Guanajuato,san-miguel de allende presidencia municipal-air-quality.csv
2018/9/11, 39, ,Guanajuato,san-miguel de allende presidencia municipal-air-quality.csv
2018/9/12, 30, ,Guanajuato,san-miguel de allende presidencia municipal-air-quality.csv
2018/9/13, 27, ,Guanajuato,san-miguel de allende presidencia municipal-air-quality.csv
2018/9/14, 21, ,Guanajuato,san-miguel de allende presidencia municipal-air-quality.csv
2018/9/15, 34, ,Guanajuato,san-miguel de allende presidencia municipal-air-quality.csv
2018/9/16, 37, ,Guanajuato,san-miguel de allende presidencia municipal-air-quality.csv
2018/9/17, 55, ,Guanajuato,san-miguel de allende presidencia municipal-air-quality.csv
2018/9/18, 44, ,Guanajuato,san-miguel de allende presidencia municipal-air-quality.csv
2018/9/19, 46, ,Guanajuato,san-miguel de allende presidencia municipal-air-quality.csv
2018/9/20, 40, ,Guanajuato,san-miguel de allende presidencia municipal-air-quality.csv
2018/9/21, 37, ,Guanajuato,san-miguel de allende presidencia municipal-air-quality.csv
2018/9/22, 26, ,Guanajuato,san-miguel de allende presidencia municipal-air-quality.csv
2018/9/23, 28, ,Guanajuato,san-miguel de allende presidencia municipal-air-quality.csv
2018/9/24, 22, ,Guanajuato,san-miguel de allende presidencia municipal-air-quality.csv
2018/9/25, 22, ,Guanajuato,san-miguel de allende presidencia municipal-air-quality.csv
2018/9/26, 26, ,Guanajuato,san-miguel de allende presidencia municipal-air-quality.csv
2018/9/27, 31, ,Guanajuato,san-miguel de allende presidencia municipal-air-quality.csv
2018/9/28, 27, ,Guanajuato,san-miguel de allende presidencia municipal-air-quality.csv
2018/9/29, 25, ,Guanajuato,san-miguel de allende presidencia municipal-air-quality.csv
2018/9/30, 27, ,Guanajuato,san-miguel de allende presidencia municipal-air-quality.csv
2018/10/1, 19, ,Guanajuato,san-miguel de allende presidencia municipal-air-quality.csv
2018/4/6, 53, ,Guanajuato,san-miguel de allende presidencia municipal-air-quality.csv
2018/4/7, 57, ,Guanajuato,san-miguel de allende presidencia municipal-air-quality.csv
2018/4/8, 39, ,Guanajuato,san-miguel de allende presidencia municipal-air-quality.csv
2018/4/9, 64, ,Guanajuato,san-miguel de allende presidencia municipal-air-quality.csv
2018/4/10, 69, ,Guanajuato,san-miguel de allende presidencia municipal-air-quality.csv
2018/4/11, 58, ,Guanajuato,san-miguel de allende presidencia municipal-air-quality.csv
2018/4/12, 28, ,Guanajuato,san-miguel de allende presidencia municipal-air-quality.csv
2018/4/13, 48, ,Guanajuato,san-miguel de allende presidencia municipal-air-quality.csv
2018/4/14, 55, ,Guanajuato,san-miguel de allende presidencia municipal-air-quality.csv
2018/4/15, 52, ,Guanajuato,san-miguel de allende presidencia municipal-air-quality.csv
2018/4/16, 69, ,Guanajuato,san-miguel de allende presidencia municipal-air-quality.csv
2018/4/17, 46, ,Guanajuato,san-miguel de allende presidencia municipal-air-quality.csv
2018/4/18, 54, ,Guanajuato,san-miguel de allende presidencia municipal-air-quality.csv
2018/4/19, 50, ,Guanajuato,san-miguel de allende presidencia municipal-air-quality.csv
2018/4/20, 63, ,Guanajuato,san-miguel de allende presidencia municipal-air-quality.csv
2018/4/21, 68, ,Guanajuato,san-miguel de allende presidencia municipal-air-quality.csv
2018/4/22, 64, ,Guanajuato,san-miguel de allende presidencia municipal-air-quality.csv
2018/4/23, 65, ,Guanajuato,san-miguel de allende presidencia municipal-air-quality.csv
2018/4/24, 64, ,Guanajuato,san-miguel de allende presidencia municipal-air-quality.csv
2018/4/25, 60, ,Guanajuato,san-miguel de allende presidencia municipal-air-quality.csv
2018/4/26, 55, ,Guanajuato,san-miguel de allende presidencia municipal-air-quality.csv
2018/4/27, 52, ,Guanajuato,san-miguel de allende presidencia municipal-air-quality.csv
2018/4/28, 58, ,Guanajuato,san-miguel de allende presidencia municipal-air-quality.csv
2018/4/29, 43, ,Guanajuato,san-miguel de allende presidencia municipal-air-quality.csv
2018/4/30, 46, ,Guanajuato,san-miguel de allende presidencia municipal-air-quality.csv
2018/5/1, 52, ,Guanajuato,san-miguel de allende presidencia municipal-air-quality.csv
2018/5/2, 64, ,Guanajuato,san-miguel de allende presidencia municipal-air-quality.csv
2018/5/3, 44, ,Guanajuato,san-miguel de allende presidencia municipal-air-quality.csv
2018/5/4, 53, ,Guanajuato,san-miguel de allende presidencia municipal-air-quality.csv
2018/5/5, 43, ,Guanajuato,san-miguel de allende presidencia municipal-air-quality.csv
2018/5/6, 34, ,Guanajuato,san-miguel de allende presidencia municipal-air-quality.csv
2018/5/7, 28, ,Guanajuato,san-miguel de allende presidencia municipal-air-quality.csv
2018/5/8, 24, ,Guanajuato,san-miguel de allende presidencia municipal-air-quality.csv
2018/5/9, 30, ,Guanajuato,san-miguel de allende presidencia municipal-air-quality.csv
2018/5/10, 38, ,Guanajuato,san-miguel de allende presidencia municipal-air-quality.csv
2018/5/11, 43, ,Guanajuato,san-miguel de allende presidencia municipal-air-quality.csv
2018/5/12, 48, ,Guanajuato,san-miguel de allende presidencia municipal-air-quality.csv
2018/5/13, 58, ,Guanajuato,san-miguel de allende presidencia municipal-air-quality.csv
2018/5/14, 57, ,Guanajuato,san-miguel de allende presidencia municipal-air-quality.csv
2018/5/15, 73, ,Guanajuato,san-miguel de allende presidencia municipal-air-quality.csv
2018/5/16, 56, ,Guanajuato,san-miguel de allende presidencia municipal-air-quality.csv
2018/5/17, 47, ,Guanajuato,san-miguel de allende presidencia municipal-air-quality.csv
2018/5/18, 46, ,Guanajuato,san-miguel de allende presidencia municipal-air-quality.csv
2018/5/19, 52, ,Guanajuato,san-miguel de allende presidencia municipal-air-quality.csv
2018/5/20, 61, ,Guanajuato,san-miguel de allende presidencia municipal-air-quality.csv
2018/5/21, 63, ,Guanajuato,san-miguel de allende presidencia municipal-air-quality.csv
2018/5/22, 74, ,Guanajuato,san-miguel de allende presidencia municipal-air-quality.csv
2018/5/23, 63, ,Guanajuato,san-miguel de allende presidencia municipal-air-quality.csv
2018/5/24, 61, ,Guanajuato,san-miguel de allende presidencia municipal-air-quality.csv
2018/5/25, 53, ,Guanajuato,san-miguel de allende presidencia municipal-air-quality.csv
2018/5/26, 47, ,Guanajuato,san-miguel de allende presidencia municipal-air-quality.csv
2018/5/27, 35, ,Guanajuato,san-miguel de allende presidencia municipal-air-quality.csv
2018/5/28, 36, ,Guanajuato,san-miguel de allende presidencia municipal-air-quality.csv
2018/5/29, 35, ,Guanajuato,san-miguel de allende presidencia municipal-air-quality.csv
2018/5/30, 42, ,Guanajuato,san-miguel de allende presidencia municipal-air-quality.csv
2018/5/31, 43, ,Guanajuato,san-miguel de allende presidencia municipal-air-quality.csv
2018/6/1, 40, ,Guanajuato,san-miguel de allende presidencia municipal-air-quality.csv
2018/6/2, 61, ,Guanajuato,san-miguel de allende presidencia municipal-air-quality.csv
2018/6/3, 52, ,Guanajuato,san-miguel de allende presidencia municipal-air-quality.csv
2018/6/4, 42, ,Guanajuato,san-miguel de allende presidencia municipal-air-quality.csv
2018/6/5, 31, ,Guanajuato,san-miguel de allende presidencia municipal-air-quality.csv
2018/6/6, 30, ,Guanajuato,san-miguel de allende presidencia municipal-air-quality.csv
2018/6/7, 38, ,Guanajuato,san-miguel de allende presidencia municipal-air-quality.csv
2018/6/8, 48, ,Guanajuato,san-miguel de allende presidencia municipal-air-quality.csv
2018/6/13, 44, ,Guanajuato,san-miguel de allende presidencia municipal-air-quality.csv
2018/6/14, 28, ,Guanajuato,san-miguel de allende presidencia municipal-air-quality.csv
2018/6/15, 17, ,Guanajuato,san-miguel de allende presidencia municipal-air-quality.csv
2018/6/16, 27, ,Guanajuato,san-miguel de allende presidencia municipal-air-quality.csv
2018/6/17, 29, ,Guanajuato,san-miguel de allende presidencia municipal-air-quality.csv
2018/6/18, 45, ,Guanajuato,san-miguel de allende presidencia municipal-air-quality.csv
2018/6/19, 29, ,Guanajuato,san-miguel de allende presidencia municipal-air-quality.csv
2018/6/20, 33, ,Guanajuato,san-miguel de allende presidencia municipal-air-quality.csv
2018/6/21, 27, ,Guanajuato,san-miguel de allende presidencia municipal-air-quality.csv
2018/6/22, 26, ,Guanajuato,san-miguel de allende presidencia municipal-air-quality.csv
2018/6/23, 28, ,Guanajuato,san-miguel de allende presidencia municipal-air-quality.csv
2018/6/26, 23, ,Guanajuato,san-miguel de allende presidencia municipal-air-quality.csv
2018/6/27, 28, ,Guanajuato,san-miguel de allende presidencia municipal-air-quality.csv
2018/6/28, 27, ,Guanajuato,san-miguel de allende presidencia municipal-air-quality.csv
2018/6/29, 27, ,Guanajuato,san-miguel de allende presidencia municipal-air-quality.csv
2018/6/30, 33, ,Guanajuato,san-miguel de allende presidencia municipal-air-quality.csv
2025/2/27, , 14,Guanajuato,san-miguel de allende presidencia municipal-air-quality.csv
2025/8/2,23, ,Guanajuato,guanajuato-universidad gto sede belen-air-quality.csv
2025/8/3,36, ,Guanajuato,guanajuato-universidad gto sede belen-air-quality.csv
2025/8/5,37, ,Guanajuato,guanajuato-universidad gto sede belen-air-quality.csv
2025/8/6,35, ,Guanajuato,guanajuato-universidad gto sede belen-air-quality.csv
2025/8/7,34, ,Guanajuato,guanajuato-universidad gto sede belen-air-quality.csv
2025/8/8,33, ,Guanajuato,guanajuato-universidad gto sede belen-air-quality.csv
2025/8/9,41, ,Guanajuato,guanajuato-universidad gto sede belen-air-quality.csv
2025/8/10,44, ,Guanajuato,guanajuato-universidad gto sede belen-air-quality.csv
2025/8/11,52, ,Guanajuato,guanajuato-universidad gto sede belen-air-quality.csv
2025/8/12,55, ,Guanajuato,guanajuato-universidad gto sede belen-air-quality.csv
2025/8/13,41, ,Guanajuato,guanajuato-universidad gto sede belen-air-quality.csv
2025/8/14,44, ,Guanajuato,guanajuato-universidad gto sede belen-air-quality.csv
2025/8/15,51, ,Guanajuato,guanajuato-universidad gto sede belen-air-quality.csv
2025/8/16,53, ,Guanajuato,guanajuato-universidad gto sede belen-air-quality.csv
2025/8/19,40, ,Guanajuato,guanajuato-universidad gto sede belen-air-quality.csv
2025/8/20,30, ,Guanajuato,guanajuato-universidad gto sede belen-air-quality.csv
2025/8/21,33, ,Guanajuato,guanajuato-universidad gto sede belen-air-quality.csv
2025/8/22,50, ,Guanajuato,guanajuato-universidad gto sede belen-air-quality.csv
2025/8/23,53, ,Guanajuato,guanajuato-universidad gto sede belen-air-quality.csv
2025/8/24,34, ,Guanajuato,guanajuato-universidad gto sede belen-air-quality.csv
2025/8/25,31, ,Guanajuato,guanajuato-universidad gto sede belen-air-quality.csv
2025/8/26,50, ,Guanajuato,guanajuato-universidad gto sede belen-air-quality.csv
2025/8/27,45, ,Guanajuato,guanajuato-universidad gto sede belen-air-quality.csv
2025/8/28,42, ,Guanajuato,guanajuato-universidad gto sede belen-air-quality.csv
2025/8/29,33, ,Guanajuato,guanajuato-universidad gto sede belen-air-quality.csv
2025/7/2,28, ,Guanajuato,guanajuato-universidad gto sede belen-air-quality.csv
2025/7/3,37, ,Guanajuato,guanajuato-universidad gto sede belen-air-quality.csv
2025/7/4,57, ,Guanajuato,guanajuato-universidad gto sede belen-air-quality.csv
2025/7/5,50, ,Guanajuato,guanajuato-universidad gto sede belen-air-quality.csv
2025/7/6,56, ,Guanajuato,guanajuato-universidad gto sede belen-air-quality.csv
2025/7/7,56, ,Guanajuato,guanajuato-universidad gto sede belen-air-quality.csv
2025/7/8,57, ,Guanajuato,guanajuato-universidad gto sede belen-air-quality.csv
2025/7/9,51, ,Guanajuato,guanajuato-universidad gto sede belen-air-quality.csv
2025/7/11,71, ,Guanajuato,guanajuato-universidad gto sede belen-air-quality.csv
2025/7/12,44, ,Guanajuato,guanajuato-universidad gto sede belen-air-quality.csv
2025/7/13,43, ,Guanajuato,guanajuato-universidad gto sede belen-air-quality.csv
2025/7/14,42, ,Guanajuato,guanajuato-universidad gto sede belen-air-quality.csv
2025/7/15,54, ,Guanajuato,guanajuato-universidad gto sede belen-air-quality.csv
2025/7/16,49, ,Guanajuato,guanajuato-universidad gto sede belen-air-quality.csv
2025/7/17,52, ,Guanajuato,guanajuato-universidad gto sede belen-air-quality.csv
2025/7/18,60, ,Guanajuato,guanajuato-universidad gto sede belen-air-quality.csv
2025/7/24,33, ,Guanajuato,guanajuato-universidad gto sede belen-air-quality.csv
2025/7/25,30, ,Guanajuato,guanajuato-universidad gto sede belen-air-quality.csv
2025/7/26,25, ,Guanajuato,guanajuato-universidad gto sede belen-air-quality.csv
2025/7/27,34, ,Guanajuato,guanajuato-universidad gto sede belen-air-quality.csv
2025/7/28,18, ,Guanajuato,guanajuato-universidad gto sede belen-air-quality.csv
2025/7/29,23, ,Guanajuato,guanajuato-universidad gto sede belen-air-quality.csv
2025/7/30,29, ,Guanajuato,guanajuato-universidad gto sede belen-air-quality.csv
2025/7/31,23, ,Guanajuato,guanajuato-universidad gto sede belen-air-quality.csv
2025/8/1,29, ,Guanajuato,guanajuato-universidad gto sede belen-air-quality.csv
2025/4/2,66, ,Guanajuato,guanajuato-universidad gto sede belen-air-quality.csv
2025/4/3,62, ,Guanajuato,guanajuato-universidad gto sede belen-air-quality.csv
2025/4/4,57, ,Guanajuato,guanajuato-universidad gto sede belen-air-quality.csv
2025/4/5,59, ,Guanajuato,guanajuato-universidad gto sede belen-air-quality.csv
2025/4/6,55, ,Guanajuato,guanajuato-universidad gto sede belen-air-quality.csv
2025/4/7,60, ,Guanajuato,guanajuato-universidad gto sede belen-air-quality.csv
2025/4/8,53, ,Guanajuato,guanajuato-universidad gto sede belen-air-quality.csv
2025/4/9,55, ,Guanajuato,guanajuato-universidad gto sede belen-air-quality.csv
2025/4/10,52, ,Guanajuato,guanajuato-universidad gto sede belen-air-quality.csv
2025/4/11,42, ,Guanajuato,guanajuato-universidad gto sede belen-air-quality.csv
2025/4/12,49, ,Guanajuato,guanajuato-universidad gto sede belen-air-quality.csv
2025/4/13,46, ,Guanajuato,guanajuato-universidad gto sede belen-air-quality.csv
2025/4/14,49, ,Guanajuato,guanajuato-universidad gto sede belen-air-quality.csv
2025/4/15,39, ,Guanajuato,guanajuato-universidad gto sede belen-air-quality.csv
2025/4/16,53, ,Guanajuato,guanajuato-universidad gto sede belen-air-quality.csv
2025/4/17,58, ,Guanajuato,guanajuato-universidad gto sede belen-air-quality.csv
2025/4/19,72, ,Guanajuato,guanajuato-universidad gto sede belen-air-quality.csv
2025/4/21,70, ,Guanajuato,guanajuato-universidad gto sede belen-air-quality.csv
2025/4/22,81, ,Guanajuato,guanajuato-universidad gto sede belen-air-quality.csv
2025/4/23,80, ,Guanajuato,guanajuato-universidad gto sede belen-air-quality.csv
2025/4/24,60, ,Guanajuato,guanajuato-universidad gto sede belen-air-quality.csv
2025/4/25,60, ,Guanajuato,guanajuato-universidad gto sede belen-air-quality.csv
2025/4/26,49, ,Guanajuato,guanajuato-universidad gto sede belen-air-quality.csv
2025/4/27,81, ,Guanajuato,guanajuato-universidad gto sede belen-air-quality.csv
2025/4/28,56, ,Guanajuato,guanajuato-universidad gto sede belen-air-quality.csv
2025/4/29,53, ,Guanajuato,guanajuato-universidad gto sede belen-air-quality.csv
2025/4/30,65, ,Guanajuato,guanajuato-universidad gto sede belen-air-quality.csv
2025/5/1,75, ,Guanajuato,guanajuato-universidad gto sede belen-air-quality.csv
2025/5/2,66, ,Guanajuato,guanajuato-universidad gto sede belen-air-quality.csv
2025/5/3,55, ,Guanajuato,guanajuato-universidad gto sede belen-air-quality.csv
2025/5/4,48, ,Guanajuato,guanajuato-universidad gto sede belen-air-quality.csv
2025/5/5,69, ,Guanajuato,guanajuato-universidad gto sede belen-air-quality.csv
2025/5/6,74, ,Guanajuato,guanajuato-universidad gto sede belen-air-quality.csv
2025/5/7,75, ,Guanajuato,guanajuato-universidad gto sede belen-air-quality.csv
2025/5/8,64, ,Guanajuato,guanajuato-universidad gto sede belen-air-quality.csv
2025/5/9,54, ,Guanajuato,guanajuato-universidad gto sede belen-air-quality.csv
2025/5/10,55, ,Guanajuato,guanajuato-universidad gto sede belen-air-quality.csv
2025/5/11,43, ,Guanajuato,guanajuato-universidad gto sede belen-air-quality.csv
2025/5/12,53, ,Guanajuato,guanajuato-universidad gto sede belen-air-quality.csv
2025/5/13,62, ,Guanajuato,guanajuato-universidad gto sede belen-air-quality.csv
2025/5/14,71, ,Guanajuato,guanajuato-universidad gto sede belen-air-quality.csv
2025/5/15,74, ,Guanajuato,guanajuato-universidad gto sede belen-air-quality.csv
2025/5/16,76, ,Guanajuato,guanajuato-universidad gto sede belen-air-quality.csv
2025/5/19,83, ,Guanajuato,guanajuato-universidad gto sede belen-air-quality.csv
2025/5/20,66, ,Guanajuato,guanajuato-universidad gto sede belen-air-quality.csv
2025/5/21,82, ,Guanajuato,guanajuato-universidad gto sede belen-air-quality.csv
2025/5/22,74, ,Guanajuato,guanajuato-universidad gto sede belen-air-quality.csv
2025/5/23,66, ,Guanajuato,guanajuato-universidad gto sede belen-air-quality.csv
2025/5/24,60, ,Guanajuato,guanajuato-universidad gto sede belen-air-quality.csv
2025/5/25,64, ,Guanajuato,guanajuato-universidad gto sede belen-air-quality.csv
2025/5/26,64, ,Guanajuato,guanajuato-universidad gto sede belen-air-quality.csv
2025/5/27,70, ,Guanajuato,guanajuato-universidad gto sede belen-air-quality.csv
2025/5/28,72, ,Guanajuato,guanajuato-universidad gto sede belen-air-quality.csv
2025/5/29,63, ,Guanajuato,guanajuato-universidad gto sede belen-air-quality.csv
2025/5/30,59, ,Guanajuato,guanajuato-universidad gto sede belen-air-quality.csv
2025/5/31,43, ,Guanajuato,guanajuato-universidad gto sede belen-air-quality.csv
2025/6/1,52, ,Guanajuato,guanajuato-universidad gto sede belen-air-quality.csv
2025/6/2,39, ,Guanajuato,guanajuato-universidad gto sede belen-air-quality.csv
2025/6/3,52, ,Guanajuato,guanajuato-universidad gto sede belen-air-quality.csv
2025/6/4,46, ,Guanajuato,guanajuato-universidad gto sede belen-air-quality.csv
2025/6/5,47, ,Guanajuato,guanajuato-universidad gto sede belen-air-quality.csv
2025/6/10,55, ,Guanajuato,guanajuato-universidad gto sede belen-air-quality.csv
2025/6/11,54, ,Guanajuato,guanajuato-universidad gto sede belen-air-quality.csv
2025/6/15,46, ,Guanajuato,guanajuato-universidad gto sede belen-air-quality.csv
2025/6/16,31, ,Guanajuato,guanajuato-universidad gto sede belen-air-quality.csv
2025/6/17,35, ,Guanajuato,guanajuato-universidad gto sede belen-air-quality.csv
2025/6/18,24, ,Guanajuato,guanajuato-universidad gto sede belen-air-quality.csv
2025/6/19,29, ,Guanajuato,guanajuato-universidad gto sede belen-air-quality.csv
2025/6/20,18, ,Guanajuato,guanajuato-universidad gto sede belen-air-quality.csv
2025/6/21,25, ,Guanajuato,guanajuato-universidad gto sede belen-air-quality.csv
2025/6/22,37, ,Guanajuato,guanajuato-universidad gto sede belen-air-quality.csv
2025/6/23,27, ,Guanajuato,guanajuato-universidad gto sede belen-air-quality.csv
2025/6/24,25, ,Guanajuato,guanajuato-universidad gto sede belen-air-quality.csv
2025/6/25,35, ,Guanajuato,guanajuato-universidad gto sede belen-air-quality.csv
2025/6/26,32, ,Guanajuato,guanajuato-universidad gto sede belen-air-quality.csv
2025/6/27,29, ,Guanajuato,guanajuato-universidad gto sede belen-air-quality.csv
2025/6/29,37, ,Guanajuato,guanajuato-universidad gto sede belen-air-quality.csv
2025/6/30,31, ,Guanajuato,guanajuato-universidad gto sede belen-air-quality.csv
2025/7/1,35, ,Guanajuato,guanajuato-universidad gto sede belen-air-quality.csv
2025/1/2,50, ,Guanajuato,guanajuato-universidad gto sede belen-air-quality.csv
2025/1/3,48, ,Guanajuato,guanajuato-universidad gto sede belen-air-quality.csv
2025/1/4,47, ,Guanajuato,guanajuato-universidad gto sede belen-air-quality.csv
2025/1/5,54, ,Guanajuato,guanajuato-universidad gto sede belen-air-quality.csv
2025/1/6,64, ,Guanajuato,guanajuato-universidad gto sede belen-air-quality.csv
2025/1/7,64, ,Guanajuato,guanajuato-universidad gto sede belen-air-quality.csv
2025/1/8,62, ,Guanajuato,guanajuato-universidad gto sede belen-air-quality.csv
2025/1/9,46, ,Guanajuato,guanajuato-universidad gto sede belen-air-quality.csv
2025/1/10,52, ,Guanajuato,guanajuato-universidad gto sede belen-air-quality.csv
2025/1/11,43, ,Guanajuato,guanajuato-universidad gto sede belen-air-quality.csv
2025/1/12,38, ,Guanajuato,guanajuato-universidad gto sede belen-air-quality.csv
2025/1/13,21, ,Guanajuato,guanajuato-universidad gto sede belen-air-quality.csv
2025/1/14,38, ,Guanajuato,guanajuato-universidad gto sede belen-air-quality.csv
2025/1/15,42, ,Guanajuato,guanajuato-universidad gto sede belen-air-quality.csv
2025/1/16,46, ,Guanajuato,guanajuato-universidad gto sede belen-air-quality.csv
2025/1/17,44, ,Guanajuato,guanajuato-universidad gto sede belen-air-quality.csv
2025/1/18,54, ,Guanajuato,guanajuato-universidad gto sede belen-air-quality.csv
2025/1/19,38, ,Guanajuato,guanajuato-universidad gto sede belen-air-quality.csv
2025/1/20,33, ,Guanajuato,guanajuato-universidad gto sede belen-air-quality.csv
2025/1/21,54, ,Guanajuato,guanajuato-universidad gto sede belen-air-quality.csv
2025/1/22,57, ,Guanajuato,guanajuato-universidad gto sede belen-air-quality.csv
2025/1/23,53, ,Guanajuato,guanajuato-universidad gto sede belen-air-quality.csv
2025/1/24,53, ,Guanajuato,guanajuato-universidad gto sede belen-air-quality.csv
2025/1/25,47, ,Guanajuato,guanajuato-universidad gto sede belen-air-quality.csv
2025/1/26,60, ,Guanajuato,guanajuato-universidad gto sede belen-air-quality.csv
2025/1/27,64, ,Guanajuato,guanajuato-universidad gto sede belen-air-quality.csv
2025/1/28,63, ,Guanajuato,guanajuato-universidad gto sede belen-air-quality.csv
2025/1/29,69, ,Guanajuato,guanajuato-universidad gto sede belen-air-quality.csv
2025/1/30,61, ,Guanajuato,guanajuato-universidad gto sede belen-air-quality.csv
2025/1/31,44, ,Guanajuato,guanajuato-universidad gto sede belen-air-quality.csv
2025/2/1,50, ,Guanajuato,guanajuato-universidad gto sede belen-air-quality.csv
2025/2/2,51, ,Guanajuato,guanajuato-universidad gto sede belen-air-quality.csv
2025/2/3,50, ,Guanajuato,guanajuato-universidad gto sede belen-air-quality.csv
2025/2/4,40, ,Guanajuato,guanajuato-universidad gto sede belen-air-quality.csv
2025/2/5,54, ,Guanajuato,guanajuato-universidad gto sede belen-air-quality.csv
2025/2/7,62, ,Guanajuato,guanajuato-universidad gto sede belen-air-quality.csv
2025/2/8,42, ,Guanajuato,guanajuato-universidad gto sede belen-air-quality.csv
2025/2/9,43, ,Guanajuato,guanajuato-universidad gto sede belen-air-quality.csv
2025/2/10,54, ,Guanajuato,guanajuato-universidad gto sede belen-air-quality.csv
2025/2/11,60, ,Guanajuato,guanajuato-universidad gto sede belen-air-quality.csv
2025/2/12,57, ,Guanajuato,guanajuato-universidad gto sede belen-air-quality.csv
2025/2/13,51, ,Guanajuato,guanajuato-universidad gto sede belen-air-quality.csv
2025/2/14,49, ,Guanajuato,guanajuato-universidad gto sede belen-air-quality.csv
2025/2/15,64, ,Guanajuato,guanajuato-universidad gto sede belen-air-quality.csv
2025/2/16,46, ,Guanajuato,guanajuato-universidad gto sede belen-air-quality.csv
2025/2/17,42, ,Guanajuato,guanajuato-universidad gto sede belen-air-quality.csv
2025/2/18,66, ,Guanajuato,guanajuato-universidad gto sede belen-air-quality.csv
2025/2/19,97, ,Guanajuato,guanajuato-universidad gto sede belen-air-quality.csv
2025/2/20,59, ,Guanajuato,guanajuato-universidad gto sede belen-air-quality.csv
2025/3/12,50, ,Guanajuato,guanajuato-universidad gto sede belen-air-quality.csv
2025/3/13,51, ,Guanajuato,guanajuato-universidad gto sede belen-air-quality.csv
2025/3/14,48, ,Guanajuato,guanajuato-universidad gto sede belen-air-quality.csv
2025/3/15,41, ,Guanajuato,guanajuato-universidad gto sede belen-air-quality.csv
2025/3/16,45, ,Guanajuato,guanajuato-universidad gto sede belen-air-quality.csv
2025/3/17,46, ,Guanajuato,guanajuato-universidad gto sede belen-air-quality.csv
2025/3/18,61, ,Guanajuato,guanajuato-universidad gto sede belen-air-quality.csv
2025/3/19,62, ,Guanajuato,guanajuato-universidad gto sede belen-air-quality.csv
2025/3/20,60, ,Guanajuato,guanajuato-universidad gto sede belen-air-quality.csv
2025/3/21,104, ,Guanajuato,guanajuato-universidad gto sede belen-air-quality.csv
2025/3/22,89, ,Guanajuato,guanajuato-universidad gto sede belen-air-quality.csv
2025/3/23,74, ,Guanajuato,guanajuato-universidad gto sede belen-air-quality.csv
2025/3/24,70, ,Guanajuato,guanajuato-universidad gto sede belen-air-quality.csv
2025/3/25,70, ,Guanajuato,guanajuato-universidad gto sede belen-air-quality.csv
2025/3/26,76, ,Guanajuato,guanajuato-universidad gto sede belen-air-quality.csv
2025/3/27,77, ,Guanajuato,guanajuato-universidad gto sede belen-air-quality.csv
2025/3/28,58, ,Guanajuato,guanajuato-universidad gto sede belen-air-quality.csv
2025/3/29,50, ,Guanajuato,guanajuato-universidad gto sede belen-air-quality.csv
2025/3/30,59, ,Guanajuato,guanajuato-universidad gto sede belen-air-quality.csv
2025/3/31,51, ,Guanajuato,guanajuato-universidad gto sede belen-air-quality.csv
2025/4/1,57, ,Guanajuato,guanajuato-universidad gto sede belen-air-quality.csv
2024/10/2,37, ,Guanajuato,guanajuato-universidad gto sede belen-air-quality.csv
2024/10/3,35, ,Guanajuato,guanajuato-universidad gto sede belen-air-quality.csv
2024/10/4,39, ,Guanajuato,guanajuato-universidad gto sede belen-air-quality.csv
2024/10/5,46, ,Guanajuato,guanajuato-universidad gto sede belen-air-quality.csv
2024/10/6,42, ,Guanajuato,guanajuato-universidad gto sede belen-air-quality.csv
2024/10/7,28, ,Guanajuato,guanajuato-universidad gto sede belen-air-quality.csv
2024/10/8,24, ,Guanajuato,guanajuato-universidad gto sede belen-air-quality.csv
2024/10/9,34, ,Guanajuato,guanajuato-universidad gto sede belen-air-quality.csv
2024/10/10,36, ,Guanajuato,guanajuato-universidad gto sede belen-air-quality.csv
2024/10/11,35, ,Guanajuato,guanajuato-universidad gto sede belen-air-quality.csv
2024/10/15,36, ,Guanajuato,guanajuato-universidad gto sede belen-air-quality.csv
2024/10/16,53, ,Guanajuato,guanajuato-universidad gto sede belen-air-quality.csv
2024/10/17,54, ,Guanajuato,guanajuato-universidad gto sede belen-air-quality.csv
2024/10/18,46, ,Guanajuato,guanajuato-universidad gto sede belen-air-quality.csv
2024/10/19,39, ,Guanajuato,guanajuato-universidad gto sede belen-air-quality.csv
2024/10/20,35, ,Guanajuato,guanajuato-universidad gto sede belen-air-quality.csv
2024/10/21,29, ,Guanajuato,guanajuato-universidad gto sede belen-air-quality.csv
2024/10/22,25, ,Guanajuato,guanajuato-universidad gto sede belen-air-quality.csv
2024/10/23,31, ,Guanajuato,guanajuato-universidad gto sede belen-air-quality.csv
2024/10/24,35, ,Guanajuato,guanajuato-universidad gto sede belen-air-quality.csv
2024/10/25,36, ,Guanajuato,guanajuato-universidad gto sede belen-air-quality.csv
2024/10/26,37, ,Guanajuato,guanajuato-universidad gto sede belen-air-quality.csv
2024/10/27,41, ,Guanajuato,guanajuato-universidad gto sede belen-air-quality.csv
2024/10/28,32, ,Guanajuato,guanajuato-universidad gto sede belen-air-quality.csv
2024/10/29,50, ,Guanajuato,guanajuato-universidad gto sede belen-air-quality.csv
2024/10/30,62, ,Guanajuato,guanajuato-universidad gto sede belen-air-quality.csv
2024/10/31,61, ,Guanajuato,guanajuato-universidad gto sede belen-air-quality.csv
2024/11/1,49, ,Guanajuato,guanajuato-universidad gto sede belen-air-quality.csv
2024/11/2,62, ,Guanajuato,guanajuato-universidad gto sede belen-air-quality.csv
2024/11/3,78, ,Guanajuato,guanajuato-universidad gto sede belen-air-quality.csv
2024/11/4,68, ,Guanajuato,guanajuato-universidad gto sede belen-air-quality.csv
2024/11/5,53, ,Guanajuato,guanajuato-universidad gto sede belen-air-quality.csv
2024/11/6,46, ,Guanajuato,guanajuato-universidad gto sede belen-air-quality.csv
2024/11/7,49, ,Guanajuato,guanajuato-universidad gto sede belen-air-quality.csv
2024/11/8,52, ,Guanajuato,guanajuato-universidad gto sede belen-air-quality.csv
2024/11/9,60, ,Guanajuato,guanajuato-universidad gto sede belen-air-quality.csv
2024/11/10,59, ,Guanajuato,guanajuato-universidad gto sede belen-air-quality.csv
2024/11/11,54, ,Guanajuato,guanajuato-universidad gto sede belen-air-quality.csv
2024/11/12,37, ,Guanajuato,guanajuato-universidad gto sede belen-air-quality.csv
2024/11/13,51, ,Guanajuato,guanajuato-universidad gto sede belen-air-quality.csv
2024/11/14,54, ,Guanajuato,guanajuato-universidad gto sede belen-air-quality.csv
2024/11/15,53, ,Guanajuato,guanajuato-universidad gto sede belen-air-quality.csv
2024/11/16,50, ,Guanajuato,guanajuato-universidad gto sede belen-air-quality.csv
2024/11/18,57, ,Guanajuato,guanajuato-universidad gto sede belen-air-quality.csv
2024/11/19,49, ,Guanajuato,guanajuato-universidad gto sede belen-air-quality.csv
2024/11/20,41, ,Guanajuato,guanajuato-universidad gto sede belen-air-quality.csv
2024/11/21,48, ,Guanajuato,guanajuato-universidad gto sede belen-air-quality.csv
2024/11/22,39, ,Guanajuato,guanajuato-universidad gto sede belen-air-quality.csv
2024/11/23,33, ,Guanajuato,guanajuato-universidad gto sede belen-air-quality.csv
2024/11/24,41, ,Guanajuato,guanajuato-universidad gto sede belen-air-quality.csv
2024/11/25,44, ,Guanajuato,guanajuato-universidad gto sede belen-air-quality.csv
2024/11/26,47, ,Guanajuato,guanajuato-universidad gto sede belen-air-quality.csv
2024/11/27,25, ,Guanajuato,guanajuato-universidad gto sede belen-air-quality.csv
2024/11/28,39, ,Guanajuato,guanajuato-universidad gto sede belen-air-quality.csv
2024/12/2,43, ,Guanajuato,guanajuato-universidad gto sede belen-air-quality.csv
2024/12/3,41, ,Guanajuato,guanajuato-universidad gto sede belen-air-quality.csv
2024/12/4,35, ,Guanajuato,guanajuato-universidad gto sede belen-air-quality.csv
2024/12/5,51, ,Guanajuato,guanajuato-universidad gto sede belen-air-quality.csv
2024/12/6,54, ,Guanajuato,guanajuato-universidad gto sede belen-air-quality.csv
2024/12/7,51, ,Guanajuato,guanajuato-universidad gto sede belen-air-quality.csv
2024/12/8,46, ,Guanajuato,guanajuato-universidad gto sede belen-air-quality.csv
2024/12/9,52, ,Guanajuato,guanajuato-universidad gto sede belen-air-quality.csv
2024/12/10,56, ,Guanajuato,guanajuato-universidad gto sede belen-air-quality.csv
2024/12/11,49, ,Guanajuato,guanajuato-universidad gto sede belen-air-quality.csv
2024/12/12,49, ,Guanajuato,guanajuato-universidad gto sede belen-air-quality.csv
2024/12/13,61, ,Guanajuato,guanajuato-universidad gto sede belen-air-quality.csv
2024/12/14,70, ,Guanajuato,guanajuato-universidad gto sede belen-air-quality.csv
2024/12/15,52, ,Guanajuato,guanajuato-universidad gto sede belen-air-quality.csv
2024/12/16,32, ,Guanajuato,guanajuato-universidad gto sede belen-air-quality.csv
2024/12/17,35, ,Guanajuato,guanajuato-universidad gto sede belen-air-quality.csv
2024/12/18,25, ,Guanajuato,guanajuato-universidad gto sede belen-air-quality.csv
2024/12/19,43, ,Guanajuato,guanajuato-universidad gto sede belen-air-quality.csv
2024/12/20,28, ,Guanajuato,guanajuato-universidad gto sede belen-air-quality.csv
2024/12/22,38, ,Guanajuato,guanajuato-universidad gto sede belen-air-quality.csv
2024/12/24,41, ,Guanajuato,guanajuato-universidad gto sede belen-air-quality.csv
2024/12/25,70, ,Guanajuato,guanajuato-universidad gto sede belen-air-quality.csv
2024/12/26,67, ,Guanajuato,guanajuato-universidad gto sede belen-air-quality.csv
2024/12/27,46, ,Guanajuato,guanajuato-universidad gto sede belen-air-quality.csv
2024/12/28,51, ,Guanajuato,guanajuato-universidad gto sede belen-air-quality.csv
2024/12/29,56, ,Guanajuato,guanajuato-universidad gto sede belen-air-quality.csv
2024/12/30,51, ,Guanajuato,guanajuato-universidad gto sede belen-air-quality.csv
2024/9/10,27, ,Guanajuato,guanajuato-universidad gto sede belen-air-quality.csv
2024/9/11,27, ,Guanajuato,guanajuato-universidad gto sede belen-air-quality.csv
2024/9/12,34, ,Guanajuato,guanajuato-universidad gto sede belen-air-quality.csv
2024/9/13,25, ,Guanajuato,guanajuato-universidad gto sede belen-air-quality.csv
2024/9/14,35, ,Guanajuato,guanajuato-universidad gto sede belen-air-quality.csv
2024/9/15,45, ,Guanajuato,guanajuato-universidad gto sede belen-air-quality.csv
2024/9/16,39, ,Guanajuato,guanajuato-universidad gto sede belen-air-quality.csv
2024/9/17,47, ,Guanajuato,guanajuato-universidad gto sede belen-air-quality.csv
2024/9/18,37, ,Guanajuato,guanajuato-universidad gto sede belen-air-quality.csv
2024/9/19,37, ,Guanajuato,guanajuato-universidad gto sede belen-air-quality.csv
2024/9/20,47, ,Guanajuato,guanajuato-universidad gto sede belen-air-quality.csv
2024/9/21,49, ,Guanajuato,guanajuato-universidad gto sede belen-air-quality.csv
2024/9/22,43, ,Guanajuato,guanajuato-universidad gto sede belen-air-quality.csv
2024/9/23,37, ,Guanajuato,guanajuato-universidad gto sede belen-air-quality.csv
2024/9/24,29, ,Guanajuato,guanajuato-universidad gto sede belen-air-quality.csv
2024/9/25,27, ,Guanajuato,guanajuato-universidad gto sede belen-air-quality.csv
2024/9/26,28, ,Guanajuato,guanajuato-universidad gto sede belen-air-quality.csv
2024/9/27,27, ,Guanajuato,guanajuato-universidad gto sede belen-air-quality.csv
2024/9/28,31, ,Guanajuato,guanajuato-universidad gto sede belen-air-quality.csv
2024/9/29,36, ,Guanajuato,guanajuato-universidad gto sede belen-air-quality.csv
2024/9/30,39, ,Guanajuato,guanajuato-universidad gto sede belen-air-quality.csv
2024/10/1,37, ,Guanajuato,guanajuato-universidad gto sede belen-air-quality.csv
2024/4/2,67, ,Guanajuato,guanajuato-universidad gto sede belen-air-quality.csv
2024/4/3,59, ,Guanajuato,guanajuato-universidad gto sede belen-air-quality.csv
2024/4/4,37, ,Guanajuato,guanajuato-universidad gto sede belen-air-quality.csv
2024/4/5,50, ,Guanajuato,guanajuato-universidad gto sede belen-air-quality.csv
2024/4/6,56, ,Guanajuato,guanajuato-universidad gto sede belen-air-quality.csv
2024/4/7,60, ,Guanajuato,guanajuato-universidad gto sede belen-air-quality.csv
2024/4/8,45, ,Guanajuato,guanajuato-universidad gto sede belen-air-quality.csv
2024/4/9,52, ,Guanajuato,guanajuato-universidad gto sede belen-air-quality.csv
2024/4/10,64, ,Guanajuato,guanajuato-universidad gto sede belen-air-quality.csv
2024/4/11,65, ,Guanajuato,guanajuato-universidad gto sede belen-air-quality.csv
2024/4/12,66, ,Guanajuato,guanajuato-universidad gto sede belen-air-quality.csv
2024/4/13,56, ,Guanajuato,guanajuato-universidad gto sede belen-air-quality.csv
2024/4/14,61, ,Guanajuato,guanajuato-universidad gto sede belen-air-quality.csv
2024/4/15,52, ,Guanajuato,guanajuato-universidad gto sede belen-air-quality.csv
2024/4/16,55, ,Guanajuato,guanajuato-universidad gto sede belen-air-quality.csv
2024/4/18,64, ,Guanajuato,guanajuato-universidad gto sede belen-air-quality.csv
2024/4/19,64, ,Guanajuato,guanajuato-universidad gto sede belen-air-quality.csv
2024/4/20,92, ,Guanajuato,guanajuato-universidad gto sede belen-air-quality.csv
2024/4/21,68, ,Guanajuato,guanajuato-universidad gto sede belen-air-quality.csv
2024/4/22,59, ,Guanajuato,guanajuato-universidad gto sede belen-air-quality.csv
2024/4/23,61, ,Guanajuato,guanajuato-universidad gto sede belen-air-quality.csv
2024/4/24,63, ,Guanajuato,guanajuato-universidad gto sede belen-air-quality.csv
2024/4/25,67, ,Guanajuato,guanajuato-universidad gto sede belen-air-quality.csv
2024/5/8,59, ,Guanajuato,guanajuato-universidad gto sede belen-air-quality.csv
2024/5/9,54, ,Guanajuato,guanajuato-universidad gto sede belen-air-quality.csv
2024/5/10,61, ,Guanajuato,guanajuato-universidad gto sede belen-air-quality.csv
2024/5/11,80, ,Guanajuato,guanajuato-universidad gto sede belen-air-quality.csv
2024/5/12,79, ,Guanajuato,guanajuato-universidad gto sede belen-air-quality.csv
2024/5/13,88, ,Guanajuato,guanajuato-universidad gto sede belen-air-quality.csv
2024/5/14,68, ,Guanajuato,guanajuato-universidad gto sede belen-air-quality.csv
2024/5/15,71, ,Guanajuato,guanajuato-universidad gto sede belen-air-quality.csv
2024/5/16,71, ,Guanajuato,guanajuato-universidad gto sede belen-air-quality.csv
2024/5/17,62, ,Guanajuato,guanajuato-universidad gto sede belen-air-quality.csv
2024/5/18,53, ,Guanajuato,guanajuato-universidad gto sede belen-air-quality.csv
2024/5/19,49, ,Guanajuato,guanajuato-universidad gto sede belen-air-quality.csv
2024/5/20,80, ,Guanajuato,guanajuato-universidad gto sede belen-air-quality.csv
2024/5/21,71, ,Guanajuato,guanajuato-universidad gto sede belen-air-quality.csv
2024/5/22,68, ,Guanajuato,guanajuato-universidad gto sede belen-air-quality.csv
2024/5/23,71, ,Guanajuato,guanajuato-universidad gto sede belen-air-quality.csv
2024/5/24,73, ,Guanajuato,guanajuato-universidad gto sede belen-air-quality.csv
2024/5/25,88, ,Guanajuato,guanajuato-universidad gto sede belen-air-quality.csv
2024/5/28,56, ,Guanajuato,guanajuato-universidad gto sede belen-air-quality.csv
2024/5/29,84, ,Guanajuato,guanajuato-universidad gto sede belen-air-quality.csv
2024/5/30,63, ,Guanajuato,guanajuato-universidad gto sede belen-air-quality.csv
2024/5/31,61, ,Guanajuato,guanajuato-universidad gto sede belen-air-quality.csv
2024/6/1,71, ,Guanajuato,guanajuato-universidad gto sede belen-air-quality.csv
2024/6/2,69, ,Guanajuato,guanajuato-universidad gto sede belen-air-quality.csv
2024/6/3,75, ,Guanajuato,guanajuato-universidad gto sede belen-air-quality.csv
2024/6/4,58, ,Guanajuato,guanajuato-universidad gto sede belen-air-quality.csv
2024/6/5,59, ,Guanajuato,guanajuato-universidad gto sede belen-air-quality.csv
2024/6/6,70, ,Guanajuato,guanajuato-universidad gto sede belen-air-quality.csv
2024/6/7,71, ,Guanajuato,guanajuato-universidad gto sede belen-air-quality.csv
2024/6/8,102, ,Guanajuato,guanajuato-universidad gto sede belen-air-quality.csv
2024/6/9,61, ,Guanajuato,guanajuato-universidad gto sede belen-air-quality.csv
2024/6/10,60, ,Guanajuato,guanajuato-universidad gto sede belen-air-quality.csv
2024/6/11,55, ,Guanajuato,guanajuato-universidad gto sede belen-air-quality.csv
2024/6/12,61, ,Guanajuato,guanajuato-universidad gto sede belen-air-quality.csv
2024/6/13,54, ,Guanajuato,guanajuato-universidad gto sede belen-air-quality.csv
2024/6/14,52, ,Guanajuato,guanajuato-universidad gto sede belen-air-quality.csv
2024/6/15,39, ,Guanajuato,guanajuato-universidad gto sede belen-air-quality.csv
2024/6/16,37, ,Guanajuato,guanajuato-universidad gto sede belen-air-quality.csv
2024/6/17,35, ,Guanajuato,guanajuato-universidad gto sede belen-air-quality.csv
2024/6/18,43, ,Guanajuato,guanajuato-universidad gto sede belen-air-quality.csv
2024/6/19,47, ,Guanajuato,guanajuato-universidad gto sede belen-air-quality.csv
2024/6/20,36, ,Guanajuato,guanajuato-universidad gto sede belen-air-quality.csv
2024/6/21,32, ,Guanajuato,guanajuato-universidad gto sede belen-air-quality.csv
2024/6/22,31, ,Guanajuato,guanajuato-universidad gto sede belen-air-quality.csv
2024/6/23,17, ,Guanajuato,guanajuato-universidad gto sede belen-air-quality.csv
2024/6/24,22, ,Guanajuato,guanajuato-universidad gto sede belen-air-quality.csv
2024/6/25,19, ,Guanajuato,guanajuato-universidad gto sede belen-air-quality.csv
2024/6/28,47, ,Guanajuato,guanajuato-universidad gto sede belen-air-quality.csv
2024/1/2,63, ,Guanajuato,guanajuato-universidad gto sede belen-air-quality.csv
2024/1/3,51, ,Guanajuato,guanajuato-universidad gto sede belen-air-quality.csv
2024/1/4,41, ,Guanajuato,guanajuato-universidad gto sede belen-air-quality.csv
2024/1/5,39, ,Guanajuato,guanajuato-universidad gto sede belen-air-quality.csv
2024/1/6,37, ,Guanajuato,guanajuato-universidad gto sede belen-air-quality.csv
2024/1/7,36, ,Guanajuato,guanajuato-universidad gto sede belen-air-quality.csv
2024/1/8,44, ,Guanajuato,guanajuato-universidad gto sede belen-air-quality.csv
2024/1/9,29, ,Guanajuato,guanajuato-universidad gto sede belen-air-quality.csv
2024/1/10,44, ,Guanajuato,guanajuato-universidad gto sede belen-air-quality.csv
2024/1/11,40, ,Guanajuato,guanajuato-universidad gto sede belen-air-quality.csv
2024/1/12,39, ,Guanajuato,guanajuato-universidad gto sede belen-air-quality.csv
2024/1/13,43, ,Guanajuato,guanajuato-universidad gto sede belen-air-quality.csv
2024/1/14,41, ,Guanajuato,guanajuato-universidad gto sede belen-air-quality.csv
2024/1/15,39, ,Guanajuato,guanajuato-universidad gto sede belen-air-quality.csv
2024/1/16,33, ,Guanajuato,guanajuato-universidad gto sede belen-air-quality.csv
2024/1/17,51, ,Guanajuato,guanajuato-universidad gto sede belen-air-quality.csv
2024/1/31,30, ,Guanajuato,guanajuato-universidad gto sede belen-air-quality.csv
2024/2/1,49, ,Guanajuato,guanajuato-universidad gto sede belen-air-quality.csv
2024/2/2,59, ,Guanajuato,guanajuato-universidad gto sede belen-air-quality.csv
2024/2/3,58, ,Guanajuato,guanajuato-universidad gto sede belen-air-quality.csv
2024/2/4,42, ,Guanajuato,guanajuato-universidad gto sede belen-air-quality.csv
2024/2/5,31, ,Guanajuato,guanajuato-universidad gto sede belen-air-quality.csv
2024/2/6,34, ,Guanajuato,guanajuato-universidad gto sede belen-air-quality.csv
2024/2/7,41, ,Guanajuato,guanajuato-universidad gto sede belen-air-quality.csv
2024/2/8,43, ,Guanajuato,guanajuato-universidad gto sede belen-air-quality.csv
2024/2/9,59, ,Guanajuato,guanajuato-universidad gto sede belen-air-quality.csv
2024/2/10,51, ,Guanajuato,guanajuato-universidad gto sede belen-air-quality.csv
2024/2/11,52, ,Guanajuato,guanajuato-universidad gto sede belen-air-quality.csv
2024/2/12,44, ,Guanajuato,guanajuato-universidad gto sede belen-air-quality.csv
2024/2/13,34, ,Guanajuato,guanajuato-universidad gto sede belen-air-quality.csv
2024/2/14,32, ,Guanajuato,guanajuato-universidad gto sede belen-air-quality.csv
2024/2/15,28, ,Guanajuato,guanajuato-universidad gto sede belen-air-quality.csv
2024/2/16,43, ,Guanajuato,guanajuato-universidad gto sede belen-air-quality.csv
2024/2/17,42, ,Guanajuato,guanajuato-universidad gto sede belen-air-quality.csv
2024/2/18,31, ,Guanajuato,guanajuato-universidad gto sede belen-air-quality.csv
2024/2/19,33, ,Guanajuato,guanajuato-universidad gto sede belen-air-quality.csv
2024/2/20,52, ,Guanajuato,guanajuato-universidad gto sede belen-air-quality.csv
2024/2/21,31, ,Guanajuato,guanajuato-universidad gto sede belen-air-quality.csv
2024/2/22,39, ,Guanajuato,guanajuato-universidad gto sede belen-air-quality.csv
2024/2/23,47, ,Guanajuato,guanajuato-universidad gto sede belen-air-quality.csv
2024/2/24,43, ,Guanajuato,guanajuato-universidad gto sede belen-air-quality.csv
2024/2/25,55, ,Guanajuato,guanajuato-universidad gto sede belen-air-quality.csv
2024/2/26,54, ,Guanajuato,guanajuato-universidad gto sede belen-air-quality.csv
2024/2/27,48, ,Guanajuato,guanajuato-universidad gto sede belen-air-quality.csv
2024/2/28,59, ,Guanajuato,guanajuato-universidad gto sede belen-air-quality.csv
2024/2/29,57, ,Guanajuato,guanajuato-universidad gto sede belen-air-quality.csv
2024/3/3,39, ,Guanajuato,guanajuato-universidad gto sede belen-air-quality.csv
2024/3/4,48, ,Guanajuato,guanajuato-universidad gto sede belen-air-quality.csv
2024/3/5,47, ,Guanajuato,guanajuato-universidad gto sede belen-air-quality.csv
2024/3/6,33, ,Guanajuato,guanajuato-universidad gto sede belen-air-quality.csv
2024/3/7,43, ,Guanajuato,guanajuato-universidad gto sede belen-air-quality.csv
2024/3/8,62, ,Guanajuato,guanajuato-universidad gto sede belen-air-quality.csv
2024/3/9,44, ,Guanajuato,guanajuato-universidad gto sede belen-air-quality.csv
2024/3/10,41, ,Guanajuato,guanajuato-universidad gto sede belen-air-quality.csv
2024/3/11,53, ,Guanajuato,guanajuato-universidad gto sede belen-air-quality.csv
2024/3/12,52, ,Guanajuato,guanajuato-universidad gto sede belen-air-quality.csv
2024/3/13,57, ,Guanajuato,guanajuato-universidad gto sede belen-air-quality.csv
2024/3/14,53, ,Guanajuato,guanajuato-universidad gto sede belen-air-quality.csv
2024/3/15,56, ,Guanajuato,guanajuato-universidad gto sede belen-air-quality.csv
2024/3/16,46, ,Guanajuato,guanajuato-universidad gto sede belen-air-quality.csv
2024/3/17,42, ,Guanajuato,guanajuato-universidad gto sede belen-air-quality.csv
2024/3/18,45, ,Guanajuato,guanajuato-universidad gto sede belen-air-quality.csv
2024/3/19,35, ,Guanajuato,guanajuato-universidad gto sede belen-air-quality.csv
2024/3/20,55, ,Guanajuato,guanajuato-universidad gto sede belen-air-quality.csv
2024/3/21,53, ,Guanajuato,guanajuato-universidad gto sede belen-air-quality.csv
2024/3/22,51, ,Guanajuato,guanajuato-universidad gto sede belen-air-quality.csv
2024/3/23,32, ,Guanajuato,guanajuato-universidad gto sede belen-air-quality.csv
2024/3/24,47, ,Guanajuato,guanajuato-universidad gto sede belen-air-quality.csv
2024/3/25,47, ,Guanajuato,guanajuato-universidad gto sede belen-air-quality.csv
2024/3/26,46, ,Guanajuato,guanajuato-universidad gto sede belen-air-quality.csv
2024/3/27,51, ,Guanajuato,guanajuato-universidad gto sede belen-air-quality.csv
2024/3/28,59, ,Guanajuato,guanajuato-universidad gto sede belen-air-quality.csv
2024/3/29,60, ,Guanajuato,guanajuato-universidad gto sede belen-air-quality.csv
2024/3/30,53, ,Guanajuato,guanajuato-universidad gto sede belen-air-quality.csv
2024/3/31,51, ,Guanajuato,guanajuato-universidad gto sede belen-air-quality.csv
2024/4/1,58, ,Guanajuato,guanajuato-universidad gto sede belen-air-quality.csv
2023/10/2,39, ,Guanajuato,guanajuato-universidad gto sede belen-air-quality.csv
2023/10/4,28, ,Guanajuato,guanajuato-universidad gto sede belen-air-quality.csv
2023/10/5,51, ,Guanajuato,guanajuato-universidad gto sede belen-air-quality.csv
2023/10/6,43, ,Guanajuato,guanajuato-universidad gto sede belen-air-quality.csv
2023/10/7,31, ,Guanajuato,guanajuato-universidad gto sede belen-air-quality.csv
2023/10/8,25, ,Guanajuato,guanajuato-universidad gto sede belen-air-quality.csv
2023/10/9,19, ,Guanajuato,guanajuato-universidad gto sede belen-air-quality.csv
2023/10/10,26, ,Guanajuato,guanajuato-universidad gto sede belen-air-quality.csv
2023/10/11,31, ,Guanajuato,guanajuato-universidad gto sede belen-air-quality.csv
2023/10/12,23, ,Guanajuato,guanajuato-universidad gto sede belen-air-quality.csv
2023/10/13,28, ,Guanajuato,guanajuato-universidad gto sede belen-air-quality.csv
2023/10/14,39, ,Guanajuato,guanajuato-universidad gto sede belen-air-quality.csv
2023/10/15,44, ,Guanajuato,guanajuato-universidad gto sede belen-air-quality.csv
2023/10/16,25, ,Guanajuato,guanajuato-universidad gto sede belen-air-quality.csv
2023/10/17,24, ,Guanajuato,guanajuato-universidad gto sede belen-air-quality.csv
2023/10/18,30, ,Guanajuato,guanajuato-universidad gto sede belen-air-quality.csv
2023/10/19,29, ,Guanajuato,guanajuato-universidad gto sede belen-air-quality.csv
2023/10/20,30, ,Guanajuato,guanajuato-universidad gto sede belen-air-quality.csv
2023/10/21,26, ,Guanajuato,guanajuato-universidad gto sede belen-air-quality.csv
2023/10/22,37, ,Guanajuato,guanajuato-universidad gto sede belen-air-quality.csv
2023/10/23,40, ,Guanajuato,guanajuato-universidad gto sede belen-air-quality.csv
2023/10/24,34, ,Guanajuato,guanajuato-universidad gto sede belen-air-quality.csv
2023/10/25,43, ,Guanajuato,guanajuato-universidad gto sede belen-air-quality.csv
2023/10/26,59, ,Guanajuato,guanajuato-universidad gto sede belen-air-quality.csv
2023/10/27,41, ,Guanajuato,guanajuato-universidad gto sede belen-air-quality.csv
2023/10/28,33, ,Guanajuato,guanajuato-universidad gto sede belen-air-quality.csv
2023/10/29,37, ,Guanajuato,guanajuato-universidad gto sede belen-air-quality.csv
2023/10/30,37, ,Guanajuato,guanajuato-universidad gto sede belen-air-quality.csv
2023/10/31,30, ,Guanajuato,guanajuato-universidad gto sede belen-air-quality.csv
2023/11/1,40, ,Guanajuato,guanajuato-universidad gto sede belen-air-quality.csv
2023/11/2,26, ,Guanajuato,guanajuato-universidad gto sede belen-air-quality.csv
2023/11/3,39, ,Guanajuato,guanajuato-universidad gto sede belen-air-quality.csv
2023/11/4,39, ,Guanajuato,guanajuato-universidad gto sede belen-air-quality.csv
2023/11/5,28, ,Guanajuato,guanajuato-universidad gto sede belen-air-quality.csv
2023/11/6,30, ,Guanajuato,guanajuato-universidad gto sede belen-air-quality.csv
2023/11/7,41, ,Guanajuato,guanajuato-universidad gto sede belen-air-quality.csv
2023/11/8,43, ,Guanajuato,guanajuato-universidad gto sede belen-air-quality.csv
2023/11/9,41, ,Guanajuato,guanajuato-universidad gto sede belen-air-quality.csv
2023/11/10,56, ,Guanajuato,guanajuato-universidad gto sede belen-air-quality.csv
2023/11/11,60, ,Guanajuato,guanajuato-universidad gto sede belen-air-quality.csv
2023/11/12,48, ,Guanajuato,guanajuato-universidad gto sede belen-air-quality.csv
2023/11/13,31, ,Guanajuato,guanajuato-universidad gto sede belen-air-quality.csv
2023/11/14,23, ,Guanajuato,guanajuato-universidad gto sede belen-air-quality.csv
2023/11/15,30, ,Guanajuato,guanajuato-universidad gto sede belen-air-quality.csv
2023/11/16,26, ,Guanajuato,guanajuato-universidad gto sede belen-air-quality.csv
2023/11/30,61, ,Guanajuato,guanajuato-universidad gto sede belen-air-quality.csv
2023/12/1,44, ,Guanajuato,guanajuato-universidad gto sede belen-air-quality.csv
2023/12/2,49, ,Guanajuato,guanajuato-universidad gto sede belen-air-quality.csv
2023/12/3,41, ,Guanajuato,guanajuato-universidad gto sede belen-air-quality.csv
2023/12/4,42, ,Guanajuato,guanajuato-universidad gto sede belen-air-quality.csv
2023/12/5,20, ,Guanajuato,guanajuato-universidad gto sede belen-air-quality.csv
2023/12/6,33, ,Guanajuato,guanajuato-universidad gto sede belen-air-quality.csv
2023/12/7,18, ,Guanajuato,guanajuato-universidad gto sede belen-air-quality.csv
2023/12/8,31, ,Guanajuato,guanajuato-universidad gto sede belen-air-quality.csv
2023/12/9,36, ,Guanajuato,guanajuato-universidad gto sede belen-air-quality.csv
2023/12/10,42, ,Guanajuato,guanajuato-universidad gto sede belen-air-quality.csv
2023/12/11,39, ,Guanajuato,guanajuato-universidad gto sede belen-air-quality.csv
2023/12/12,35, ,Guanajuato,guanajuato-universidad gto sede belen-air-quality.csv
2023/12/13,25, ,Guanajuato,guanajuato-universidad gto sede belen-air-quality.csv
2023/12/14,39, ,Guanajuato,guanajuato-universidad gto sede belen-air-quality.csv
2023/12/15,35, ,Guanajuato,guanajuato-universidad gto sede belen-air-quality.csv
2023/12/16,24, ,Guanajuato,guanajuato-universidad gto sede belen-air-quality.csv
2023/12/17,19, ,Guanajuato,guanajuato-universidad gto sede belen-air-quality.csv
2023/12/18,34, ,Guanajuato,guanajuato-universidad gto sede belen-air-quality.csv
2023/12/19,34, ,Guanajuato,guanajuato-universidad gto sede belen-air-quality.csv
2023/12/20,42, ,Guanajuato,guanajuato-universidad gto sede belen-air-quality.csv
2023/12/21,58, ,Guanajuato,guanajuato-universidad gto sede belen-air-quality.csv
2023/12/22,48, ,Guanajuato,guanajuato-universidad gto sede belen-air-quality.csv
2023/12/23,32, ,Guanajuato,guanajuato-universidad gto sede belen-air-quality.csv
2023/12/24,43, ,Guanajuato,guanajuato-universidad gto sede belen-air-quality.csv
2023/12/25,55, ,Guanajuato,guanajuato-universidad gto sede belen-air-quality.csv
2023/12/26,53, ,Guanajuato,guanajuato-universidad gto sede belen-air-quality.csv
2023/12/27,39, ,Guanajuato,guanajuato-universidad gto sede belen-air-quality.csv
2023/12/28,40, ,Guanajuato,guanajuato-universidad gto sede belen-air-quality.csv
2023/12/29,40, ,Guanajuato,guanajuato-universidad gto sede belen-air-quality.csv
2023/12/30,51, ,Guanajuato,guanajuato-universidad gto sede belen-air-quality.csv
2023/12/31,45, ,Guanajuato,guanajuato-universidad gto sede belen-air-quality.csv
2024/1/1,54, ,Guanajuato,guanajuato-universidad gto sede belen-air-quality.csv
2023/7/2,40, ,Guanajuato,guanajuato-universidad gto sede belen-air-quality.csv
2023/7/3,49, ,Guanajuato,guanajuato-universidad gto sede belen-air-quality.csv
2023/7/4,54, ,Guanajuato,guanajuato-universidad gto sede belen-air-quality.csv
2023/7/5,51, ,Guanajuato,guanajuato-universidad gto sede belen-air-quality.csv
2023/7/7,41, ,Guanajuato,guanajuato-universidad gto sede belen-air-quality.csv
2023/7/8,39, ,Guanajuato,guanajuato-universidad gto sede belen-air-quality.csv
2023/7/9,49, ,Guanajuato,guanajuato-universidad gto sede belen-air-quality.csv
2023/7/11,37, ,Guanajuato,guanajuato-universidad gto sede belen-air-quality.csv
2023/7/12,33, ,Guanajuato,guanajuato-universidad gto sede belen-air-quality.csv
2023/7/13,50, ,Guanajuato,guanajuato-universidad gto sede belen-air-quality.csv
2023/7/14,54, ,Guanajuato,guanajuato-universidad gto sede belen-air-quality.csv
2023/7/15,55, ,Guanajuato,guanajuato-universidad gto sede belen-air-quality.csv
2023/7/16,46, ,Guanajuato,guanajuato-universidad gto sede belen-air-quality.csv
2023/7/17,54, ,Guanajuato,guanajuato-universidad gto sede belen-air-quality.csv
2023/7/18,39, ,Guanajuato,guanajuato-universidad gto sede belen-air-quality.csv
2023/7/19,53, ,Guanajuato,guanajuato-universidad gto sede belen-air-quality.csv
2023/7/20,48, ,Guanajuato,guanajuato-universidad gto sede belen-air-quality.csv
2023/7/21,42, ,Guanajuato,guanajuato-universidad gto sede belen-air-quality.csv
2023/7/22,45, ,Guanajuato,guanajuato-universidad gto sede belen-air-quality.csv
2023/7/23,40, ,Guanajuato,guanajuato-universidad gto sede belen-air-quality.csv
2023/7/24,41, ,Guanajuato,guanajuato-universidad gto sede belen-air-quality.csv
2023/7/25,31, ,Guanajuato,guanajuato-universidad gto sede belen-air-quality.csv
2023/7/26,38, ,Guanajuato,guanajuato-universidad gto sede belen-air-quality.csv
2023/7/27,45, ,Guanajuato,guanajuato-universidad gto sede belen-air-quality.csv
2023/7/28,51, ,Guanajuato,guanajuato-universidad gto sede belen-air-quality.csv
2023/7/29,46, ,Guanajuato,guanajuato-universidad gto sede belen-air-quality.csv
2023/7/30,46, ,Guanajuato,guanajuato-universidad gto sede belen-air-quality.csv
2023/7/31,34, ,Guanajuato,guanajuato-universidad gto sede belen-air-quality.csv
2023/8/1,23, ,Guanajuato,guanajuato-universidad gto sede belen-air-quality.csv
2023/8/2,28, ,Guanajuato,guanajuato-universidad gto sede belen-air-quality.csv
2023/8/3,28, ,Guanajuato,guanajuato-universidad gto sede belen-air-quality.csv
2023/8/4,37, ,Guanajuato,guanajuato-universidad gto sede belen-air-quality.csv
2023/8/5,32, ,Guanajuato,guanajuato-universidad gto sede belen-air-quality.csv
2023/8/6,47, ,Guanajuato,guanajuato-universidad gto sede belen-air-quality.csv
2023/8/7,49, ,Guanajuato,guanajuato-universidad gto sede belen-air-quality.csv
2023/8/8,46, ,Guanajuato,guanajuato-universidad gto sede belen-air-quality.csv
2023/8/9,51, ,Guanajuato,guanajuato-universidad gto sede belen-air-quality.csv
2023/8/10,55, ,Guanajuato,guanajuato-universidad gto sede belen-air-quality.csv
2023/8/11,59, ,Guanajuato,guanajuato-universidad gto sede belen-air-quality.csv
2023/8/12,51, ,Guanajuato,guanajuato-universidad gto sede belen-air-quality.csv
2023/8/13,53, ,Guanajuato,guanajuato-universidad gto sede belen-air-quality.csv
2023/8/14,54, ,Guanajuato,guanajuato-universidad gto sede belen-air-quality.csv
2023/8/15,40, ,Guanajuato,guanajuato-universidad gto sede belen-air-quality.csv
2023/8/16,44, ,Guanajuato,guanajuato-universidad gto sede belen-air-quality.csv
2023/8/17,41, ,Guanajuato,guanajuato-universidad gto sede belen-air-quality.csv
2023/8/18,41, ,Guanajuato,guanajuato-universidad gto sede belen-air-quality.csv
2023/8/19,38, ,Guanajuato,guanajuato-universidad gto sede belen-air-quality.csv
2023/8/20,47, ,Guanajuato,guanajuato-universidad gto sede belen-air-quality.csv
2023/8/21,47, ,Guanajuato,guanajuato-universidad gto sede belen-air-quality.csv
2023/8/23,39, ,Guanajuato,guanajuato-universidad gto sede belen-air-quality.csv
2023/8/24,37, ,Guanajuato,guanajuato-universidad gto sede belen-air-quality.csv
2023/8/25,21, ,Guanajuato,guanajuato-universidad gto sede belen-air-quality.csv
2023/8/26,36, ,Guanajuato,guanajuato-universidad gto sede belen-air-quality.csv
2023/8/27,32, ,Guanajuato,guanajuato-universidad gto sede belen-air-quality.csv
2023/8/28,27, ,Guanajuato,guanajuato-universidad gto sede belen-air-quality.csv
2023/8/29,37, ,Guanajuato,guanajuato-universidad gto sede belen-air-quality.csv
2023/9/2,54, ,Guanajuato,guanajuato-universidad gto sede belen-air-quality.csv
2023/9/3,51, ,Guanajuato,guanajuato-universidad gto sede belen-air-quality.csv
2023/9/4,50, ,Guanajuato,guanajuato-universidad gto sede belen-air-quality.csv
2023/9/5,48, ,Guanajuato,guanajuato-universidad gto sede belen-air-quality.csv
2023/9/6,39, ,Guanajuato,guanajuato-universidad gto sede belen-air-quality.csv
2023/9/7,38, ,Guanajuato,guanajuato-universidad gto sede belen-air-quality.csv
2023/9/8,58, ,Guanajuato,guanajuato-universidad gto sede belen-air-quality.csv
2023/9/9,31, ,Guanajuato,guanajuato-universidad gto sede belen-air-quality.csv
2023/9/10,38, ,Guanajuato,guanajuato-universidad gto sede belen-air-quality.csv
2023/9/11,36, ,Guanajuato,guanajuato-universidad gto sede belen-air-quality.csv
2023/9/12,37, ,Guanajuato,guanajuato-universidad gto sede belen-air-quality.csv
2023/9/13,46, ,Guanajuato,guanajuato-universidad gto sede belen-air-quality.csv
2023/9/14,23, ,Guanajuato,guanajuato-universidad gto sede belen-air-quality.csv
2023/9/15,30, ,Guanajuato,guanajuato-universidad gto sede belen-air-quality.csv
2023/9/16,37, ,Guanajuato,guanajuato-universidad gto sede belen-air-quality.csv
2023/9/17,40, ,Guanajuato,guanajuato-universidad gto sede belen-air-quality.csv
2023/9/18,50, ,Guanajuato,guanajuato-universidad gto sede belen-air-quality.csv
2023/9/19,35, ,Guanajuato,guanajuato-universidad gto sede belen-air-quality.csv
2023/9/20,36, ,Guanajuato,guanajuato-universidad gto sede belen-air-quality.csv
2023/9/21,31, ,Guanajuato,guanajuato-universidad gto sede belen-air-quality.csv
2023/9/22,29, ,Guanajuato,guanajuato-universidad gto sede belen-air-quality.csv
2023/9/23,44, ,Guanajuato,guanajuato-universidad gto sede belen-air-quality.csv
2023/9/27,25, ,Guanajuato,guanajuato-universidad gto sede belen-air-quality.csv
2023/9/28,37, ,Guanajuato,guanajuato-universidad gto sede belen-air-quality.csv
2023/9/29,39, ,Guanajuato,guanajuato-universidad gto sede belen-air-quality.csv
2023/9/30,44, ,Guanajuato,guanajuato-universidad gto sede belen-air-quality.csv
2023/10/1,37, ,Guanajuato,guanajuato-universidad gto sede belen-air-quality.csv
2023/4/2,66, ,Guanajuato,guanajuato-universidad gto sede belen-air-quality.csv
2023/4/3,70, ,Guanajuato,guanajuato-universidad gto sede belen-air-quality.csv
2023/4/4,69, ,Guanajuato,guanajuato-universidad gto sede belen-air-quality.csv
2023/4/5,67, ,Guanajuato,guanajuato-universidad gto sede belen-air-quality.csv
2023/4/6,64, ,Guanajuato,guanajuato-universidad gto sede belen-air-quality.csv
2023/4/7,76, ,Guanajuato,guanajuato-universidad gto sede belen-air-quality.csv
2023/4/8,65, ,Guanajuato,guanajuato-universidad gto sede belen-air-quality.csv
2023/4/9,56, ,Guanajuato,guanajuato-universidad gto sede belen-air-quality.csv
2023/4/10,50, ,Guanajuato,guanajuato-universidad gto sede belen-air-quality.csv
2023/4/11,49, ,Guanajuato,guanajuato-universidad gto sede belen-air-quality.csv
2023/4/12,39, ,Guanajuato,guanajuato-universidad gto sede belen-air-quality.csv
2023/4/13,38, ,Guanajuato,guanajuato-universidad gto sede belen-air-quality.csv
2023/4/14,59, ,Guanajuato,guanajuato-universidad gto sede belen-air-quality.csv
2023/4/15,59, ,Guanajuato,guanajuato-universidad gto sede belen-air-quality.csv
2023/4/16,55, ,Guanajuato,guanajuato-universidad gto sede belen-air-quality.csv
2023/4/17,61, ,Guanajuato,guanajuato-universidad gto sede belen-air-quality.csv
2023/4/18,54, ,Guanajuato,guanajuato-universidad gto sede belen-air-quality.csv
2023/4/19,59, ,Guanajuato,guanajuato-universidad gto sede belen-air-quality.csv
2023/4/20,58, ,Guanajuato,guanajuato-universidad gto sede belen-air-quality.csv
2023/4/21,57, ,Guanajuato,guanajuato-universidad gto sede belen-air-quality.csv
2023/4/22,66, ,Guanajuato,guanajuato-universidad gto sede belen-air-quality.csv
2023/4/23,72, ,Guanajuato,guanajuato-universidad gto sede belen-air-quality.csv
2023/4/24,71, ,Guanajuato,guanajuato-universidad gto sede belen-air-quality.csv
2023/4/25,61, ,Guanajuato,guanajuato-universidad gto sede belen-air-quality.csv
2023/4/26,62, ,Guanajuato,guanajuato-universidad gto sede belen-air-quality.csv
2023/4/27,61, ,Guanajuato,guanajuato-universidad gto sede belen-air-quality.csv
2023/4/28,66, ,Guanajuato,guanajuato-universidad gto sede belen-air-quality.csv
2023/4/29,59, ,Guanajuato,guanajuato-universidad gto sede belen-air-quality.csv
2023/4/30,62, ,Guanajuato,guanajuato-universidad gto sede belen-air-quality.csv
2023/5/1,61, ,Guanajuato,guanajuato-universidad gto sede belen-air-quality.csv
2023/5/2,72, ,Guanajuato,guanajuato-universidad gto sede belen-air-quality.csv
2023/5/3,91, ,Guanajuato,guanajuato-universidad gto sede belen-air-quality.csv
2023/5/4,97, ,Guanajuato,guanajuato-universidad gto sede belen-air-quality.csv
2023/5/5,112, ,Guanajuato,guanajuato-universidad gto sede belen-air-quality.csv
2023/5/6,115, ,Guanajuato,guanajuato-universidad gto sede belen-air-quality.csv
2023/5/7,87, ,Guanajuato,guanajuato-universidad gto sede belen-air-quality.csv
2023/5/8,85, ,Guanajuato,guanajuato-universidad gto sede belen-air-quality.csv
2023/5/9,75, ,Guanajuato,guanajuato-universidad gto sede belen-air-quality.csv
2023/5/10,68, ,Guanajuato,guanajuato-universidad gto sede belen-air-quality.csv
2023/5/11,57, ,Guanajuato,guanajuato-universidad gto sede belen-air-quality.csv
2023/5/12,58, ,Guanajuato,guanajuato-universidad gto sede belen-air-quality.csv
2023/5/13,62, ,Guanajuato,guanajuato-universidad gto sede belen-air-quality.csv
2023/5/14,77, ,Guanajuato,guanajuato-universidad gto sede belen-air-quality.csv
2023/5/15,62, ,Guanajuato,guanajuato-universidad gto sede belen-air-quality.csv
2023/5/16,51, ,Guanajuato,guanajuato-universidad gto sede belen-air-quality.csv
2023/5/17,63, ,Guanajuato,guanajuato-universidad gto sede belen-air-quality.csv
2023/5/18,67, ,Guanajuato,guanajuato-universidad gto sede belen-air-quality.csv
2023/5/19,84, ,Guanajuato,guanajuato-universidad gto sede belen-air-quality.csv
2023/5/20,80, ,Guanajuato,guanajuato-universidad gto sede belen-air-quality.csv
2023/5/21,57, ,Guanajuato,guanajuato-universidad gto sede belen-air-quality.csv
2023/5/22,51, ,Guanajuato,guanajuato-universidad gto sede belen-air-quality.csv
2023/5/23,53, ,Guanajuato,guanajuato-universidad gto sede belen-air-quality.csv
2023/5/24,68, ,Guanajuato,guanajuato-universidad gto sede belen-air-quality.csv
2023/5/25,58, ,Guanajuato,guanajuato-universidad gto sede belen-air-quality.csv
2023/5/26,73, ,Guanajuato,guanajuato-universidad gto sede belen-air-quality.csv
2023/5/27,72, ,Guanajuato,guanajuato-universidad gto sede belen-air-quality.csv
2023/5/28,62, ,Guanajuato,guanajuato-universidad gto sede belen-air-quality.csv
2023/5/29,66, ,Guanajuato,guanajuato-universidad gto sede belen-air-quality.csv
2023/5/30,68, ,Guanajuato,guanajuato-universidad gto sede belen-air-quality.csv
2023/5/31,62, ,Guanajuato,guanajuato-universidad gto sede belen-air-quality.csv
2023/6/1,68, ,Guanajuato,guanajuato-universidad gto sede belen-air-quality.csv
2023/6/2,76, ,Guanajuato,guanajuato-universidad gto sede belen-air-quality.csv
2023/6/3,70, ,Guanajuato,guanajuato-universidad gto sede belen-air-quality.csv
2023/6/4,69, ,Guanajuato,guanajuato-universidad gto sede belen-air-quality.csv
2023/6/5,42, ,Guanajuato,guanajuato-universidad gto sede belen-air-quality.csv
2023/6/6,50, ,Guanajuato,guanajuato-universidad gto sede belen-air-quality.csv
2023/6/7,57, ,Guanajuato,guanajuato-universidad gto sede belen-air-quality.csv
2023/6/8,69, ,Guanajuato,guanajuato-universidad gto sede belen-air-quality.csv
2023/6/9,66, ,Guanajuato,guanajuato-universidad gto sede belen-air-quality.csv
2023/6/10,59, ,Guanajuato,guanajuato-universidad gto sede belen-air-quality.csv
2023/6/11,65, ,Guanajuato,guanajuato-universidad gto sede belen-air-quality.csv
2023/6/12,65, ,Guanajuato,guanajuato-universidad gto sede belen-air-quality.csv
2023/6/13,71, ,Guanajuato,guanajuato-universidad gto sede belen-air-quality.csv
2023/6/14,41, ,Guanajuato,guanajuato-universidad gto sede belen-air-quality.csv
2023/6/15,38, ,Guanajuato,guanajuato-universidad gto sede belen-air-quality.csv
2023/6/16,63, ,Guanajuato,guanajuato-universidad gto sede belen-air-quality.csv
2023/6/18,87, ,Guanajuato,guanajuato-universidad gto sede belen-air-quality.csv
2023/6/19,77, ,Guanajuato,guanajuato-universidad gto sede belen-air-quality.csv
2023/6/20,61, ,Guanajuato,guanajuato-universidad gto sede belen-air-quality.csv
2023/6/21,52, ,Guanajuato,guanajuato-universidad gto sede belen-air-quality.csv
2023/6/22,56, ,Guanajuato,guanajuato-universidad gto sede belen-air-quality.csv
2023/6/23,54, ,Guanajuato,guanajuato-universidad gto sede belen-air-quality.csv
2023/6/24,62, ,Guanajuato,guanajuato-universidad gto sede belen-air-quality.csv
2023/6/25,57, ,Guanajuato,guanajuato-universidad gto sede belen-air-quality.csv
2023/6/26,41, ,Guanajuato,guanajuato-universidad gto sede belen-air-quality.csv
2023/6/27,37, ,Guanajuato,guanajuato-universidad gto sede belen-air-quality.csv
2023/6/28,48, ,Guanajuato,guanajuato-universidad gto sede belen-air-quality.csv
2023/6/29,54, ,Guanajuato,guanajuato-universidad gto sede belen-air-quality.csv
2023/6/30,42, ,Guanajuato,guanajuato-universidad gto sede belen-air-quality.csv
2023/7/1,37, ,Guanajuato,guanajuato-universidad gto sede belen-air-quality.csv
2023/1/3,37, ,Guanajuato,guanajuato-universidad gto sede belen-air-quality.csv
2023/1/6,31, ,Guanajuato,guanajuato-universidad gto sede belen-air-quality.csv
2023/1/7,39, ,Guanajuato,guanajuato-universidad gto sede belen-air-quality.csv
2023/1/8,42, ,Guanajuato,guanajuato-universidad gto sede belen-air-quality.csv
2023/1/9,37, ,Guanajuato,guanajuato-universidad gto sede belen-air-quality.csv
2023/1/10,60, ,Guanajuato,guanajuato-universidad gto sede belen-air-quality.csv
2023/1/11,62, ,Guanajuato,guanajuato-universidad gto sede belen-air-quality.csv
2023/1/12,63, ,Guanajuato,guanajuato-universidad gto sede belen-air-quality.csv
2023/1/13,59, ,Guanajuato,guanajuato-universidad gto sede belen-air-quality.csv
2023/1/14,44, ,Guanajuato,guanajuato-universidad gto sede belen-air-quality.csv
2023/1/15,46, ,Guanajuato,guanajuato-universidad gto sede belen-air-quality.csv
2023/1/16,61, ,Guanajuato,guanajuato-universidad gto sede belen-air-quality.csv
2023/1/17,44, ,Guanajuato,guanajuato-universidad gto sede belen-air-quality.csv
2023/1/18,54, ,Guanajuato,guanajuato-universidad gto sede belen-air-quality.csv
2023/1/19,57, ,Guanajuato,guanajuato-universidad gto sede belen-air-quality.csv
2023/1/21,70, ,Guanajuato,guanajuato-universidad gto sede belen-air-quality.csv
2023/1/24,53, ,Guanajuato,guanajuato-universidad gto sede belen-air-quality.csv
2023/1/26,56, ,Guanajuato,guanajuato-universidad gto sede belen-air-quality.csv
2023/1/27,63, ,Guanajuato,guanajuato-universidad gto sede belen-air-quality.csv
2023/1/28,66, ,Guanajuato,guanajuato-universidad gto sede belen-air-quality.csv
2023/1/29,61, ,Guanajuato,guanajuato-universidad gto sede belen-air-quality.csv
2023/1/30,54, ,Guanajuato,guanajuato-universidad gto sede belen-air-quality.csv
2023/1/31,63, ,Guanajuato,guanajuato-universidad gto sede belen-air-quality.csv
2023/2/1,69, ,Guanajuato,guanajuato-universidad gto sede belen-air-quality.csv
2023/2/2,61, ,Guanajuato,guanajuato-universidad gto sede belen-air-quality.csv
2023/2/3,55, ,Guanajuato,guanajuato-universidad gto sede belen-air-quality.csv
2023/2/4,44, ,Guanajuato,guanajuato-universidad gto sede belen-air-quality.csv
2023/2/15,44, ,Guanajuato,guanajuato-universidad gto sede belen-air-quality.csv
2023/2/16,47, ,Guanajuato,guanajuato-universidad gto sede belen-air-quality.csv
2023/2/17,41, ,Guanajuato,guanajuato-universidad gto sede belen-air-quality.csv
2023/2/18,68, ,Guanajuato,guanajuato-universidad gto sede belen-air-quality.csv
2023/2/20,60, ,Guanajuato,guanajuato-universidad gto sede belen-air-quality.csv
2023/2/21,62, ,Guanajuato,guanajuato-universidad gto sede belen-air-quality.csv
2023/2/22,58, ,Guanajuato,guanajuato-universidad gto sede belen-air-quality.csv
2023/2/23,43, ,Guanajuato,guanajuato-universidad gto sede belen-air-quality.csv
2023/2/24,61, ,Guanajuato,guanajuato-universidad gto sede belen-air-quality.csv
2023/2/25,62, ,Guanajuato,guanajuato-universidad gto sede belen-air-quality.csv
2023/2/26,66, ,Guanajuato,guanajuato-universidad gto sede belen-air-quality.csv
2023/2/27,55, ,Guanajuato,guanajuato-universidad gto sede belen-air-quality.csv
2023/2/28,47, ,Guanajuato,guanajuato-universidad gto sede belen-air-quality.csv
2023/3/1,54, ,Guanajuato,guanajuato-universidad gto sede belen-air-quality.csv
2023/3/2,50, ,Guanajuato,guanajuato-universidad gto sede belen-air-quality.csv
2023/3/3,55, ,Guanajuato,guanajuato-universidad gto sede belen-air-quality.csv
2023/3/4,42, ,Guanajuato,guanajuato-universidad gto sede belen-air-quality.csv
2023/3/5,57, ,Guanajuato,guanajuato-universidad gto sede belen-air-quality.csv
2023/3/6,53, ,Guanajuato,guanajuato-universidad gto sede belen-air-quality.csv
2023/3/7,50, ,Guanajuato,guanajuato-universidad gto sede belen-air-quality.csv
2023/3/8,62, ,Guanajuato,guanajuato-universidad gto sede belen-air-quality.csv
2023/3/9,66, ,Guanajuato,guanajuato-universidad gto sede belen-air-quality.csv
2023/3/10,72, ,Guanajuato,guanajuato-universidad gto sede belen-air-quality.csv
2023/3/11,84, ,Guanajuato,guanajuato-universidad gto sede belen-air-quality.csv
2023/3/12,91, ,Guanajuato,guanajuato-universidad gto sede belen-air-quality.csv
2023/3/13,69, ,Guanajuato,guanajuato-universidad gto sede belen-air-quality.csv
2023/3/14,62, ,Guanajuato,guanajuato-universidad gto sede belen-air-quality.csv
2023/3/15,64, ,Guanajuato,guanajuato-universidad gto sede belen-air-quality.csv
2023/3/16,52, ,Guanajuato,guanajuato-universidad gto sede belen-air-quality.csv
2023/3/17,49, ,Guanajuato,guanajuato-universidad gto sede belen-air-quality.csv
2023/3/18,48, ,Guanajuato,guanajuato-universidad gto sede belen-air-quality.csv
2023/3/19,47, ,Guanajuato,guanajuato-universidad gto sede belen-air-quality.csv
2023/3/20,50, ,Guanajuato,guanajuato-universidad gto sede belen-air-quality.csv
2023/3/21,40, ,Guanajuato,guanajuato-universidad gto sede belen-air-quality.csv
2023/3/22,42, ,Guanajuato,guanajuato-universidad gto sede belen-air-quality.csv
2023/3/23,52, ,Guanajuato,guanajuato-universidad gto sede belen-air-quality.csv
2023/3/24,57, ,Guanajuato,guanajuato-universidad gto sede belen-air-quality.csv
2023/3/25,44, ,Guanajuato,guanajuato-universidad gto sede belen-air-quality.csv
2023/3/26,41, ,Guanajuato,guanajuato-universidad gto sede belen-air-quality.csv
2023/3/27,49, ,Guanajuato,guanajuato-universidad gto sede belen-air-quality.csv
2023/3/28,55, ,Guanajuato,guanajuato-universidad gto sede belen-air-quality.csv
2023/3/29,67, ,Guanajuato,guanajuato-universidad gto sede belen-air-quality.csv
2023/3/30,73, ,Guanajuato,guanajuato-universidad gto sede belen-air-quality.csv
2023/3/31,65, ,Guanajuato,guanajuato-universidad gto sede belen-air-quality.csv
2023/4/1,72, ,Guanajuato,guanajuato-universidad gto sede belen-air-quality.csv
2022/10/2,28, ,Guanajuato,guanajuato-universidad gto sede belen-air-quality.csv
2022/10/3,36, ,Guanajuato,guanajuato-universidad gto sede belen-air-quality.csv
2022/10/4,53, ,Guanajuato,guanajuato-universidad gto sede belen-air-quality.csv
2022/10/5,51, ,Guanajuato,guanajuato-universidad gto sede belen-air-quality.csv
2022/10/6,38, ,Guanajuato,guanajuato-universidad gto sede belen-air-quality.csv
2022/10/7,26, ,Guanajuato,guanajuato-universidad gto sede belen-air-quality.csv
2022/10/8,26, ,Guanajuato,guanajuato-universidad gto sede belen-air-quality.csv
2022/10/9,22, ,Guanajuato,guanajuato-universidad gto sede belen-air-quality.csv
2022/10/10,21, ,Guanajuato,guanajuato-universidad gto sede belen-air-quality.csv
2022/10/11,25, ,Guanajuato,guanajuato-universidad gto sede belen-air-quality.csv
2022/10/12,28, ,Guanajuato,guanajuato-universidad gto sede belen-air-quality.csv
2022/10/13,35, ,Guanajuato,guanajuato-universidad gto sede belen-air-quality.csv
2022/10/14,22, ,Guanajuato,guanajuato-universidad gto sede belen-air-quality.csv
2022/10/15,35, ,Guanajuato,guanajuato-universidad gto sede belen-air-quality.csv
2022/10/16,39, ,Guanajuato,guanajuato-universidad gto sede belen-air-quality.csv
2022/10/17,39, ,Guanajuato,guanajuato-universidad gto sede belen-air-quality.csv
2022/10/18,44, ,Guanajuato,guanajuato-universidad gto sede belen-air-quality.csv
2022/10/19,41, ,Guanajuato,guanajuato-universidad gto sede belen-air-quality.csv
2022/10/20,20, ,Guanajuato,guanajuato-universidad gto sede belen-air-quality.csv
2022/10/21,28, ,Guanajuato,guanajuato-universidad gto sede belen-air-quality.csv
2022/10/22,41, ,Guanajuato,guanajuato-universidad gto sede belen-air-quality.csv
2022/10/23,50, ,Guanajuato,guanajuato-universidad gto sede belen-air-quality.csv
2022/10/24,33, ,Guanajuato,guanajuato-universidad gto sede belen-air-quality.csv
2022/10/25,32, ,Guanajuato,guanajuato-universidad gto sede belen-air-quality.csv
2022/10/26,45, ,Guanajuato,guanajuato-universidad gto sede belen-air-quality.csv
2022/10/27,34, ,Guanajuato,guanajuato-universidad gto sede belen-air-quality.csv
2022/10/28,39, ,Guanajuato,guanajuato-universidad gto sede belen-air-quality.csv
2022/10/29,40, ,Guanajuato,guanajuato-universidad gto sede belen-air-quality.csv
2022/10/30,50, ,Guanajuato,guanajuato-universidad gto sede belen-air-quality.csv
2022/11/1,45, ,Guanajuato,guanajuato-universidad gto sede belen-air-quality.csv
2022/11/2,54, ,Guanajuato,guanajuato-universidad gto sede belen-air-quality.csv
2022/11/3,54, ,Guanajuato,guanajuato-universidad gto sede belen-air-quality.csv
2022/11/4,54, ,Guanajuato,guanajuato-universidad gto sede belen-air-quality.csv
2022/11/5,67, ,Guanajuato,guanajuato-universidad gto sede belen-air-quality.csv
2022/11/6,48, ,Guanajuato,guanajuato-universidad gto sede belen-air-quality.csv
2022/11/7,48, ,Guanajuato,guanajuato-universidad gto sede belen-air-quality.csv
2022/11/8,34, ,Guanajuato,guanajuato-universidad gto sede belen-air-quality.csv
2022/11/9,38, ,Guanajuato,guanajuato-universidad gto sede belen-air-quality.csv
2022/11/10,32, ,Guanajuato,guanajuato-universidad gto sede belen-air-quality.csv
2022/11/11,41, ,Guanajuato,guanajuato-universidad gto sede belen-air-quality.csv
2022/11/12,53, ,Guanajuato,guanajuato-universidad gto sede belen-air-quality.csv
2022/11/13,65, ,Guanajuato,guanajuato-universidad gto sede belen-air-quality.csv
2022/11/14,69, ,Guanajuato,guanajuato-universidad gto sede belen-air-quality.csv
2022/11/15,55, ,Guanajuato,guanajuato-universidad gto sede belen-air-quality.csv
2022/11/16,54, ,Guanajuato,guanajuato-universidad gto sede belen-air-quality.csv
2022/11/17,61, ,Guanajuato,guanajuato-universidad gto sede belen-air-quality.csv
2022/11/18,54, ,Guanajuato,guanajuato-universidad gto sede belen-air-quality.csv
2022/11/19,50, ,Guanajuato,guanajuato-universidad gto sede belen-air-quality.csv
2022/11/20,62, ,Guanajuato,guanajuato-universidad gto sede belen-air-quality.csv
2022/11/21,42, ,Guanajuato,guanajuato-universidad gto sede belen-air-quality.csv
2022/11/22,32, ,Guanajuato,guanajuato-universidad gto sede belen-air-quality.csv
2022/11/23,18, ,Guanajuato,guanajuato-universidad gto sede belen-air-quality.csv
2022/11/26,39, ,Guanajuato,guanajuato-universidad gto sede belen-air-quality.csv
2022/11/27,47, ,Guanajuato,guanajuato-universidad gto sede belen-air-quality.csv
2022/11/28,31, ,Guanajuato,guanajuato-universidad gto sede belen-air-quality.csv
2022/11/29,29, ,Guanajuato,guanajuato-universidad gto sede belen-air-quality.csv
2022/11/30,41, ,Guanajuato,guanajuato-universidad gto sede belen-air-quality.csv
2022/12/1,49, ,Guanajuato,guanajuato-universidad gto sede belen-air-quality.csv
2022/12/2,24, ,Guanajuato,guanajuato-universidad gto sede belen-air-quality.csv
2022/12/3,28, ,Guanajuato,guanajuato-universidad gto sede belen-air-quality.csv
2022/12/4,21, ,Guanajuato,guanajuato-universidad gto sede belen-air-quality.csv
2022/12/5,21, ,Guanajuato,guanajuato-universidad gto sede belen-air-quality.csv
2022/12/6,32, ,Guanajuato,guanajuato-universidad gto sede belen-air-quality.csv
2022/12/7,50, ,Guanajuato,guanajuato-universidad gto sede belen-air-quality.csv
2022/12/8,47, ,Guanajuato,guanajuato-universidad gto sede belen-air-quality.csv
2022/12/9,58, ,Guanajuato,guanajuato-universidad gto sede belen-air-quality.csv
2022/12/10,59, ,Guanajuato,guanajuato-universidad gto sede belen-air-quality.csv
2022/12/11,57, ,Guanajuato,guanajuato-universidad gto sede belen-air-quality.csv
2022/12/12,70, ,Guanajuato,guanajuato-universidad gto sede belen-air-quality.csv
2022/12/13,61, ,Guanajuato,guanajuato-universidad gto sede belen-air-quality.csv
2022/12/14,63, ,Guanajuato,guanajuato-universidad gto sede belen-air-quality.csv
2022/12/15,64, ,Guanajuato,guanajuato-universidad gto sede belen-air-quality.csv
2022/12/16,60, ,Guanajuato,guanajuato-universidad gto sede belen-air-quality.csv
2022/12/17,64, ,Guanajuato,guanajuato-universidad gto sede belen-air-quality.csv
2022/12/18,58, ,Guanajuato,guanajuato-universidad gto sede belen-air-quality.csv
2022/12/19,68, ,Guanajuato,guanajuato-universidad gto sede belen-air-quality.csv
2022/12/20,53, ,Guanajuato,guanajuato-universidad gto sede belen-air-quality.csv
2022/12/21,50, ,Guanajuato,guanajuato-universidad gto sede belen-air-quality.csv
2022/12/22,59, ,Guanajuato,guanajuato-universidad gto sede belen-air-quality.csv
2022/12/23,61, ,Guanajuato,guanajuato-universidad gto sede belen-air-quality.csv
2022/12/24,72, ,Guanajuato,guanajuato-universidad gto sede belen-air-quality.csv
2022/12/25,78, ,Guanajuato,guanajuato-universidad gto sede belen-air-quality.csv
2022/12/26,74, ,Guanajuato,guanajuato-universidad gto sede belen-air-quality.csv
2022/12/27,47, ,Guanajuato,guanajuato-universidad gto sede belen-air-quality.csv
2022/12/28,38, ,Guanajuato,guanajuato-universidad gto sede belen-air-quality.csv
2022/12/29,50, ,Guanajuato,guanajuato-universidad gto sede belen-air-quality.csv
2022/12/30,43, ,Guanajuato,guanajuato-universidad gto sede belen-air-quality.csv
2022/12/31,43, ,Guanajuato,guanajuato-universidad gto sede belen-air-quality.csv
2023/1/1,44, ,Guanajuato,guanajuato-universidad gto sede belen-air-quality.csv
2023/1/2,54, ,Guanajuato,guanajuato-universidad gto sede belen-air-quality.csv
2022/7/2,54, ,Guanajuato,guanajuato-universidad gto sede belen-air-quality.csv
2022/7/3,60, ,Guanajuato,guanajuato-universidad gto sede belen-air-quality.csv
2022/7/4,54, ,Guanajuato,guanajuato-universidad gto sede belen-air-quality.csv
2022/7/5,42, ,Guanajuato,guanajuato-universidad gto sede belen-air-quality.csv
2022/7/6,39, ,Guanajuato,guanajuato-universidad gto sede belen-air-quality.csv
2022/7/7,46, ,Guanajuato,guanajuato-universidad gto sede belen-air-quality.csv
2022/7/8,45, ,Guanajuato,guanajuato-universidad gto sede belen-air-quality.csv
2022/7/9,47, ,Guanajuato,guanajuato-universidad gto sede belen-air-quality.csv
2022/7/10,41, ,Guanajuato,guanajuato-universidad gto sede belen-air-quality.csv
2022/7/11,34, ,Guanajuato,guanajuato-universidad gto sede belen-air-quality.csv
2022/7/12,46, ,Guanajuato,guanajuato-universidad gto sede belen-air-quality.csv
2022/7/13,52, ,Guanajuato,guanajuato-universidad gto sede belen-air-quality.csv
2022/7/14,47, ,Guanajuato,guanajuato-universidad gto sede belen-air-quality.csv
2022/7/15,53, ,Guanajuato,guanajuato-universidad gto sede belen-air-quality.csv
2022/7/16,37, ,Guanajuato,guanajuato-universidad gto sede belen-air-quality.csv
2022/7/17,29, ,Guanajuato,guanajuato-universidad gto sede belen-air-quality.csv
2022/7/18,58, ,Guanajuato,guanajuato-universidad gto sede belen-air-quality.csv
2022/8/5,64, ,Guanajuato,guanajuato-universidad gto sede belen-air-quality.csv
2022/8/6,51, ,Guanajuato,guanajuato-universidad gto sede belen-air-quality.csv
2022/8/7,56, ,Guanajuato,guanajuato-universidad gto sede belen-air-quality.csv
2022/8/9,26, ,Guanajuato,guanajuato-universidad gto sede belen-air-quality.csv
2022/8/10,30, ,Guanajuato,guanajuato-universidad gto sede belen-air-quality.csv
2022/8/11,30, ,Guanajuato,guanajuato-universidad gto sede belen-air-quality.csv
2022/8/12,23, ,Guanajuato,guanajuato-universidad gto sede belen-air-quality.csv
2022/8/13,31, ,Guanajuato,guanajuato-universidad gto sede belen-air-quality.csv
2022/8/29,43, ,Guanajuato,guanajuato-universidad gto sede belen-air-quality.csv
2022/8/30,45, ,Guanajuato,guanajuato-universidad gto sede belen-air-quality.csv
2022/8/31,48, ,Guanajuato,guanajuato-universidad gto sede belen-air-quality.csv
2022/9/1,35, ,Guanajuato,guanajuato-universidad gto sede belen-air-quality.csv
2022/9/2,43, ,Guanajuato,guanajuato-universidad gto sede belen-air-quality.csv
2022/9/3,32, ,Guanajuato,guanajuato-universidad gto sede belen-air-quality.csv
2022/9/4,23, ,Guanajuato,guanajuato-universidad gto sede belen-air-quality.csv
2022/9/5,22, ,Guanajuato,guanajuato-universidad gto sede belen-air-quality.csv
2022/9/6,21, ,Guanajuato,guanajuato-universidad gto sede belen-air-quality.csv
2022/9/7,25, ,Guanajuato,guanajuato-universidad gto sede belen-air-quality.csv
2022/9/8,27, ,Guanajuato,guanajuato-universidad gto sede belen-air-quality.csv
2022/9/9,21, ,Guanajuato,guanajuato-universidad gto sede belen-air-quality.csv
2022/9/10,32, ,Guanajuato,guanajuato-universidad gto sede belen-air-quality.csv
2022/9/11,34, ,Guanajuato,guanajuato-universidad gto sede belen-air-quality.csv
2022/9/13,30, ,Guanajuato,guanajuato-universidad gto sede belen-air-quality.csv
2022/9/14,31, ,Guanajuato,guanajuato-universidad gto sede belen-air-quality.csv
2022/9/15,38, ,Guanajuato,guanajuato-universidad gto sede belen-air-quality.csv
2022/9/16,24, ,Guanajuato,guanajuato-universidad gto sede belen-air-quality.csv
2022/9/17,17, ,Guanajuato,guanajuato-universidad gto sede belen-air-quality.csv
2022/9/18,21, ,Guanajuato,guanajuato-universidad gto sede belen-air-quality.csv
2022/9/19,23, ,Guanajuato,guanajuato-universidad gto sede belen-air-quality.csv
2022/9/20,16, ,Guanajuato,guanajuato-universidad gto sede belen-air-quality.csv
2022/9/21,21, ,Guanajuato,guanajuato-universidad gto sede belen-air-quality.csv
2022/9/22,17, ,Guanajuato,guanajuato-universidad gto sede belen-air-quality.csv
2022/9/23,28, ,Guanajuato,guanajuato-universidad gto sede belen-air-quality.csv
2022/9/24,16, ,Guanajuato,guanajuato-universidad gto sede belen-air-quality.csv
2022/9/25,33, ,Guanajuato,guanajuato-universidad gto sede belen-air-quality.csv
2022/9/26,26, ,Guanajuato,guanajuato-universidad gto sede belen-air-quality.csv
2022/9/27,31, ,Guanajuato,guanajuato-universidad gto sede belen-air-quality.csv
2022/9/28,24, ,Guanajuato,guanajuato-universidad gto sede belen-air-quality.csv
2022/9/29,22, ,Guanajuato,guanajuato-universidad gto sede belen-air-quality.csv
2022/9/30,23, ,Guanajuato,guanajuato-universidad gto sede belen-air-quality.csv
2022/10/1,26, ,Guanajuato,guanajuato-universidad gto sede belen-air-quality.csv
2022/4/2,67, ,Guanajuato,guanajuato-universidad gto sede belen-air-quality.csv
2022/4/3,55, ,Guanajuato,guanajuato-universidad gto sede belen-air-quality.csv
2022/4/4,49, ,Guanajuato,guanajuato-universidad gto sede belen-air-quality.csv
2022/4/5,57, ,Guanajuato,guanajuato-universidad gto sede belen-air-quality.csv
2022/4/6,61, ,Guanajuato,guanajuato-universidad gto sede belen-air-quality.csv
2022/4/7,62, ,Guanajuato,guanajuato-universidad gto sede belen-air-quality.csv
2022/4/8,79, ,Guanajuato,guanajuato-universidad gto sede belen-air-quality.csv
2022/4/9,69, ,Guanajuato,guanajuato-universidad gto sede belen-air-quality.csv
2022/4/10,61, ,Guanajuato,guanajuato-universidad gto sede belen-air-quality.csv
2022/4/11,68, ,Guanajuato,guanajuato-universidad gto sede belen-air-quality.csv
2022/4/12,55, ,Guanajuato,guanajuato-universidad gto sede belen-air-quality.csv
2022/4/13,51, ,Guanajuato,guanajuato-universidad gto sede belen-air-quality.csv
2022/4/14,36, ,Guanajuato,guanajuato-universidad gto sede belen-air-quality.csv
2022/4/15,57, ,Guanajuato,guanajuato-universidad gto sede belen-air-quality.csv
2022/4/16,54, ,Guanajuato,guanajuato-universidad gto sede belen-air-quality.csv
2022/4/17,48, ,Guanajuato,guanajuato-universidad gto sede belen-air-quality.csv
2022/4/18,49, ,Guanajuato,guanajuato-universidad gto sede belen-air-quality.csv
2022/4/19,75, ,Guanajuato,guanajuato-universidad gto sede belen-air-quality.csv
2022/4/20,59, ,Guanajuato,guanajuato-universidad gto sede belen-air-quality.csv
2022/4/21,65, ,Guanajuato,guanajuato-universidad gto sede belen-air-quality.csv
2022/4/22,71, ,Guanajuato,guanajuato-universidad gto sede belen-air-quality.csv
2022/4/23,50, ,Guanajuato,guanajuato-universidad gto sede belen-air-quality.csv
2022/4/24,60, ,Guanajuato,guanajuato-universidad gto sede belen-air-quality.csv
2022/4/25,55, ,Guanajuato,guanajuato-universidad gto sede belen-air-quality.csv
2022/4/26,61, ,Guanajuato,guanajuato-universidad gto sede belen-air-quality.csv
2022/4/27,57, ,Guanajuato,guanajuato-universidad gto sede belen-air-quality.csv
2022/4/28,29, ,Guanajuato,guanajuato-universidad gto sede belen-air-quality.csv
2022/4/29,44, ,Guanajuato,guanajuato-universidad gto sede belen-air-quality.csv
2022/4/30,57, ,Guanajuato,guanajuato-universidad gto sede belen-air-quality.csv
2022/5/1,64, ,Guanajuato,guanajuato-universidad gto sede belen-air-quality.csv
2022/5/2,85, ,Guanajuato,guanajuato-universidad gto sede belen-air-quality.csv
2022/5/3,77, ,Guanajuato,guanajuato-universidad gto sede belen-air-quality.csv
2022/5/4,75, ,Guanajuato,guanajuato-universidad gto sede belen-air-quality.csv
2022/5/5,72, ,Guanajuato,guanajuato-universidad gto sede belen-air-quality.csv
2022/5/7,61, ,Guanajuato,guanajuato-universidad gto sede belen-air-quality.csv
2022/5/8,84, ,Guanajuato,guanajuato-universidad gto sede belen-air-quality.csv
2022/5/9,77, ,Guanajuato,guanajuato-universidad gto sede belen-air-quality.csv
2022/5/10,76, ,Guanajuato,guanajuato-universidad gto sede belen-air-quality.csv
2022/5/14,26, ,Guanajuato,guanajuato-universidad gto sede belen-air-quality.csv
2022/5/15,53, ,Guanajuato,guanajuato-universidad gto sede belen-air-quality.csv
2022/5/16,56, ,Guanajuato,guanajuato-universidad gto sede belen-air-quality.csv
2022/5/17,41, ,Guanajuato,guanajuato-universidad gto sede belen-air-quality.csv
2022/5/18,75, ,Guanajuato,guanajuato-universidad gto sede belen-air-quality.csv
2022/5/19,58, ,Guanajuato,guanajuato-universidad gto sede belen-air-quality.csv
2022/5/20,57, ,Guanajuato,guanajuato-universidad gto sede belen-air-quality.csv
2022/5/21,76, ,Guanajuato,guanajuato-universidad gto sede belen-air-quality.csv
2022/5/25,78, ,Guanajuato,guanajuato-universidad gto sede belen-air-quality.csv
2022/5/26,72, ,Guanajuato,guanajuato-universidad gto sede belen-air-quality.csv
2022/5/27,117, ,Guanajuato,guanajuato-universidad gto sede belen-air-quality.csv
2022/5/28,86, ,Guanajuato,guanajuato-universidad gto sede belen-air-quality.csv
2022/5/29,84, ,Guanajuato,guanajuato-universidad gto sede belen-air-quality.csv
2022/6/2,80, ,Guanajuato,guanajuato-universidad gto sede belen-air-quality.csv
2022/6/3,47, ,Guanajuato,guanajuato-universidad gto sede belen-air-quality.csv
2022/6/4,58, ,Guanajuato,guanajuato-universidad gto sede belen-air-quality.csv
2022/6/5,45, ,Guanajuato,guanajuato-universidad gto sede belen-air-quality.csv
2022/6/6,58, ,Guanajuato,guanajuato-universidad gto sede belen-air-quality.csv
2022/6/7,54, ,Guanajuato,guanajuato-universidad gto sede belen-air-quality.csv
2022/6/8,38, ,Guanajuato,guanajuato-universidad gto sede belen-air-quality.csv
2022/6/9,53, ,Guanajuato,guanajuato-universidad gto sede belen-air-quality.csv
2022/6/10,60, ,Guanajuato,guanajuato-universidad gto sede belen-air-quality.csv
2022/6/11,38, ,Guanajuato,guanajuato-universidad gto sede belen-air-quality.csv
2022/6/12,44, ,Guanajuato,guanajuato-universidad gto sede belen-air-quality.csv
2022/6/13,54, ,Guanajuato,guanajuato-universidad gto sede belen-air-quality.csv
2022/6/14,65, ,Guanajuato,guanajuato-universidad gto sede belen-air-quality.csv
2022/6/15,59, ,Guanajuato,guanajuato-universidad gto sede belen-air-quality.csv
2022/6/16,27, ,Guanajuato,guanajuato-universidad gto sede belen-air-quality.csv
2022/6/17,52, ,Guanajuato,guanajuato-universidad gto sede belen-air-quality.csv
2022/6/18,46, ,Guanajuato,guanajuato-universidad gto sede belen-air-quality.csv
2022/6/19,45, ,Guanajuato,guanajuato-universidad gto sede belen-air-quality.csv
2022/6/22,38, ,Guanajuato,guanajuato-universidad gto sede belen-air-quality.csv
2022/6/23,23, ,Guanajuato,guanajuato-universidad gto sede belen-air-quality.csv
2022/6/24,45, ,Guanajuato,guanajuato-universidad gto sede belen-air-quality.csv
2022/6/25,62, ,Guanajuato,guanajuato-universidad gto sede belen-air-quality.csv
2022/6/26,54, ,Guanajuato,guanajuato-universidad gto sede belen-air-quality.csv
2022/6/27,40, ,Guanajuato,guanajuato-universidad gto sede belen-air-quality.csv
2022/6/28,51, ,Guanajuato,guanajuato-universidad gto sede belen-air-quality.csv
2022/6/29,27, ,Guanajuato,guanajuato-universidad gto sede belen-air-quality.csv
2022/6/30,40, ,Guanajuato,guanajuato-universidad gto sede belen-air-quality.csv
2022/7/1,43, ,Guanajuato,guanajuato-universidad gto sede belen-air-quality.csv
2022/1/4,61, ,Guanajuato,guanajuato-universidad gto sede belen-air-quality.csv
2022/1/5,70, ,Guanajuato,guanajuato-universidad gto sede belen-air-quality.csv
2022/1/6,62, ,Guanajuato,guanajuato-universidad gto sede belen-air-quality.csv
2022/1/7,50, ,Guanajuato,guanajuato-universidad gto sede belen-air-quality.csv
2022/1/8,54, ,Guanajuato,guanajuato-universidad gto sede belen-air-quality.csv
2022/1/11,47, ,Guanajuato,guanajuato-universidad gto sede belen-air-quality.csv
2022/1/12,33, ,Guanajuato,guanajuato-universidad gto sede belen-air-quality.csv
2022/1/13,46, ,Guanajuato,guanajuato-universidad gto sede belen-air-quality.csv
2022/1/14,39, ,Guanajuato,guanajuato-universidad gto sede belen-air-quality.csv
2022/1/15,46, ,Guanajuato,guanajuato-universidad gto sede belen-air-quality.csv
2022/1/16,56, ,Guanajuato,guanajuato-universidad gto sede belen-air-quality.csv
2022/1/17,53, ,Guanajuato,guanajuato-universidad gto sede belen-air-quality.csv
2022/1/18,54, ,Guanajuato,guanajuato-universidad gto sede belen-air-quality.csv
2022/1/19,58, ,Guanajuato,guanajuato-universidad gto sede belen-air-quality.csv
2022/1/20,46, ,Guanajuato,guanajuato-universidad gto sede belen-air-quality.csv
2022/1/21,50, ,Guanajuato,guanajuato-universidad gto sede belen-air-quality.csv
2022/1/22,50, ,Guanajuato,guanajuato-universidad gto sede belen-air-quality.csv
2022/1/23,60, ,Guanajuato,guanajuato-universidad gto sede belen-air-quality.csv
2022/1/24,60, ,Guanajuato,guanajuato-universidad gto sede belen-air-quality.csv
2022/1/25,62, ,Guanajuato,guanajuato-universidad gto sede belen-air-quality.csv
2022/1/26,56, ,Guanajuato,guanajuato-universidad gto sede belen-air-quality.csv
2022/1/27,50, ,Guanajuato,guanajuato-universidad gto sede belen-air-quality.csv
2022/1/28,44, ,Guanajuato,guanajuato-universidad gto sede belen-air-quality.csv
2022/1/29,44, ,Guanajuato,guanajuato-universidad gto sede belen-air-quality.csv
2022/1/30,42, ,Guanajuato,guanajuato-universidad gto sede belen-air-quality.csv
2022/2/2,37, ,Guanajuato,guanajuato-universidad gto sede belen-air-quality.csv
2022/2/3,43, ,Guanajuato,guanajuato-universidad gto sede belen-air-quality.csv
2022/2/4,53, ,Guanajuato,guanajuato-universidad gto sede belen-air-quality.csv
2022/2/5,46, ,Guanajuato,guanajuato-universidad gto sede belen-air-quality.csv
2022/2/6,50, ,Guanajuato,guanajuato-universidad gto sede belen-air-quality.csv
2022/2/7,54, ,Guanajuato,guanajuato-universidad gto sede belen-air-quality.csv
2022/2/8,40, ,Guanajuato,guanajuato-universidad gto sede belen-air-quality.csv
2022/2/9,55, ,Guanajuato,guanajuato-universidad gto sede belen-air-quality.csv
2022/2/10,54, ,Guanajuato,guanajuato-universidad gto sede belen-air-quality.csv
2022/2/11,56, ,Guanajuato,guanajuato-universidad gto sede belen-air-quality.csv
2022/2/12,58, ,Guanajuato,guanajuato-universidad gto sede belen-air-quality.csv
2022/2/13,55, ,Guanajuato,guanajuato-universidad gto sede belen-air-quality.csv
2022/2/14,50, ,Guanajuato,guanajuato-universidad gto sede belen-air-quality.csv
2022/2/15,46, ,Guanajuato,guanajuato-universidad gto sede belen-air-quality.csv
2022/2/16,50, ,Guanajuato,guanajuato-universidad gto sede belen-air-quality.csv
2022/2/17,50, ,Guanajuato,guanajuato-universidad gto sede belen-air-quality.csv
2022/2/18,46, ,Guanajuato,guanajuato-universidad gto sede belen-air-quality.csv
2022/2/19,46, ,Guanajuato,guanajuato-universidad gto sede belen-air-quality.csv
2022/2/20,59, ,Guanajuato,guanajuato-universidad gto sede belen-air-quality.csv
2022/2/21,58, ,Guanajuato,guanajuato-universidad gto sede belen-air-quality.csv
2022/2/22,61, ,Guanajuato,guanajuato-universidad gto sede belen-air-quality.csv
2022/2/23,58, ,Guanajuato,guanajuato-universidad gto sede belen-air-quality.csv
2022/2/24,61, ,Guanajuato,guanajuato-universidad gto sede belen-air-quality.csv
2022/2/25,62, ,Guanajuato,guanajuato-universidad gto sede belen-air-quality.csv
2022/2/26,67, ,Guanajuato,guanajuato-universidad gto sede belen-air-quality.csv
2022/2/27,60, ,Guanajuato,guanajuato-universidad gto sede belen-air-quality.csv
2022/2/28,52, ,Guanajuato,guanajuato-universidad gto sede belen-air-quality.csv
2022/3/1,41, ,Guanajuato,guanajuato-universidad gto sede belen-air-quality.csv
2022/3/2,47, ,Guanajuato,guanajuato-universidad gto sede belen-air-quality.csv
2022/3/3,42, ,Guanajuato,guanajuato-universidad gto sede belen-air-quality.csv
2022/3/7,48, ,Guanajuato,guanajuato-universidad gto sede belen-air-quality.csv
2022/3/8,53, ,Guanajuato,guanajuato-universidad gto sede belen-air-quality.csv
2022/3/9,53, ,Guanajuato,guanajuato-universidad gto sede belen-air-quality.csv
2022/3/10,43, ,Guanajuato,guanajuato-universidad gto sede belen-air-quality.csv
2022/3/11,46, ,Guanajuato,guanajuato-universidad gto sede belen-air-quality.csv
2022/3/12,43, ,Guanajuato,guanajuato-universidad gto sede belen-air-quality.csv
2022/3/13,52, ,Guanajuato,guanajuato-universidad gto sede belen-air-quality.csv
2022/3/14,59, ,Guanajuato,guanajuato-universidad gto sede belen-air-quality.csv
2022/3/15,50, ,Guanajuato,guanajuato-universidad gto sede belen-air-quality.csv
2022/3/16,61, ,Guanajuato,guanajuato-universidad gto sede belen-air-quality.csv
2022/3/29,63, ,Guanajuato,guanajuato-universidad gto sede belen-air-quality.csv
2022/3/30,65, ,Guanajuato,guanajuato-universidad gto sede belen-air-quality.csv
2022/3/31,46, ,Guanajuato,guanajuato-universidad gto sede belen-air-quality.csv
2022/4/1,52, ,Guanajuato,guanajuato-universidad gto sede belen-air-quality.csv
2021/10/2,30, ,Guanajuato,guanajuato-universidad gto sede belen-air-quality.csv
2021/10/5,19, ,Guanajuato,guanajuato-universidad gto sede belen-air-quality.csv
2021/10/6,17, ,Guanajuato,guanajuato-universidad gto sede belen-air-quality.csv
2021/10/13,50, ,Guanajuato,guanajuato-universidad gto sede belen-air-quality.csv
2021/10/14,40, ,Guanajuato,guanajuato-universidad gto sede belen-air-quality.csv
2021/10/15,28, ,Guanajuato,guanajuato-universidad gto sede belen-air-quality.csv
2021/10/16,49, ,Guanajuato,guanajuato-universidad gto sede belen-air-quality.csv
2021/10/17,30, ,Guanajuato,guanajuato-universidad gto sede belen-air-quality.csv
2021/10/18,23, ,Guanajuato,guanajuato-universidad gto sede belen-air-quality.csv
2021/10/19,28, ,Guanajuato,guanajuato-universidad gto sede belen-air-quality.csv
2021/10/20,26, ,Guanajuato,guanajuato-universidad gto sede belen-air-quality.csv
2021/10/21,24, ,Guanajuato,guanajuato-universidad gto sede belen-air-quality.csv
2021/10/27,34, ,Guanajuato,guanajuato-universidad gto sede belen-air-quality.csv
2021/10/28,44, ,Guanajuato,guanajuato-universidad gto sede belen-air-quality.csv
2021/10/29,35, ,Guanajuato,guanajuato-universidad gto sede belen-air-quality.csv
2021/10/30,49, ,Guanajuato,guanajuato-universidad gto sede belen-air-quality.csv
2021/10/31,53, ,Guanajuato,guanajuato-universidad gto sede belen-air-quality.csv
2021/11/1,51, ,Guanajuato,guanajuato-universidad gto sede belen-air-quality.csv
2021/11/2,44, ,Guanajuato,guanajuato-universidad gto sede belen-air-quality.csv
2021/11/3,31, ,Guanajuato,guanajuato-universidad gto sede belen-air-quality.csv
2021/11/4,33, ,Guanajuato,guanajuato-universidad gto sede belen-air-quality.csv
2021/11/5,39, ,Guanajuato,guanajuato-universidad gto sede belen-air-quality.csv
2021/11/6,39, ,Guanajuato,guanajuato-universidad gto sede belen-air-quality.csv
2021/11/7,30, ,Guanajuato,guanajuato-universidad gto sede belen-air-quality.csv
2021/11/8,22, ,Guanajuato,guanajuato-universidad gto sede belen-air-quality.csv
2021/11/17,60, ,Guanajuato,guanajuato-universidad gto sede belen-air-quality.csv
2021/11/18,51, ,Guanajuato,guanajuato-universidad gto sede belen-air-quality.csv
2021/11/19,55, ,Guanajuato,guanajuato-universidad gto sede belen-air-quality.csv
2021/11/20,34, ,Guanajuato,guanajuato-universidad gto sede belen-air-quality.csv
2021/11/21,29, ,Guanajuato,guanajuato-universidad gto sede belen-air-quality.csv
2021/11/22,38, ,Guanajuato,guanajuato-universidad gto sede belen-air-quality.csv
2021/11/23,37, ,Guanajuato,guanajuato-universidad gto sede belen-air-quality.csv
2021/11/24,39, ,Guanajuato,guanajuato-universidad gto sede belen-air-quality.csv
2021/11/25,50, ,Guanajuato,guanajuato-universidad gto sede belen-air-quality.csv
2021/11/26,40, ,Guanajuato,guanajuato-universidad gto sede belen-air-quality.csv
2021/11/27,53, ,Guanajuato,guanajuato-universidad gto sede belen-air-quality.csv
2021/11/28,56, ,Guanajuato,guanajuato-universidad gto sede belen-air-quality.csv
2021/11/29,59, ,Guanajuato,guanajuato-universidad gto sede belen-air-quality.csv
2021/11/30,47, ,Guanajuato,guanajuato-universidad gto sede belen-air-quality.csv
2021/12/1,61, ,Guanajuato,guanajuato-universidad gto sede belen-air-quality.csv
2021/12/2,42, ,Guanajuato,guanajuato-universidad gto sede belen-air-quality.csv
2021/12/3,27, ,Guanajuato,guanajuato-universidad gto sede belen-air-quality.csv
2021/12/4,28, ,Guanajuato,guanajuato-universidad gto sede belen-air-quality.csv
2021/12/5,29, ,Guanajuato,guanajuato-universidad gto sede belen-air-quality.csv
2021/12/6,36, ,Guanajuato,guanajuato-universidad gto sede belen-air-quality.csv
2021/12/7,67, ,Guanajuato,guanajuato-universidad gto sede belen-air-quality.csv
2021/12/8,70, ,Guanajuato,guanajuato-universidad gto sede belen-air-quality.csv
2021/12/9,51, ,Guanajuato,guanajuato-universidad gto sede belen-air-quality.csv
2021/12/10,42, ,Guanajuato,guanajuato-universidad gto sede belen-air-quality.csv
2021/12/11,38, ,Guanajuato,guanajuato-universidad gto sede belen-air-quality.csv
2021/12/12,41, ,Guanajuato,guanajuato-universidad gto sede belen-air-quality.csv
2021/12/13,60, ,Guanajuato,guanajuato-universidad gto sede belen-air-quality.csv
2021/12/14,43, ,Guanajuato,guanajuato-universidad gto sede belen-air-quality.csv
2021/12/15,25, ,Guanajuato,guanajuato-universidad gto sede belen-air-quality.csv
2021/12/16,41, ,Guanajuato,guanajuato-universidad gto sede belen-air-quality.csv
2021/12/17,71, ,Guanajuato,guanajuato-universidad gto sede belen-air-quality.csv
2021/12/18,64, ,Guanajuato,guanajuato-universidad gto sede belen-air-quality.csv
2021/12/19,66, ,Guanajuato,guanajuato-universidad gto sede belen-air-quality.csv
2021/12/20,60, ,Guanajuato,guanajuato-universidad gto sede belen-air-quality.csv
2021/12/21,44, ,Guanajuato,guanajuato-universidad gto sede belen-air-quality.csv
2021/12/22,51, ,Guanajuato,guanajuato-universidad gto sede belen-air-quality.csv
2021/12/23,59, ,Guanajuato,guanajuato-universidad gto sede belen-air-quality.csv
2021/12/24,70, ,Guanajuato,guanajuato-universidad gto sede belen-air-quality.csv
2021/12/25,66, ,Guanajuato,guanajuato-universidad gto sede belen-air-quality.csv
2021/12/26,59, ,Guanajuato,guanajuato-universidad gto sede belen-air-quality.csv
2021/12/27,39, ,Guanajuato,guanajuato-universidad gto sede belen-air-quality.csv
2021/12/28,51, ,Guanajuato,guanajuato-universidad gto sede belen-air-quality.csv
2021/12/29,69, ,Guanajuato,guanajuato-universidad gto sede belen-air-quality.csv
2021/12/30,70, ,Guanajuato,guanajuato-universidad gto sede belen-air-quality.csv
2021/12/31,64, ,Guanajuato,guanajuato-universidad gto sede belen-air-quality.csv
2022/1/1,64, ,Guanajuato,guanajuato-universidad gto sede belen-air-quality.csv
2022/1/2,74, ,Guanajuato,guanajuato-universidad gto sede belen-air-quality.csv
2022/1/3,41, ,Guanajuato,guanajuato-universidad gto sede belen-air-quality.csv
2021/7/2,19, ,Guanajuato,guanajuato-universidad gto sede belen-air-quality.csv
2021/7/3,19, ,Guanajuato,guanajuato-universidad gto sede belen-air-quality.csv
2021/7/4,35, ,Guanajuato,guanajuato-universidad gto sede belen-air-quality.csv
2021/7/5,37, ,Guanajuato,guanajuato-universidad gto sede belen-air-quality.csv
2021/7/6,32, ,Guanajuato,guanajuato-universidad gto sede belen-air-quality.csv
2021/7/7,35, ,Guanajuato,guanajuato-universidad gto sede belen-air-quality.csv
2021/7/8,32, ,Guanajuato,guanajuato-universidad gto sede belen-air-quality.csv
2021/7/9,30, ,Guanajuato,guanajuato-universidad gto sede belen-air-quality.csv
2021/7/10,25, ,Guanajuato,guanajuato-universidad gto sede belen-air-quality.csv
2021/7/12,43, ,Guanajuato,guanajuato-universidad gto sede belen-air-quality.csv
2021/7/13,55, ,Guanajuato,guanajuato-universidad gto sede belen-air-quality.csv
2021/7/14,48, ,Guanajuato,guanajuato-universidad gto sede belen-air-quality.csv
2021/7/15,46, ,Guanajuato,guanajuato-universidad gto sede belen-air-quality.csv
2021/7/16,35, ,Guanajuato,guanajuato-universidad gto sede belen-air-quality.csv
2021/7/22,51, ,Guanajuato,guanajuato-universidad gto sede belen-air-quality.csv
2021/7/23,43, ,Guanajuato,guanajuato-universidad gto sede belen-air-quality.csv
2021/7/24,53, ,Guanajuato,guanajuato-universidad gto sede belen-air-quality.csv
2021/7/25,66, ,Guanajuato,guanajuato-universidad gto sede belen-air-quality.csv
2021/7/26,58, ,Guanajuato,guanajuato-universidad gto sede belen-air-quality.csv
2021/7/27,46, ,Guanajuato,guanajuato-universidad gto sede belen-air-quality.csv
2021/7/28,34, ,Guanajuato,guanajuato-universidad gto sede belen-air-quality.csv
2021/8/2,43, ,Guanajuato,guanajuato-universidad gto sede belen-air-quality.csv
2021/8/3,41, ,Guanajuato,guanajuato-universidad gto sede belen-air-quality.csv
2021/8/4,47, ,Guanajuato,guanajuato-universidad gto sede belen-air-quality.csv
2021/8/5,49, ,Guanajuato,guanajuato-universidad gto sede belen-air-quality.csv
2021/8/6,46, ,Guanajuato,guanajuato-universidad gto sede belen-air-quality.csv
2021/8/7,30, ,Guanajuato,guanajuato-universidad gto sede belen-air-quality.csv
2021/8/8,48, ,Guanajuato,guanajuato-universidad gto sede belen-air-quality.csv
2021/8/9,33, ,Guanajuato,guanajuato-universidad gto sede belen-air-quality.csv
2021/8/10,37, ,Guanajuato,guanajuato-universidad gto sede belen-air-quality.csv
2021/8/13,42, ,Guanajuato,guanajuato-universidad gto sede belen-air-quality.csv
2021/8/14,41, ,Guanajuato,guanajuato-universidad gto sede belen-air-quality.csv
2021/8/16,28, ,Guanajuato,guanajuato-universidad gto sede belen-air-quality.csv
2021/8/17,25, ,Guanajuato,guanajuato-universidad gto sede belen-air-quality.csv
2021/8/18,38, ,Guanajuato,guanajuato-universidad gto sede belen-air-quality.csv
2021/8/19,46, ,Guanajuato,guanajuato-universidad gto sede belen-air-quality.csv
2021/8/20,48, ,Guanajuato,guanajuato-universidad gto sede belen-air-quality.csv
2021/8/21,40, ,Guanajuato,guanajuato-universidad gto sede belen-air-quality.csv
2021/8/22,23, ,Guanajuato,guanajuato-universidad gto sede belen-air-quality.csv
2021/8/23,21, ,Guanajuato,guanajuato-universidad gto sede belen-air-quality.csv
2021/8/24,34, ,Guanajuato,guanajuato-universidad gto sede belen-air-quality.csv
2021/8/25,38, ,Guanajuato,guanajuato-universidad gto sede belen-air-quality.csv
2021/8/26,31, ,Guanajuato,guanajuato-universidad gto sede belen-air-quality.csv
2021/8/27,49, ,Guanajuato,guanajuato-universidad gto sede belen-air-quality.csv
2021/8/28,59, ,Guanajuato,guanajuato-universidad gto sede belen-air-quality.csv
2021/8/29,44, ,Guanajuato,guanajuato-universidad gto sede belen-air-quality.csv
2021/8/30,20, ,Guanajuato,guanajuato-universidad gto sede belen-air-quality.csv
2021/8/31,26, ,Guanajuato,guanajuato-universidad gto sede belen-air-quality.csv
2021/9/1,36, ,Guanajuato,guanajuato-universidad gto sede belen-air-quality.csv
2021/9/2,34, ,Guanajuato,guanajuato-universidad gto sede belen-air-quality.csv
2021/9/3,39, ,Guanajuato,guanajuato-universidad gto sede belen-air-quality.csv
2021/9/4,27, ,Guanajuato,guanajuato-universidad gto sede belen-air-quality.csv
2021/9/5,35, ,Guanajuato,guanajuato-universidad gto sede belen-air-quality.csv
2021/9/6,39, ,Guanajuato,guanajuato-universidad gto sede belen-air-quality.csv
2021/9/7,29, ,Guanajuato,guanajuato-universidad gto sede belen-air-quality.csv
2021/9/8,27, ,Guanajuato,guanajuato-universidad gto sede belen-air-quality.csv
2021/9/9,37, ,Guanajuato,guanajuato-universidad gto sede belen-air-quality.csv
2021/9/10,41, ,Guanajuato,guanajuato-universidad gto sede belen-air-quality.csv
2021/9/11,36, ,Guanajuato,guanajuato-universidad gto sede belen-air-quality.csv
2021/9/12,44, ,Guanajuato,guanajuato-universidad gto sede belen-air-quality.csv
2021/9/13,17, ,Guanajuato,guanajuato-universidad gto sede belen-air-quality.csv
2021/9/14,19, ,Guanajuato,guanajuato-universidad gto sede belen-air-quality.csv
2021/9/15,29, ,Guanajuato,guanajuato-universidad gto sede belen-air-quality.csv
2021/9/16,44, ,Guanajuato,guanajuato-universidad gto sede belen-air-quality.csv
2021/9/17,43, ,Guanajuato,guanajuato-universidad gto sede belen-air-quality.csv
2021/9/18,39, ,Guanajuato,guanajuato-universidad gto sede belen-air-quality.csv
2021/9/19,33, ,Guanajuato,guanajuato-universidad gto sede belen-air-quality.csv
2021/9/20,38, ,Guanajuato,guanajuato-universidad gto sede belen-air-quality.csv
2021/9/21,30, ,Guanajuato,guanajuato-universidad gto sede belen-air-quality.csv
2021/9/22,39, ,Guanajuato,guanajuato-universidad gto sede belen-air-quality.csv
2021/9/23,38, ,Guanajuato,guanajuato-universidad gto sede belen-air-quality.csv
2021/9/24,24, ,Guanajuato,guanajuato-universidad gto sede belen-air-quality.csv
2021/9/25,27, ,Guanajuato,guanajuato-universidad gto sede belen-air-quality.csv
2021/9/26,23, ,Guanajuato,guanajuato-universidad gto sede belen-air-quality.csv
2021/9/28,49, ,Guanajuato,guanajuato-universidad gto sede belen-air-quality.csv
2021/9/29,40, ,Guanajuato,guanajuato-universidad gto sede belen-air-quality.csv
2021/9/30,39, ,Guanajuato,guanajuato-universidad gto sede belen-air-quality.csv
2021/10/1,27, ,Guanajuato,guanajuato-universidad gto sede belen-air-quality.csv
2021/4/2,46, ,Guanajuato,guanajuato-universidad gto sede belen-air-quality.csv
2021/4/3,23, ,Guanajuato,guanajuato-universidad gto sede belen-air-quality.csv
2021/4/4,62, ,Guanajuato,guanajuato-universidad gto sede belen-air-quality.csv
2021/4/5,31, ,Guanajuato,guanajuato-universidad gto sede belen-air-quality.csv
2021/4/8,49, ,Guanajuato,guanajuato-universidad gto sede belen-air-quality.csv
2021/4/9,65, ,Guanajuato,guanajuato-universidad gto sede belen-air-quality.csv
2021/4/11,66, ,Guanajuato,guanajuato-universidad gto sede belen-air-quality.csv
2021/4/12,57, ,Guanajuato,guanajuato-universidad gto sede belen-air-quality.csv
2021/4/13,67, ,Guanajuato,guanajuato-universidad gto sede belen-air-quality.csv
2021/4/14,65, ,Guanajuato,guanajuato-universidad gto sede belen-air-quality.csv
2021/4/15,69, ,Guanajuato,guanajuato-universidad gto sede belen-air-quality.csv
2021/4/16,75, ,Guanajuato,guanajuato-universidad gto sede belen-air-quality.csv
2021/4/17,68, ,Guanajuato,guanajuato-universidad gto sede belen-air-quality.csv
2021/4/18,75, ,Guanajuato,guanajuato-universidad gto sede belen-air-quality.csv
2021/4/19,77, ,Guanajuato,guanajuato-universidad gto sede belen-air-quality.csv
2021/4/20,60, ,Guanajuato,guanajuato-universidad gto sede belen-air-quality.csv
2021/4/21,50, ,Guanajuato,guanajuato-universidad gto sede belen-air-quality.csv
2021/4/22,69, ,Guanajuato,guanajuato-universidad gto sede belen-air-quality.csv
2021/4/23,71, ,Guanajuato,guanajuato-universidad gto sede belen-air-quality.csv
2021/4/24,71, ,Guanajuato,guanajuato-universidad gto sede belen-air-quality.csv
2021/4/25,80, ,Guanajuato,guanajuato-universidad gto sede belen-air-quality.csv
2021/4/26,85, ,Guanajuato,guanajuato-universidad gto sede belen-air-quality.csv
2021/4/27,84, ,Guanajuato,guanajuato-universidad gto sede belen-air-quality.csv
2021/4/28,77, ,Guanajuato,guanajuato-universidad gto sede belen-air-quality.csv
2021/4/29,75, ,Guanajuato,guanajuato-universidad gto sede belen-air-quality.csv
2021/4/30,81, ,Guanajuato,guanajuato-universidad gto sede belen-air-quality.csv
2021/5/1,74, ,Guanajuato,guanajuato-universidad gto sede belen-air-quality.csv
2021/5/2,68, ,Guanajuato,guanajuato-universidad gto sede belen-air-quality.csv
2021/5/3,39, ,Guanajuato,guanajuato-universidad gto sede belen-air-quality.csv
2021/5/4,65, ,Guanajuato,guanajuato-universidad gto sede belen-air-quality.csv
2021/5/5,68, ,Guanajuato,guanajuato-universidad gto sede belen-air-quality.csv
2021/5/12,63, ,Guanajuato,guanajuato-universidad gto sede belen-air-quality.csv
2021/5/13,53, ,Guanajuato,guanajuato-universidad gto sede belen-air-quality.csv
2021/5/14,24, ,Guanajuato,guanajuato-universidad gto sede belen-air-quality.csv
2021/5/15,22, ,Guanajuato,guanajuato-universidad gto sede belen-air-quality.csv
2021/5/16,37, ,Guanajuato,guanajuato-universidad gto sede belen-air-quality.csv
2021/5/17,49, ,Guanajuato,guanajuato-universidad gto sede belen-air-quality.csv
2021/5/18,61, ,Guanajuato,guanajuato-universidad gto sede belen-air-quality.csv
2021/5/19,59, ,Guanajuato,guanajuato-universidad gto sede belen-air-quality.csv
2021/5/20,62, ,Guanajuato,guanajuato-universidad gto sede belen-air-quality.csv
2021/5/21,65, ,Guanajuato,guanajuato-universidad gto sede belen-air-quality.csv
2021/5/22,52, ,Guanajuato,guanajuato-universidad gto sede belen-air-quality.csv
2021/5/23,57, ,Guanajuato,guanajuato-universidad gto sede belen-air-quality.csv
2021/5/24,62, ,Guanajuato,guanajuato-universidad gto sede belen-air-quality.csv
2021/5/25,43, ,Guanajuato,guanajuato-universidad gto sede belen-air-quality.csv
2021/5/26,43, ,Guanajuato,guanajuato-universidad gto sede belen-air-quality.csv
2021/5/27,49, ,Guanajuato,guanajuato-universidad gto sede belen-air-quality.csv
2021/5/28,53, ,Guanajuato,guanajuato-universidad gto sede belen-air-quality.csv
2021/5/29,59, ,Guanajuato,guanajuato-universidad gto sede belen-air-quality.csv
2021/5/30,72, ,Guanajuato,guanajuato-universidad gto sede belen-air-quality.csv
2021/5/31,66, ,Guanajuato,guanajuato-universidad gto sede belen-air-quality.csv
2021/6/1,69, ,Guanajuato,guanajuato-universidad gto sede belen-air-quality.csv
2021/6/2,59, ,Guanajuato,guanajuato-universidad gto sede belen-air-quality.csv
2021/6/3,38, ,Guanajuato,guanajuato-universidad gto sede belen-air-quality.csv
2021/6/4,38, ,Guanajuato,guanajuato-universidad gto sede belen-air-quality.csv
2021/6/5,38, ,Guanajuato,guanajuato-universidad gto sede belen-air-quality.csv
2021/6/6,50, ,Guanajuato,guanajuato-universidad gto sede belen-air-quality.csv
2021/6/7,41, ,Guanajuato,guanajuato-universidad gto sede belen-air-quality.csv
2021/6/8,48, ,Guanajuato,guanajuato-universidad gto sede belen-air-quality.csv
2021/6/9,47, ,Guanajuato,guanajuato-universidad gto sede belen-air-quality.csv
2021/6/10,64, ,Guanajuato,guanajuato-universidad gto sede belen-air-quality.csv
2021/6/11,44, ,Guanajuato,guanajuato-universidad gto sede belen-air-quality.csv
2021/6/12,33, ,Guanajuato,guanajuato-universidad gto sede belen-air-quality.csv
2021/6/13,24, ,Guanajuato,guanajuato-universidad gto sede belen-air-quality.csv
2021/6/14,18, ,Guanajuato,guanajuato-universidad gto sede belen-air-quality.csv
2021/6/15,16, ,Guanajuato,guanajuato-universidad gto sede belen-air-quality.csv
2021/6/16,36, ,Guanajuato,guanajuato-universidad gto sede belen-air-quality.csv
2021/6/17,37, ,Guanajuato,guanajuato-universidad gto sede belen-air-quality.csv
2021/6/18,23, ,Guanajuato,guanajuato-universidad gto sede belen-air-quality.csv
2021/6/19,19, ,Guanajuato,guanajuato-universidad gto sede belen-air-quality.csv
2021/6/20,28, ,Guanajuato,guanajuato-universidad gto sede belen-air-quality.csv
2021/6/21,29, ,Guanajuato,guanajuato-universidad gto sede belen-air-quality.csv
2021/6/22,34, ,Guanajuato,guanajuato-universidad gto sede belen-air-quality.csv
2021/6/23,46, ,Guanajuato,guanajuato-universidad gto sede belen-air-quality.csv
2021/6/24,42, ,Guanajuato,guanajuato-universidad gto sede belen-air-quality.csv
2021/6/25,38, ,Guanajuato,guanajuato-universidad gto sede belen-air-quality.csv
2021/6/26,47, ,Guanajuato,guanajuato-universidad gto sede belen-air-quality.csv
2021/6/27,36, ,Guanajuato,guanajuato-universidad gto sede belen-air-quality.csv
2021/6/28,28, ,Guanajuato,guanajuato-universidad gto sede belen-air-quality.csv
2021/6/29,27, ,Guanajuato,guanajuato-universidad gto sede belen-air-quality.csv
2021/6/30,36, ,Guanajuato,guanajuato-universidad gto sede belen-air-quality.csv
2021/7/1,30, ,Guanajuato,guanajuato-universidad gto sede belen-air-quality.csv
2021/1/5,55, ,Guanajuato,guanajuato-universidad gto sede belen-air-quality.csv
2021/1/6,51, ,Guanajuato,guanajuato-universidad gto sede belen-air-quality.csv
2021/1/7,50, ,Guanajuato,guanajuato-universidad gto sede belen-air-quality.csv
2021/1/8,52, ,Guanajuato,guanajuato-universidad gto sede belen-air-quality.csv
2021/1/9,59, ,Guanajuato,guanajuato-universidad gto sede belen-air-quality.csv
2021/1/10,61, ,Guanajuato,guanajuato-universidad gto sede belen-air-quality.csv
2021/1/11,45, ,Guanajuato,guanajuato-universidad gto sede belen-air-quality.csv
2021/1/12,47, ,Guanajuato,guanajuato-universidad gto sede belen-air-quality.csv
2021/1/13,48, ,Guanajuato,guanajuato-universidad gto sede belen-air-quality.csv
2021/1/14,48, ,Guanajuato,guanajuato-universidad gto sede belen-air-quality.csv
2021/1/15,48, ,Guanajuato,guanajuato-universidad gto sede belen-air-quality.csv
2021/1/16,55, ,Guanajuato,guanajuato-universidad gto sede belen-air-quality.csv
2021/1/17,58, ,Guanajuato,guanajuato-universidad gto sede belen-air-quality.csv
2021/1/18,44, ,Guanajuato,guanajuato-universidad gto sede belen-air-quality.csv
2021/1/19,48, ,Guanajuato,guanajuato-universidad gto sede belen-air-quality.csv
2021/1/20,49, ,Guanajuato,guanajuato-universidad gto sede belen-air-quality.csv
2021/1/21,58, ,Guanajuato,guanajuato-universidad gto sede belen-air-quality.csv
2021/1/22,57, ,Guanajuato,guanajuato-universidad gto sede belen-air-quality.csv
2021/1/23,53, ,Guanajuato,guanajuato-universidad gto sede belen-air-quality.csv
2021/1/24,51, ,Guanajuato,guanajuato-universidad gto sede belen-air-quality.csv
2021/1/25,50, ,Guanajuato,guanajuato-universidad gto sede belen-air-quality.csv
2021/1/26,48, ,Guanajuato,guanajuato-universidad gto sede belen-air-quality.csv
2021/1/27,46, ,Guanajuato,guanajuato-universidad gto sede belen-air-quality.csv
2021/1/28,55, ,Guanajuato,guanajuato-universidad gto sede belen-air-quality.csv
2021/1/29,41, ,Guanajuato,guanajuato-universidad gto sede belen-air-quality.csv
2021/1/30,45, ,Guanajuato,guanajuato-universidad gto sede belen-air-quality.csv
2021/1/31,70, ,Guanajuato,guanajuato-universidad gto sede belen-air-quality.csv
2021/2/1,53, ,Guanajuato,guanajuato-universidad gto sede belen-air-quality.csv
2021/2/2,43, ,Guanajuato,guanajuato-universidad gto sede belen-air-quality.csv
2021/2/3,42, ,Guanajuato,guanajuato-universidad gto sede belen-air-quality.csv
2021/2/4,47, ,Guanajuato,guanajuato-universidad gto sede belen-air-quality.csv
2021/2/5,64, ,Guanajuato,guanajuato-universidad gto sede belen-air-quality.csv
2021/2/6,52, ,Guanajuato,guanajuato-universidad gto sede belen-air-quality.csv
2021/2/7,53, ,Guanajuato,guanajuato-universidad gto sede belen-air-quality.csv
2021/2/8,63, ,Guanajuato,guanajuato-universidad gto sede belen-air-quality.csv
2021/2/9,47, ,Guanajuato,guanajuato-universidad gto sede belen-air-quality.csv
2021/2/10,59, ,Guanajuato,guanajuato-universidad gto sede belen-air-quality.csv
2021/2/11,56, ,Guanajuato,guanajuato-universidad gto sede belen-air-quality.csv
2021/2/12,49, ,Guanajuato,guanajuato-universidad gto sede belen-air-quality.csv
2021/2/13,38, ,Guanajuato,guanajuato-universidad gto sede belen-air-quality.csv
2021/2/14,43, ,Guanajuato,guanajuato-universidad gto sede belen-air-quality.csv
2021/2/15,41, ,Guanajuato,guanajuato-universidad gto sede belen-air-quality.csv
2021/2/16,38, ,Guanajuato,guanajuato-universidad gto sede belen-air-quality.csv
2021/2/17,46, ,Guanajuato,guanajuato-universidad gto sede belen-air-quality.csv
2021/2/18,41, ,Guanajuato,guanajuato-universidad gto sede belen-air-quality.csv
2021/2/19,42, ,Guanajuato,guanajuato-universidad gto sede belen-air-quality.csv
2021/2/20,52, ,Guanajuato,guanajuato-universidad gto sede belen-air-quality.csv
2021/2/21,44, ,Guanajuato,guanajuato-universidad gto sede belen-air-quality.csv
2021/2/22,69, ,Guanajuato,guanajuato-universidad gto sede belen-air-quality.csv
2021/2/23,56, ,Guanajuato,guanajuato-universidad gto sede belen-air-quality.csv
2021/2/24,55, ,Guanajuato,guanajuato-universidad gto sede belen-air-quality.csv
2021/2/25,45, ,Guanajuato,guanajuato-universidad gto sede belen-air-quality.csv
2021/2/26,37, ,Guanajuato,guanajuato-universidad gto sede belen-air-quality.csv
2021/2/27,58, ,Guanajuato,guanajuato-universidad gto sede belen-air-quality.csv
2021/2/28,65, ,Guanajuato,guanajuato-universidad gto sede belen-air-quality.csv
2021/3/1,67, ,Guanajuato,guanajuato-universidad gto sede belen-air-quality.csv
2021/3/2,67, ,Guanajuato,guanajuato-universidad gto sede belen-air-quality.csv
2021/3/3,83, ,Guanajuato,guanajuato-universidad gto sede belen-air-quality.csv
2021/3/4,61, ,Guanajuato,guanajuato-universidad gto sede belen-air-quality.csv
2021/3/5,68, ,Guanajuato,guanajuato-universidad gto sede belen-air-quality.csv
2021/3/6,58, ,Guanajuato,guanajuato-universidad gto sede belen-air-quality.csv
2021/3/7,61, ,Guanajuato,guanajuato-universidad gto sede belen-air-quality.csv
2021/3/8,52, ,Guanajuato,guanajuato-universidad gto sede belen-air-quality.csv
2021/3/9,52, ,Guanajuato,guanajuato-universidad gto sede belen-air-quality.csv
2021/3/10,45, ,Guanajuato,guanajuato-universidad gto sede belen-air-quality.csv
2021/3/11,41, ,Guanajuato,guanajuato-universidad gto sede belen-air-quality.csv
2021/3/12,49, ,Guanajuato,guanajuato-universidad gto sede belen-air-quality.csv
2021/3/13,61, ,Guanajuato,guanajuato-universidad gto sede belen-air-quality.csv
2021/3/14,62, ,Guanajuato,guanajuato-universidad gto sede belen-air-quality.csv
2021/3/15,60, ,Guanajuato,guanajuato-universidad gto sede belen-air-quality.csv
2021/3/16,63, ,Guanajuato,guanajuato-universidad gto sede belen-air-quality.csv
2021/3/17,55, ,Guanajuato,guanajuato-universidad gto sede belen-air-quality.csv
2021/3/18,50, ,Guanajuato,guanajuato-universidad gto sede belen-air-quality.csv
2021/3/19,73, ,Guanajuato,guanajuato-universidad gto sede belen-air-quality.csv
2021/3/20,63, ,Guanajuato,guanajuato-universidad gto sede belen-air-quality.csv
2021/3/21,57, ,Guanajuato,guanajuato-universidad gto sede belen-air-quality.csv
2021/3/22,56, ,Guanajuato,guanajuato-universidad gto sede belen-air-quality.csv
2021/3/23,50, ,Guanajuato,guanajuato-universidad gto sede belen-air-quality.csv
2021/3/24,37, ,Guanajuato,guanajuato-universidad gto sede belen-air-quality.csv
2021/3/25,45, ,Guanajuato,guanajuato-universidad gto sede belen-air-quality.csv
2021/3/26,41, ,Guanajuato,guanajuato-universidad gto sede belen-air-quality.csv
2021/3/27,47, ,Guanajuato,guanajuato-universidad gto sede belen-air-quality.csv
2021/3/28,60, ,Guanajuato,guanajuato-universidad gto sede belen-air-quality.csv
2021/3/29,75, ,Guanajuato,guanajuato-universidad gto sede belen-air-quality.csv
2021/3/30,62, ,Guanajuato,guanajuato-universidad gto sede belen-air-quality.csv
2021/3/31,68, ,Guanajuato,guanajuato-universidad gto sede belen-air-quality.csv
2021/4/1,64, ,Guanajuato,guanajuato-universidad gto sede belen-air-quality.csv
2020/10/5,42, ,Guanajuato,guanajuato-universidad gto sede belen-air-quality.csv
2020/10/6,53, ,Guanajuato,guanajuato-universidad gto sede belen-air-quality.csv
2020/10/7,50, ,Guanajuato,guanajuato-universidad gto sede belen-air-quality.csv
2020/10/8,40, ,Guanajuato,guanajuato-universidad gto sede belen-air-quality.csv
2020/10/9,33, ,Guanajuato,guanajuato-universidad gto sede belen-air-quality.csv
2020/10/10,44, ,Guanajuato,guanajuato-universidad gto sede belen-air-quality.csv
2020/10/11,66, ,Guanajuato,guanajuato-universidad gto sede belen-air-quality.csv
2020/10/12,43, ,Guanajuato,guanajuato-universidad gto sede belen-air-quality.csv
2020/10/13,39, ,Guanajuato,guanajuato-universidad gto sede belen-air-quality.csv
2020/10/14,48, ,Guanajuato,guanajuato-universidad gto sede belen-air-quality.csv
2020/10/15,41, ,Guanajuato,guanajuato-universidad gto sede belen-air-quality.csv
2020/10/16,32, ,Guanajuato,guanajuato-universidad gto sede belen-air-quality.csv
2020/10/17,37, ,Guanajuato,guanajuato-universidad gto sede belen-air-quality.csv
2020/10/18,31, ,Guanajuato,guanajuato-universidad gto sede belen-air-quality.csv
2020/10/19,24, ,Guanajuato,guanajuato-universidad gto sede belen-air-quality.csv
2020/10/20,22, ,Guanajuato,guanajuato-universidad gto sede belen-air-quality.csv
2020/10/21,34, ,Guanajuato,guanajuato-universidad gto sede belen-air-quality.csv
2020/10/22,33, ,Guanajuato,guanajuato-universidad gto sede belen-air-quality.csv
2020/10/23,31, ,Guanajuato,guanajuato-universidad gto sede belen-air-quality.csv
2020/10/24,38, ,Guanajuato,guanajuato-universidad gto sede belen-air-quality.csv
2020/10/25,30, ,Guanajuato,guanajuato-universidad gto sede belen-air-quality.csv
2020/10/26,30, ,Guanajuato,guanajuato-universidad gto sede belen-air-quality.csv
2020/10/27,34, ,Guanajuato,guanajuato-universidad gto sede belen-air-quality.csv
2020/10/28,54, ,Guanajuato,guanajuato-universidad gto sede belen-air-quality.csv
2020/10/29,54, ,Guanajuato,guanajuato-universidad gto sede belen-air-quality.csv
2020/10/30,45, ,Guanajuato,guanajuato-universidad gto sede belen-air-quality.csv
2020/10/31,39, ,Guanajuato,guanajuato-universidad gto sede belen-air-quality.csv
2020/11/1,37, ,Guanajuato,guanajuato-universidad gto sede belen-air-quality.csv
2020/11/2,25, ,Guanajuato,guanajuato-universidad gto sede belen-air-quality.csv
2020/11/3,41, ,Guanajuato,guanajuato-universidad gto sede belen-air-quality.csv
2020/11/4,30, ,Guanajuato,guanajuato-universidad gto sede belen-air-quality.csv
2020/11/5,30, ,Guanajuato,guanajuato-universidad gto sede belen-air-quality.csv
2020/11/6,33, ,Guanajuato,guanajuato-universidad gto sede belen-air-quality.csv
2020/11/7,37, ,Guanajuato,guanajuato-universidad gto sede belen-air-quality.csv
2020/11/8,51, ,Guanajuato,guanajuato-universidad gto sede belen-air-quality.csv
2020/11/9,56, ,Guanajuato,guanajuato-universidad gto sede belen-air-quality.csv
2020/11/10,53, ,Guanajuato,guanajuato-universidad gto sede belen-air-quality.csv
2020/11/11,48, ,Guanajuato,guanajuato-universidad gto sede belen-air-quality.csv
2020/11/12,51, ,Guanajuato,guanajuato-universidad gto sede belen-air-quality.csv
2020/11/13,44, ,Guanajuato,guanajuato-universidad gto sede belen-air-quality.csv
2020/11/14,61, ,Guanajuato,guanajuato-universidad gto sede belen-air-quality.csv
2020/11/15,60, ,Guanajuato,guanajuato-universidad gto sede belen-air-quality.csv
2020/11/16,57, ,Guanajuato,guanajuato-universidad gto sede belen-air-quality.csv
2020/11/17,38, ,Guanajuato,guanajuato-universidad gto sede belen-air-quality.csv
2020/11/18,18, ,Guanajuato,guanajuato-universidad gto sede belen-air-quality.csv
2020/11/19,26, ,Guanajuato,guanajuato-universidad gto sede belen-air-quality.csv
2020/11/20,25, ,Guanajuato,guanajuato-universidad gto sede belen-air-quality.csv
2020/11/21,33, ,Guanajuato,guanajuato-universidad gto sede belen-air-quality.csv
2020/11/22,22, ,Guanajuato,guanajuato-universidad gto sede belen-air-quality.csv
2020/11/23,24, ,Guanajuato,guanajuato-universidad gto sede belen-air-quality.csv
2020/11/24,27, ,Guanajuato,guanajuato-universidad gto sede belen-air-quality.csv
2020/11/25,43, ,Guanajuato,guanajuato-universidad gto sede belen-air-quality.csv
2020/11/26,52, ,Guanajuato,guanajuato-universidad gto sede belen-air-quality.csv
2020/11/27,58, ,Guanajuato,guanajuato-universidad gto sede belen-air-quality.csv
2020/11/28,56, ,Guanajuato,guanajuato-universidad gto sede belen-air-quality.csv
2020/11/29,65, ,Guanajuato,guanajuato-universidad gto sede belen-air-quality.csv
2020/11/30,56, ,Guanajuato,guanajuato-universidad gto sede belen-air-quality.csv
2020/12/1,54, ,Guanajuato,guanajuato-universidad gto sede belen-air-quality.csv
2020/12/2,51, ,Guanajuato,guanajuato-universidad gto sede belen-air-quality.csv
2020/12/3,58, ,Guanajuato,guanajuato-universidad gto sede belen-air-quality.csv
2020/12/4,53, ,Guanajuato,guanajuato-universidad gto sede belen-air-quality.csv
2020/12/5,48, ,Guanajuato,guanajuato-universidad gto sede belen-air-quality.csv
2020/12/6,36, ,Guanajuato,guanajuato-universidad gto sede belen-air-quality.csv
2020/12/7,45, ,Guanajuato,guanajuato-universidad gto sede belen-air-quality.csv
2020/12/10,33, ,Guanajuato,guanajuato-universidad gto sede belen-air-quality.csv
2020/12/11,48, ,Guanajuato,guanajuato-universidad gto sede belen-air-quality.csv
2020/12/12,47, ,Guanajuato,guanajuato-universidad gto sede belen-air-quality.csv
2020/12/13,44, ,Guanajuato,guanajuato-universidad gto sede belen-air-quality.csv
2020/12/14,47, ,Guanajuato,guanajuato-universidad gto sede belen-air-quality.csv
2020/12/15,57, ,Guanajuato,guanajuato-universidad gto sede belen-air-quality.csv
2020/12/16,48, ,Guanajuato,guanajuato-universidad gto sede belen-air-quality.csv
2020/12/17,38, ,Guanajuato,guanajuato-universidad gto sede belen-air-quality.csv
2020/12/18,43, ,Guanajuato,guanajuato-universidad gto sede belen-air-quality.csv
2020/12/19,66, ,Guanajuato,guanajuato-universidad gto sede belen-air-quality.csv
2020/12/20,53, ,Guanajuato,guanajuato-universidad gto sede belen-air-quality.csv
2020/12/21,54, ,Guanajuato,guanajuato-universidad gto sede belen-air-quality.csv
2020/12/22,57, ,Guanajuato,guanajuato-universidad gto sede belen-air-quality.csv
2020/12/23,61, ,Guanajuato,guanajuato-universidad gto sede belen-air-quality.csv
2020/12/24,42, ,Guanajuato,guanajuato-universidad gto sede belen-air-quality.csv
2020/12/25,46, ,Guanajuato,guanajuato-universidad gto sede belen-air-quality.csv
2020/12/26,54, ,Guanajuato,guanajuato-universidad gto sede belen-air-quality.csv
2020/12/27,50, ,Guanajuato,guanajuato-universidad gto sede belen-air-quality.csv
2020/12/28,41, ,Guanajuato,guanajuato-universidad gto sede belen-air-quality.csv
2020/12/29,45, ,Guanajuato,guanajuato-universidad gto sede belen-air-quality.csv
2020/12/30,47, ,Guanajuato,guanajuato-universidad gto sede belen-air-quality.csv
2020/12/31,57, ,Guanajuato,guanajuato-universidad gto sede belen-air-quality.csv
2021/1/1,47, ,Guanajuato,guanajuato-universidad gto sede belen-air-quality.csv
2021/1/2,59, ,Guanajuato,guanajuato-universidad gto sede belen-air-quality.csv
2021/1/3,42, ,Guanajuato,guanajuato-universidad gto sede belen-air-quality.csv
2021/1/4,49, ,Guanajuato,guanajuato-universidad gto sede belen-air-quality.csv
2020/7/2,50, ,Guanajuato,guanajuato-universidad gto sede belen-air-quality.csv
2020/7/3,56, ,Guanajuato,guanajuato-universidad gto sede belen-air-quality.csv
2020/7/4,50, ,Guanajuato,guanajuato-universidad gto sede belen-air-quality.csv
2020/7/5,48, ,Guanajuato,guanajuato-universidad gto sede belen-air-quality.csv
2020/7/6,44, ,Guanajuato,guanajuato-universidad gto sede belen-air-quality.csv
2020/7/7,54, ,Guanajuato,guanajuato-universidad gto sede belen-air-quality.csv
2020/7/8,43, ,Guanajuato,guanajuato-universidad gto sede belen-air-quality.csv
2020/7/9,40, ,Guanajuato,guanajuato-universidad gto sede belen-air-quality.csv
2020/7/10,33, ,Guanajuato,guanajuato-universidad gto sede belen-air-quality.csv
2020/7/11,27, ,Guanajuato,guanajuato-universidad gto sede belen-air-quality.csv
2020/7/12,45, ,Guanajuato,guanajuato-universidad gto sede belen-air-quality.csv
2020/7/13,36, ,Guanajuato,guanajuato-universidad gto sede belen-air-quality.csv
2020/7/14,41, ,Guanajuato,guanajuato-universidad gto sede belen-air-quality.csv
2020/7/15,51, ,Guanajuato,guanajuato-universidad gto sede belen-air-quality.csv
2020/7/16,62, ,Guanajuato,guanajuato-universidad gto sede belen-air-quality.csv
2020/7/17,67, ,Guanajuato,guanajuato-universidad gto sede belen-air-quality.csv
2020/7/18,68, ,Guanajuato,guanajuato-universidad gto sede belen-air-quality.csv
2020/7/19,70, ,Guanajuato,guanajuato-universidad gto sede belen-air-quality.csv
2020/7/20,69, ,Guanajuato,guanajuato-universidad gto sede belen-air-quality.csv
2020/7/21,50, ,Guanajuato,guanajuato-universidad gto sede belen-air-quality.csv
2020/7/22,49, ,Guanajuato,guanajuato-universidad gto sede belen-air-quality.csv
2020/7/23,53, ,Guanajuato,guanajuato-universidad gto sede belen-air-quality.csv
2020/7/24,52, ,Guanajuato,guanajuato-universidad gto sede belen-air-quality.csv
2020/7/25,48, ,Guanajuato,guanajuato-universidad gto sede belen-air-quality.csv
2020/7/26,58, ,Guanajuato,guanajuato-universidad gto sede belen-air-quality.csv
2020/7/27,46, ,Guanajuato,guanajuato-universidad gto sede belen-air-quality.csv
2020/7/28,40, ,Guanajuato,guanajuato-universidad gto sede belen-air-quality.csv
2020/7/29,51, ,Guanajuato,guanajuato-universidad gto sede belen-air-quality.csv
2020/7/30,33, ,Guanajuato,guanajuato-universidad gto sede belen-air-quality.csv
2020/7/31,35, ,Guanajuato,guanajuato-universidad gto sede belen-air-quality.csv
2020/8/1,40, ,Guanajuato,guanajuato-universidad gto sede belen-air-quality.csv
2020/8/2,50, ,Guanajuato,guanajuato-universidad gto sede belen-air-quality.csv
2020/8/3,58, ,Guanajuato,guanajuato-universidad gto sede belen-air-quality.csv
2020/8/4,53, ,Guanajuato,guanajuato-universidad gto sede belen-air-quality.csv
2020/8/5,50, ,Guanajuato,guanajuato-universidad gto sede belen-air-quality.csv
2020/8/6,48, ,Guanajuato,guanajuato-universidad gto sede belen-air-quality.csv
2020/8/7,44, ,Guanajuato,guanajuato-universidad gto sede belen-air-quality.csv
2020/8/8,39, ,Guanajuato,guanajuato-universidad gto sede belen-air-quality.csv
2020/8/9,25, ,Guanajuato,guanajuato-universidad gto sede belen-air-quality.csv
2020/8/10,26, ,Guanajuato,guanajuato-universidad gto sede belen-air-quality.csv
2020/8/11,24, ,Guanajuato,guanajuato-universidad gto sede belen-air-quality.csv
2020/8/12,28, ,Guanajuato,guanajuato-universidad gto sede belen-air-quality.csv
2020/8/13,36, ,Guanajuato,guanajuato-universidad gto sede belen-air-quality.csv
2020/8/14,42, ,Guanajuato,guanajuato-universidad gto sede belen-air-quality.csv
2020/8/15,42, ,Guanajuato,guanajuato-universidad gto sede belen-air-quality.csv
2020/8/16,37, ,Guanajuato,guanajuato-universidad gto sede belen-air-quality.csv
2020/8/17,37, ,Guanajuato,guanajuato-universidad gto sede belen-air-quality.csv
2020/8/18,35, ,Guanajuato,guanajuato-universidad gto sede belen-air-quality.csv
2020/8/19,32, ,Guanajuato,guanajuato-universidad gto sede belen-air-quality.csv
2020/8/20,33, ,Guanajuato,guanajuato-universidad gto sede belen-air-quality.csv
2020/8/21,45, ,Guanajuato,guanajuato-universidad gto sede belen-air-quality.csv
2020/8/22,61, ,Guanajuato,guanajuato-universidad gto sede belen-air-quality.csv
2020/8/24,46, ,Guanajuato,guanajuato-universidad gto sede belen-air-quality.csv
2020/8/25,47, ,Guanajuato,guanajuato-universidad gto sede belen-air-quality.csv
2020/8/26,37, ,Guanajuato,guanajuato-universidad gto sede belen-air-quality.csv
2020/8/27,21, ,Guanajuato,guanajuato-universidad gto sede belen-air-quality.csv
2020/8/28,32, ,Guanajuato,guanajuato-universidad gto sede belen-air-quality.csv
2020/8/29,31, ,Guanajuato,guanajuato-universidad gto sede belen-air-quality.csv
2020/8/30,51, ,Guanajuato,guanajuato-universidad gto sede belen-air-quality.csv
2020/8/31,44, ,Guanajuato,guanajuato-universidad gto sede belen-air-quality.csv
2020/9/1,32, ,Guanajuato,guanajuato-universidad gto sede belen-air-quality.csv
2020/9/2,36, ,Guanajuato,guanajuato-universidad gto sede belen-air-quality.csv
2020/9/3,52, ,Guanajuato,guanajuato-universidad gto sede belen-air-quality.csv
2020/9/4,47, ,Guanajuato,guanajuato-universidad gto sede belen-air-quality.csv
2020/9/5,48, ,Guanajuato,guanajuato-universidad gto sede belen-air-quality.csv
2020/9/6,25, ,Guanajuato,guanajuato-universidad gto sede belen-air-quality.csv
2020/9/7,20, ,Guanajuato,guanajuato-universidad gto sede belen-air-quality.csv
2020/9/8,32, ,Guanajuato,guanajuato-universidad gto sede belen-air-quality.csv
2020/9/9,40, ,Guanajuato,guanajuato-universidad gto sede belen-air-quality.csv
2020/9/10,48, ,Guanajuato,guanajuato-universidad gto sede belen-air-quality.csv
2020/9/11,33, ,Guanajuato,guanajuato-universidad gto sede belen-air-quality.csv
2020/9/12,22, ,Guanajuato,guanajuato-universidad gto sede belen-air-quality.csv
2020/9/13,23, ,Guanajuato,guanajuato-universidad gto sede belen-air-quality.csv
2020/9/14,29, ,Guanajuato,guanajuato-universidad gto sede belen-air-quality.csv
2020/9/15,39, ,Guanajuato,guanajuato-universidad gto sede belen-air-quality.csv
2020/9/16,24, ,Guanajuato,guanajuato-universidad gto sede belen-air-quality.csv
2020/9/17,24, ,Guanajuato,guanajuato-universidad gto sede belen-air-quality.csv
2020/9/18,28, ,Guanajuato,guanajuato-universidad gto sede belen-air-quality.csv
2020/9/19,29, ,Guanajuato,guanajuato-universidad gto sede belen-air-quality.csv
2020/9/20,30, ,Guanajuato,guanajuato-universidad gto sede belen-air-quality.csv
2020/9/21,32, ,Guanajuato,guanajuato-universidad gto sede belen-air-quality.csv
2020/9/22,40, ,Guanajuato,guanajuato-universidad gto sede belen-air-quality.csv
2020/9/23,49, ,Guanajuato,guanajuato-universidad gto sede belen-air-quality.csv
2020/9/24,54, ,Guanajuato,guanajuato-universidad gto sede belen-air-quality.csv
2020/9/25,56, ,Guanajuato,guanajuato-universidad gto sede belen-air-quality.csv
2020/9/26,72, ,Guanajuato,guanajuato-universidad gto sede belen-air-quality.csv
2020/9/27,50, ,Guanajuato,guanajuato-universidad gto sede belen-air-quality.csv
2020/9/28,48, ,Guanajuato,guanajuato-universidad gto sede belen-air-quality.csv
2020/9/29,43, ,Guanajuato,guanajuato-universidad gto sede belen-air-quality.csv
2020/4/2,73, ,Guanajuato,guanajuato-universidad gto sede belen-air-quality.csv
2020/4/3,60, ,Guanajuato,guanajuato-universidad gto sede belen-air-quality.csv
2020/4/14,42, ,Guanajuato,guanajuato-universidad gto sede belen-air-quality.csv
2020/4/15,55, ,Guanajuato,guanajuato-universidad gto sede belen-air-quality.csv
2020/4/17,59, ,Guanajuato,guanajuato-universidad gto sede belen-air-quality.csv
2020/4/18,74, ,Guanajuato,guanajuato-universidad gto sede belen-air-quality.csv
2020/4/20,58, ,Guanajuato,guanajuato-universidad gto sede belen-air-quality.csv
2020/4/21,55, ,Guanajuato,guanajuato-universidad gto sede belen-air-quality.csv
2020/4/22,59, ,Guanajuato,guanajuato-universidad gto sede belen-air-quality.csv
2020/4/23,69, ,Guanajuato,guanajuato-universidad gto sede belen-air-quality.csv
2020/4/24,69, ,Guanajuato,guanajuato-universidad gto sede belen-air-quality.csv
2020/4/25,61, ,Guanajuato,guanajuato-universidad gto sede belen-air-quality.csv
2020/4/26,69, ,Guanajuato,guanajuato-universidad gto sede belen-air-quality.csv
2020/4/27,68, ,Guanajuato,guanajuato-universidad gto sede belen-air-quality.csv
2020/4/28,59, ,Guanajuato,guanajuato-universidad gto sede belen-air-quality.csv
2020/4/29,57, ,Guanajuato,guanajuato-universidad gto sede belen-air-quality.csv
2020/4/30,60, ,Guanajuato,guanajuato-universidad gto sede belen-air-quality.csv
2020/5/1,42, ,Guanajuato,guanajuato-universidad gto sede belen-air-quality.csv
2020/5/2,45, ,Guanajuato,guanajuato-universidad gto sede belen-air-quality.csv
2020/5/3,53, ,Guanajuato,guanajuato-universidad gto sede belen-air-quality.csv
2020/5/4,48, ,Guanajuato,guanajuato-universidad gto sede belen-air-quality.csv
2020/5/5,52, ,Guanajuato,guanajuato-universidad gto sede belen-air-quality.csv
2020/5/7,52, ,Guanajuato,guanajuato-universidad gto sede belen-air-quality.csv
2020/5/8,56, ,Guanajuato,guanajuato-universidad gto sede belen-air-quality.csv
2020/5/9,47, ,Guanajuato,guanajuato-universidad gto sede belen-air-quality.csv
2020/5/10,37, ,Guanajuato,guanajuato-universidad gto sede belen-air-quality.csv
2020/5/11,33, ,Guanajuato,guanajuato-universidad gto sede belen-air-quality.csv
2020/5/12,47, ,Guanajuato,guanajuato-universidad gto sede belen-air-quality.csv
2020/5/13,51, ,Guanajuato,guanajuato-universidad gto sede belen-air-quality.csv
2020/5/14,67, ,Guanajuato,guanajuato-universidad gto sede belen-air-quality.csv
2020/5/15,70, ,Guanajuato,guanajuato-universidad gto sede belen-air-quality.csv
2020/5/16,60, ,Guanajuato,guanajuato-universidad gto sede belen-air-quality.csv
2020/5/17,63, ,Guanajuato,guanajuato-universidad gto sede belen-air-quality.csv
2020/5/18,60, ,Guanajuato,guanajuato-universidad gto sede belen-air-quality.csv
2020/5/19,66, ,Guanajuato,guanajuato-universidad gto sede belen-air-quality.csv
2020/5/20,73, ,Guanajuato,guanajuato-universidad gto sede belen-air-quality.csv
2020/5/21,73, ,Guanajuato,guanajuato-universidad gto sede belen-air-quality.csv
2020/5/22,52, ,Guanajuato,guanajuato-universidad gto sede belen-air-quality.csv
2020/5/23,44, ,Guanajuato,guanajuato-universidad gto sede belen-air-quality.csv
2020/5/24,43, ,Guanajuato,guanajuato-universidad gto sede belen-air-quality.csv
2020/5/25,51, ,Guanajuato,guanajuato-universidad gto sede belen-air-quality.csv
2020/5/26,61, ,Guanajuato,guanajuato-universidad gto sede belen-air-quality.csv
2020/5/27,64, ,Guanajuato,guanajuato-universidad gto sede belen-air-quality.csv
2020/5/28,78, ,Guanajuato,guanajuato-universidad gto sede belen-air-quality.csv
2020/5/29,59, ,Guanajuato,guanajuato-universidad gto sede belen-air-quality.csv
2020/5/30,41, ,Guanajuato,guanajuato-universidad gto sede belen-air-quality.csv
2020/5/31,38, ,Guanajuato,guanajuato-universidad gto sede belen-air-quality.csv
2020/6/1,55, ,Guanajuato,guanajuato-universidad gto sede belen-air-quality.csv
2020/6/2,46, ,Guanajuato,guanajuato-universidad gto sede belen-air-quality.csv
2020/6/3,39, ,Guanajuato,guanajuato-universidad gto sede belen-air-quality.csv
2020/6/4,35, ,Guanajuato,guanajuato-universidad gto sede belen-air-quality.csv
2020/6/5,37, ,Guanajuato,guanajuato-universidad gto sede belen-air-quality.csv
2020/6/6,40, ,Guanajuato,guanajuato-universidad gto sede belen-air-quality.csv
2020/6/7,44, ,Guanajuato,guanajuato-universidad gto sede belen-air-quality.csv
2020/6/8,58, ,Guanajuato,guanajuato-universidad gto sede belen-air-quality.csv
2020/6/9,59, ,Guanajuato,guanajuato-universidad gto sede belen-air-quality.csv
2020/6/10,44, ,Guanajuato,guanajuato-universidad gto sede belen-air-quality.csv
2020/6/11,40, ,Guanajuato,guanajuato-universidad gto sede belen-air-quality.csv
2020/6/12,57, ,Guanajuato,guanajuato-universidad gto sede belen-air-quality.csv
2020/6/13,42, ,Guanajuato,guanajuato-universidad gto sede belen-air-quality.csv
2020/6/14,54, ,Guanajuato,guanajuato-universidad gto sede belen-air-quality.csv
2020/6/15,44, ,Guanajuato,guanajuato-universidad gto sede belen-air-quality.csv
2020/6/16,50, ,Guanajuato,guanajuato-universidad gto sede belen-air-quality.csv
2020/6/17,36, ,Guanajuato,guanajuato-universidad gto sede belen-air-quality.csv
2020/6/18,46, ,Guanajuato,guanajuato-universidad gto sede belen-air-quality.csv
2020/6/19,46, ,Guanajuato,guanajuato-universidad gto sede belen-air-quality.csv
2020/6/20,47, ,Guanajuato,guanajuato-universidad gto sede belen-air-quality.csv
2020/6/21,59, ,Guanajuato,guanajuato-universidad gto sede belen-air-quality.csv
2020/6/23,51, ,Guanajuato,guanajuato-universidad gto sede belen-air-quality.csv
2020/6/24,37, ,Guanajuato,guanajuato-universidad gto sede belen-air-quality.csv
2020/6/25,37, ,Guanajuato,guanajuato-universidad gto sede belen-air-quality.csv
2020/6/26,39, ,Guanajuato,guanajuato-universidad gto sede belen-air-quality.csv
2020/6/27,33, ,Guanajuato,guanajuato-universidad gto sede belen-air-quality.csv
2020/6/28,52, ,Guanajuato,guanajuato-universidad gto sede belen-air-quality.csv
2020/6/29,68, ,Guanajuato,guanajuato-universidad gto sede belen-air-quality.csv
2020/6/30,57, ,Guanajuato,guanajuato-universidad gto sede belen-air-quality.csv
2020/7/1,57, ,Guanajuato,guanajuato-universidad gto sede belen-air-quality.csv
2020/1/2,43, ,Guanajuato,guanajuato-universidad gto sede belen-air-quality.csv
2020/1/3,42, ,Guanajuato,guanajuato-universidad gto sede belen-air-quality.csv
2020/1/4,42, ,Guanajuato,guanajuato-universidad gto sede belen-air-quality.csv
2020/1/5,41, ,Guanajuato,guanajuato-universidad gto sede belen-air-quality.csv
2020/1/6,30, ,Guanajuato,guanajuato-universidad gto sede belen-air-quality.csv
2020/1/7,51, ,Guanajuato,guanajuato-universidad gto sede belen-air-quality.csv
2020/1/8,42, ,Guanajuato,guanajuato-universidad gto sede belen-air-quality.csv
2020/1/9,60, ,Guanajuato,guanajuato-universidad gto sede belen-air-quality.csv
2020/1/10,64, ,Guanajuato,guanajuato-universidad gto sede belen-air-quality.csv
2020/1/11,60, ,Guanajuato,guanajuato-universidad gto sede belen-air-quality.csv
2020/1/12,58, ,Guanajuato,guanajuato-universidad gto sede belen-air-quality.csv
2020/1/13,57, ,Guanajuato,guanajuato-universidad gto sede belen-air-quality.csv
2020/1/14,58, ,Guanajuato,guanajuato-universidad gto sede belen-air-quality.csv
2020/1/15,45, ,Guanajuato,guanajuato-universidad gto sede belen-air-quality.csv
2020/1/16,57, ,Guanajuato,guanajuato-universidad gto sede belen-air-quality.csv
2020/1/17,50, ,Guanajuato,guanajuato-universidad gto sede belen-air-quality.csv
2020/1/18,49, ,Guanajuato,guanajuato-universidad gto sede belen-air-quality.csv
2020/1/19,53, ,Guanajuato,guanajuato-universidad gto sede belen-air-quality.csv
2020/1/20,30, ,Guanajuato,guanajuato-universidad gto sede belen-air-quality.csv
2020/1/21,32, ,Guanajuato,guanajuato-universidad gto sede belen-air-quality.csv
2020/1/22,39, ,Guanajuato,guanajuato-universidad gto sede belen-air-quality.csv
2020/1/23,50, ,Guanajuato,guanajuato-universidad gto sede belen-air-quality.csv
2020/1/24,52, ,Guanajuato,guanajuato-universidad gto sede belen-air-quality.csv
2020/1/25,45, ,Guanajuato,guanajuato-universidad gto sede belen-air-quality.csv
2020/1/26,55, ,Guanajuato,guanajuato-universidad gto sede belen-air-quality.csv
2020/1/27,47, ,Guanajuato,guanajuato-universidad gto sede belen-air-quality.csv
2020/1/28,41, ,Guanajuato,guanajuato-universidad gto sede belen-air-quality.csv
2020/1/29,45, ,Guanajuato,guanajuato-universidad gto sede belen-air-quality.csv
2020/1/30,47, ,Guanajuato,guanajuato-universidad gto sede belen-air-quality.csv
2020/1/31,47, ,Guanajuato,guanajuato-universidad gto sede belen-air-quality.csv
2020/2/1,47, ,Guanajuato,guanajuato-universidad gto sede belen-air-quality.csv
2020/2/4,57, ,Guanajuato,guanajuato-universidad gto sede belen-air-quality.csv
2020/2/5,34, ,Guanajuato,guanajuato-universidad gto sede belen-air-quality.csv
2020/2/6,37, ,Guanajuato,guanajuato-universidad gto sede belen-air-quality.csv
2020/2/7,34, ,Guanajuato,guanajuato-universidad gto sede belen-air-quality.csv
2020/2/8,49, ,Guanajuato,guanajuato-universidad gto sede belen-air-quality.csv
2020/2/9,48, ,Guanajuato,guanajuato-universidad gto sede belen-air-quality.csv
2020/2/10,40, ,Guanajuato,guanajuato-universidad gto sede belen-air-quality.csv
2020/2/11,40, ,Guanajuato,guanajuato-universidad gto sede belen-air-quality.csv
2020/2/12,46, ,Guanajuato,guanajuato-universidad gto sede belen-air-quality.csv
2020/2/13,41, ,Guanajuato,guanajuato-universidad gto sede belen-air-quality.csv
2020/2/14,47, ,Guanajuato,guanajuato-universidad gto sede belen-air-quality.csv
2020/2/15,53, ,Guanajuato,guanajuato-universidad gto sede belen-air-quality.csv
2020/2/18,53, ,Guanajuato,guanajuato-universidad gto sede belen-air-quality.csv
2020/2/19,49, ,Guanajuato,guanajuato-universidad gto sede belen-air-quality.csv
2020/2/20,49, ,Guanajuato,guanajuato-universidad gto sede belen-air-quality.csv
2020/2/21,59, ,Guanajuato,guanajuato-universidad gto sede belen-air-quality.csv
2020/2/22,45, ,Guanajuato,guanajuato-universidad gto sede belen-air-quality.csv
2020/2/23,45, ,Guanajuato,guanajuato-universidad gto sede belen-air-quality.csv
2020/2/24,62, ,Guanajuato,guanajuato-universidad gto sede belen-air-quality.csv
2020/2/25,48, ,Guanajuato,guanajuato-universidad gto sede belen-air-quality.csv
2020/2/26,50, ,Guanajuato,guanajuato-universidad gto sede belen-air-quality.csv
2020/2/27,48, ,Guanajuato,guanajuato-universidad gto sede belen-air-quality.csv
2020/2/28,50, ,Guanajuato,guanajuato-universidad gto sede belen-air-quality.csv
2020/2/29,58, ,Guanajuato,guanajuato-universidad gto sede belen-air-quality.csv
2020/3/1,52, ,Guanajuato,guanajuato-universidad gto sede belen-air-quality.csv
2020/3/2,41, ,Guanajuato,guanajuato-universidad gto sede belen-air-quality.csv
2020/3/3,48, ,Guanajuato,guanajuato-universidad gto sede belen-air-quality.csv
2020/3/4,44, ,Guanajuato,guanajuato-universidad gto sede belen-air-quality.csv
2020/3/5,50, ,Guanajuato,guanajuato-universidad gto sede belen-air-quality.csv
2020/3/6,50, ,Guanajuato,guanajuato-universidad gto sede belen-air-quality.csv
2020/3/7,46, ,Guanajuato,guanajuato-universidad gto sede belen-air-quality.csv
2020/3/8,53, ,Guanajuato,guanajuato-universidad gto sede belen-air-quality.csv
2020/3/9,54, ,Guanajuato,guanajuato-universidad gto sede belen-air-quality.csv
2020/3/10,57, ,Guanajuato,guanajuato-universidad gto sede belen-air-quality.csv
2020/3/11,55, ,Guanajuato,guanajuato-universidad gto sede belen-air-quality.csv
2020/3/12,58, ,Guanajuato,guanajuato-universidad gto sede belen-air-quality.csv
2020/3/13,60, ,Guanajuato,guanajuato-universidad gto sede belen-air-quality.csv
2020/3/14,64, ,Guanajuato,guanajuato-universidad gto sede belen-air-quality.csv
2020/3/15,56, ,Guanajuato,guanajuato-universidad gto sede belen-air-quality.csv
2020/3/16,48, ,Guanajuato,guanajuato-universidad gto sede belen-air-quality.csv
2020/3/17,52, ,Guanajuato,guanajuato-universidad gto sede belen-air-quality.csv
2020/3/18,48, ,Guanajuato,guanajuato-universidad gto sede belen-air-quality.csv
2020/3/20,70, ,Guanajuato,guanajuato-universidad gto sede belen-air-quality.csv
2020/3/21,60, ,Guanajuato,guanajuato-universidad gto sede belen-air-quality.csv
2020/3/22,76, ,Guanajuato,guanajuato-universidad gto sede belen-air-quality.csv
2020/3/23,70, ,Guanajuato,guanajuato-universidad gto sede belen-air-quality.csv
2020/3/24,56, ,Guanajuato,guanajuato-universidad gto sede belen-air-quality.csv
2020/3/25,53, ,Guanajuato,guanajuato-universidad gto sede belen-air-quality.csv
2020/3/26,50, ,Guanajuato,guanajuato-universidad gto sede belen-air-quality.csv
2020/3/27,58, ,Guanajuato,guanajuato-universidad gto sede belen-air-quality.csv
2020/3/28,64, ,Guanajuato,guanajuato-universidad gto sede belen-air-quality.csv
2020/3/29,54, ,Guanajuato,guanajuato-universidad gto sede belen-air-quality.csv
2020/3/30,82, ,Guanajuato,guanajuato-universidad gto sede belen-air-quality.csv
2020/3/31,76, ,Guanajuato,guanajuato-universidad gto sede belen-air-quality.csv
2020/4/1,64, ,Guanajuato,guanajuato-universidad gto sede belen-air-quality.csv
2019/10/2,32, ,Guanajuato,guanajuato-universidad gto sede belen-air-quality.csv
2019/10/3,32, ,Guanajuato,guanajuato-universidad gto sede belen-air-quality.csv
2019/10/4,27, ,Guanajuato,guanajuato-universidad gto sede belen-air-quality.csv
2019/10/9,13, ,Guanajuato,guanajuato-universidad gto sede belen-air-quality.csv
2019/10/10,22, ,Guanajuato,guanajuato-universidad gto sede belen-air-quality.csv
2019/10/11,25, ,Guanajuato,guanajuato-universidad gto sede belen-air-quality.csv
2019/10/12,40, ,Guanajuato,guanajuato-universidad gto sede belen-air-quality.csv
2019/10/13,31, ,Guanajuato,guanajuato-universidad gto sede belen-air-quality.csv
2019/10/14,29, ,Guanajuato,guanajuato-universidad gto sede belen-air-quality.csv
2019/10/15,18, ,Guanajuato,guanajuato-universidad gto sede belen-air-quality.csv
2019/10/16,19, ,Guanajuato,guanajuato-universidad gto sede belen-air-quality.csv
2019/10/17,24, ,Guanajuato,guanajuato-universidad gto sede belen-air-quality.csv
2019/10/18,20, ,Guanajuato,guanajuato-universidad gto sede belen-air-quality.csv
2019/10/19,20, ,Guanajuato,guanajuato-universidad gto sede belen-air-quality.csv
2019/10/24,19, ,Guanajuato,guanajuato-universidad gto sede belen-air-quality.csv
2019/10/25,29, ,Guanajuato,guanajuato-universidad gto sede belen-air-quality.csv
2019/10/26,25, ,Guanajuato,guanajuato-universidad gto sede belen-air-quality.csv
2019/10/27,26, ,Guanajuato,guanajuato-universidad gto sede belen-air-quality.csv
2019/10/28,35, ,Guanajuato,guanajuato-universidad gto sede belen-air-quality.csv
2019/10/29,46, ,Guanajuato,guanajuato-universidad gto sede belen-air-quality.csv
2019/10/30,48, ,Guanajuato,guanajuato-universidad gto sede belen-air-quality.csv
2019/10/31,43, ,Guanajuato,guanajuato-universidad gto sede belen-air-quality.csv
2019/11/1,34, ,Guanajuato,guanajuato-universidad gto sede belen-air-quality.csv
2019/11/2,31, ,Guanajuato,guanajuato-universidad gto sede belen-air-quality.csv
2019/11/3,28, ,Guanajuato,guanajuato-universidad gto sede belen-air-quality.csv
2019/11/4,34, ,Guanajuato,guanajuato-universidad gto sede belen-air-quality.csv
2019/11/5,21, ,Guanajuato,guanajuato-universidad gto sede belen-air-quality.csv
2019/11/6,26, ,Guanajuato,guanajuato-universidad gto sede belen-air-quality.csv
2019/11/7,21, ,Guanajuato,guanajuato-universidad gto sede belen-air-quality.csv
2019/11/8,22, ,Guanajuato,guanajuato-universidad gto sede belen-air-quality.csv
2019/11/9,20, ,Guanajuato,guanajuato-universidad gto sede belen-air-quality.csv
2019/11/10,20, ,Guanajuato,guanajuato-universidad gto sede belen-air-quality.csv
2019/11/11,25, ,Guanajuato,guanajuato-universidad gto sede belen-air-quality.csv
2019/11/12,44, ,Guanajuato,guanajuato-universidad gto sede belen-air-quality.csv
2019/11/13,35, ,Guanajuato,guanajuato-universidad gto sede belen-air-quality.csv
2019/11/14,36, ,Guanajuato,guanajuato-universidad gto sede belen-air-quality.csv
2019/11/15,29, ,Guanajuato,guanajuato-universidad gto sede belen-air-quality.csv
2019/11/16,32, ,Guanajuato,guanajuato-universidad gto sede belen-air-quality.csv
2019/11/19,32, ,Guanajuato,guanajuato-universidad gto sede belen-air-quality.csv
2019/11/20,32, ,Guanajuato,guanajuato-universidad gto sede belen-air-quality.csv
2019/11/21,32, ,Guanajuato,guanajuato-universidad gto sede belen-air-quality.csv
2019/11/22,38, ,Guanajuato,guanajuato-universidad gto sede belen-air-quality.csv
2019/11/23,31, ,Guanajuato,guanajuato-universidad gto sede belen-air-quality.csv
2019/11/24,31, ,Guanajuato,guanajuato-universidad gto sede belen-air-quality.csv
2019/11/25,56, ,Guanajuato,guanajuato-universidad gto sede belen-air-quality.csv
2019/11/26,48, ,Guanajuato,guanajuato-universidad gto sede belen-air-quality.csv
2019/11/27,44, ,Guanajuato,guanajuato-universidad gto sede belen-air-quality.csv
2019/11/28,61, ,Guanajuato,guanajuato-universidad gto sede belen-air-quality.csv
2019/11/29,60, ,Guanajuato,guanajuato-universidad gto sede belen-air-quality.csv
2019/11/30,76, ,Guanajuato,guanajuato-universidad gto sede belen-air-quality.csv
2019/12/1,54, ,Guanajuato,guanajuato-universidad gto sede belen-air-quality.csv
2019/12/3,25, ,Guanajuato,guanajuato-universidad gto sede belen-air-quality.csv
2019/12/4,50, ,Guanajuato,guanajuato-universidad gto sede belen-air-quality.csv
2019/12/5,57, ,Guanajuato,guanajuato-universidad gto sede belen-air-quality.csv
2019/12/6,63, ,Guanajuato,guanajuato-universidad gto sede belen-air-quality.csv
2019/12/7,47, ,Guanajuato,guanajuato-universidad gto sede belen-air-quality.csv
2019/12/9,56, ,Guanajuato,guanajuato-universidad gto sede belen-air-quality.csv
2019/12/10,62, ,Guanajuato,guanajuato-universidad gto sede belen-air-quality.csv
2019/12/11,61, ,Guanajuato,guanajuato-universidad gto sede belen-air-quality.csv
2019/12/12,61, ,Guanajuato,guanajuato-universidad gto sede belen-air-quality.csv
2019/12/13,65, ,Guanajuato,guanajuato-universidad gto sede belen-air-quality.csv
2019/12/14,44, ,Guanajuato,guanajuato-universidad gto sede belen-air-quality.csv
2019/12/15,59, ,Guanajuato,guanajuato-universidad gto sede belen-air-quality.csv
2019/12/16,58, ,Guanajuato,guanajuato-universidad gto sede belen-air-quality.csv
2019/12/17,44, ,Guanajuato,guanajuato-universidad gto sede belen-air-quality.csv
2019/12/18,63, ,Guanajuato,guanajuato-universidad gto sede belen-air-quality.csv
2019/12/19,54, ,Guanajuato,guanajuato-universidad gto sede belen-air-quality.csv
2019/12/20,65, ,Guanajuato,guanajuato-universidad gto sede belen-air-quality.csv
2019/12/21,59, ,Guanajuato,guanajuato-universidad gto sede belen-air-quality.csv
2019/7/2,26, ,Guanajuato,guanajuato-universidad gto sede belen-air-quality.csv
2019/7/3,24, ,Guanajuato,guanajuato-universidad gto sede belen-air-quality.csv
2019/7/4,29, ,Guanajuato,guanajuato-universidad gto sede belen-air-quality.csv
2019/7/5,40, ,Guanajuato,guanajuato-universidad gto sede belen-air-quality.csv
2019/7/6,48, ,Guanajuato,guanajuato-universidad gto sede belen-air-quality.csv
2019/7/7,55, ,Guanajuato,guanajuato-universidad gto sede belen-air-quality.csv
2019/7/8,51, ,Guanajuato,guanajuato-universidad gto sede belen-air-quality.csv
2019/7/9,54, ,Guanajuato,guanajuato-universidad gto sede belen-air-quality.csv
2019/7/10,49, ,Guanajuato,guanajuato-universidad gto sede belen-air-quality.csv
2019/7/11,46, ,Guanajuato,guanajuato-universidad gto sede belen-air-quality.csv
2019/7/12,45, ,Guanajuato,guanajuato-universidad gto sede belen-air-quality.csv
2019/7/13,58, ,Guanajuato,guanajuato-universidad gto sede belen-air-quality.csv
2019/7/14,47, ,Guanajuato,guanajuato-universidad gto sede belen-air-quality.csv
2019/7/15,60, ,Guanajuato,guanajuato-universidad gto sede belen-air-quality.csv
2019/7/16,56, ,Guanajuato,guanajuato-universidad gto sede belen-air-quality.csv
2019/7/17,32, ,Guanajuato,guanajuato-universidad gto sede belen-air-quality.csv
2019/7/18,39, ,Guanajuato,guanajuato-universidad gto sede belen-air-quality.csv
2019/7/19,40, ,Guanajuato,guanajuato-universidad gto sede belen-air-quality.csv
2019/7/20,51, ,Guanajuato,guanajuato-universidad gto sede belen-air-quality.csv
2019/7/21,57, ,Guanajuato,guanajuato-universidad gto sede belen-air-quality.csv
2019/7/22,55, ,Guanajuato,guanajuato-universidad gto sede belen-air-quality.csv
2019/7/23,37, ,Guanajuato,guanajuato-universidad gto sede belen-air-quality.csv
2019/7/24,40, ,Guanajuato,guanajuato-universidad gto sede belen-air-quality.csv
2019/7/25,48, ,Guanajuato,guanajuato-universidad gto sede belen-air-quality.csv
2019/7/26,36, ,Guanajuato,guanajuato-universidad gto sede belen-air-quality.csv
2019/7/27,26, ,Guanajuato,guanajuato-universidad gto sede belen-air-quality.csv
2019/7/28,35, ,Guanajuato,guanajuato-universidad gto sede belen-air-quality.csv
2019/7/29,36, ,Guanajuato,guanajuato-universidad gto sede belen-air-quality.csv
2019/7/30,40, ,Guanajuato,guanajuato-universidad gto sede belen-air-quality.csv
2019/7/31,47, ,Guanajuato,guanajuato-universidad gto sede belen-air-quality.csv
2019/8/1,57, ,Guanajuato,guanajuato-universidad gto sede belen-air-quality.csv
2019/8/2,40, ,Guanajuato,guanajuato-universidad gto sede belen-air-quality.csv
2019/8/3,33, ,Guanajuato,guanajuato-universidad gto sede belen-air-quality.csv
2019/8/4,40, ,Guanajuato,guanajuato-universidad gto sede belen-air-quality.csv
2019/8/5,45, ,Guanajuato,guanajuato-universidad gto sede belen-air-quality.csv
2019/8/6,41, ,Guanajuato,guanajuato-universidad gto sede belen-air-quality.csv
2019/8/7,44, ,Guanajuato,guanajuato-universidad gto sede belen-air-quality.csv
2019/8/8,46, ,Guanajuato,guanajuato-universidad gto sede belen-air-quality.csv
2019/8/9,33, ,Guanajuato,guanajuato-universidad gto sede belen-air-quality.csv
2019/8/10,48, ,Guanajuato,guanajuato-universidad gto sede belen-air-quality.csv
2019/8/11,44, ,Guanajuato,guanajuato-universidad gto sede belen-air-quality.csv
2019/8/12,37, ,Guanajuato,guanajuato-universidad gto sede belen-air-quality.csv
2019/8/13,39, ,Guanajuato,guanajuato-universidad gto sede belen-air-quality.csv
2019/8/14,41, ,Guanajuato,guanajuato-universidad gto sede belen-air-quality.csv
2019/8/15,38, ,Guanajuato,guanajuato-universidad gto sede belen-air-quality.csv
2019/8/24,24, ,Guanajuato,guanajuato-universidad gto sede belen-air-quality.csv
2019/8/25,36, ,Guanajuato,guanajuato-universidad gto sede belen-air-quality.csv
2019/8/26,42, ,Guanajuato,guanajuato-universidad gto sede belen-air-quality.csv
2019/8/27,31, ,Guanajuato,guanajuato-universidad gto sede belen-air-quality.csv
2019/9/3,43, ,Guanajuato,guanajuato-universidad gto sede belen-air-quality.csv
2019/9/4,44, ,Guanajuato,guanajuato-universidad gto sede belen-air-quality.csv
2019/9/5,44, ,Guanajuato,guanajuato-universidad gto sede belen-air-quality.csv
2019/9/6,48, ,Guanajuato,guanajuato-universidad gto sede belen-air-quality.csv
2019/9/7,53, ,Guanajuato,guanajuato-universidad gto sede belen-air-quality.csv
2019/9/8,52, ,Guanajuato,guanajuato-universidad gto sede belen-air-quality.csv
2019/9/9,48, ,Guanajuato,guanajuato-universidad gto sede belen-air-quality.csv
2019/9/10,54, ,Guanajuato,guanajuato-universidad gto sede belen-air-quality.csv
2019/9/11,49, ,Guanajuato,guanajuato-universidad gto sede belen-air-quality.csv
2019/9/12,43, ,Guanajuato,guanajuato-universidad gto sede belen-air-quality.csv
2019/9/13,34, ,Guanajuato,guanajuato-universidad gto sede belen-air-quality.csv
2019/9/14,38, ,Guanajuato,guanajuato-universidad gto sede belen-air-quality.csv
2019/9/15,28, ,Guanajuato,guanajuato-universidad gto sede belen-air-quality.csv
2019/9/16,28, ,Guanajuato,guanajuato-universidad gto sede belen-air-quality.csv
2019/9/17,37, ,Guanajuato,guanajuato-universidad gto sede belen-air-quality.csv
2019/9/18,37, ,Guanajuato,guanajuato-universidad gto sede belen-air-quality.csv
2019/9/19,48, ,Guanajuato,guanajuato-universidad gto sede belen-air-quality.csv
2019/9/20,24, ,Guanajuato,guanajuato-universidad gto sede belen-air-quality.csv
2019/9/21,34, ,Guanajuato,guanajuato-universidad gto sede belen-air-quality.csv
2019/9/22,45, ,Guanajuato,guanajuato-universidad gto sede belen-air-quality.csv
2019/9/23,37, ,Guanajuato,guanajuato-universidad gto sede belen-air-quality.csv
2019/9/24,23, ,Guanajuato,guanajuato-universidad gto sede belen-air-quality.csv
2019/9/25,35, ,Guanajuato,guanajuato-universidad gto sede belen-air-quality.csv
2019/9/26,52, ,Guanajuato,guanajuato-universidad gto sede belen-air-quality.csv
2019/9/27,51, ,Guanajuato,guanajuato-universidad gto sede belen-air-quality.csv
2019/9/28,42, ,Guanajuato,guanajuato-universidad gto sede belen-air-quality.csv
2019/9/29,32, ,Guanajuato,guanajuato-universidad gto sede belen-air-quality.csv
2019/9/30,24, ,Guanajuato,guanajuato-universidad gto sede belen-air-quality.csv
2019/10/1,25, ,Guanajuato,guanajuato-universidad gto sede belen-air-quality.csv
2019/4/2,55, ,Guanajuato,guanajuato-universidad gto sede belen-air-quality.csv
2019/4/3,54, ,Guanajuato,guanajuato-universidad gto sede belen-air-quality.csv
2019/4/4,62, ,Guanajuato,guanajuato-universidad gto sede belen-air-quality.csv
2019/4/5,57, ,Guanajuato,guanajuato-universidad gto sede belen-air-quality.csv
2019/4/6,69, ,Guanajuato,guanajuato-universidad gto sede belen-air-quality.csv
2019/4/7,58, ,Guanajuato,guanajuato-universidad gto sede belen-air-quality.csv
2019/4/8,62, ,Guanajuato,guanajuato-universidad gto sede belen-air-quality.csv
2019/4/9,60, ,Guanajuato,guanajuato-universidad gto sede belen-air-quality.csv
2019/4/10,38, ,Guanajuato,guanajuato-universidad gto sede belen-air-quality.csv
2019/4/11,41, ,Guanajuato,guanajuato-universidad gto sede belen-air-quality.csv
2019/4/12,55, ,Guanajuato,guanajuato-universidad gto sede belen-air-quality.csv
2019/4/13,60, ,Guanajuato,guanajuato-universidad gto sede belen-air-quality.csv
2019/4/14,60, ,Guanajuato,guanajuato-universidad gto sede belen-air-quality.csv
2019/4/15,47, ,Guanajuato,guanajuato-universidad gto sede belen-air-quality.csv
2019/4/16,69, ,Guanajuato,guanajuato-universidad gto sede belen-air-quality.csv
2019/4/17,75, ,Guanajuato,guanajuato-universidad gto sede belen-air-quality.csv
2019/4/18,52, ,Guanajuato,guanajuato-universidad gto sede belen-air-quality.csv
2019/4/19,36, ,Guanajuato,guanajuato-universidad gto sede belen-air-quality.csv
2019/4/20,51, ,Guanajuato,guanajuato-universidad gto sede belen-air-quality.csv
2019/4/21,43, ,Guanajuato,guanajuato-universidad gto sede belen-air-quality.csv
2019/4/22,55, ,Guanajuato,guanajuato-universidad gto sede belen-air-quality.csv
2019/4/23,49, ,Guanajuato,guanajuato-universidad gto sede belen-air-quality.csv
2019/4/24,58, ,Guanajuato,guanajuato-universidad gto sede belen-air-quality.csv
2019/4/25,60, ,Guanajuato,guanajuato-universidad gto sede belen-air-quality.csv
2019/4/26,55, ,Guanajuato,guanajuato-universidad gto sede belen-air-quality.csv
2019/4/27,66, ,Guanajuato,guanajuato-universidad gto sede belen-air-quality.csv
2019/4/28,70, ,Guanajuato,guanajuato-universidad gto sede belen-air-quality.csv
2019/4/29,70, ,Guanajuato,guanajuato-universidad gto sede belen-air-quality.csv
2019/4/30,77, ,Guanajuato,guanajuato-universidad gto sede belen-air-quality.csv
2019/5/1,80, ,Guanajuato,guanajuato-universidad gto sede belen-air-quality.csv
2019/5/2,64, 15,Guanajuato,guanajuato-universidad gto sede belen-air-quality.csv
2019/5/3,46, ,Guanajuato,guanajuato-universidad gto sede belen-air-quality.csv
2019/5/4,52, ,Guanajuato,guanajuato-universidad gto sede belen-air-quality.csv
2019/5/5,38, ,Guanajuato,guanajuato-universidad gto sede belen-air-quality.csv
2019/5/6,50, ,Guanajuato,guanajuato-universidad gto sede belen-air-quality.csv
2019/5/7,63, ,Guanajuato,guanajuato-universidad gto sede belen-air-quality.csv
2019/5/8,60, ,Guanajuato,guanajuato-universidad gto sede belen-air-quality.csv
2019/5/9,61, ,Guanajuato,guanajuato-universidad gto sede belen-air-quality.csv
2019/5/10,72, ,Guanajuato,guanajuato-universidad gto sede belen-air-quality.csv
2019/5/11,81, ,Guanajuato,guanajuato-universidad gto sede belen-air-quality.csv
2019/5/12,39, ,Guanajuato,guanajuato-universidad gto sede belen-air-quality.csv
2019/5/13,48, ,Guanajuato,guanajuato-universidad gto sede belen-air-quality.csv
2019/5/14,57, ,Guanajuato,guanajuato-universidad gto sede belen-air-quality.csv
2019/5/15,83, ,Guanajuato,guanajuato-universidad gto sede belen-air-quality.csv
2019/5/16,77, ,Guanajuato,guanajuato-universidad gto sede belen-air-quality.csv
2019/5/17,76, ,Guanajuato,guanajuato-universidad gto sede belen-air-quality.csv
2019/5/18,85, ,Guanajuato,guanajuato-universidad gto sede belen-air-quality.csv
2019/5/19,77, ,Guanajuato,guanajuato-universidad gto sede belen-air-quality.csv
2019/5/20,56, ,Guanajuato,guanajuato-universidad gto sede belen-air-quality.csv
2019/5/21,62, ,Guanajuato,guanajuato-universidad gto sede belen-air-quality.csv
2019/5/22,63, ,Guanajuato,guanajuato-universidad gto sede belen-air-quality.csv
2019/5/23,66, ,Guanajuato,guanajuato-universidad gto sede belen-air-quality.csv
2019/5/24,83, ,Guanajuato,guanajuato-universidad gto sede belen-air-quality.csv
2019/5/25,110, ,Guanajuato,guanajuato-universidad gto sede belen-air-quality.csv
2019/5/26,75, ,Guanajuato,guanajuato-universidad gto sede belen-air-quality.csv
2019/5/27,56, ,Guanajuato,guanajuato-universidad gto sede belen-air-quality.csv
2019/5/28,63, ,Guanajuato,guanajuato-universidad gto sede belen-air-quality.csv
2019/5/29,76, ,Guanajuato,guanajuato-universidad gto sede belen-air-quality.csv
2019/5/30,88, ,Guanajuato,guanajuato-universidad gto sede belen-air-quality.csv
2019/5/31,97, ,Guanajuato,guanajuato-universidad gto sede belen-air-quality.csv
2019/6/1,63, ,Guanajuato,guanajuato-universidad gto sede belen-air-quality.csv
2019/6/2,46, ,Guanajuato,guanajuato-universidad gto sede belen-air-quality.csv
2019/6/3,31, ,Guanajuato,guanajuato-universidad gto sede belen-air-quality.csv
2019/6/4,22, ,Guanajuato,guanajuato-universidad gto sede belen-air-quality.csv
2019/6/5,22, ,Guanajuato,guanajuato-universidad gto sede belen-air-quality.csv
2019/6/6,33, ,Guanajuato,guanajuato-universidad gto sede belen-air-quality.csv
2019/6/7,58, ,Guanajuato,guanajuato-universidad gto sede belen-air-quality.csv
2019/6/8,53, ,Guanajuato,guanajuato-universidad gto sede belen-air-quality.csv
2019/6/9,58, ,Guanajuato,guanajuato-universidad gto sede belen-air-quality.csv
2019/6/10,37, ,Guanajuato,guanajuato-universidad gto sede belen-air-quality.csv
2019/6/11,43, ,Guanajuato,guanajuato-universidad gto sede belen-air-quality.csv
2019/6/12,35, ,Guanajuato,guanajuato-universidad gto sede belen-air-quality.csv
2019/6/13,34, ,Guanajuato,guanajuato-universidad gto sede belen-air-quality.csv
2019/6/14,41, ,Guanajuato,guanajuato-universidad gto sede belen-air-quality.csv
2019/6/15,36, ,Guanajuato,guanajuato-universidad gto sede belen-air-quality.csv
2019/6/17,53, ,Guanajuato,guanajuato-universidad gto sede belen-air-quality.csv
2019/6/18,51, ,Guanajuato,guanajuato-universidad gto sede belen-air-quality.csv
2019/6/19,58, ,Guanajuato,guanajuato-universidad gto sede belen-air-quality.csv
2019/6/20,54, ,Guanajuato,guanajuato-universidad gto sede belen-air-quality.csv
2019/6/21,48, ,Guanajuato,guanajuato-universidad gto sede belen-air-quality.csv
2019/6/22,40, ,Guanajuato,guanajuato-universidad gto sede belen-air-quality.csv
2019/6/23,51, ,Guanajuato,guanajuato-universidad gto sede belen-air-quality.csv
2019/6/24,38, ,Guanajuato,guanajuato-universidad gto sede belen-air-quality.csv
2019/6/25,52, ,Guanajuato,guanajuato-universidad gto sede belen-air-quality.csv
2019/6/26,37, ,Guanajuato,guanajuato-universidad gto sede belen-air-quality.csv
2019/6/27,30, ,Guanajuato,guanajuato-universidad gto sede belen-air-quality.csv
2019/6/28,39, ,Guanajuato,guanajuato-universidad gto sede belen-air-quality.csv
2019/6/29,36, ,Guanajuato,guanajuato-universidad gto sede belen-air-quality.csv
2019/6/30,24, ,Guanajuato,guanajuato-universidad gto sede belen-air-quality.csv
2019/7/1,29, ,Guanajuato,guanajuato-universidad gto sede belen-air-quality.csv
2019/1/2,67, ,Guanajuato,guanajuato-universidad gto sede belen-air-quality.csv
2019/1/3,54, ,Guanajuato,guanajuato-universidad gto sede belen-air-quality.csv
2019/1/4,48, ,Guanajuato,guanajuato-universidad gto sede belen-air-quality.csv
2019/1/5,57, ,Guanajuato,guanajuato-universidad gto sede belen-air-quality.csv
2019/1/6,60, ,Guanajuato,guanajuato-universidad gto sede belen-air-quality.csv
2019/1/7,66, ,Guanajuato,guanajuato-universidad gto sede belen-air-quality.csv
2019/1/8,44, ,Guanajuato,guanajuato-universidad gto sede belen-air-quality.csv
2019/1/9,27, ,Guanajuato,guanajuato-universidad gto sede belen-air-quality.csv
2019/1/10,33, ,Guanajuato,guanajuato-universidad gto sede belen-air-quality.csv
2019/1/11,44, ,Guanajuato,guanajuato-universidad gto sede belen-air-quality.csv
2019/1/12,65, ,Guanajuato,guanajuato-universidad gto sede belen-air-quality.csv
2019/1/13,41, ,Guanajuato,guanajuato-universidad gto sede belen-air-quality.csv
2019/1/14,33, ,Guanajuato,guanajuato-universidad gto sede belen-air-quality.csv
2019/1/15,26, ,Guanajuato,guanajuato-universidad gto sede belen-air-quality.csv
2019/1/16,38, ,Guanajuato,guanajuato-universidad gto sede belen-air-quality.csv
2019/1/17,48, ,Guanajuato,guanajuato-universidad gto sede belen-air-quality.csv
2019/1/18,46, ,Guanajuato,guanajuato-universidad gto sede belen-air-quality.csv
2019/1/20,42, ,Guanajuato,guanajuato-universidad gto sede belen-air-quality.csv
2019/1/21,34, ,Guanajuato,guanajuato-universidad gto sede belen-air-quality.csv
2019/1/22,34, ,Guanajuato,guanajuato-universidad gto sede belen-air-quality.csv
2019/1/23,51, ,Guanajuato,guanajuato-universidad gto sede belen-air-quality.csv
2019/1/24,62, ,Guanajuato,guanajuato-universidad gto sede belen-air-quality.csv
2019/1/25,41, ,Guanajuato,guanajuato-universidad gto sede belen-air-quality.csv
2019/1/29,64, ,Guanajuato,guanajuato-universidad gto sede belen-air-quality.csv
2019/1/30,47, ,Guanajuato,guanajuato-universidad gto sede belen-air-quality.csv
2019/1/31,43, ,Guanajuato,guanajuato-universidad gto sede belen-air-quality.csv
2019/2/1,40, ,Guanajuato,guanajuato-universidad gto sede belen-air-quality.csv
2019/2/2,41, ,Guanajuato,guanajuato-universidad gto sede belen-air-quality.csv
2019/2/3,39, ,Guanajuato,guanajuato-universidad gto sede belen-air-quality.csv
2019/2/4,52, ,Guanajuato,guanajuato-universidad gto sede belen-air-quality.csv
2019/2/5,42, ,Guanajuato,guanajuato-universidad gto sede belen-air-quality.csv
2019/2/6,52, ,Guanajuato,guanajuato-universidad gto sede belen-air-quality.csv
2019/2/7,64, ,Guanajuato,guanajuato-universidad gto sede belen-air-quality.csv
2019/2/8,53, ,Guanajuato,guanajuato-universidad gto sede belen-air-quality.csv
2019/2/9,51, ,Guanajuato,guanajuato-universidad gto sede belen-air-quality.csv
2019/2/10,23, ,Guanajuato,guanajuato-universidad gto sede belen-air-quality.csv
2019/2/11,38, ,Guanajuato,guanajuato-universidad gto sede belen-air-quality.csv
2019/2/12,63, ,Guanajuato,guanajuato-universidad gto sede belen-air-quality.csv
2019/2/13,51, ,Guanajuato,guanajuato-universidad gto sede belen-air-quality.csv
2019/2/14,44, ,Guanajuato,guanajuato-universidad gto sede belen-air-quality.csv
2019/2/15,54, ,Guanajuato,guanajuato-universidad gto sede belen-air-quality.csv
2019/2/16,53, ,Guanajuato,guanajuato-universidad gto sede belen-air-quality.csv
2019/2/17,52, ,Guanajuato,guanajuato-universidad gto sede belen-air-quality.csv
2019/2/18,51, ,Guanajuato,guanajuato-universidad gto sede belen-air-quality.csv
2019/2/19,46, ,Guanajuato,guanajuato-universidad gto sede belen-air-quality.csv
2019/2/20,54, ,Guanajuato,guanajuato-universidad gto sede belen-air-quality.csv
2019/2/21,41, ,Guanajuato,guanajuato-universidad gto sede belen-air-quality.csv
2019/2/22,49, ,Guanajuato,guanajuato-universidad gto sede belen-air-quality.csv
2019/2/23,60, ,Guanajuato,guanajuato-universidad gto sede belen-air-quality.csv
2019/2/24,24, ,Guanajuato,guanajuato-universidad gto sede belen-air-quality.csv
2019/2/25,40, ,Guanajuato,guanajuato-universidad gto sede belen-air-quality.csv
2019/2/26,53, ,Guanajuato,guanajuato-universidad gto sede belen-air-quality.csv
2019/2/27,47, ,Guanajuato,guanajuato-universidad gto sede belen-air-quality.csv
2019/2/28,47, ,Guanajuato,guanajuato-universidad gto sede belen-air-quality.csv
2019/3/1,51, ,Guanajuato,guanajuato-universidad gto sede belen-air-quality.csv
2019/3/2,52, ,Guanajuato,guanajuato-universidad gto sede belen-air-quality.csv
2019/3/3,55, ,Guanajuato,guanajuato-universidad gto sede belen-air-quality.csv
2019/3/4,47, ,Guanajuato,guanajuato-universidad gto sede belen-air-quality.csv
2019/3/5,61, ,Guanajuato,guanajuato-universidad gto sede belen-air-quality.csv
2019/3/6,52, ,Guanajuato,guanajuato-universidad gto sede belen-air-quality.csv
2019/3/7,59, ,Guanajuato,guanajuato-universidad gto sede belen-air-quality.csv
2019/3/8,60, ,Guanajuato,guanajuato-universidad gto sede belen-air-quality.csv
2019/3/9,63, ,Guanajuato,guanajuato-universidad gto sede belen-air-quality.csv
2019/3/12,69, ,Guanajuato,guanajuato-universidad gto sede belen-air-quality.csv
2019/3/13,78, ,Guanajuato,guanajuato-universidad gto sede belen-air-quality.csv
2019/3/14,56, ,Guanajuato,guanajuato-universidad gto sede belen-air-quality.csv
2019/3/15,58, ,Guanajuato,guanajuato-universidad gto sede belen-air-quality.csv
2019/3/16,69, ,Guanajuato,guanajuato-universidad gto sede belen-air-quality.csv
2019/3/17,54, ,Guanajuato,guanajuato-universidad gto sede belen-air-quality.csv
2019/3/18,58, ,Guanajuato,guanajuato-universidad gto sede belen-air-quality.csv
2019/3/19,58, ,Guanajuato,guanajuato-universidad gto sede belen-air-quality.csv
2019/3/20,61, ,Guanajuato,guanajuato-universidad gto sede belen-air-quality.csv
2019/3/21,61, ,Guanajuato,guanajuato-universidad gto sede belen-air-quality.csv
2019/3/22,44, ,Guanajuato,guanajuato-universidad gto sede belen-air-quality.csv
2019/3/23,41, ,Guanajuato,guanajuato-universidad gto sede belen-air-quality.csv
2019/3/24,60, ,Guanajuato,guanajuato-universidad gto sede belen-air-quality.csv
2019/3/25,54, ,Guanajuato,guanajuato-universidad gto sede belen-air-quality.csv
2019/3/26,59, ,Guanajuato,guanajuato-universidad gto sede belen-air-quality.csv
2019/3/27,45, ,Guanajuato,guanajuato-universidad gto sede belen-air-quality.csv
2019/3/28,53, ,Guanajuato,guanajuato-universidad gto sede belen-air-quality.csv
2019/3/29,48, ,Guanajuato,guanajuato-universidad gto sede belen-air-quality.csv
2019/3/30,60, ,Guanajuato,guanajuato-universidad gto sede belen-air-quality.csv
2019/3/31,53, ,Guanajuato,guanajuato-universidad gto sede belen-air-quality.csv
2019/4/1,61, ,Guanajuato,guanajuato-universidad gto sede belen-air-quality.csv
2018/10/2,15, ,Guanajuato,guanajuato-universidad gto sede belen-air-quality.csv
2018/10/3,13, ,Guanajuato,guanajuato-universidad gto sede belen-air-quality.csv
2018/10/4,13, ,Guanajuato,guanajuato-universidad gto sede belen-air-quality.csv
2018/10/5,9, ,Guanajuato,guanajuato-universidad gto sede belen-air-quality.csv
2018/10/6,16, ,Guanajuato,guanajuato-universidad gto sede belen-air-quality.csv
2018/10/7,30, ,Guanajuato,guanajuato-universidad gto sede belen-air-quality.csv
2018/10/8,44, ,Guanajuato,guanajuato-universidad gto sede belen-air-quality.csv
2018/10/9,28, ,Guanajuato,guanajuato-universidad gto sede belen-air-quality.csv
2018/10/10,27, ,Guanajuato,guanajuato-universidad gto sede belen-air-quality.csv
2018/10/11,33, ,Guanajuato,guanajuato-universidad gto sede belen-air-quality.csv
2018/10/12,42, ,Guanajuato,guanajuato-universidad gto sede belen-air-quality.csv
2018/10/13,38, ,Guanajuato,guanajuato-universidad gto sede belen-air-quality.csv
2018/10/14,50, ,Guanajuato,guanajuato-universidad gto sede belen-air-quality.csv
2018/10/15,35, ,Guanajuato,guanajuato-universidad gto sede belen-air-quality.csv
2018/10/16,27, ,Guanajuato,guanajuato-universidad gto sede belen-air-quality.csv
2018/10/17,30, ,Guanajuato,guanajuato-universidad gto sede belen-air-quality.csv
2018/10/18,13, ,Guanajuato,guanajuato-universidad gto sede belen-air-quality.csv
2018/10/19,10, ,Guanajuato,guanajuato-universidad gto sede belen-air-quality.csv
2018/10/20,11, ,Guanajuato,guanajuato-universidad gto sede belen-air-quality.csv
2018/11/8,43, ,Guanajuato,guanajuato-universidad gto sede belen-air-quality.csv
2018/11/9,45, ,Guanajuato,guanajuato-universidad gto sede belen-air-quality.csv
2018/11/10,50, ,Guanajuato,guanajuato-universidad gto sede belen-air-quality.csv
2018/11/11,42, ,Guanajuato,guanajuato-universidad gto sede belen-air-quality.csv
2018/11/14,36, ,Guanajuato,guanajuato-universidad gto sede belen-air-quality.csv
2018/11/15,20, ,Guanajuato,guanajuato-universidad gto sede belen-air-quality.csv
2018/11/16,36, ,Guanajuato,guanajuato-universidad gto sede belen-air-quality.csv
2018/11/17,47, ,Guanajuato,guanajuato-universidad gto sede belen-air-quality.csv
2018/11/18,30, ,Guanajuato,guanajuato-universidad gto sede belen-air-quality.csv
2018/11/19,41, ,Guanajuato,guanajuato-universidad gto sede belen-air-quality.csv
2018/11/20,37, ,Guanajuato,guanajuato-universidad gto sede belen-air-quality.csv
2018/11/21,34, ,Guanajuato,guanajuato-universidad gto sede belen-air-quality.csv
2018/11/22,58, ,Guanajuato,guanajuato-universidad gto sede belen-air-quality.csv
2018/11/23,57, ,Guanajuato,guanajuato-universidad gto sede belen-air-quality.csv
2018/11/24,41, ,Guanajuato,guanajuato-universidad gto sede belen-air-quality.csv
2018/11/25,41, ,Guanajuato,guanajuato-universidad gto sede belen-air-quality.csv
2018/11/26,42, ,Guanajuato,guanajuato-universidad gto sede belen-air-quality.csv
2018/11/27,31, ,Guanajuato,guanajuato-universidad gto sede belen-air-quality.csv
2018/11/28,54, ,Guanajuato,guanajuato-universidad gto sede belen-air-quality.csv
2018/11/29,50, ,Guanajuato,guanajuato-universidad gto sede belen-air-quality.csv
2018/11/30,21, ,Guanajuato,guanajuato-universidad gto sede belen-air-quality.csv
2018/12/1,31, ,Guanajuato,guanajuato-universidad gto sede belen-air-quality.csv
2018/12/2,27, ,Guanajuato,guanajuato-universidad gto sede belen-air-quality.csv
2018/12/3,29, ,Guanajuato,guanajuato-universidad gto sede belen-air-quality.csv
2018/12/4,28, ,Guanajuato,guanajuato-universidad gto sede belen-air-quality.csv
2018/12/5,48, ,Guanajuato,guanajuato-universidad gto sede belen-air-quality.csv
2018/12/6,29, ,Guanajuato,guanajuato-universidad gto sede belen-air-quality.csv
2018/12/7,44, ,Guanajuato,guanajuato-universidad gto sede belen-air-quality.csv
2018/12/8,52, ,Guanajuato,guanajuato-universidad gto sede belen-air-quality.csv
2018/12/9,46, ,Guanajuato,guanajuato-universidad gto sede belen-air-quality.csv
2018/12/10,32, ,Guanajuato,guanajuato-universidad gto sede belen-air-quality.csv
2018/12/11,27, ,Guanajuato,guanajuato-universidad gto sede belen-air-quality.csv
2018/12/12,35, ,Guanajuato,guanajuato-universidad gto sede belen-air-quality.csv
2018/12/14,25, ,Guanajuato,guanajuato-universidad gto sede belen-air-quality.csv
2018/12/15,27, ,Guanajuato,guanajuato-universidad gto sede belen-air-quality.csv
2018/12/16,36, ,Guanajuato,guanajuato-universidad gto sede belen-air-quality.csv
2018/12/19,47, ,Guanajuato,guanajuato-universidad gto sede belen-air-quality.csv
2018/12/20,44, ,Guanajuato,guanajuato-universidad gto sede belen-air-quality.csv
2018/12/21,51, ,Guanajuato,guanajuato-universidad gto sede belen-air-quality.csv
2018/12/24,33, ,Guanajuato,guanajuato-universidad gto sede belen-air-quality.csv
2018/12/25,51, ,Guanajuato,guanajuato-universidad gto sede belen-air-quality.csv
2018/12/26,86, ,Guanajuato,guanajuato-universidad gto sede belen-air-quality.csv
2018/12/27,56, ,Guanajuato,guanajuato-universidad gto sede belen-air-quality.csv
2018/12/28,42, ,Guanajuato,guanajuato-universidad gto sede belen-air-quality.csv
2018/12/29,46, ,Guanajuato,guanajuato-universidad gto sede belen-air-quality.csv
2018/12/30,57, ,Guanajuato,guanajuato-universidad gto sede belen-air-quality.csv
2018/12/31,57, ,Guanajuato,guanajuato-universidad gto sede belen-air-quality.csv
2018/7/7,29, ,Guanajuato,guanajuato-universidad gto sede belen-air-quality.csv
2018/7/8,21, ,Guanajuato,guanajuato-universidad gto sede belen-air-quality.csv
2018/7/9,26, ,Guanajuato,guanajuato-universidad gto sede belen-air-quality.csv
2018/7/10,30, ,Guanajuato,guanajuato-universidad gto sede belen-air-quality.csv
2018/7/11,31, ,Guanajuato,guanajuato-universidad gto sede belen-air-quality.csv
2018/7/12,20, ,Guanajuato,guanajuato-universidad gto sede belen-air-quality.csv
2018/7/13,40, ,Guanajuato,guanajuato-universidad gto sede belen-air-quality.csv
2018/7/14,48, ,Guanajuato,guanajuato-universidad gto sede belen-air-quality.csv
2018/7/15,35, ,Guanajuato,guanajuato-universidad gto sede belen-air-quality.csv
2018/7/16,57, ,Guanajuato,guanajuato-universidad gto sede belen-air-quality.csv
2018/7/17,67, ,Guanajuato,guanajuato-universidad gto sede belen-air-quality.csv
2018/7/18,70, ,Guanajuato,guanajuato-universidad gto sede belen-air-quality.csv
2018/7/19,39, ,Guanajuato,guanajuato-universidad gto sede belen-air-quality.csv
2018/7/20,35, ,Guanajuato,guanajuato-universidad gto sede belen-air-quality.csv
2018/7/21,35, ,Guanajuato,guanajuato-universidad gto sede belen-air-quality.csv
2018/7/22,50, ,Guanajuato,guanajuato-universidad gto sede belen-air-quality.csv
2018/7/23,28, ,Guanajuato,guanajuato-universidad gto sede belen-air-quality.csv
2018/7/24,40, ,Guanajuato,guanajuato-universidad gto sede belen-air-quality.csv
2018/7/25,44, ,Guanajuato,guanajuato-universidad gto sede belen-air-quality.csv
2018/7/26,40, ,Guanajuato,guanajuato-universidad gto sede belen-air-quality.csv
2018/7/27,46, ,Guanajuato,guanajuato-universidad gto sede belen-air-quality.csv
2018/7/31,25, ,Guanajuato,guanajuato-universidad gto sede belen-air-quality.csv
2018/8/1,31, ,Guanajuato,guanajuato-universidad gto sede belen-air-quality.csv
2018/8/2,31, ,Guanajuato,guanajuato-universidad gto sede belen-air-quality.csv
2018/8/3,31, ,Guanajuato,guanajuato-universidad gto sede belen-air-quality.csv
2018/8/4,23, ,Guanajuato,guanajuato-universidad gto sede belen-air-quality.csv
2018/8/5,20, ,Guanajuato,guanajuato-universidad gto sede belen-air-quality.csv
2018/8/6,19, ,Guanajuato,guanajuato-universidad gto sede belen-air-quality.csv
2018/8/7,14, ,Guanajuato,guanajuato-universidad gto sede belen-air-quality.csv
2018/8/8,23, ,Guanajuato,guanajuato-universidad gto sede belen-air-quality.csv
2018/8/9,37, ,Guanajuato,guanajuato-universidad gto sede belen-air-quality.csv
2018/8/10,44, ,Guanajuato,guanajuato-universidad gto sede belen-air-quality.csv
2018/8/11,40, ,Guanajuato,guanajuato-universidad gto sede belen-air-quality.csv
2018/8/13,24, ,Guanajuato,guanajuato-universidad gto sede belen-air-quality.csv
2018/8/14,24, ,Guanajuato,guanajuato-universidad gto sede belen-air-quality.csv
2018/8/15,49, ,Guanajuato,guanajuato-universidad gto sede belen-air-quality.csv
2018/8/16,55, ,Guanajuato,guanajuato-universidad gto sede belen-air-quality.csv
2018/8/17,46, ,Guanajuato,guanajuato-universidad gto sede belen-air-quality.csv
2018/8/18,35, ,Guanajuato,guanajuato-universidad gto sede belen-air-quality.csv
2018/8/19,28, ,Guanajuato,guanajuato-universidad gto sede belen-air-quality.csv
2018/8/20,27, ,Guanajuato,guanajuato-universidad gto sede belen-air-quality.csv
2018/8/21,37, ,Guanajuato,guanajuato-universidad gto sede belen-air-quality.csv
2018/8/22,26, ,Guanajuato,guanajuato-universidad gto sede belen-air-quality.csv
2018/8/23,14, ,Guanajuato,guanajuato-universidad gto sede belen-air-quality.csv
2018/8/24,17, ,Guanajuato,guanajuato-universidad gto sede belen-air-quality.csv
2018/8/25,31, ,Guanajuato,guanajuato-universidad gto sede belen-air-quality.csv
2018/8/26,30, ,Guanajuato,guanajuato-universidad gto sede belen-air-quality.csv
2018/8/27,27, ,Guanajuato,guanajuato-universidad gto sede belen-air-quality.csv
2018/8/28,30, ,Guanajuato,guanajuato-universidad gto sede belen-air-quality.csv
2018/8/29,32, ,Guanajuato,guanajuato-universidad gto sede belen-air-quality.csv
2018/8/30,29, ,Guanajuato,guanajuato-universidad gto sede belen-air-quality.csv
2018/8/31,35, ,Guanajuato,guanajuato-universidad gto sede belen-air-quality.csv
2018/9/1,29, ,Guanajuato,guanajuato-universidad gto sede belen-air-quality.csv
2018/9/2,19, ,Guanajuato,guanajuato-universidad gto sede belen-air-quality.csv
2018/9/3,42, ,Guanajuato,guanajuato-universidad gto sede belen-air-quality.csv
2018/9/4,34, ,Guanajuato,guanajuato-universidad gto sede belen-air-quality.csv
2018/9/5,31, ,Guanajuato,guanajuato-universidad gto sede belen-air-quality.csv
2018/9/6,29, ,Guanajuato,guanajuato-universidad gto sede belen-air-quality.csv
2018/9/7,25, ,Guanajuato,guanajuato-universidad gto sede belen-air-quality.csv
2018/9/8,45, ,Guanajuato,guanajuato-universidad gto sede belen-air-quality.csv
2018/9/9,39, ,Guanajuato,guanajuato-universidad gto sede belen-air-quality.csv
2018/9/10,24, ,Guanajuato,guanajuato-universidad gto sede belen-air-quality.csv
2018/9/11,30, ,Guanajuato,guanajuato-universidad gto sede belen-air-quality.csv
2018/9/12,42, ,Guanajuato,guanajuato-universidad gto sede belen-air-quality.csv
2018/9/13,26, ,Guanajuato,guanajuato-universidad gto sede belen-air-quality.csv
2018/9/14,26, ,Guanajuato,guanajuato-universidad gto sede belen-air-quality.csv
2018/9/15,28, ,Guanajuato,guanajuato-universidad gto sede belen-air-quality.csv
2018/9/16,43, ,Guanajuato,guanajuato-universidad gto sede belen-air-quality.csv
2018/9/17,43, ,Guanajuato,guanajuato-universidad gto sede belen-air-quality.csv
2018/9/18,29, ,Guanajuato,guanajuato-universidad gto sede belen-air-quality.csv
2018/9/19,45, ,Guanajuato,guanajuato-universidad gto sede belen-air-quality.csv
2018/9/24,22, ,Guanajuato,guanajuato-universidad gto sede belen-air-quality.csv
2018/9/25,28, ,Guanajuato,guanajuato-universidad gto sede belen-air-quality.csv
2018/9/26,19, ,Guanajuato,guanajuato-universidad gto sede belen-air-quality.csv
2018/9/27,23, ,Guanajuato,guanajuato-universidad gto sede belen-air-quality.csv
2018/9/28,18, ,Guanajuato,guanajuato-universidad gto sede belen-air-quality.csv
2018/4/6,61, ,Guanajuato,guanajuato-universidad gto sede belen-air-quality.csv
2018/4/7,52, ,Guanajuato,guanajuato-universidad gto sede belen-air-quality.csv
2018/4/8,45, ,Guanajuato,guanajuato-universidad gto sede belen-air-quality.csv
2018/4/9,49, ,Guanajuato,guanajuato-universidad gto sede belen-air-quality.csv
2018/4/10,60, ,Guanajuato,guanajuato-universidad gto sede belen-air-quality.csv
2018/4/11,64, ,Guanajuato,guanajuato-universidad gto sede belen-air-quality.csv
2018/4/12,31, ,Guanajuato,guanajuato-universidad gto sede belen-air-quality.csv
2018/4/13,51, ,Guanajuato,guanajuato-universidad gto sede belen-air-quality.csv
2018/4/14,59, ,Guanajuato,guanajuato-universidad gto sede belen-air-quality.csv
2018/4/15,50, ,Guanajuato,guanajuato-universidad gto sede belen-air-quality.csv
2018/4/16,65, ,Guanajuato,guanajuato-universidad gto sede belen-air-quality.csv
2018/4/17,61, ,Guanajuato,guanajuato-universidad gto sede belen-air-quality.csv
2018/4/18,57, ,Guanajuato,guanajuato-universidad gto sede belen-air-quality.csv
2018/4/19,49, ,Guanajuato,guanajuato-universidad gto sede belen-air-quality.csv
2018/4/20,58, ,Guanajuato,guanajuato-universidad gto sede belen-air-quality.csv
2018/4/21,71, ,Guanajuato,guanajuato-universidad gto sede belen-air-quality.csv
2018/4/23,53, ,Guanajuato,guanajuato-universidad gto sede belen-air-quality.csv
2018/4/24,67, ,Guanajuato,guanajuato-universidad gto sede belen-air-quality.csv
2018/4/25,69, ,Guanajuato,guanajuato-universidad gto sede belen-air-quality.csv
2018/4/26,59, ,Guanajuato,guanajuato-universidad gto sede belen-air-quality.csv
2018/4/27,60, ,Guanajuato,guanajuato-universidad gto sede belen-air-quality.csv
2018/4/28,73, ,Guanajuato,guanajuato-universidad gto sede belen-air-quality.csv
2018/4/30,60, ,Guanajuato,guanajuato-universidad gto sede belen-air-quality.csv
2018/5/1,62, ,Guanajuato,guanajuato-universidad gto sede belen-air-quality.csv
2018/5/2,63, ,Guanajuato,guanajuato-universidad gto sede belen-air-quality.csv
2018/5/3,57, ,Guanajuato,guanajuato-universidad gto sede belen-air-quality.csv
2018/5/4,68, ,Guanajuato,guanajuato-universidad gto sede belen-air-quality.csv
2018/5/5,55, ,Guanajuato,guanajuato-universidad gto sede belen-air-quality.csv
2018/5/6,38, ,Guanajuato,guanajuato-universidad gto sede belen-air-quality.csv
2018/5/7,28, ,Guanajuato,guanajuato-universidad gto sede belen-air-quality.csv
2018/5/8,32, ,Guanajuato,guanajuato-universidad gto sede belen-air-quality.csv
2018/5/9,54, ,Guanajuato,guanajuato-universidad gto sede belen-air-quality.csv
2018/5/10,51, ,Guanajuato,guanajuato-universidad gto sede belen-air-quality.csv
2018/5/11,46, ,Guanajuato,guanajuato-universidad gto sede belen-air-quality.csv
2018/5/12,44, ,Guanajuato,guanajuato-universidad gto sede belen-air-quality.csv
2018/5/13,67, ,Guanajuato,guanajuato-universidad gto sede belen-air-quality.csv
2018/5/14,67, ,Guanajuato,guanajuato-universidad gto sede belen-air-quality.csv
2018/5/15,64, ,Guanajuato,guanajuato-universidad gto sede belen-air-quality.csv
2018/5/16,53, ,Guanajuato,guanajuato-universidad gto sede belen-air-quality.csv
2018/5/17,51, ,Guanajuato,guanajuato-universidad gto sede belen-air-quality.csv
2018/5/18,61, ,Guanajuato,guanajuato-universidad gto sede belen-air-quality.csv
2018/5/19,56, ,Guanajuato,guanajuato-universidad gto sede belen-air-quality.csv
2018/5/20,47, ,Guanajuato,guanajuato-universidad gto sede belen-air-quality.csv
2018/5/21,46, ,Guanajuato,guanajuato-universidad gto sede belen-air-quality.csv
2018/5/22,67, ,Guanajuato,guanajuato-universidad gto sede belen-air-quality.csv
2018/5/23,72, ,Guanajuato,guanajuato-universidad gto sede belen-air-quality.csv
2018/5/24,70, ,Guanajuato,guanajuato-universidad gto sede belen-air-quality.csv
2018/5/25,65, ,Guanajuato,guanajuato-universidad gto sede belen-air-quality.csv
2018/5/26,57, ,Guanajuato,guanajuato-universidad gto sede belen-air-quality.csv
2018/5/27,44, ,Guanajuato,guanajuato-universidad gto sede belen-air-quality.csv
2018/5/28,44, ,Guanajuato,guanajuato-universidad gto sede belen-air-quality.csv
2018/5/29,46, ,Guanajuato,guanajuato-universidad gto sede belen-air-quality.csv
2018/5/30,62, ,Guanajuato,guanajuato-universidad gto sede belen-air-quality.csv
2018/5/31,53, ,Guanajuato,guanajuato-universidad gto sede belen-air-quality.csv
2018/6/1,50, ,Guanajuato,guanajuato-universidad gto sede belen-air-quality.csv
2018/6/2,45, ,Guanajuato,guanajuato-universidad gto sede belen-air-quality.csv
2018/6/3,48, ,Guanajuato,guanajuato-universidad gto sede belen-air-quality.csv
2018/6/4,47, ,Guanajuato,guanajuato-universidad gto sede belen-air-quality.csv
2018/6/5,32, ,Guanajuato,guanajuato-universidad gto sede belen-air-quality.csv
2018/6/6,32, ,Guanajuato,guanajuato-universidad gto sede belen-air-quality.csv
2018/6/7,42, ,Guanajuato,guanajuato-universidad gto sede belen-air-quality.csv
2018/6/8,50, ,Guanajuato,guanajuato-universidad gto sede belen-air-quality.csv
2018/6/9,47, ,Guanajuato,guanajuato-universidad gto sede belen-air-quality.csv
2018/6/10,40, ,Guanajuato,guanajuato-universidad gto sede belen-air-quality.csv
2018/6/11,44, ,Guanajuato,guanajuato-universidad gto sede belen-air-quality.csv
2018/6/12,53, ,Guanajuato,guanajuato-universidad gto sede belen-air-quality.csv
2018/6/13,40, ,Guanajuato,guanajuato-universidad gto sede belen-air-quality.csv
2018/6/14,34, ,Guanajuato,guanajuato-universidad gto sede belen-air-quality.csv
2018/6/15,24, ,Guanajuato,guanajuato-universidad gto sede belen-air-quality.csv
2018/6/16,35, ,Guanajuato,guanajuato-universidad gto sede belen-air-quality.csv
2018/6/17,21, ,Guanajuato,guanajuato-universidad gto sede belen-air-quality.csv
2018/6/18,53, ,Guanajuato,guanajuato-universidad gto sede belen-air-quality.csv
2018/6/19,33, ,Guanajuato,guanajuato-universidad gto sede belen-air-quality.csv
2018/6/20,20, ,Guanajuato,guanajuato-universidad gto sede belen-air-quality.csv
2018/6/21,23, ,Guanajuato,guanajuato-universidad gto sede belen-air-quality.csv
2018/6/22,48, ,Guanajuato,guanajuato-universidad gto sede belen-air-quality.csv
2018/6/23,50, ,Guanajuato,guanajuato-universidad gto sede belen-air-quality.csv
2018/6/26,22, ,Guanajuato,guanajuato-universidad gto sede belen-air-quality.csv
2018/6/29,39, ,Guanajuato,guanajuato-universidad gto sede belen-air-quality.csv
2018/6/30,34, ,Guanajuato,guanajuato-universidad gto sede belen-air-quality.csv
