date, pm25, pm10, o3, no2, so2, co
2025/8/21, 45, 17, 67, 13, 1, 5
2025/8/22, 33, 68, 56, 15, 3, 8
2025/8/23, 35, 13, 39, 12, 1, 5
2025/8/24, 29, 10, 41, 11, 2, 5
2025/8/25, 26, 11, 27, 17, 2, 8
2025/8/26, 25, 20, 47, 16, 2, 8
2025/8/27, 45, 19, 38, 10, 2, 5
2025/8/28, 33, 14, 42, 10, 2, 5
2025/8/29, 27, 9, 31, 7, 3, 3
2025/8/30, 16, , , , , 
2025/7/16, 48, 19, 15, 29, 2, 5
2025/7/17, 44, 14, 22, 29, 3, 5
2025/7/18, 33, 11, 12, 31, 2, 6
2025/7/19, 29, 20, 28, 24, 2, 4
2025/7/20, 48, 57, 24, 31, 2, 9
2025/7/21, 43, 17, 32, 32, 1, 6
2025/7/22, 37, 28, 29, 33, , 6
2025/7/23, 51, 28, 44, 23, 2, 6
2025/7/24, 56, 24, 48, 12, 2, 4
2025/7/25, 42, 18, 57, 9, 3, 4
2025/7/26, 36, 20, 49, 10, 2, 4
2025/7/27, 33, 19, 39, 8, 3, 4
2025/7/28, 35, 17, 36, 11, 1, 5
2025/7/29, 34, 20, 48, 14, 3, 5
2025/7/30, 39, 21, 46, 11, 1, 4
2025/7/31, 33, 18, 28, 15, 5, 5
2025/8/1, 44, , , , , 
2025/4/2, 46, 45, 46, 21, 4, 9
2025/4/3, 64, 32, 41, 17, 2, 6
2025/4/4, 49, 25, 16, 17, 2, 6
2025/4/5, 47, 29, 33, 9, 1, 4
2025/4/6, 44, 29, 53, 14, 1, 5
2025/4/7, 45, 46, 68, 10, , 3
2025/4/8, 47, 49, 76, 14, 1, 5
2025/4/9, 53, 47, 81, 20, 1, 6
2025/4/10, 57, 53, 76, 22, 2, 7
2025/4/11, 62, 52, 60, 22, 1, 7
2025/4/12, 49, 50, 65, 18, 1, 6
2025/4/13, 54, 52, 78, 25, 1, 9
2025/4/14, 65, 50, 95, 18, 1, 6
2025/4/15, 65, 59, 93, 20, 2, 6
2025/4/16, 72, 57, 94, 12, 1, 5
2025/4/17, 64, 45, 90, 12, , 5
2025/4/18, 60, 45, 76, 11, 1, 4
2025/4/19, 61, 42, 73, 16, 2, 6
2025/4/20, 62, 37, 84, 10, 1, 4
2025/4/21, 58, 30, 61, 10, 1, 3
2025/4/22, 40, 38, 58, 18, 1, 6
2025/4/23, 46, 36, 53, 16, 1, 5
2025/4/24, 51, 44, 60, 15, 2, 5
2025/4/25, 68, 41, 65, 29, 3, 9
2025/4/26, 63, 54, 106, 23, 2, 8
2025/4/27, 74, 47, 87, 10, 3, 5
2025/4/28, 71, 44, 65, 13, 3, 5
2025/4/29, 64, 45, 51, 12, 2, 5
2025/4/30, 67, 37, 55, 11, , 4
2025/5/1, 56, 32, 49, 10, 2, 3
2025/5/2, 51, 33, 44, 10, 1, 4
2025/5/3, 39, 33, 45, 13, , 4
2025/5/4, 47, 27, 50, 15, 1, 5
2025/5/5, 48, 27, 44, 8, 1, 3
2025/5/6, 47, 30, 44, 11, 1, 4
2025/5/7, 44, 35, 53, 15, 2, 6
2025/5/8, 57, 35, 55, 12, 1, 4
2025/5/9, 51, 25, 48, 14, , 4
2025/5/10, 31, 43, 60, 7, , 4
2025/5/11, 47, 34, 62, 6, 1, 3
2025/5/12, 48, 39, 68, 12, 4, 4
2025/5/13, 59, 191, 56, 10, 2, 3
2025/5/14, 50, 42, 76, 16, 1, 4
2025/5/15, 62, 38, 74, 19, 2, 6
2025/5/16, 60, 44, 55, 15, 1, 6
2025/5/17, 67, 49, 69, 13, , 6
2025/5/18, 83, 38, 51, 9, , 4
2025/5/19, 65, 33, 48, 13, , 4
2025/5/20, 51, 37, 69, 15, , 5
2025/5/21, 54, 60, 85, 15, , 5
2025/5/22, 64, 51, 91, 17, , 6
2025/5/23, 70, 48, 97, 19, 4, 6
2025/5/24, 84, 45, 89, 17, 3, 5
2025/5/25, 80, , , , , 
2025/5/28, 39, 47, 34, 35, , 6
2025/5/29, 66, 26, 8, 32, 1, 6
2025/5/30, 44, 28, 6, 43, 1, 5
2025/5/31, 40, 23, 17, 29, , 4
2025/6/1, 40, 22, 26, 25, 2, 3
2025/6/2, 49, 21, 24, 26, 1, 3
2025/6/3, 36, 19, 22, 26, 1, 3
2025/6/4, 36, 34, 38, 33, 4, 6
2025/6/5, 58, 31, 27, 31, 2, 5
2025/6/6, 59, 39, 30, 29, 3, 5
2025/6/7, 76, 35, 34, 25, 3, 4
2025/6/8, 69, 39, 34, 25, 2, 4
2025/6/9, 67, 34, 21, 26, 3, 4
2025/6/10, 57, 20, 16, 21, 3, 2
2025/6/11, 42, 97, 30, 32, 1, 7
2025/6/12, 53, 18, 31, 32, 4, 5
2025/6/13, 35, 25, 26, 35, 2, 6
2025/6/14, 58, 17, 11, 30, , 5
2025/6/15, 33, 8, 8, 26, , 4
2025/6/16, 16, 13, 20, 30, 3, 5
2025/6/17, 27, 21, 21, 34, 1, 5
2025/6/18, 39, 21, 17, 34, 2, 5
2025/6/19, 42, 12, 8, 27, 4, 5
2025/6/20, 21, 7, 5, 29, 3, 6
2025/6/21, 15, 18, 8, 31, 2, 6
2025/6/22, 35, 9, 5, 23, 3, 3
2025/6/23, 14, 14, 5, 31, 3, 6
2025/6/24, 26, 12, 6, 30, 2, 6
2025/6/25, 29, 21, 12, 31, 3, 8
2025/6/26, 45, 22, 17, 30, 3, 5
2025/6/27, 41, 20, 22, 32, 3, 6
2025/6/28, 43, 16, 17, 29, 3, 5
2025/6/29, 39, , , , , 
2025/1/2, 216, 64, 34, , 3, 17
2025/1/3, 104, 53, 30, , 4, 19
2025/1/4, 89, 48, 38, , 4, 9
2025/1/5, 74, 39, 38, , 4, 12
2025/1/6, 77, 52, 25, , 4, 15
2025/1/7, 86, 49, 14, , 4, 15
2025/1/8, 75, 20, 15, , 2, 5
2025/1/9, 47, 27, 12, , 1, 5
2025/1/10, 51, 20, 11, , 2, 9
2025/1/11, 48, 21, 10, , 2, 8
2025/1/12, 43, 18, 16, , 1, 8
2025/1/13, 35, 26, 20, , 2, 8
2025/1/14, 42, 36, 16, , 3, 17
2025/1/15, 55, 50, 35, , 4, 24
2025/1/16, 77, 43, 38, , 4, 9
2025/1/17, 64, 34, 1, , 5, 11
2025/1/18, 48, 30, , , 4, 9
2025/1/19, 47, 36, , , 4, 14
2025/1/20, 56, 31, 5, , 4, 9
2025/1/21, 45, 33, 20, , 4, 10
2025/1/22, 48, 41, 32, , 2, 7
2025/1/23, 49, 42, 25, , 4, 11
2025/1/24, 74, 38, 27, , 3, 11
2025/1/25, 49, 65, 36, , 4, 20
2025/1/26, 97, 34, 38, , 3, 11
2025/1/27, 57, 36, 36, , 3, 9
2025/1/28, 53, 48, 36, , 5, 12
2025/1/29, 70, 43, 21, , 5, 13
2025/1/30, 60, 42, 17, , 4, 10
2025/1/31, 54, 48, 28, , 4, 13
2025/2/1, 67, 48, 39, , 5, 11
2025/2/2, 65, 45, 37, , 3, 7
2025/2/3, 49, 37, 44, , 2, 7
2025/2/4, 57, 27, 9, 11, 3, 6
2025/2/5, 42, , , 18, , 9
2025/2/9, 60, 34, 14, 13, 3, 6
2025/2/10, 55, 48, 36, 16, 3, 8
2025/2/11, 66, 39, 6, 13, 5, 7
2025/2/12, 63, , , , , 
2025/2/19, 28, 35, 28, 16, , 8
2025/2/20, 49, 45, 20, 20, , 11
2025/2/21, 62, 42, 25, 18, 10, 10
2025/2/22, 63, 307, 38, , , 12
2025/2/23, 94, 880, 26, , , 9
2025/2/24, 48, 46, 30, 22, , 11
2025/2/25, 42, 73, 59, 31, , 20
2025/2/26, 104, 42, 39, 19, 2, 7
2025/2/27, 59, 44, 52, 19, 5, 7
2025/2/28, 88, 47, 45, 21, 4, 8
2025/3/1, 76, 36, 32, 18, 2, 6
2025/3/2, 63, 29, 39, 17, 3, 5
2025/3/3, 54, 39, 31, 18, 3, 9
2025/3/4, 61, 37, 28, 17, 4, 7
2025/3/5, 51, 47, 60, 23, 4, 10
2025/3/6, 68, 43, 31, 21, 2, 8
2025/3/7, 51, 44, 32, 21, 3, 8
2025/3/8, 61, 37, 34, 19, 4, 7
2025/3/9, 58, 33, 39, 18, 2, 8
2025/3/10, 49, 60, 46, 18, 3, 9
2025/3/11, 88, 40, 38, 26, 5, 9
2025/3/12, 56, 28, 25, 15, 3, 6
2025/3/13, 31, 33, 29, 16, 3, 7
2025/3/14, 36, 45, 22, 20, 3, 9
2025/3/15, 55, 32, 32, 18, 3, 7
2025/3/16, 46, 42, 49, 28, 3, 13
2025/3/17, 71, 94, 46, 22, 4, 9
2025/3/18, 71, 51, 43, 18, 4, 7
2025/3/19, 70, 35, 38, 16, 3, 7
2025/3/20, 48, 53, 47, 17, 3, 6
2025/3/21, 69, 47, 44, 19, 5, 8
2025/3/22, 71, 43, 44, 21, 5, 8
2025/3/23, 67, 37, 40, 20, 4, 9
2025/3/24, 65, 42, 56, 20, 3, 7
2025/3/25, 64, 45, 48, 20, 4, 7
2025/3/26, 69, 47, 53, 18, 2, 7
2025/3/27, 77, 44, 42, 16, 3, 6
2025/3/28, 58, 35, 61, 19, 4, 7
2025/3/29, 55, 35, 71, 25, 2, 7
2025/3/30, 53, 41, 83, 24, 2, 8
2025/3/31, 63, 38, 74, 26, 2, 8
2025/4/1, 55, 33, 47, 19, 1, 7
2024/10/2, 33, 20, 37, , 1, 5
2024/10/3, 28, 29, 40, , 1, 6
2024/10/4, 53, 41, 74, , 3, 9
2024/10/5, 66, 43, 17, , 2, 8
2024/10/6, 65, 21, 31, , 1, 4
2024/10/7, 40, 16, 131, , 2, 5
2024/10/8, 23, 15, 82, , 1, 6
2024/10/9, 29, 15, 500, , 1, 7
2024/10/10, 38, 27, 97, , 2, 8
2024/10/11, 42, 30, 40, , 2, 7
2024/10/12, 49, 32, 92, , 3, 6
2024/10/13, 53, 30, 44, , 3, 6
2024/10/14, 57, 40, 47, , 3, 9
2024/10/15, 65, 28, 101, , 2, 5
2024/10/16, 54, 22, 39, , 2, 6
2024/10/17, 37, 31, 110, , 1, 6
2024/10/18, 52, 29, 81, , 2, 6
2024/10/19, 46, 29, 39, , , 5
2024/10/20, 42, 19, 33, , 1, 3
2024/10/21, 22, 16, 79, , 2, 4
2024/10/22, 20, 20, 30, , 2, 5
2024/10/23, 33, 29, 168, , 3, 7
2024/10/24, 42, 36, 21, , 4, 10
2024/10/25, 46, 52, 31, , 4, 14
2024/10/26, 75, 29, 257, , 1, 5
2024/10/27, 41, 26, 86, , 1, 6
2024/10/28, 40, 35, 34, , 4, 7
2024/10/29, 54, 51, 45, , 3, 11
2024/10/30, 81, 29, 30, , 2, 6
2024/10/31, 49, 35, 31, , 3, 10
2024/11/1, 51, 38, 32, , 2, 9
2024/11/2, 52, 49, 52, , 4, 9
2024/11/3, 75, 21, 500, , 3, 4
2024/11/4, 45, 30, 25, , 4, 6
2024/11/5, 54, 32, 34, , 2, 7
2024/11/6, 54, 39, 31, , 3, 8
2024/11/7, 61, 33, 37, , 2, 6
2024/11/8, 55, 35, 33, , 2, 6
2024/11/9, 53, 42, 39, , 4, 10
2024/11/10, 62, 30, 32, , 2, 7
2024/11/11, 50, 44, 40, , 4, 9
2024/11/12, 69, 49, 35, , 2, 8
2024/11/13, 73, 27, 29, , 1, 6
2024/11/14, 47, 49, 25, , 3, 10
2024/11/15, 68, 35, 38, , 2, 6
2024/11/16, 54, 38, 48, , 3, 7
2024/11/17, 65, 34, 24, , 2, 6
2024/11/18, 66, 22, 14, , 1, 5
2024/11/19, 42, 23, 23, , 2, 6
2024/11/20, 44, 35, 25, , 3, 9
2024/11/21, 49, 39, 30, , 2, 9
2024/11/22, 43, 48, 27, , 3, 13
2024/11/23, 58, 46, 38, , 1, 11
2024/11/24, 58, 36, 29, , 2, 10
2024/11/25, 66, 38, 31, , 4, 10
2024/11/26, 59, 55, 34, , 4, 16
2024/11/27, 73, 78, 58, , 7, 21
2024/11/28, 111, 60, 53, , 5, 19
2024/11/29, 104, 55, 49, , 5, 15
2024/11/30, 84, 49, 48, , 4, 13
2024/12/1, 73, 45, 42, , 3, 14
2024/12/2, 73, 63, 28, , , 25
2024/12/3, 96, 59, 20, , , 23
2024/12/4, 82, 52, 29, , 3, 17
2024/12/5, 71, 53, 34, , 2, 18
2024/12/6, 84, 205, 32, , 5, 18
2024/12/7, 78, 52, 31, , 2, 13
2024/12/8, 89, 31, 34, , 2, 6
2024/12/9, 63, 24, 33, , 2, 6
2024/12/10, 45, 29, 25, , 4, 14
2024/12/11, 60, 54, 32, , 3, 15
2024/12/12, 78, 49, 50, , 3, 8
2024/12/13, 73, 34, 34, , 1, 9
2024/12/14, 64, 46, 40, , 4, 16
2024/12/15, 75, 58, 37, , 3, 23
2024/12/16, 97, 66, 41, , 4, 23
2024/12/17, 114, 52, 24, , 3, 14
2024/12/18, 78, 55, 27, , 2, 14
2024/12/19, 77, 40, 22, , 2, 11
2024/12/20, 56, 34, 21, , 2, 9
2024/12/21, 55, 37, 25, , 1, 10
2024/12/22, 54, 43, 30, , 2, 9
2024/12/23, 66, 35, 30, , 2, 7
2024/12/24, 65, 41, 26, , 4, 11
2024/12/25, 74, 55, 23, , 3, 14
2024/12/26, 111, 33, 24, , 3, 10
2024/12/27, 49, 57, 28, , 5, 20
2024/12/28, 92, 51, 41, , 3, 19
2024/12/29, 83, 64, 36, , 6, 26
2024/12/30, 102, , , , , 
2024/7/2, 2, 1, 28, , 195, 
2024/7/3, 2, 1, 27, , 187, 
2024/7/31, 64, 19, 26, , , 10
2024/8/1, 46, 15, 30, , , 11
2024/8/2, 36, 32, 29, , 282, 13
2024/8/3, 128, 14, 29, , 473, 12
2024/8/4, 28, 15, 37, , 500, 11
2024/8/5, 37, 23, 37, , 500, 12
2024/8/6, 46, 22, 37, , , 10
2024/8/7, 52, 17, 64, , 11, 4
2024/8/8, 37, 21, 42, , 10, 5
2024/8/9, 38, 21, 49, , 10, 5
2024/8/10, 39, 19, 38, , 11, 3
2024/8/11, 41, 14, 39, , 11, 3
2024/8/12, 34, 14, 44, , 10, 3
2024/8/13, 30, 15, 33, , 10, 5
2024/8/14, 35, 14, 255, , 10, 6
2024/8/15, 33, 20, 37, , 10, 4
2024/8/16, 41, 16, 29, , 10, 5
2024/8/17, 26, 11, 176, , 10, 5
2024/8/18, 27, 11, 140, , 10, 4
2024/8/19, 31, 17, 32, , 10, 6
2024/8/20, 33, 18, 251, , 10, 4
2024/8/21, 35, 19, 37, , 10, 2
2024/8/22, 32, 15, 36, , 10, 2
2024/8/23, 28, 19, 35, , 10, 3
2024/8/24, 37, 13, 40, , 10, 3
2024/8/25, 27, 19, 70, , 10, 4
2024/8/26, 41, 26, 42, , 10, 5
2024/8/27, 49, 19, 100, , 10, 3
2024/8/28, 41, 18, 40, , 10, 4
2024/8/29, 37, 13, 58, , 10, 3
2024/8/30, 27, 9, 53, , 10, 
2024/8/31, 21, 10, 45, , 10, 
2024/9/1, 26, 10, 56, , 11, 
2024/9/2, 22, 12, 37, , 10, 
2024/9/3, 37, 17, 41, , 10, 
2024/9/4, 39, 11, 49, , 11, 
2024/9/5, 20, 20, 19, , 10, 
2024/9/6, 39, 13, 21, , , 8
2024/9/7, 23, 11, 29, , , 5
2024/9/8, 20, 13, 33, , 1, 4
2024/9/9, 25, 17, 39, , 1, 5
2024/9/10, 33, 16, 35, , , 5
2024/9/11, 33, 17, 24, , , 5
2024/9/12, 26, 12, 17, , 1, 5
2024/9/13, 12, 19, 49, , , 5
2024/9/14, 24, 17, 51, , , 5
2024/9/15, 25, 11, 30, , 1, 4
2024/9/16, 22, 9, 33, , 1, 3
2024/9/17, 16, 154, 71, , 1, 7
2024/9/18, 39, 880, 48, , , 5
2024/9/19, 32, 225, 40, , 1, 6
2024/9/20, 34, 20, 41, , 2, 5
2024/9/21, 42, 16, 257, , 2, 4
2024/9/22, 29, 17, 89, , , 4
2024/9/23, 33, 20, 30, , 2, 6
2024/9/24, 29, 16, 29, , 2, 4
2024/9/25, 20, 16, 30, , 2, 4
2024/9/26, 21, 14, 258, , 2, 3
2024/9/27, 19, 10, 84, , 4, 4
2024/9/28, 16, 10, 18, , 3, 5
2024/9/29, 21, 15, 28, , 2, 5
2024/9/30, 24, 18, 173, , 2, 5
2024/10/1, 33, 17, 91, , 1, 3
2024/4/7, 98, 2, 36, , 12, 
2024/4/8, 102, 2, 31, , 12, 
2024/4/9, 101, 2, 31, , 13, 
2024/4/10, 113, 1, 24, , 12, 
2024/4/11, 100, 1, 32, , 12, 
2024/4/18, 65, 1, 50, , 13, 
2024/4/22, 101, 1, 49, , 12, 
2024/4/23, 134, 1, 56, , 13, 
2024/4/24, 135, 1, 51, , 12, 
2024/4/25, 130, 1, 45, , 14, 
2024/4/26, 122, 1, 37, , 13, 
2024/4/27, 112, 1, 35, , 12, 
2024/5/1, 133, 1, 32, , 14, 
2024/5/2, 120, 1, 57, , 13, 
2024/5/3, 112, 1, 81, , 12, 
2024/5/4, 135, 1, 65, , 13, 
2024/5/5, 127, 1, 64, , 13, 
2024/5/6, 105, 2, 59, , 12, 
2024/5/7, 101, 1, 31, , 13, 
2024/5/8, 103, 2, 55, , 13, 
2024/5/9, 120, 1, 53, , 13, 
2024/5/10, 139, 1, 25, , 12, 
2024/5/11, 146, 1, 69, , 12, 
2024/5/12, 131, 1, 51, , 12, 
2024/5/13, 113, 1, 47, , 10, 
2024/5/14, 107, 1, 52, , 12, 
2024/5/15, 163, 1, 57, , 12, 
2024/5/16, 53, 1, 43, , 13, 
2024/5/17, 56, 1, 42, , 12, 
2024/5/18, 66, 1, 53, , 11, 
2024/5/19, 65, 1, 64, , 12, 
2024/5/20, 55, 2, 28, , 11, 
2024/5/22, 75, , , , , 
2024/5/23, 68, , , , , 
2024/5/24, 80, , , , , 
2024/5/25, 81, 1, 45, , 11, 
2024/5/26, 71, 1, 52, , 12, 
2024/6/1, 83, 2, 32, , 11, 
2024/6/2, 95, 1, 83, , 10, 
2024/6/3, 89, 1, 55, , 11, 
2024/6/4, 74, 1, 49, , 8, 
2024/6/5, 66, 1, 70, , 9, 
2024/6/6, 58, 1, 96, , 10, 
2024/6/7, 96, 1, 78, , 10, 
2024/6/8, 99, 1, 26, , 10, 
2024/6/9, 74, , , , , 
2024/6/10, 66, , , , , 
2024/6/11, 66, 1, 46, , 10, 
2024/6/12, 71, 1, 44, , 10, 
2024/6/13, 95, 1, 62, , 51, 
2024/6/14, 80, 2, 69, , 186, 
2024/6/17, 56, 1, 79, , 176, 
2024/6/18, 55, 1, 54, , 177, 
2024/6/19, 50, 1, 47, , 180, 
2024/6/20, 39, 2, 30, , 199, 
2024/6/21, 32, 1, 27, , 188, 
2024/6/22, 33, 1, 32, , 197, 
2024/6/23, 22, 1, 50, , 188, 
2024/6/24, 28, 1, 36, , 170, 
2024/6/25, 11, , , , , 
2024/6/28, 2, , , , , 
2024/6/29, 2, , , , , 
2024/6/30, 2, , , , , 
2024/7/1, 2, 1, 14, , 193, 
2024/2/1, 108, 40, 42, , 14, 
2024/2/2, 101, 25, 33, , 13, 
2024/2/3, 70, 17, 32, , 11, 
2024/2/4, 55, 27, 44, , 12, 
2024/2/5, 68, 39, 37, , 13, 
2024/2/6, 76, 58, 58, , 14, 
2024/2/7, 112, 46, 57, , 12, 
2024/2/8, 99, 29, 44, , 13, 
2024/2/9, 110, 2, 48, , 13, 
2024/2/10, 114, 1, 33, , 11, 
2024/2/11, 103, 1, 37, , 12, 
2024/2/12, 81, 1, 32, , 14, 
2024/2/13, 134, 1, 27, , 12, 
2024/2/14, 104, 1, 22, , 11, 
2024/2/15, 76, 1, 28, , 12, 
2024/2/16, 83, 1, 11, , 11, 
2024/2/17, 30, 1, 36, , 11, 
2024/2/18, 30, 1, 42, , 11, 
2024/2/19, 75, 1, 70, , 12, 
2024/2/20, 116, 1, 65, , 15, 
2024/2/21, 121, 1, 103, , 13, 
2024/2/22, 120, 1, 76, , 11, 
2024/2/23, 116, , , , , 
2024/2/24, 134, 2, 103, , 11, 
2024/2/25, 111, 1, 102, , 13, 
2024/2/26, 127, 1, 85, , 12, 
2024/2/27, 125, 1, 77, , 12, 
2024/2/28, 135, 1, 59, , 12, 
2024/2/29, 130, 1, 44, , 14, 
2024/3/1, 119, 2, 19, , 13, 
2024/3/2, 80, 1, 33, , 12, 
2024/3/3, 82, 1, 40, , 11, 
2024/3/4, 99, 1, 36, , 12, 
2024/3/5, 95, 1, 45, , 13, 
2024/3/6, 98, 1, 46, , 12, 
2024/3/7, 101, 2, 37, , 13, 
2024/3/8, 102, 2, 11, , 13, 
2024/3/9, 91, 2, 46, , 13, 
2024/3/10, 112, 2, 61, , 14, 
2024/3/11, 111, 1, 46, , 12, 
2024/3/12, 124, 2, 62, , 12, 
2024/3/13, 105, 2, 38, , 12, 
2024/3/14, 113, 2, 36, , 13, 
2024/3/15, 98, , , , , 
2023/10/3, 73, , 62, , 11, 
2023/10/4, 77, , , , , 
2023/4/3, 77, , , , 11, 11
2023/4/4, 84, , , , 11, 10
2023/4/5, 76, , , , 11, 10
2023/4/6, 81, , , , 11, 10
2023/4/7, 77, , , , 10, 8
2023/4/8, 97, , , , 11, 10
2023/4/9, 115, , , , 11, 8
2023/4/10, 78, , , , 12, 11
2023/4/11, 97, , , , 12, 8
2023/4/12, 77, , , , 11, 8
2023/4/13, 78, , , , 10, 9
2023/4/14, 72, , , , 11, 10
2023/4/15, 98, , , , 10, 7
2023/4/16, 69, , , , 12, 8
2023/4/17, 97, , , , 11, 10
2023/4/18, 90, , , , 11, 8
2023/4/19, 70, , , , 12, 9
2023/4/20, 65, , , , 12, 11
2023/4/21, 337, , , , 10, 10
2023/4/22, 631, , , , , 
2023/4/25, 75, , , , 12, 12
2023/4/26, 106, , , , 11, 11
2023/4/27, 80, , , , 11, 11
2023/4/28, 85, , , , 12, 10
2023/4/29, 108, , , , 12, 12
2023/4/30, 96, , , , 12, 10
2023/5/1, 111, , , , 13, 11
2023/5/2, 132, , , , 11, 11
2023/5/3, 104, , , , 14, 13
2023/5/4, 119, , , , 13, 14
2023/5/5, 140, , , , 12, 12
2023/5/6, 124, , , , 13, 13
2023/5/7, 108, , , , 12, 8
2023/5/8, 84, , , , 12, 10
2023/5/9, 75, , , , 11, 9
2023/5/10, 67, , , , 11, 9
2023/5/11, 126, , , , 11, 9
2023/5/12, 97, , , , 12, 9
2023/5/13, 87, , , , 11, 10
2023/5/14, 92, , , , 12, 11
2023/5/15, 92, , , , 12, 9
2023/5/16, 85, , , , 11, 10
2023/5/17, 115, , , , 11, 9
2023/5/18, 91, , , , 10, 8
2023/5/19, 88, , , , 12, 10
2023/5/20, 116, , , , 11, 8
2023/5/21, 94, , , , 11, 7
2023/5/22, 77, , , , 11, 10
2023/5/23, 96, , , , 11, 9
2023/5/24, 84, , , , 11, 9
2023/5/25, 73, , , , 10, 9
2023/5/26, 69, , , , 11, 10
2023/5/27, 81, , , , , 
2023/5/29, 88, , , , 12, 8
2023/5/30, 100, , , , 10, 7
2023/5/31, 90, , , , 11, 10
2023/6/1, 81, , , , 11, 9
2023/6/2, 86, , , , 10, 9
2023/6/3, 91, , , , 11, 8
2023/6/4, 91, , , , 11, 10
2023/6/5, 82, , , , 11, 8
2023/6/6, 67, , , , 12, 10
2023/6/7, 98, , , , 12, 7
2023/6/8, 122, , , , 11, 9
2023/6/9, 102, , , , , 
2023/1/3, 54, 25, 25, , 3, 12
2023/1/4, 53, 42, 63, , 4, 20
2023/1/5, 79, 68, 45, , , 34
2023/1/6, 114, 60, 52, , 2, 20
2023/1/7, 101, 54, 56, , 4, 21
2023/1/8, 100, 48, 67, , , 19
2023/1/9, 96, 47, 52, , 3, 19
2023/1/10, 90, 55, 52, , 4, 21
2023/1/11, 98, 78, 49, , 8, 23
2023/1/12, 112, , 43, , 13, 21
2023/1/13, 86, , 44, , 12, 18
2023/1/14, 106, , 53, , 11, 16
2023/1/15, 94, , 37, , 12, 20
2023/1/16, 91, , 29, , 13, 20
2023/1/17, 83, , 36, , 13, 19
2023/1/18, 97, , 42, , 13, 19
2023/1/19, 84, , 45, , 14, 23
2023/1/20, 101, , 34, , 14, 23
2023/1/21, 98, , 31, , 12, 17
2023/1/22, 89, , 41, , 12, 15
2023/1/23, 74, , 29, , 11, 11
2023/1/24, 80, , 23, , 12, 10
2023/1/25, 60, , 54, , 11, 15
2023/1/26, 114, , 34, , , 21
2023/1/27, 104, , 30, , , 17
2023/1/28, 76, , , , , 14
2023/1/29, 71, , , , , 14
2023/1/30, 69, , , , , 14
2023/1/31, 261, , , , , 15
2023/2/1, 87, , , , , 18
2023/2/2, 56, , , , , 13
2023/2/3, 47, , , , , 10
2023/2/4, 58, , , , , 
2023/2/8, 68, , , , 12, 
2023/2/9, 86, , , , 12, 
2023/2/10, 80, , , , 13, 16
2023/2/11, 89, , , , 11, 13
2023/2/12, 78, , , , 10, 11
2023/2/13, 83, , , , 11, 13
2023/2/14, 95, , , , 11, 12
2023/2/15, 76, , , , 13, 13
2023/2/16, 78, , , , 11, 13
2023/2/17, 67, , , , 13, 22
2023/2/18, 94, , , , , 
2023/2/22, 55, , , , 11, 9
2023/2/23, 59, , , , 11, 11
2023/2/24, 91, , , , 12, 17
2023/2/25, 131, , , , 12, 12
2023/2/26, 73, , , , 12, 13
2023/2/27, 83, , , , 12, 14
2023/2/28, 71, , , , 12, 11
2023/3/1, 80, , , , 12, 10
2023/3/10, 89, , , , 13, 13
2023/3/11, 89, , , , 12, 13
2023/3/12, 95, , , , 12, 10
2023/3/13, 70, , , , 13, 12
2023/3/14, 87, , , , 12, 9
2023/3/15, 65, , , , 12, 10
2023/3/16, 82, , , , 10, 9
2023/3/17, 75, , , , 11, 11
2023/3/18, 71, , , , 13, 11
2023/3/19, 94, , , , 13, 8
2023/3/20, 98, , , , 11, 7
2023/3/21, 90, , , , 12, 9
2023/3/22, 84, , , , 12, 10
2023/3/23, 95, , , , 12, 11
2023/3/24, 107, , , , 11, 10
2023/3/25, 88, , , , 12, 15
2023/3/26, 88, , , , , 10
2023/3/27, 97, , , , 8, 15
2023/3/28, 120, , , , 12, 15
2023/3/29, 108, , , , 12, 11
2023/3/30, 95, , , , , 
2022/10/23, 48, , , , , 
2022/10/24, 39, , , , , 
2022/10/25, 30, , 30, , 1, 8
2022/10/26, 518, , 34, , 1, 8
2022/11/9, 103, , 29, , 1, 11
2022/11/10, 65, , , , , 
2022/11/11, 67, , , , , 
2022/11/12, 60, 49, , , , 
2022/11/13, 99, 42, , , , 
2022/11/14, 97, 25, , , , 
2022/11/15, 62, 34, , , , 
2022/11/16, 74, 26, 35, , 4, 
2022/11/17, 72, 46, 44, , 6, 
2022/11/18, 90, 33, 54, , 5, 
2022/11/19, 65, , 47, , 6, 
2022/11/22, 67, 31, 23, , 4, 
2022/11/23, 73, 50, 39, , 4, 
2022/11/24, 91, 28, 46, , 5, 
2022/11/25, 55, 43, 24, , 6, 
2022/11/26, 79, , 34, , 6, 
2022/11/28, 49, 33, 30, , 5, 
2022/11/29, 60, 39, 38, , 5, 
2022/11/30, 68, 47, 37, , 5, 
2022/12/1, 70, 35, 43, , 6, 
2022/12/2, 67, , 14, , 4, 
2022/12/5, 57, 60, 28, , 4, 
2022/12/6, 474, 54, 50, , 4, 
2022/12/9, 105, 70, 62, , 6, 
2022/12/10, 112, , 58, , 6, 
2022/12/12, 90, 47, 43, , 7, 
2022/12/13, 94, 52, 40, , 6, 16
2022/12/14, 99, 43, 40, , 6, 19
2022/12/15, 85, 64, 29, , 7, 17
2022/12/16, 115, 66, 49, , 8, 24
2022/12/17, 116, 106, 37, , 2, 32
2022/12/18, 157, 43, 1, , 7, 74
2022/12/19, 83, 60, 30, , , 14
2022/12/20, 103, 72, 40, , , 29
2022/12/21, 125, 61, 52, , , 29
2022/12/22, 97, 54, 36, , , 16
2022/12/23, 101, 55, 34, , , 23
2022/12/24, 97, 51, 45, , , 21
2022/12/25, 95, 66, 28, , , 22
2022/12/26, 129, 41, 33, , 2, 20
2022/12/27, 78, 59, 44, , 5, 15
2022/12/28, 101, 55, 38, , 2, 23
2022/12/29, 108, 36, 32, , 3, 18
2022/12/30, 81, 37, 26, , , 13
2022/12/31, 77, 37, 24, , 1, 15
2023/1/1, 83, 43, 29, , 3, 16
2023/1/2, 94, 21, 33, , , 13
2022/7/2, 38, , 55, , 3, 9
2022/7/3, 57, , , , , 
2022/7/5, 55, , 28, , 2, 9
2022/7/6, 43, , 38, , 1, 8
2022/7/7, 38, , 38, , 2, 8
2022/7/8, 55, , 36, , 3, 10
2022/7/9, 53, , 36, , 3, 9
2022/7/10, 45, , 39, , 2, 8
2022/7/11, 38, , 59, , 3, 7
2022/7/12, 46, , 74, , 3, 8
2022/7/13, 30, , 56, , 3, 9
2022/4/2, 125, 42, 43, , 4, 10
2022/4/3, 73, 29, 38, , 3, 10
2022/4/4, 93, 46, 28, , 3, 14
2022/4/5, 84, 43, 30, , 3, 11
2022/4/6, 83, 45, 41, , 4, 13
2022/4/7, 107, 51, 42, , 4, 10
2022/5/10, 59, 55, 67, , 4, 10
2022/5/11, 93, 56, 36, , 3, 9
2022/5/12, 105, 36, 36, , 2, 7
2022/5/13, 57, 53, 20, , 3, 7
2022/5/14, 84, , , , , 
2022/5/16, 75, 56, 61, , 3, 9
2022/5/17, 100, 55, 49, , 3, 9
2022/5/18, 106, 44, 44, , 3, 10
2022/5/19, 71, 43, 41, , 3, 10
2022/5/20, 68, 46, 47, , 5, 11
2022/5/21, 78, , , , , 
2022/5/24, 54, 45, 39, , 4, 10
2022/5/25, 75, 36, 15, , 3, 11
2022/5/26, 72, 66, 50, , 5, 12
2022/5/27, 109, 53, 33, , 2, 10
2022/5/28, 82, 46, 36, , 3, 8
2022/5/29, 106, , , , , 
2022/5/31, 107, 49, 55, , 2, 9
2022/6/1, 117, 47, 70, , 3, 9
2022/6/2, 97, 39, 39, , 3, 8
2022/6/3, 85, 43, 49, , 3, 8
2022/6/4, 91, , , , , 
2022/6/7, 74, 30, 49, , 3, 8
2022/6/8, 59, 44, 66, , 2, 8
2022/6/9, 86, 37, 51, , 3, 10
2022/6/23, 44, 22, 21, , 3, 8
2022/6/24, 22, 25, 17, , 2, 8
2022/6/25, 37, 20, 19, , 2, 8
2022/6/26, 39, 14, 21, , 2, 6
2022/6/27, 21, 31, 39, , 2, 8
2022/6/28, 44, 10, 31, , 3, 8
2022/6/29, 41, , 34, , 2, 8
2022/6/30, 43, , 43, , 2, 7
2022/7/1, 42, , 20, , 2, 6
2022/1/4, 83, 54, 45, , 3, 16
2022/1/5, 91, 46, 32, , 3, 15
2022/1/6, 73, 61, 33, , 5, 21
2022/1/7, 95, 62, 38, , 4, 21
2022/1/8, 99, 47, 25, , 4, 19
2022/1/9, 80, 51, 36, , 4, 21
2022/1/10, 91, 49, 26, , 3, 12
2022/1/11, 73, 34, 25, , 2, 11
2022/1/12, 51, 55, 33, , 3, 13
2022/1/13, 77, 44, 27, , 3, 13
2022/1/14, 59, 58, 29, , 3, 16
2022/1/15, 89, 32, 62, , 2, 12
2022/1/16, 62, 58, 34, , 1, 8
2022/1/17, 65, 35, 31, , 2, 8
2022/1/18, 58, 37, 31, , 3, 12
2022/1/19, 73, 34, 25, , 3, 13
2022/1/20, 60, 41, 18, , 4, 13
2022/1/21, 65, 32, 15, , 3, 12
2022/1/22, 48, , , , , 
2022/1/24, 70, 34, 18, , 2, 10
2022/1/25, 55, 23, 19, , 1, 8
2022/1/26, 39, 29, 26, , 3, 12
2022/1/27, 56, 30, 22, , 2, 10
2022/1/28, 50, 40, 34, , 4, 16
2022/1/29, 68, 35, 33, , 2, 9
2022/1/30, 47, 35, 25, , 3, 13
2022/1/31, 60, 28, 19, , 2, 12
2022/2/1, 40, 34, 19, , 3, 13
2022/2/2, 52, 36, 21, , 3, 13
2022/2/3, 59, 30, 20, , 3, 11
2022/2/4, 53, 34, 23, , 3, 12
2022/2/5, 59, 41, 30, , 2, 12
2022/2/6, 63, 27, 21, , 2, 9
2022/2/7, 51, 22, 17, , 2, 7
2022/2/8, 39, 28, 34, , 2, 9
2022/2/9, 43, 32, 21, , 3, 12
2022/2/10, 57, 34, 23, , 3, 11
2022/2/11, 63, 27, 22, , 2, 9
2022/2/12, 48, 27, 36, , 2, 10
2022/2/13, 52, 31, 24, , 2, 10
2022/2/14, 52, 24, 15, , 1, 8
2022/2/15, 36, 30, 28, , 2, 5
2022/2/16, 54, 31, 17, , 3, 11
2022/2/17, 50, 32, 18, , 4, 13
2022/2/18, 67, 38, 31, , 3, 13
2022/2/19, 64, 49, 34, , 4, 14
2022/2/20, 85, 32, 33, , 3, 10
2022/2/21, 63, 36, 29, , 3, 10
2022/2/22, 57, 39, 39, , 4, 12
2022/2/23, 66, 35, 38, , 2, 9
2022/2/24, 59, 40, 37, , 3, 11
2022/2/25, 70, 49, 33, , 5, 13
2022/2/26, 84, 38, 37, , 2, 10
2022/2/27, 85, 41, 41, , 4, 12
2022/2/28, 78, 58, 44, , 4, 11
2022/3/1, 77, 17, 22, , 4, 7
2022/3/2, 62, 40, 35, , 3, 10
2022/3/3, 66, 49, 41, , 5, 12
2022/3/4, 78, 30, 42, , 3, 11
2022/3/5, 78, , , , , 
2022/3/9, 32, 34, 25, , 4, 11
2022/3/10, 66, 37, 23, , 3, 9
2022/3/11, 65, 34, 24, , 3, 11
2022/3/13, 108, 39, 22, , 2, 6
2022/3/14, 95, 34, 26, , 3, 11
2022/3/15, 73, 36, 42, , 3, 10
2022/3/16, 82, 45, 23, , 3, 11
2022/3/17, 87, 28, 26, , 3, 10
2022/3/18, 79, 47, 38, , 3, 13
2022/3/19, 101, 64, 2, , 5, 21
2022/3/20, 104, , , , , 
2022/3/21, 99, 38, 24, , 2, 7
2022/3/22, 97, 34, 27, , 2, 12
2022/3/23, 70, 41, 26, , 3, 13
2022/3/24, 110, 44, 31, , 3, 15
2022/3/25, 100, 57, 40, , 3, 15
2022/3/26, 123, 60, 44, , 4, 14
2022/3/27, 99, 46, 32, , 4, 10
2022/3/28, 89, 35, 30, , 3, 11
2022/3/29, 79, 37, 10, , 2, 11
2022/3/31, 62, 31, 37, , 4, 10
2022/4/1, 78, 42, 36, , 3, 11
2021/11/19, 71, 57, 29, 15, 5, 19
2021/11/20, 71, 56, 26, 10, 2, 13
2021/11/21, 49, 55, 33, 10, 2, 12
2021/11/22, 91, 56, 45, 16, 4, 22
2021/11/23, 82, 56, 36, 16, 2, 18
2021/11/24, 65, 56, 31, 10, 1, 9
2021/11/25, 52, 56, 23, 10, 2, 12
2021/11/26, 73, 55, 43, 14, 3, 18
2021/11/27, 84, 56, 29, 14, 3, 17
2021/11/28, 63, 57, 28, 11, 2, 12
2021/11/29, 65, 57, 59, 10, 3, 10
2021/11/30, 69, 57, 43, 13, 2, 13
2021/12/1, 102, 57, 51, 17, 3, 16
2021/12/2, 40, 57, 19, 6, 2, 8
2021/12/3, 85, 58, 28, 16, 2, 18
2021/12/4, 70, 58, 33, 14, 2, 17
2021/12/5, 123, 57, 37, 17, 4, 22
2021/12/6, 107, 57, 37, 15, 4, 18
2021/12/7, 94, 56, 38, 14, 2, 16
2021/12/8, 52, 58, 34, 15, 3, 20
2021/12/9, 94, 55, 22, 15, 4, 22
2021/12/10, 100, 55, 31, 14, 3, 21
2021/12/11, 80, 55, 23, 14, 4, 23
2021/12/12, 79, 56, 28, 11, 4, 21
2021/12/13, 116, 56, 39, 14, 4, 24
2021/12/14, 118, 56, 47, 18, 3, 25
2021/12/15, 104, 56, 38, 20, 3, 25
2021/12/16, 136, 54, 31, 21, 6, 32
2021/12/17, 57, 58, 12, , , 12
2021/12/18, 99, 54, 31, , 4, 22
2021/12/19, 101, 64, 35, , 5, 18
2021/12/20, 99, 50, 11, , 3, 19
2021/12/21, 79, 46, 25, , 2, 20
2021/12/22, 93, 55, 39, , 4, 30
2021/12/23, 114, 74, 53, , 3, 28
2021/12/24, 150, 92, 61, , 5, 41
2021/12/25, 135, 87, 50, , 6, 30
2021/12/26, 185, 107, 44, , 4, 31
2021/12/27, 97, 53, 51, , 2, 21
2021/12/28, 83, 49, 32, , 2, 17
2021/12/29, 77, 46, 29, , 3, 14
2021/12/30, 61, 35, 13, , 2, 13
2021/12/31, 90, 56, 40, , 3, 16
2022/1/1, 85, 49, 26, , 4, 17
2022/1/2, 96, 42, 12, , 2, 9
2022/1/3, 58, 33, 25, , 2, 16
2021/7/2, 31, 17, 20, 18, 2, 7
2021/7/5, 26, 14, 38, 12, 1, 7
2021/7/6, 30, 16, 23, 10, 1, 5
2021/7/7, 27, 13, 20, 9, 1, 5
2021/7/8, 20, 14, 29, 12, 2, 6
2021/7/9, 28, 15, 23, 19, 2, 7
2021/7/10, 35, 16, 29, 13, 2, 6
2021/7/11, 33, 12, 27, 14, 2, 6
2021/7/12, 35, 13, 32, 12, 1, 6
2021/7/13, 25, 18, 28, 13, 1, 6
2021/7/14, 44, 18, 30, 13, 1, 8
2021/7/15, 43, 22, 26, 18, 1, 9
2021/7/16, 52, 18, 34, 20, 1, 9
2021/7/17, 47, 25, 25, 15, 1, 8
2021/7/18, 46, 36, 30, 12, 1, 6
2021/7/19, 51, 26, 29, 20, 2, 8
2021/7/20, 54, 31, 50, 19, 1, 8
2021/7/21, 50, 34, 27, 24, 2, 9
2021/7/22, 52, 22, 28, 16, 1, 7
2021/7/23, 49, 25, 39, 16, 2, 7
2021/7/24, 51, 26, 57, 23, 1, 10
2021/7/25, 59, 23, 47, 16, 1, 7
2021/7/26, 45, 24, 40, 15, 2, 7
2021/7/27, 45, 21, 40, 13, 1, 6
2021/7/28, 41, 20, 38, 13, 2, 7
2021/7/29, 44, 23, 29, 19, 1, 9
2021/7/30, 53, 22, 30, 14, 1, 7
2021/7/31, 51, 20, 28, 12, 1, 7
2021/8/1, 38, 23, 45, 11, 1, 6
2021/8/2, 43, 22, 42, 19, 2, 9
2021/8/3, 46, 23, 40, 19, 1, 9
2021/8/4, 47, 20, 31, 22, 1, 10
2021/8/5, 49, 24, 22, 23, 2, 10
2021/8/6, 57, 19, 33, 18, 1, 8
2021/8/7, 42, 20, 30, 14, 2, 8
2021/8/8, 39, 26, 31, 12, 1, 7
2021/8/14, 73, 30, 37, 14, 1, 6
2021/8/16, 59, 35, 36, 14, 1, 7
2021/8/17, 60, 35, 46, 13, 1, 6
2021/8/18, 43, 49, 46, 12, , 6
2021/8/19, 61, 33, 38, 14, 1, 7
2021/8/20, 68, 18, 32, 14, 1, 7
2021/9/11, 79, 28, 30, 14, 1, 9
2021/9/12, 94, 19, 25, 11, 1, 7
2021/9/13, 76, 23, 25, 12, 1, 7
2021/9/14, 56, 15, 21, 11, 1, 7
2021/9/15, 40, 21, 24, 9, 1, 8
2021/9/16, 33, 14, 21, 6, 1, 6
2021/9/17, 23, 19, 19, 8, 2, 8
2021/9/18, 81, 18, 29, 7, 1, 6
2021/4/2, 113, 54, 29, 9, 9, 5
2021/4/3, 61, 34, 36, 12, 8, 5
2021/4/4, 88, 51, 44, 8, 8, 5
2021/4/5, 79, 30, 37, 10, 9, 6
2021/4/6, 67, 38, 36, 12, 9, 6
2021/4/7, 63, 38, 55, 14, 9, 6
2021/4/8, 78, 40, 40, 13, 12, 7
2021/4/9, 68, 39, 37, 13, 11, 7
2021/4/10, 50, 31, 38, 13, 9, 5
2021/4/11, 56, 28, 40, 6, 8, 1
2021/4/12, 38, 38, 42, 16, , 7
2021/4/13, 74, 44, 50, 15, , 7
2021/4/14, 86, 52, 59, 18, , 10
2021/4/15, 92, 46, 41, 16, 8, 11
2021/4/16, 86, 47, 41, 16, 8, 9
2021/4/17, 85, 40, 39, 13, 11, 8
2021/4/18, 71, 28, 38, 11, 8, 6
2021/4/19, 69, 35, 34, 11, 10, 7
2021/4/20, 67, 34, 36, 11, 9, 7
2021/4/21, 59, 42, 38, 14, 10, 8
2021/4/22, 70, 46, 29, 16, 11, 10
2021/4/23, 84, 35, 22, 13, 9, 9
2021/4/24, 60, 27, 32, 10, 8, 7
2021/4/25, 47, 35, 55, 11, 8, 6
2021/4/26, 68, 35, 39, 12, 7, 6
2021/4/27, 61, 42, 36, 13, 10, 7
2021/4/28, 68, 42, 31, 11, 9, 7
2021/4/29, 79, 33, 29, 10, 8, 6
2021/4/30, 62, 34, 30, 9, 10, 6
2021/5/1, 52, 28, 26, 6, 7, 4
2021/5/2, 63, 25, 42, 9, 7, 5
2021/5/4, 69, 41, 59, 13, 8, 7
2021/5/5, 75, 46, 47, 13, 10, 8
2021/5/6, 95, 51, 48, 13, 8, 7
2021/5/7, 86, 36, 43, 12, 9, 6
2021/5/8, 71, 76, 51, 13, 10, 12
2021/5/12, 65, 32, 45, 10, 8, 5
2021/5/13, 62, 25, 43, 9, 7, 5
2021/5/14, 39, 25, 53, 13, 9, 6
2021/5/15, 45, 26, 51, 12, 10, 6
2021/5/16, 51, 21, 35, 8, 7, 4
2021/5/17, 40, 29, 39, 10, 8, 5
2021/5/18, 51, 37, 41, 12, 9, 6
2021/5/19, 111, 31, 39, 11, 9, 6
2021/5/20, 143, 36, 56, 18, 9, 7
2021/5/21, 116, 49, 92, 17, 10, 9
2021/5/22, 122, 52, 58, 16, 9, 9
2021/5/23, 103, 41, 71, 13, 9, 8
2021/5/24, 79, 38, 61, 9, 8, 6
2021/5/25, 76, 55, 68, 16, 11, 8
2021/5/26, 107, 50, 81, 14, 11, 8
2021/5/27, 101, 55, 88, 18, 12, 9
2021/5/28, 107, 51, 66, 13, 11, 7
2021/5/29, 97, 50, 54, 11, 9, 7
2021/5/30, 103, 55, 71, 10, 9, 6
2021/5/31, 100, 57, 59, 11, 10, 7
2021/6/1, 101, 54, 62, 9, 8, 6
2021/6/2, 97, 27, 16, 6, 8, 5
2021/6/3, 55, 19, 27, 4, 8, 6
2021/6/4, 44, 22, 62, 17, 8, 6
2021/6/5, 44, 28, 56, 13, 8, 5
2021/6/6, 50, 23, 61, 11, 11, 5
2021/6/7, 55, 27, 44, 11, 9, 5
2021/6/8, 54, 39, 59, 13, 9, 6
2021/6/9, 73, 40, 46, 6, , 
2021/6/10, 78, 41, 41, 10, , 5
2021/6/11, 71, 37, 36, 12, 1, 6
2021/6/12, 67, 26, 31, 10, 1, 5
2021/6/13, 59, 12, 19, 11, 1, 5
2021/6/14, 39, 11, 20, 12, 1, 5
2021/6/15, 20, 18, 39, 12, 1, 5
2021/6/16, 28, 24, 33, 14, 2, 5
2021/6/17, 67, 22, 36, 13, 2, 6
2021/6/18, 40, 15, 29, 9, 1, 5
2021/6/19, 21, 7, 13, 10, 1, 6
2021/6/20, 27, 12, 29, 12, 2, 5
2021/6/21, 26, 15, 34, 9, 1, 5
2021/6/22, 26, 21, 22, 13, 2, 6
2021/6/23, 42, 15, 24, 19, 1, 7
2021/6/24, 35, 25, 41, 21, 2, 9
2021/6/25, 47, 17, 23, 13, 1, 5
2021/6/26, 24, 14, 17, 12, 2, 6
2021/6/27, 28, 7, 13, 7, 2, 
2021/6/28, 11, 11, 13, 10, , 5
2021/6/29, 17, 13, 17, 11, 1, 5
2021/6/30, 21, 17, 50, 14, 2, 6
2021/7/1, 37, 15, 20, 20, 1, 7
2021/1/6, 101, 48, 39, 16, 9, 13
2021/1/7, 58, 35, 27, 15, 9, 13
2021/1/8, 69, 46, 33, 16, 10, 16
2021/1/9, 101, 58, 39, 19, 10, 17
2021/1/10, 58, 43, 22, 12, 10, 12
2021/1/11, 36, 19, 25, 8, 8, 6
2021/1/12, 50, 37, 26, 11, 9, 10
2021/1/13, 53, 35, 20, 12, 9, 12
2021/1/14, 62, 42, 24, 13, 10, 15
2021/1/15, 93, 64, 29, 17, 10, 23
2021/1/16, 83, 54, 35, 16, 9, 25
2021/1/17, 91, 51, 35, 13, 10, 21
2021/1/18, 48, 32, 31, 13, 9, 16
2021/1/19, 89, 55, 32, 14, 8, 15
2021/1/20, 59, 42, 26, 14, 9, 13
2021/1/21, 58, 39, 19, 13, 8, 10
2021/1/22, 60, 33, 40, 11, 7, 11
2021/1/23, 69, 38, 44, 14, 9, 12
2021/1/24, 71, 45, 34, 16, 10, 14
2021/1/25, 66, 37, 31, 11, 9, 13
2021/1/26, 47, 31, 22, 12, 8, 13
2021/1/27, 62, 42, 31, 13, 9, 12
2021/1/28, 80, 55, 45, 18, 11, 20
2021/1/29, 81, 56, 36, 16, 8, 13
2021/1/30, 72, 55, 52, 13, 8, 8
2021/1/31, 57, 35, 39, 11, 7, 8
2021/2/1, 74, 45, 44, 17, 10, 16
2021/2/2, 59, 47, 33, 11, 7, 7
2021/2/3, 79, 58, 49, 16, 9, 11
2021/2/4, 107, 55, 65, 21, 9, 13
2021/2/5, 70, 43, 39, 17, 11, 14
2021/2/6, 75, 45, 43, 19, 7, 12
2021/2/7, 71, 43, 31, 15, 11, 13
2021/2/8, 93, 55, 36, 15, 11, 22
2021/2/9, 77, 41, 39, 14, 8, 12
2021/2/10, 79, 38, 48, 13, 7, 9
2021/2/11, 55, 35, 35, 14, 8, 9
2021/2/12, 72, 45, 22, 13, 8, 9
2021/2/13, 64, 39, 27, 14, 8, 9
2021/2/14, 54, 35, 30, 12, 7, 7
2021/2/15, 37, 27, 29, 9, 7, 6
2021/2/16, 46, 25, 29, 10, 9, 6
2021/2/17, 52, 37, 27, 12, 9, 7
2021/2/18, 47, 27, 27, 11, 10, 7
2021/2/19, 61, 36, 34, 13, 11, 8
2021/2/20, 63, 53, 33, 17, 9, 17
2021/2/21, 121, 76, 77, 20, 13, 20
2021/2/22, 70, 43, 44, 14, 9, 11
2021/2/23, 80, 48, 48, 18, 9, 13
2021/2/24, 81, 52, 67, 14, 10, 9
2021/2/25, 76, 49, 46, 17, 10, 9
2021/2/26, 81, 50, 58, 18, 9, 9
2021/2/27, 79, 50, 43, 19, 10, 12
2021/2/28, 76, 52, 48, 18, 10, 13
2021/3/1, 72, 39, 44, 13, 9, 10
2021/3/2, 77, 48, 57, 16, 9, 9
2021/3/3, 83, 54, 57, 16, 10, 9
2021/3/4, 79, 48, 60, 14, 11, 8
2021/3/5, 63, 42, 36, 12, 11, 7
2021/3/6, 44, 28, 30, 10, 7, 7
2021/3/7, 54, 38, 41, 10, 10, 6
2021/3/8, 69, 43, 37, 13, 12, 8
2021/3/9, 49, 29, 30, 9, 8, 5
2021/3/10, 59, 39, 47, 11, 9, 6
2021/3/11, 71, 45, 57, 13, 10, 8
2021/3/12, 69, 42, 58, 13, 9, 8
2021/3/13, 67, 47, 59, 15, 11, 8
2021/3/14, 63, 41, 39, 32, 9, 6
2021/3/15, 66, 35, 36, 13, 9, 8
2021/3/16, 64, 38, 33, 12, 10, 7
2021/3/17, 64, 42, 27, 14, 9, 8
2021/3/18, 55, 38, 36, 13, 10, 9
2021/3/19, 71, 46, 40, 17, 11, 10
2021/3/20, 71, 49, 48, 14, 11, 8
2021/3/21, 59, 38, 39, 13, 11, 8
2021/3/22, 41, 26, 34, 12, 10, 6
2021/3/23, 53, 39, 31, 14, 10, 8
2021/3/24, 42, 35, 19, 11, 10, 8
2021/3/25, 40, 31, 24, 12, 9, 7
2021/3/26, 57, 36, 29, 16, 10, 8
2021/3/27, 73, 43, 38, 17, 11, 9
2021/3/28, 64, 42, 48, 18, 10, 10
2021/3/29, 80, 42, 43, 17, 11, 11
2021/3/30, 105, 55, 42, 13, 8, 7
2021/3/31, 52, 38, 31, 8, 9, 4
2021/4/1, 88, 48, 54, 18, 10, 9
2020/10/2, 60, , , , , 
2020/10/3, 44, , 14, , 1, 13
2020/10/4, 12, 49, 31, , 1, 8
2020/10/5, 34, 88, 35, , 1, 9
2020/10/6, 68, 56, 38, , 1, 7
2020/10/7, 66, 40, 32, 28, 2, 9
2020/10/8, 65, 65, 57, 22, 9, 10
2020/10/9, 81, 79, 84, 15, 7, 9
2020/10/10, 81, 84, 77, 10, 6, 7
2020/10/12, 61, 150, 47, 16, 8, 9
2020/10/13, 70, 116, 34, 12, 7, 7
2020/10/14, 42, 148, 44, 12, 10, 8
2020/10/15, 43, 188, 43, 12, 6, 8
2020/10/16, 50, 109, 36, 11, 8, 7
2020/10/17, 22, 28, 35, 9, 7, 7
2020/10/19, 52, 42, 37, 10, 7, 7
2020/10/20, 47, 50, 42, 11, 9, 8
2020/10/21, 44, 37, 41, 12, 7, 8
2020/10/22, 52, 36, 70, 14, 8, 10
2020/10/23, 65, 46, 114, 11, 8, 8
2020/10/24, 57, 84, 41, 10, 8, 7
2020/10/25, 47, 56, 56, 13, 8, 10
2020/10/26, 63, 48, 63, 9, 8, 7
2020/10/27, 42, 77, 45, 7, 8, 7
2020/10/28, 41, 79, 41, 9, 8, 7
2020/10/29, 51, 89, 45, 9, 8, 7
2020/10/30, 46, 92, 37, 11, 9, 9
2020/10/31, 50, 105, 51, 11, 8, 7
2020/11/1, 58, 66, 35, 9, 7, 8
2020/11/2, 93, 58, 32, 7, 8, 6
2020/11/3, 46, 39, 41, 9, 8, 9
2020/11/4, 40, 69, 34, 11, 9, 9
2020/11/5, 52, 42, 30, 11, 8, 12
2020/11/6, 53, 45, 46, 13, 10, 14
2020/11/7, 67, 52, 63, 13, 8, 13
2020/11/8, 84, 34, 40, 10, 7, 10
2020/11/9, 55, 46, 44, 14, 9, 12
2020/11/10, 70, 31, 33, 13, 8, 11
2020/11/11, 66, 41, 34, 12, 10, 14
2020/12/1, 47, 35, 25, 10, 7, 10
2020/12/2, 41, 33, 31, 12, 9, 10
2020/12/3, 57, 36, 24, 10, 8, 9
2020/12/4, 59, 18, 12, 8, 8, 8
2020/12/5, 36, 18, 15, 8, 7, 9
2020/12/6, 31, 23, 11, 9, 8, 10
2020/12/7, 35, 26, 16, 9, 6, 7
2020/12/8, 39, 29, 25, 11, 7, 10
2020/12/9, 50, 44, 39, 15, 9, 15
2020/12/10, 66, 29, 25, 9, 8, 9
2020/12/11, 47, 29, 23, 11, 8, 13
2020/12/12, 46, 39, 25, 12, 9, 14
2020/12/13, 62, 27, 21, 10, 9, 11
2020/12/14, 38, 40, 23, 11, 9, 13
2020/12/15, 58, 35, 19, 11, 7, 12
2020/12/16, 49, 35, 22, 11, 8, 12
2020/12/17, 53, 39, 30, 11, 8, 12
2020/12/18, 56, 47, 28, 12, 10, 17
2020/12/19, 74, 41, 32, 14, 8, 19
2020/12/20, 62, 58, 56, 15, 9, 23
2020/12/21, 95, 55, 35, 15, 8, 18
2020/12/22, 75, 51, 29, 18, 9, 18
2020/12/23, 80, 48, 23, 14, 8, 22
2020/12/24, 75, 61, 39, 17, 10, 21
2020/12/25, 87, 58, 42, 10, 8, 11
2020/12/26, 91, 52, 30, 14, 10, 18
2020/12/27, 95, 47, 43, 15, 8, 15
2020/12/28, 80, 64, 44, 20, 9, 21
2020/12/29, 101, 57, 30, 17, 11, 18
2020/12/30, 94, 48, 22, 12, 7, 13
2020/12/31, 54, 21, 33, 8, 7, 7
2021/1/1, 39, 46, 37, 10, 7, 9
2021/1/2, 152, 47, 46, 16, 8, 14
2020/7/2, 44, 78, 51, 9, 1, 6
2020/7/3, 42, 17, 42, 7, , 4
2020/7/4, 58, 26, 44, 7, 1, 4
2020/7/5, 47, 25, 67, 3, 2, 4
2020/7/6, 58, 29, 92, 150, 1, 4
2020/7/7, 51, 22, 55, 9, 3, 5
2020/7/8, 48, 16, 27, 6, 2, 5
2020/7/9, 27, 18, 40, 9, 2, 6
2020/7/10, 44, 12, 31, 4, 1, 3
2020/7/11, 21, 23, 41, 62, 1, 3
2020/7/12, 36, 18, 29, 149, 2, 4
2020/7/13, 33, 23, 63, 156, 2, 5
2020/7/14, 41, 22, 45, 140, 1, 4
2020/7/15, 40, 35, 63, 11, 3, 7
2020/7/16, 56, 30, 69, 9, 3, 6
2020/7/17, 49, 27, 63, 6, 2, 5
2020/7/18, 50, 22, 62, 5, 1, 3
2020/7/19, 41, 21, 59, 5, 1, 4
2020/7/20, 40, 25, 62, 6, 1, 4
2020/7/21, 44, 32, 68, 5, 1, 3
2020/7/22, 54, 35, 41, 7, 2, 5
2020/7/23, 69, 32, 53, 9, 1, 5
2020/7/24, 53, 28, 70, 7, 2, 5
2020/7/25, 15, 32, 79, 6, 1, 5
2020/7/27, 25, 19, 29, 5, 1, 4
2020/7/28, 31, 23, 47, 6, 1, 4
2020/7/29, 41, 23, 19, 8, 1, 6
2020/7/30, 36, 24, 33, 7, 3, 5
2020/7/31, 27, 24, 29, 9, 2, 6
2020/8/1, 28, 19, 38, 6, 1, 4
2020/8/2, 44, 21, 41, 5, , 4
2020/8/3, 35, 23, 35, 6, 1, 4
2020/8/4, 45, 25, 41, 5, 2, 4
2020/8/5, 54, 35, 40, 6, 2, 4
2020/8/6, 53, 32, 39, 7, 1, 5
2020/8/7, 67, 23, 34, 6, 1, 4
2020/8/8, 50, 17, 30, 4, , 3
2020/8/9, 27, 23, 26, 5, 1, 3
2020/8/10, 27, , 30, 5, , 4
2020/8/11, 40, 27, 26, 8, 3, 6
2020/8/12, 36, 24, 30, 6, 2, 5
2020/8/13, 35, 15, 26, 6, 2, 5
2020/8/14, 32, 21, 45, 6, 1, 5
2020/8/15, 40, 68, 42, 8, 1, 5
2020/8/16, 45, 23, 40, 8, 1, 5
2020/8/17, 37, 35, 28, 8, 1, 5
2020/8/18, 50, 78, 21, 8, 2, 6
2020/8/19, 49, 158, 30, 8, 1, 6
2020/8/20, 41, 52, 35, 6, 2, 3
2020/8/21, 34, 108, 54, 7, 1, 4
2020/8/22, 32, 83, 43, 2, , 3
2020/8/23, 34, 104, 42, 3, 1, 4
2020/8/24, 43, 71, 34, 5, 2, 4
2020/8/25, 42, 169, 30, 3, 2, 4
2020/8/26, 38, 101, 24, 2, , 4
2020/8/27, 22, 86, 16, 3, , 5
2020/8/28, 27, 10, 17, 4, 1, 6
2020/8/29, 20, 6, 23, 3, 1, 3
2020/8/30, 25, 5, 35, 4, , 3
2020/8/31, 29, 2, 27, 6, 1, 4
2020/9/1, 23, 5, 44, 7, , 5
2020/9/2, 41, 4, 50, 4, 2, 4
2020/9/3, 45, 10, 37, 6, 1, 4
2020/9/4, 23, 84, 31, 5, 3, 4
2020/9/6, 28, 53, 26, 3, , 4
2020/9/7, 17, 53, 25, 6, , 5
2020/9/8, 29, 16, 41, 7, 1, 5
2020/9/9, 34, 87, 26, 4, 2, 4
2020/9/10, 30, 92, 32, 5, 2, 5
2020/9/11, 36, 8, 32, 5, , 5
2020/9/12, 56, 5, 35, 7, 2, 4
2020/9/13, 40, 4, 31, 8, 1, 5
2020/9/14, 39, 9, 32, 6, , 4
2020/9/15, 31, 5, 31, 8, , 5
2020/9/16, 44, 11, 38, 4, , 4
2020/9/17, 38, 9, 36, 7, 1, 5
2020/9/18, 35, 14, 27, 7, 1, 5
2020/9/21, 31, , 33, 9, 1, 6
2020/9/22, 44, , 34, 11, , 8
2020/9/23, 43, , 36, 6, , 4
2020/9/24, 47, , 48, 4, , 4
2020/9/25, 47, , 10, 11, 2, 5
2020/9/26, 72, , 43, 15, , 4
2020/9/27, 67, , , , , 
2020/9/30, 44, 532, , , , 
2020/10/1, 42, , , , , 
2020/6/16, 49, 28, 76, 7, 1, 7
2020/6/17, 58, 30, 77, 5, 2, 7
2020/6/18, 60, 34, 60, 4, 1, 6
2020/6/19, 65, 30, 76, 10, 2, 7
2020/6/20, 58, 35, 74, 10, 3, 8
2020/6/21, 54, 20, 86, 6, 2, 5
2020/6/22, 44, 32, 83, 10, 2, 7
2020/6/23, 53, 211, 49, 6, 1, 4
2020/6/24, 43, , 39, 8, 2, 5
2020/6/25, 42, , 31, 8, 2, 6
2020/6/26, 42, 19, 26, 6, 1, 6
2020/6/27, 34, 25, 39, 4, 2, 4
2020/6/28, 51, 39, 37, 3, 3, 3
2020/6/29, 72, 19, 50, 4, , 4
2020/6/30, 39, 35, 65, 7, 4, 5
2020/7/1, 79, 33, 42, 6, 1, 4
2020/1/2, 67, 12, 26, 10, , 4
2020/1/3, 28, 25, 35, 21, 3, 10
2020/1/4, 52, 20, 34, 15, , 7
2020/1/5, 113, 29, 41, 21, 2, 12
2020/1/6, 44, 43, 42, 30, 3, 12
2020/1/7, 84, 49, 37, 42, 2, 14
2020/1/8, 73, 44, 47, , 1, 13
2020/1/9, 77, 52, 47, , 3, 15
2020/1/10, 98, 36, 25, 15, 2, 13
2020/1/11, 60, 47, 40, 24, 3, 15
2020/1/12, 73, 42, 37, 22, 2, 13
2020/1/13, 73, 40, 40, 23, 3, 16
2020/1/14, 67, 58, 51, 27, 3, 17
2020/1/15, 104, 58, 56, 26, 2, 10
2020/1/16, 99, 49, 42, 24, 2, 9
2020/1/17, 83, 38, 41, 17, , 5
2020/1/18, 66, 33, 35, 19, 1, 8
2020/1/19, 55, 30, 31, 11, 2, 4
2020/1/20, 52, 20, 31, 12, 1, 6
2020/1/21, 35, 32, 38, 13, 2, 6
2020/1/22, 78, 24, 25, 12, 1, 6
2020/1/23, 41, 37, 17, 18, 2, 8
2020/1/24, 60, 35, 34, 15, 1, 6
2020/1/25, 102, 22, 20, 10, 1, 4
2020/1/26, 50, 16, 20, 8, 2, 3
2020/1/27, 52, 24, 32, 14, 2, 7
2020/1/28, 60, 31, 46, 19, 1, 8
2020/1/29, 54, 501, 35, 16, 2, 6
2020/1/30, 58, 119, 22, 13, , 6
2020/1/31, 38, 68, 27, 15, 1, 6
2020/2/1, 11, 26, 30, 9, 1, 4
2020/2/2, 35, 19, 27, 10, 1, 5
2020/2/3, 37, 11, 13, 11, , 6
2020/2/4, 24, 14, 9, 14, 2, 7
2020/2/5, 37, 18, 13, 9, 1, 4
2020/2/6, 34, 19, 29, 15, 3, 8
2020/2/7, 33, 49, 47, 29, 5, 15
2020/2/8, 95, 39, 37, 18, 4, 13
2020/2/9, 45, 27, 27, 14, 1, 9
2020/2/10, 44, 27, 23, 12, 2, 9
2020/2/11, 42, 31, 26, 12, 4, 7
2020/2/12, 50, 23, 20, 12, 2, 6
2020/2/13, 39, 35, 29, 15, 2, 9
2020/2/14, 60, 34, 43, 19, 3, 9
2020/2/15, 24, 30, 48, 14, 2, 6
2020/2/16, 44, 22, 38, 12, 2, 6
2020/2/17, 41, 31, 49, 14, 2, 8
2020/2/18, 44, 36, 59, 18, 2, 9
2020/2/19, 59, 38, 45, 17, 2, 9
2020/2/20, 73, 38, 52, 16, 2, 7
2020/2/21, 71, 39, 40, 15, 1, 7
2020/2/22, 63, 38, 64, 11, 1, 6
2020/2/23, 62, 25, 31, 8, , 4
2020/2/24, 48, 31, 34, 14, 1, 8
2020/2/25, 66, 28, 32, 13, 2, 6
2020/2/26, 52, 30, 62, 16, 1, 6
2020/2/27, 61, 34, 44, 11, 1, 5
2020/2/28, 58, 38, 74, 15, 1, 7
2020/2/29, 59, 37, 63, 12, 2, 6
2020/3/1, 57, 24, 32, 11, 1, 5
2020/3/2, 45, 37, 42, 17, 2, 10
2020/3/3, 66, 30, 30, 10, 1, 5
2020/3/4, 53, 25, 23, 12, , 6
2020/3/5, 46, 42, 55, 17, 2, 8
2020/3/6, 68, 43, 42, 14, , 5
2020/3/8, 74, 35, 76, 9, 1, 5
2020/3/9, 73, 35, 47, 10, 2, 14
2020/3/10, 67, 36, 58, 13, 1, 9
2020/3/11, 69, 35, 48, 11, , 6
2020/3/12, 67, 34, 43, 14, 1, 8
2020/3/13, 66, 30, 52, 10, 2, 6
2020/3/14, 61, 33, 84, 12, 2, 5
2020/3/17, 57, 36, 61, 10, 2, 5
2020/3/18, 79, 35, 40, 11, 1, 6
2020/3/20, 55, 32, 43, 11, 2, 5
2020/3/21, 73, 32, 51, 8, 2, 5
2020/3/23, 72, 29, 37, 11, 2, 5
2020/3/24, 48, 35, 16, 17, 3, 7
2020/3/25, 61, 34, 8, 18, 1, 3
2019/10/2, 24, 13, 36, 7, 8, 8
2019/10/3, 27, 14, 33, 7, 7, 7
2019/10/4, 32, 16, 40, 5, 4, 7
2019/10/5, 41, 16, 40, 5, 12, 6
2019/10/6, 43, 12, 46, 2, 10, 5
2019/10/7, 28, 19, 41, 5, 2, 6
2019/10/8, 27, 17, 36, 6, 12, 7
2019/10/9, 38, 22, 40, 8, 7, 8
2019/10/10, 36, 21, 49, 5, 6, 5
2019/10/11, 42, 23, 38, 7, 9, 4
2019/10/12, 53, 17, 40, 4, 14, 7
2019/10/13, 37, 19, 45, 6, 10, 8
2019/10/14, 47, 15, 42, 3, 11, 8
2019/10/15, 43, 14, 42, 2, 10, 3
2019/10/16, 31, 20, 34, 6, 11, 5
2019/10/17, 40, 15, 24, 4, 10, 4
2019/10/18, 30, 14, 29, 4, 11, 5
2019/10/19, 36, 14, 36, 4, 10, 7
2019/10/20, 35, 13, 15, 3, 8, 6
2019/10/21, 25, 11, 12, 5, 17, 5
2019/10/22, 32, , , , , 
2019/10/25, 70, 24, 49, 11, 3, 17
2019/10/27, 41, 14, 39, 6, 6, 10
2019/10/28, 24, 15, 59, 8, 4, 8
2019/10/29, 38, 15, 12, 14, 4, 11
2019/10/30, 26, 18, 34, 14, 3, 8
2019/10/31, 39, 19, 34, 16, 1, 9
2019/11/1, 50, 15, 42, 18, 2, 8
2019/11/2, 34, 23, 29, 22, 1, 8
2019/11/3, 49, 12, 34, 13, 2, 7
2019/11/4, 29, 18, 52, 20, 2, 9
2019/11/5, 43, 19, 35, 18, 1, 7
2019/11/6, 42, 20, 33, 16, 1, 6
2019/11/7, 39, 22, 31, 18, 1, 7
2019/11/8, 45, 25, 28, 16, 1, 9
2019/11/9, 47, 18, 30, 13, , 5
2019/11/10, 37, 22, 45, 16, 1, 6
2019/11/11, 42, 26, 39, 22, 2, 9
2019/11/12, 55, 27, 32, 18, 1, 8
2019/11/13, 53, 19, 17, 16, 2, 7
2019/11/14, 47, 19, 29, 15, 1, 8
2019/11/15, 36, 14, 27, 14, , 5
2019/11/16, 41, 19, 36, 15, 1, 5
2019/11/17, 47, 13, 24, 13, 1, 5
2019/11/18, 41, 13, 35, 10, , 4
2019/11/19, 29, 15, 28, 14, 1, 7
2019/11/20, 30, 19, 26, 15, 2, 7
2019/11/21, 36, 17, 27, 14, , 7
2019/11/22, 53, 11, 33, 13, 1, 6
2019/11/29, 59, 41, 45, 20, 2, 10
2019/11/30, 67, 31, 27, 18, 2, 8
2019/12/1, 48, 24, 37, 14, 2, 9
2019/12/2, 41, 39, 36, 22, 2, 11
2019/12/3, 58, 44, 36, 23, 3, 10
2019/12/4, 78, 35, 49, 22, 2, 9
2019/12/5, 56, 45, 65, 26, 1, 10
2019/12/6, 75, 45, 59, 25, 3, 13
2019/12/7, 78, 47, 1, 30, 2, 19
2019/12/9, 52, 45, 37, 25, 2, 12
2019/12/10, 76, 52, 49, 31, 4, 14
2019/12/11, 85, 50, 40, 26, 2, 11
2019/12/12, 85, 44, 41, 21, 3, 11
2019/12/13, 71, 35, 25, 19, 1, 12
2019/12/14, 65, 49, 38, 23, 2, 12
2019/12/15, 71, 42, 25, 20, 4, 22
2019/12/16, 74, 42, 26, 21, 2, 14
2019/12/17, 62, 44, 39, 23, 2, 10
2019/12/18, 64, 39, 32, 16, 2, 7
2019/12/19, 59, 46, 32, 17, 3, 7
2019/12/20, 74, 40, 5, 20, 3, 14
2019/12/24, 45, 31, 31, 17, 1, 11
2019/12/25, 53, 46, 36, 13, 2, 14
2019/12/26, 68, 34, 31, 17, 2, 12
2019/12/27, 56, 42, 21, 18, 2, 12
2019/12/28, 67, 22, 20, 9, 2, 6
2019/12/29, 60, 21, 22, 14, 1, 8
2019/7/2, 42, 18, 45, 6, 3, 7
2019/7/3, 37, 19, 36, 6, 3, 7
2019/7/4, 34, 20, 35, 6, 9, 6
2019/7/5, 47, 12, 31, 4, 7, 5
2019/7/6, 31, 24, 38, 3, 4, 5
2019/7/7, 52, 24, 29, 5, 4, 6
2019/7/8, 51, 27, 56, 7, 6, 7
2019/7/9, 50, 18, 41, 8, 4, 6
2019/7/10, 36, , , , , 6
2019/7/12, 53, 14, 23, 5, 10, 7
2019/7/13, 33, 10, 28, 3, 10, 5
2019/7/14, 28, 11, 38, 3, 16, 6
2019/7/15, 28, 11, 48, 6, , 8
2019/7/16, 38, 15, 49, 6, 10, 8
2019/7/17, 37, 21, 57, 6, 5, 4
2019/7/18, 49, 17, 69, 8, 6, 9
2019/7/19, 53, 17, 44, 7, 7, 9
2019/7/20, 41, 12, 44, 6, 6, 6
2019/7/21, 36, 9, 50, 2, 4, 4
2019/7/22, 24, 14, 57, 6, 6, 6
2019/7/23, 32, 14, 48, 5, 6, 6
2019/7/24, 36, 15, 37, 7, 8, 7
2019/7/25, 46, 15, 53, 7, 6, 7
2019/7/26, 43, 19, 41, 11, 7, 8
2019/7/27, 43, 21, 42, 9, 8, 9
2019/7/28, 52, 23, 43, 7, 6, 9
2019/7/29, 57, 16, 84, 7, 6, 7
2019/7/30, 32, 15, 52, 6, 15, 6
2019/7/31, 43, 18, 51, 5, 5, 6
2019/8/1, 45, 20, 44, 5, 6, 6
2019/8/2, 45, 22, 50, 4, 6, 6
2019/8/3, 51, 26, 73, 6, 6, 7
2019/8/4, 58, 20, 68, 5, 7, 6
2019/8/5, 45, 17, 64, 5, 7, 6
2019/8/6, 41, 13, 48, 6, 7, 5
2019/8/7, 32, 10, 86, 7, 8, 5
2019/8/8, 31, 13, 44, 8, 9, 6
2019/8/9, 36, 19, 53, 8, 7, 6
2019/8/10, 42, 20, 45, 9, 7, 8
2019/8/11, 51, 12, 38, 3, 6, 4
2019/8/12, 40, 10, 50, 4, 9, 5
2019/8/13, 23, 21, 66, 9, 8, 6
2019/8/14, 47, 20, 67, 6, 7, 4
2019/8/15, 47, 20, 84, 6, 10, 5
2019/8/16, 49, 16, 75, 5, 6, 4
2019/8/17, 37, 17, 29, 3, 15, 4
2019/8/20, 37, 23, 42, 6, 8, 3
2019/8/21, 41, 30, 33, 11, 11, 3
2019/8/22, 59, 20, 33, 5, 13, 4
2019/8/23, 33, 10, 22, 1, 11, 4
2019/8/24, 11, 10, 56, 5, 6, 5
2019/8/25, 23, 10, 35, 3, 12, 5
2019/8/26, 24, 12, 30, 7, 7, 9
2019/8/27, 33, 18, 38, 5, 6, 8
2019/8/28, 39, 17, 44, 10, 8, 9
2019/8/29, 42, 22, 39, 9, 8, 9
2019/8/30, 52, 33, 58, 10, 8, 9
2019/8/31, 65, 22, 50, 7, 11, 7
2019/9/1, 50, 19, 47, 5, 8, 7
2019/9/2, 39, 23, 52, 4, 12, 6
2019/9/3, 52, 13, 49, 5, 5, 6
2019/9/4, 30, 19, 56, 8, 12, 7
2019/9/5, 42, 16, 57, 6, 6, 7
2019/9/6, 40, 13, 46, 6, 9, 8
2019/9/7, 37, 16, 53, 7, 9, 8
2019/9/8, 44, 15, 54, 7, 9, 9
2019/9/9, 46, 23, 77, 10, 7, 9
2019/9/10, 46, 20, 47, 8, 10, 8
2019/9/11, 42, 18, 42, 4, 8, 7
2019/9/12, 49, 17, 37, 7, 5, 6
2019/9/13, 33, 14, 34, 4, 6, 6
2019/9/14, 29, 12, 31, 7, 7, 7
2019/9/15, 21, 9, 44, 3, 11, 4
2019/9/16, 24, 15, 48, 5, 6, 5
2019/9/17, 37, 18, 51, 4, 9, 5
2019/9/18, 31, 16, 42, 5, 5, 8
2019/9/19, 36, 11, 21, 4, 5, 6
2019/9/20, 16, 15, 27, 6, 9, 6
2019/9/21, 32, 17, 52, 4, 9, 8
2019/9/22, 39, 15, 48, 3, 12, 6
2019/9/23, 39, 17, 47, 7, 7, 6
2019/9/24, 38, 58, 62, 4, 8, 6
2019/9/25, 75, 22, 58, 9, 10, 7
2019/9/26, 50, 14, 49, 3, 7, 6
2019/9/27, 28, 18, 44, 8, 10, 7
2019/9/28, 39, 15, 50, 4, 7, 6
2019/9/29, 46, 11, 22, 4, 6, 7
2019/9/30, 33, 9, 25, 5, 9, 7
2019/10/1, 22, 10, 25, 4, 10, 7
2019/4/2, 58, 35, 32, 11, 6, 8
2019/4/3, 62, 31, 27, 9, 5, 9
2019/4/4, 48, 36, 31, 10, 8, 9
2019/4/5, 60, 29, 27, 8, 8, 6
2019/4/6, 56, 34, 28, 10, 6, 8
2019/4/7, 56, 34, 34, 13, 10, 9
2019/4/8, 60, 30, 35, 12, 5, 10
2019/4/9, 53, 34, 32, 12, 5, 9
2019/4/10, 58, 46, 32, 14, 11, 12
2019/4/11, 67, 37, 30, 11, 5, 12
2019/4/12, 62, 42, 28, 15, 7, 12
2019/4/13, 75, 40, 33, 7, 9, 9
2019/4/14, 75, 29, 39, 8, 6, 10
2019/4/15, 56, 45, 28, 11, 6, 9
2019/4/16, 82, 53, 28, 11, 7, 9
2019/4/17, 80, 27, 19, 7, 7, 6
2019/4/18, 42, 21, 27, 8, 4, 6
2019/4/19, 44, 36, 22, 10, 7, 5
2019/4/20, 55, 47, 27, 10, 7, 9
2019/4/21, 75, 27, 20, 8, 9, 6
2019/4/22, 54, 28, 20, 10, 8, 8
2019/4/23, 53, 35, 21, 10, 10, 7
2019/4/24, 59, 22, 14, 9, 5, 6
2019/4/25, 41, 25, 30, 10, 8, 6
2019/4/26, 48, 43, 26, 12, 13, 10
2019/4/27, 81, 35, 23, 10, 10, 8
2019/4/28, 73, 33, 22, 7, 8, 8
2019/4/29, 73, 43, 24, 11, 10, 10
2019/4/30, 86, 48, 26, 15, 12, 11
2019/5/1, 96, 40, 24, 13, 9, 7
2019/5/2, 45, 30, 21, 10, 8, 6
2019/5/3, 49, 29, 18, 10, 9, 7
2019/5/4, 45, 28, 17, 10, 9, 6
2019/5/5, 45, 33, 17, 8, 7, 6
2019/5/6, 52, 32, 23, 11, 8, 7
2019/5/7, 57, 34, 25, 12, 12, 8
2019/5/8, 57, 35, 22, 10, 7, 9
2019/5/9, 55, 40, 23, 13, 7, 9
2019/5/10, 77, 41, 20, 11, 11, 8
2019/5/11, 83, 29, 16, 7, 7, 6
2019/5/12, 51, 32, 15, 6, 7, 6
2019/5/13, 68, 42, 17, 11, 8, 8
2019/5/14, 88, 35, 17, 9, 10, 8
2019/5/15, 66, 44, 27, 12, 9, 5
2019/5/16, 93, 50, 28, 12, 12, 6
2019/5/17, 103, 44, 18, 7, 9, 5
2019/5/18, 72, 38, 18, 9, 9, 5
2019/5/19, 71, 27, 24, 9, 8, 5
2019/5/20, 56, 35, 19, 7, 6, 5
2019/5/21, 69, 33, 18, 7, 7, 7
2019/5/22, 65, 29, 21, 7, 10, 8
2019/5/23, 57, 37, 22, 8, 9, 8
2019/5/24, 77, 38, 23, 9, 9, 9
2019/5/25, 75, 48, 29, 8, 9, 8
2019/5/26, 92, 33, 21, 3, 8, 7
2019/5/27, 81, 38, 22, 4, 8, 8
2019/5/28, 84, 36, 23, 4, 10, 5
2019/5/29, 81, 34, 25, 4, 12, 6
2019/5/30, 100, 33, 26, 6, 13, 4
2019/5/31, 100, 63, 27, 10, 11, 8
2019/6/1, 125, 39, 30, 8, 9, 8
2019/6/2, 74, 33, 30, 7, 12, 7
2019/6/3, 72, 29, 27, 8, 11, 8
2019/6/4, 62, 30, 29, 9, 9, 7
2019/6/5, 66, 36, 23, 6, 10, 5
2019/6/6, 85, 29, 38, 4, 10, 7
2019/6/7, 73, 38, 37, 8, 7, 7
2019/6/8, 75, 36, 38, 8, 6, 8
2019/6/9, 79, 30, 44, 9, 6, 8
2019/6/10, 67, 32, 49, 6, 12, 8
2019/6/11, 59, 28, 31, 4, 6, 6
2019/6/12, 58, 23, 39, 4, 7, 5
2019/6/13, 55, 25, 30, 5, 12, 7
2019/6/15, 48, 27, 34, 6, 9, 6
2019/6/16, 62, 28, 30, 6, 8, 6
2019/6/17, 68, 28, 39, 9, 10, 9
2019/6/18, 60, 18, 38, 6, 10, 6
2019/6/19, 52, 19, 33, 5, 9, 6
2019/6/20, 51, 26, 40, 6, 9, 7
2019/6/21, 60, 32, 31, 7, 6, 6
2019/6/22, 71, 27, 49, 4, 10, 5
2019/6/23, 68, 23, 46, 3, 11, 5
2019/6/24, 61, 25, 40, 6, 5, 5
2019/6/25, 65, 30, 33, 6, 5, 6
2019/6/26, 59, 19, 30, 5, 6, 7
2019/6/27, 35, 17, 26, 5, 10, 6
2019/6/28, 45, 20, 33, 5, 4, 6
2019/6/29, 36, 20, 33, 3, 4, 5
2019/6/30, 44, 18, 32, 4, 7, 6
2019/7/1, 42, 22, 41, 8, 5, 6
2019/1/7, 73, , , , , 
2019/1/8, 112, , , , , 
2019/1/9, 122, , , , , 
2019/1/10, 147, 62, 35, 22, 6, 15
2019/1/11, 130, 40, 25, 23, 9, 18
2019/1/12, 113, 27, 33, 17, 7, 19
2019/1/13, 61, 30, 30, 15, 5, 47
2019/1/14, 76, 28, 27, 18, 6, 12
2019/1/15, 64, 25, 26, 19, 2, 26
2019/1/16, 73, 50, 32, 26, 8, 8
2019/1/17, 111, 34, 28, 18, 3, 20
2019/1/18, 68, 29, 31, 18, 2, 6
2019/1/19, 52, 43, 33, 22, 7, 15
2019/1/20, 72, 36, 28, 15, 9, 28
2019/1/21, 53, 50, 40, 26, 2, 17
2019/1/22, 87, 54, 32, 26, 3, 21
2019/1/23, 107, 36, 30, 22, 4, 15
2019/1/24, 65, 44, 31, 10, 6, 32
2019/1/25, 73, 36, 26, , 7, 26
2019/1/26, 62, 32, 21, , 6, 22
2019/1/27, 49, 27, 31, , 5, 17
2019/1/28, 46, 46, 34, 42, 6, 17
2019/1/29, 80, 45, 36, 68, 6, 24
2019/1/30, 74, 35, 27, 60, 7, 48
2019/1/31, 65, 38, 22, 42, 9, 11
2019/2/1, 63, 32, 22, 22, 11, 22
2019/2/2, 56, 40, 31, 24, , 11
2019/2/3, 71, 40, 30, 24, , 14
2019/2/4, 74, 36, 39, 24, , 10
2019/2/5, 65, 42, 28, 34, 11, 10
2019/2/6, 62, 40, 31, 19, 12, 12
2019/2/7, 67, 47, 52, 22, 10, 12
2019/2/8, 81, 53, 30, 28, 8, 14
2019/2/9, 58, 39, 32, 11, 7, 5
2019/2/10, 60, 40, 32, 12, 7, 6
2019/2/11, 68, 31, 22, 10, 6, 7
2019/2/12, 58, 41, 38, 17, 8, 9
2019/2/13, 68, 37, 26, 12, 7, 7
2019/2/14, 58, 30, 13, 13, 8, 10
2019/2/15, 74, 33, 24, 19, 11, 12
2019/2/17, 66, 21, 20, 10, 5, 321
2019/2/18, 32, 37, 17, 13, 11, 
2019/2/19, 49, 30, 13, 12, 6, 
2019/2/20, 33, 40, 15, 12, 9, 
2019/2/21, 54, 42, 12, 23, 15, 
2019/2/22, 41, 18, 12, , , 
2019/2/23, 36, , , , , 
2019/2/27, 49, 31, 22, 12, 9, 10
2019/2/28, 44, 32, 33, 17, 8, 8
2019/3/1, 43, 31, 23, 19, 9, 7
2019/3/2, 57, 31, 30, 15, 7, 9
2019/3/3, 45, 25, 30, 17, 9, 10
2019/3/4, 44, 36, 35, 16, 8, 8
2019/3/5, 53, 39, 57, 17, 6, 9
2019/3/6, 69, 36, 45, 13, 5, 9
2019/3/7, 63, 40, 35, 19, 8, 8
2019/3/8, 68, 42, 34, 18, 6, 9
2019/3/9, 66, 37, 31, 15, 5, 8
2019/3/10, 57, 25, 35, 10, 5, 5
2019/3/11, 45, 39, 39, 14, 9, 9
2019/3/12, 67, 41, 28, 11, 7, 8
2019/3/13, 72, 35, 26, 8, 9, 7
2019/3/14, 64, 41, 31, 12, 10, 9
2019/3/15, 69, 39, 23, 10, 8, 8
2019/3/16, 56, 34, 21, 11, 8, 8
2019/3/17, 62, 29, 25, 7, 4, 5
2019/3/18, 67, 30, 24, 5, 6, 5
2019/3/19, 61, 25, 34, 9, 6, 7
2019/3/20, 51, 30, 26, 12, 6, 9
2019/3/21, 44, 37, 24, 9, 6, 8
2019/3/22, 48, 31, 23, 8, 5, 8
2019/3/23, 48, 22, 35, 7, 6, 6
2019/3/24, 38, 28, 37, 9, 8, 7
2019/3/25, 57, 48, 44, 16, 10, 11
2019/3/26, 89, 46, 40, 15, 9, 9
2019/3/27, 74, 43, 39, 12, 7, 9
2019/3/28, 73, 50, 46, 16, 9, 9
2019/3/29, 85, 40, 34, 16, 6, 6
2019/3/30, 75, 29, 42, 16, 8, 9
2019/3/31, 52, 29, 40, 13, 11, 8
2019/4/1, 57, 35, 33, 15, 7, 8
2018/10/2, 65, 18, 23, 8, 2, 5
2018/10/3, 49, 20, 24, 8, 3, 5
2018/10/4, 90, 19, 23, 8, 3, 5
2018/10/5, 80, 23, 29, 12, 5, 9
2018/10/6, 61, 29, 35, 13, 4, 8
2018/10/7, 124, 16, 33, 6, 3, 4
2018/10/8, 50, 12, 26, 5, 3, 3
2018/10/9, 73, 19, 22, 6, 4, 4
2018/10/10, 155, 29, 44, 11, 4, 7
2018/10/17, 51, 18, 21, 8, 8, 6
2018/10/18, 59, 12, 18, 6, 6, 4
2018/10/19, 80, 18, 20, 7, 3, 5
2018/10/20, 46, 15, 19, 5, 4, 4
2018/11/13, 48, 3, 27, 9, 5, 6
2018/11/14, 44, 1, 17, 5, 5, 4
2018/11/15, 19, , 18, 1, 5, 
2018/7/2, 73, 29, 40, 9, 1, 2
2018/7/3, 77, 31, 64, 11, 2, 3
2018/7/4, 77, 23, 57, 10, 2, 2
2018/7/5, 69, 23, 38, 9, 1, 2
2018/7/6, 63, 26, 32, 7, 1, 1
2018/7/7, 62, 20, 26, 8, 2, 1
2018/7/8, 43, 14, 40, 5, 2, 1
2018/7/9, 52, 14, 29, 9, 1, 2
2018/7/10, 67, 20, 34, 9, 2, 1
2018/7/11, 104, 26, 38, 14, 3, 3
2018/7/12, 78, 22, 27, 14, 3, 3
2018/7/13, 81, 29, 37, 9, 2, 2
2018/7/14, 84, 36, 35, 11, 2, 2
2018/7/15, 93, 19, 32, 8, 2, 2
2018/7/16, 72, 23, 34, 10, 2, 3
2018/7/17, 66, 27, 40, 11, 2, 2
2018/7/18, 78, 17, 56, 8, 1, 2
2018/7/19, 65, 30, 52, 10, 2, 5
2018/7/20, 75, 32, 52, 10, 2, 5
2018/7/21, 84, 25, 43, 10, 1, 5
2018/7/22, 76, 18, 40, 9, 1, 4
2018/7/23, 62, 34, 68, 13, 1, 6
2018/7/24, 84, 27, 49, 8, 1, 5
2018/7/25, 70, 23, 48, 10, 2, 4
2018/7/26, 62, 27, 35, 11, 2, 5
2018/7/27, 74, 24, 39, 11, 2, 5
2018/7/28, 72, , , , , 
2018/7/31, 68, 18, 41, 5, 1, 3
2018/8/1, 61, 17, 36, 7, 1, 4
2018/8/2, 59, 18, 33, 7, 1, 4
2018/8/3, 54, 24, 41, 12, 1, 6
2018/8/4, 65, 28, 37, 11, 1, 5
2018/8/5, 71, 20, 29, 6, 1, 3
2018/8/6, 59, 15, 19, 6, 2, 3
2018/8/7, 47, 11, 21, 5, , 4
2018/8/8, 37, 17, 28, 7, 2, 4
2018/8/9, 64, 12, 38, 6, 2, 3
2018/8/10, 51, 17, 41, 8, 3, 4
2018/8/11, 72, 20, 41, 11, 2, 5
2018/8/12, 84, 13, 38, 6, 1, 3
2018/8/13, 50, 12, 29, 8, 1, 4
2018/8/14, 43, 11, 27, 8, 1, 4
2018/8/15, 35, 18, 30, 8, , 4
2018/8/16, 56, 17, 35, 8, 1, 4
2018/8/17, 82, 22, 36, 9, 1, 4
2018/8/18, 67, 18, 37, 8, 1, 3
2018/8/19, 64, 17, 39, 6, 2, 3
2018/8/20, 66, 14, 34, 5, 1, 3
2018/8/21, 50, 19, 29, 8, 2, 4
2018/8/22, 63, 14, 28, 7, 2, 3
2018/8/23, 47, 14, 29, 7, 1, 4
2018/8/24, 51, 22, 33, 8, 3, 4
2018/8/25, 58, 19, 39, 9, 3, 5
2018/8/26, 70, 18, 29, 7, 2, 4
2018/8/27, 64, 28, 42, 12, 3, 7
2018/8/28, 71, 19, 36, 8, 1, 4
2018/8/29, 62, 15, 35, 7, 2, 4
2018/8/30, 58, 16, 22, 11, 2, 6
2018/8/31, 310, 17, 27, 9, 2, 4
2018/9/1, 83, 17, 31, 9, 3, 5
2018/9/2, 67, 14, 29, 8, 2, 4
2018/9/3, 51, 18, 31, 9, 3, 5
2018/9/4, 83, 18, 39, 8, 2, 4
2018/9/5, 49, 18, 32, 8, 3, 4
2018/9/6, 48, 22, 24, 13, 4, 6
2018/9/7, 66, 19, 30, 10, 4, 5
2018/9/8, 51, 11, 36, 5, 2, 3
2018/9/9, 32, 8, 19, 3, 3, 2
2018/9/10, 166, 13, 18, 8, 3, 5
2018/9/11, 65, 19, 18, 9, 2, 6
2018/9/12, 124, 13, 29, 7, 4, 4
2018/9/13, 51, 18, 23, 9, 3, 5
2018/9/14, 82, 13, 28, 9, 4, 5
2018/9/15, 48, 14, 29, 6, 3, 4
2018/9/16, 51, 16, 20, 10, 3, 6
2018/9/17, 48, 14, 22, 8, 3, 5
2018/9/18, 88, 12, 18, 8, 2, 6
2018/9/19, 101, 19, 33, 12, 3, 9
2018/9/20, 72, 16, 29, 8, 2, 8
2018/9/21, 71, 16, 27, 5, 4, 5
2018/9/22, 64, 21, 29, 7, 2, 5
2018/9/23, 103, 10, 26, 5, 2, 4
2018/9/24, 47, 18, 34, 8, 6, 5
2018/9/25, 61, 17, 25, 8, 5, 5
2018/9/26, 61, 19, 26, 11, 4, 6
2018/9/27, 184, 15, 27, 11, 2, 6
2018/9/28, 198, 18, 27, 9, 3, 6
2018/4/2, 82, 30, 52, 8, 1, 5
2018/4/3, 94, 30, 45, 9, 2, 8
2018/4/4, 60, 35, 46, 9, 1, 10
2018/4/5, 66, 35, 36, 12, 2, 7
2018/4/6, 94, 30, 27, 12, 2, 9
2018/4/7, 59, 25, 38, 9, 2, 9
2018/4/8, 55, 29, 49, 10, 2, 6
2018/4/9, 62, 35, 47, 14, 2, 9
2018/4/10, 73, 48, 50, 21, 3, 10
2018/4/11, 104, 49, 80, 11, 2, 8
2018/4/12, 219, 34, 69, 10, 2, 7
2018/4/13, 90, 30, 37, 9, 2, 7
2018/4/14, 66, 38, 42, 12, 2, 10
2018/4/15, 111, 44, 62, 9, 2, 7
2018/4/16, 78, 43, 61, 11, 2, 7
2018/4/17, 86, 29, 37, 7, 2, 8
2018/4/18, 63, 26, 35, 7, 1, 7
2018/4/19, 51, 36, 98, 15, 2, 8
2018/4/20, 80, 48, 85, 12, 2, 7
2018/4/26, 71, 39, 48, 14, 2, 8
2018/4/27, 79, 37, 59, 13, 2, 9
2018/4/28, 77, 36, 54, 11, 2, 8
2018/4/29, 80, 35, 49, 9, 2, 8
2018/4/30, 117, 32, 47, 9, 2, 6
2018/5/1, 73, 34, 54, 8, 2, 7
2018/5/2, 62, 32, 60, 13, 1, 7
2018/5/3, 121, 33, 68, 13, 1, 9
2018/5/4, 130, 33, 72, 12, 2, 9
2018/5/5, 98, 34, 58, 8, 1, 7
2018/5/6, 84, 12, 21, 8, 1, 7
2018/5/7, 68, 19, 33, 8, 2, 7
2018/5/8, 94, 14, 55, 8, 1, 7
2018/5/9, 98, 26, 90, 12, 1, 7
2018/5/10, 142, 34, 100, 15, 2, 8
2018/5/11, 83, 33, 97, 18, 2, 
2018/5/13, 95, 28, 122, 7, 1, 5
2018/5/14, 88, 25, 96, 12, 1, 
2018/5/15, 121, 33, 59, 14, 2, 9
2018/5/16, 97, 44, 62, 16, 3, 9
2018/5/17, 141, 36, 61, 11, 2, 6
2018/5/18, 117, 36, 37, 9, 3, 4
2018/5/19, 82, 31, 35, 9, 2, 6
2018/5/20, 101, 18, 53, 9, , 6
2018/5/21, 48, 41, 84, 15, 2, 9
2018/5/22, 103, 35, 67, 13, 3, 9
2018/5/23, 87, 42, 48, 16, 5, 9
2018/5/24, 129, 44, 50, 12, 3, 6
2018/5/25, 112, 42, 44, 10, 2, 5
2018/5/26, 103, 48, 56, 12, 2, 9
2018/5/27, 111, 44, 52, 8, 2, 7
2018/5/28, 112, 47, 58, 9, 2, 4
2018/5/29, 124, 45, 43, 8, 2, 4
2018/5/30, 115, 45, 51, 13, 2, 6
2018/5/31, 102, 51, 74, 13, 2, 8
2018/6/1, 121, 44, 58, 9, 2, 5
2018/6/2, 120, 33, 43, 4, 2, 1
2018/6/3, 90, 30, 42, 8, 2, 4
2018/6/4, 106, 31, 42, 6, 1, 2
2018/6/5, 68, 39, 66, 7, 2, 3
2018/6/6, 96, 26, 45, 5, 1, 2
2018/6/7, 136, 32, 71, 7, 2, 2
2018/6/12, 16, 12, 15, 7, 1, 3
2018/6/13, 28, 11, 10, 7, 23, 3
2018/6/14, 65, 11, 42, 6, 1, 2
2018/6/15, 87, 15, 32, 4, , 
2018/6/16, 80, 15, 29, 4, , 4
2018/6/17, 38, 16, 34, 4, 1, 5
2018/6/18, 74, 19, 34, 6, 1, 3
2018/6/19, 44, 13, 21, 8, 2, 
2018/6/20, 70, 14, 25, 8, , 
2018/6/21, 35, 17, 30, 9, 1, 2
2018/6/22, 40, 22, 41, 15, 2, 5
2018/6/23, 99, 15, 39, 8, 1, 2
2018/6/25, 41, 16, 27, 6, 1, 3
2018/6/26, 42, 11, 31, 8, 1, 3
2018/6/27, 47, 15, 39, 10, 2, 4
2018/6/28, 87, 18, 49, 12, 1, 4
2018/6/29, 63, 16, 36, 12, 1, 3
2018/6/30, 60, 32, 38, 11, 3, 3
2018/1/9, 97, 57, 52, 29, 3, 
2018/1/10, 103, 64, 53, 31, 2, 
2018/1/11, 119, 65, 55, 31, 3, 
2018/1/12, 110, 45, 39, 24, 3, 
2018/1/13, 86, 61, 49, 22, 3, 
2018/1/14, 129, 79, 61, 33, 3, 
2018/1/15, 89, 57, 47, 20, 2, 
2018/1/16, 108, 60, 49, 27, 2, 24
2018/1/17, 140, 83, 64, 35, 5, 14
2018/1/18, 106, 60, 63, 26, 1, 16
2018/1/19, 102, 50, 41, 21, 3, 2
2018/1/20, 82, 43, 32, 18, 2, 7
2018/1/21, 65, 33, 38, 17, 2, 6
2018/1/22, 91, 46, 47, 18, 3, 13
2018/1/23, 87, 52, 41, 25, 3, 9
2018/1/24, 101, 58, 42, 24, 3, 12
2018/1/25, 58, 35, 41, 13, 2, 2
2018/1/26, 98, 21, 26, 12, 2, 4
2018/1/27, 99, 37, 42, 19, 2, 4
2018/1/28, 119, 52, 75, 21, 2, 9
2018/1/29, 66, 28, 35, 14, 1, 5
2018/1/30, 39, 13, 23, 8, 1, 3
2018/1/31, 49, 20, 34, 12, 1, 
2018/2/1, 52, 24, 19, 12, 1, 1
2018/2/7, 104, 49, 47, 38, 3, 11
2018/2/8, 77, 40, 36, 31, 2, 11
2018/2/9, 95, 41, 33, 23, 2, 6
2018/2/10, 74, 22, 17, 20, 2, 7
2018/2/11, 75, 18, 37, 20, 2, 5
2018/2/12, 76, 32, 33, 23, 2, 13
2018/2/13, 80, 38, 32, 22, 2, 9
2018/2/14, 78, 39, 44, 23, 2, 11
2018/2/15, 192, 29, 49, 17, 2, 8
2018/2/16, 380, 43, 72, 21, 2, 6
2018/2/17, 146, 49, 102, 28, 2, 5
2018/2/18, 117, 41, 67, 22, 2, 5
2018/2/19, 109, 32, 55, 17, 2, 7
2018/2/20, 110, 36, 41, 18, 2, 9
2018/2/21, 68, 27, 33, 13, 2, 9
2018/2/22, 80, 35, 48, 17, 2, 9
2018/2/23, 75, 35, 48, 15, 2, 8
2018/2/24, 80, 36, 36, 15, 2, 8
2018/2/25, 59, 35, 34, 14, 2, 9
2018/2/26, 98, 26, 35, 11, 2, 8
2018/2/27, 61, 31, 51, 12, 2, 8
2018/2/28, 80, 42, 47, 14, 2, 10
2018/3/1, 77, 38, 42, 13, 2, 8
2018/3/2, 87, 44, 75, 20, 2, 11
2018/3/3, 87, 46, 80, 20, 2, 9
2018/3/4, 127, 44, 79, 15, 2, 7
2018/3/5, 113, 28, 48, 11, 2, 5
2018/3/6, 77, 37, 49, 16, 2, 5
2018/3/7, 71, 38, 45, 15, 2, 5
2018/3/8, 73, 38, 76, 17, 2, 5
2018/3/9, 77, 40, 41, 18, 3, 3
2018/3/10, 68, 34, 39, 18, 2, 8
2018/3/11, 100, 37, 41, 20, 3, 9
2018/3/12, 59, 28, 65, 17, 2, 9
2018/3/13, 78, 42, 56, 19, 2, 7
2018/3/14, 73, 41, 41, 18, 3, 10
2018/3/15, 65, 29, 21, 14, 2, 6
2018/3/16, 116, 31, 40, 11, 2, 5
2018/3/17, 81, 36, 49, 17, 2, 8
2018/3/18, 74, 37, 42, 19, 2, 10
2018/3/19, 65, 27, 42, 11, 2, 8
2018/3/20, 72, 32, 43, 13, 2, 8
2018/3/21, 79, 40, 68, 17, 2, 9
2018/3/22, 122, 50, 62, 20, 3, 7
2018/3/23, 80, 43, 64, 17, 2, 8
2018/3/24, 84, 46, 73, 16, 2, 8
2018/3/25, 83, 42, 73, 16, 2, 7
2018/3/26, 73, 34, 59, 11, 2, 6
2018/3/27, 90, 46, 62, 19, 2, 7
2018/3/28, 89, 44, 52, 16, 2, 6
2018/3/29, 83, 43, 40, 14, 2, 9
2018/3/30, 93, 42, 53, 15, 2, 7
2018/3/31, 72, 31, 42, 11, 1, 6
2018/4/1, 69, 35, 52, 8, 2, 7
2017/10/2, 53, 16, 25, 12, 2, 7
2017/10/3, 45, 23, 29, 12, 2, 5
2017/10/4, 46, 16, 18, 8, 2, 3
2017/10/5, 27, 17, 22, 8, 3, 6
2017/10/6, 398, 24, 28, 11, 2, 7
2017/10/7, 36, 18, 26, 10, 3, 5
2017/10/8, 40, 14, 30, 10, 4, 5
2017/10/9, 35, 14, 31, 8, 1, 4
2017/10/10, 30, 23, 32, 11, 2, 6
2017/10/11, 51, 20, 27, 9, 2, 3
2017/10/12, 47, 16, 31, 8, 2, 5
2017/10/13, 71, 20, 26, 11, 2, 3
2017/10/14, 45, 23, 37, 11, 2, 1
2017/10/15, 63, 31, 36, 17, 2, 6
2017/10/16, 77, 18, 27, 7, 1, 1
2017/10/17, 46, 17, 31, 8, 2, 6
2017/10/18, 43, 29, 41, 16, 1, 8
2017/10/19, 59, 48, 63, 21, 2, 9
2017/10/20, 100, 37, 45, 20, 3, 8
2017/10/21, 95, 28, 45, 14, 2, 5
2017/10/22, 75, 25, 40, 13, 2, 5
2017/10/23, 63, 31, 31, 11, 2, 3
2017/10/24, 100, 28, 30, 10, , 4
2017/10/25, 50, 18, 35, 8, 1, 5
2017/10/26, 40, 20, 35, 10, 1, 6
2017/10/27, 82, 29, 45, 16, 2, 11
2017/10/28, 60, 48, 56, 21, 2, 8
2017/10/29, 92, 32, 54, 12, 1, 1
2017/10/30, 85, 27, 32, 12, 1, 7
2017/10/31, 103, 29, 27, 13, 2, 8
2017/11/1, 74, 27, 31, 13, 2, 7
2017/11/3, 61, 27, 47, 12, 2, 8
2017/11/4, 66, 30, 44, 17, 2, 3
2017/11/5, 78, 36, 37, 18, 2, 10
2017/11/6, 81, 51, 43, 31, 2, 20
2017/11/7, 93, 53, 65, 29, 3, 16
2017/11/8, 101, 56, 52, 32, 2, 19
2017/11/9, 122, 55, 81, 29, 3, 4
2017/11/10, 113, 42, 82, 18, 2, 
2017/11/11, 99, 46, 55, 26, 2, 
2017/11/12, 131, 41, 30, 17, 2, 12
2017/11/13, 76, 31, 27, 13, 2, 6
2017/11/14, 79, 28, 28, 13, 2, 8
2017/11/15, 83, 41, 31, 20, 2, 15
2017/11/16, 69, 48, 35, 26, 2, 20
2017/11/17, 76, 56, 39, 32, 3, 16
2017/11/18, 116, 62, 62, 32, 3, 43
2017/11/19, 113, 49, 36, 22, 2, 14
2017/11/20, 79, 42, 49, 16, 2, 5
2017/11/21, 92, 51, 44, 27, 3, 15
2017/11/22, 172, 40, 34, 23, 3, 13
2017/11/23, 63, 41, 43, 16, 2, 20
2017/11/24, 92, 59, 50, 29, 2, 23
2017/11/25, 92, 67, 65, 32, 3, 18
2017/11/26, 120, 57, 42, 25, 3, 24
2017/11/27, 104, 45, 44, 22, 3, 27
2017/11/28, 68, 76, 66, 40, 3, 15
2017/11/29, 158, 69, 47, 33, 3, 17
2017/11/30, 103, 54, 38, 24, 2, 24
2017/12/1, 83, 57, 38, 26, 3, 20
2017/12/2, 91, 82, 61, 35, 3, 21
2017/12/3, 128, 74, 80, 35, 3, 26
2017/12/4, 141, 71, 72, 38, 3, 18
2017/12/5, 179, 60, 74, 37, 3, 36
2017/12/6, 121, 61, 73, 35, 3, 14
2017/12/7, 156, 51, 27, 25, 3, 13
2017/12/8, 126, 40, 20, 14, 2, 9
2017/12/9, 58, 25, 32, 9, 2, 4
2017/12/10, 42, 30, 32, 14, 1, 12
2017/12/11, 353, 40, 28, 18, 2, 16
2017/12/12, 72, 74, 39, 28, 4, 19
2017/12/13, 123, 66, 57, 31, 3, 20
2017/12/14, 111, 64, 38, 34, 3, 13
2017/12/15, 143, 50, 32, 23, 3, 12
2017/12/16, 130, 12, 9, 15, 2, 8
2017/12/17, 97, 18, 25, 14, 1, 5
2017/12/18, 84, 34, 34, 22, 1, 9
2017/12/19, 107, 47, 46, 25, 2, 13
2017/12/20, 112, 52, 49, 25, 2, 23
2017/12/21, 102, 53, 40, 23, 3, 13
2017/7/2, 66, 20, 16, 13, 1, 1
2017/7/7, 73, 31, 34, 13, 1, 2
2017/7/8, 48, 24, 30, 16, 2, 1
2017/7/9, 130, 18, 35, 11, 1, 1
2017/7/10, 53, 18, 31, 14, 2, 1
2017/7/11, 94, 16, 22, 13, 2, 4
2017/7/12, 76, 19, 27, 11, 1, 6
2017/7/13, 43, 25, 23, 17, 2, 10
2017/7/14, 92, 30, 35, 16, 2, 6
2017/7/15, 106, 28, 40, 10, 2, 5
2017/7/16, 71, 31, 45, 10, 1, 5
2017/7/17, 64, 15, 55, 10, 1, 4
2017/7/18, 116, 22, 45, 11, 2, 3
2017/7/19, 86, 20, 40, 10, 1, 5
2017/7/20, 68, 22, 35, 13, 2, 6
2017/7/21, 65, 27, 34, 16, 2, 5
2017/7/22, 75, 25, 43, 16, 2, 8
2017/7/23, 76, 24, 45, 12, 2, 5
2017/7/24, 79, 29, 36, 17, 2, 7
2017/7/25, 81, 23, 34, 11, 2, 7
2017/7/26, 65, 27, 35, 19, 2, 8
2017/7/27, 71, 25, 42, 14, 2, 4
2017/7/28, 73, 21, 39, 20, 2, 12
2017/7/29, 76, 38, 54, 20, 2, 7
2017/7/30, 97, 17, 41, 9, 2, 4
2017/7/31, 530, 22, 39, 13, 2, 7
2017/8/1, 55, 24, 42, 13, 2, 4
2017/8/2, 92, 29, 46, 12, 2, 4
2017/8/3, 73, 18, 41, 11, 1, 5
2017/8/4, 46, 18, 52, 11, 1, 4
2017/8/5, 46, 19, 53, 12, 2, 6
2017/8/6, 57, 18, 46, 8, 2, 2
2017/8/7, 61, 17, 48, 7, 2, 3
2017/8/8, 56, 26, 42, 15, 2, 6
2017/8/9, 64, 27, 37, 12, 2, 3
2017/8/10, 73, 24, 24, 11, 2, 1
2017/8/11, 117, 15, 27, 10, 2, 1
2017/8/12, 35, 22, 40, 11, 2, 1
2017/8/13, 95, 24, 50, 11, 2, 2
2017/8/14, 66, 23, 57, 14, 2, 7
2017/8/15, 56, 18, 50, 9, 2, 4
2017/8/16, 47, 19, 53, 11, 2, 6
2017/8/17, 49, 30, 25, 11, 2, 2
2017/8/18, 61, 16, 39, 9, 2, 4
2017/8/19, 50, 19, 39, 11, 2, 5
2017/8/20, 56, 19, 37, 12, 2, 3
2017/8/21, 64, 22, 35, 13, 2, 6
2017/8/22, 61, 31, 34, 18, 2, 8
2017/8/23, 66, 26, 49, 12, 2, 2
2017/8/24, 74, 21, 51, 17, 2, 7
2017/8/25, 100, 25, 45, 21, 2, 6
2017/8/26, 66, 25, 59, 17, 2, 5
2017/8/27, 76, 17, 38, 9, 2, 6
2017/8/28, 61, 19, 35, 12, 2, 7
2017/8/29, 58, 16, 28, 12, 2, 7
2017/8/30, 46, 6, 12, 9, 1, 6
2017/8/31, 23, 9, 17, 9, 2, 6
2017/9/1, 24, 15, 29, 10, 2, 6
2017/9/2, 49, 17, 24, 14, 2, 7
2017/9/3, 54, 16, 29, 10, 1, 4
2017/9/4, 36, 24, 24, 14, 2, 5
2017/9/5, 59, 12, 22, 10, 2, 5
2017/9/6, 91, , , , , 
2017/9/11, 11, 15, 32, 9, 2, 5
2017/9/12, 35, 34, 47, 17, 2, 4
2017/9/13, 78, 31, 46, 16, 2, 5
2017/9/14, 70, 29, 70, 12, 2, 6
2017/9/15, 73, 33, 97, 15, 2, 10
2017/9/16, 112, 28, 70, 11, 2, 5
2017/9/17, 75, 19, 39, 10, 2, 4
2017/9/19, 68, 25, 44, 13, 2, 5
2017/9/20, 73, , 46, 7, 2, 3
2017/9/24, 25, 12, 18, 6, 2, 3
2017/9/25, 24, 16, 20, 10, 2, 5
2017/9/26, 25, 21, 31, 10, 2, 6
2017/9/27, 82, 25, 39, 12, 2, 3
2017/9/28, 87, 19, 27, 15, 2, 5
2017/9/29, 59, 16, 24, 10, 2, 4
2017/9/30, 75, 16, 22, 10, 2, 2
2017/10/1, 37, 15, 24, 11, 2, 4
2017/5/26, 129, 50, 67, 11, 2, 7
2017/5/27, 141, 64, 90, 14, 1, 5
2017/6/1, 119, 49, 99, 14, 2, 5
2017/6/2, 159, 49, 82, 12, 2, 6
2017/6/3, 164, 46, 61, 13, 2, 6
2017/6/4, 132, 42, 56, 17, 1, 6
2017/6/5, 125, 36, 70, 13, 2, 1
2017/6/6, 117, 47, 77, 14, 2, 18
2017/6/7, 130, 53, 67, 11, 2, 9
2017/6/8, 150, 51, 72, 13, 1, 8
2017/6/9, 169, 40, 72, 19, 1, 1
2017/6/10, 162, 39, 89, 19, 1, 4
2017/6/16, 74, 38, 45, 11, 2, 3
2017/6/17, 126, 38, 68, 9, 1, 3
2017/6/18, 113, 34, 55, 7, 1, 1
2017/6/19, 75, 32, 43, 7, 1, 2
2017/6/20, 69, 34, 45, 11, 2, 5
2017/6/21, 67, 38, 40, 14, 2, 6
2017/6/22, 63, 44, 44, 14, 2, 5
2017/6/23, 84, 41, 95, 10, 1, 5
2017/6/24, 79, 39, 46, 7, 2, 4
2017/6/25, 70, 32, 53, 14, 2, 4
2017/6/26, 59, 23, 40, 8, 1, 2
2017/6/27, 59, 18, 21, 8, 1, 4
2017/6/28, 57, 22, 38, 9, 1, 3
2017/6/29, 65, 26, 20, 16, 2, 8
2017/6/30, 62, 22, 43, 9, 1, 4
2017/7/1, 60, 23, 36, 13, 2, 6
2025/8/20, , 25, 69, 18, 1, 8
2025/7/15, , 18, 19, 30, 2, 5
2025/5/27, , 247, 11, 30, 1, 5
2025/1/1, , 141, 41, , 8, 33
2025/2/8, , 44, 49, 15, 3, 8
2025/2/18, , 29, 12, 12, , 4
2024/7/4, , 1, 52, , 186, 
2024/7/5, , 1, 52, , 182, 
2024/7/6, , 1, 55, , 199, 
2024/7/7, , 1, 56, , 200, 
2024/7/8, , 1, 58, , 202, 
2024/7/9, , 1, 44, , 192, 
2024/7/10, , 1, 33, , 162, 
2024/7/11, , 1, 22, , 187, 
2024/7/12, , 1, 14, , 179, 
2024/7/13, , 2, 32, , 176, 
2024/7/14, , 1, 25, , 186, 
2024/7/15, , 1, 51, , 190, 
2024/7/16, , 2, 40, , 179, 
2024/7/17, , 1, 27, , 179, 
2024/7/18, , 1, 43, , 137, 
2024/7/19, , 2, 34, , 157, 
2024/7/20, , 1, 34, , 151, 
2024/7/21, , 1, 25, , 171, 
2024/7/22, , 2, 5, , 155, 
2024/7/30, , 27, 6, , , 17
2024/4/6, , 2, 22, , 13, 
2024/4/12, , 1, 43, , 12, 
2024/4/13, , 1, 68, , 13, 
2024/4/14, , 1, 54, , 13, 
2024/4/15, , 1, 69, , 13, 
2024/4/16, , 1, 69, , 13, 
2024/4/17, , 1, 45, , 13, 
2024/4/19, , 1, 57, , 14, 
2024/4/20, , 2, 28, , 13, 
2024/4/21, , 1, 53, , 12, 
2024/4/28, , 1, 64, , 12, 
2024/4/29, , 1, 65, , 12, 
2024/4/30, , 1, 20, , 11, 
2024/5/27, , 1, 102, , 11, 
2024/5/28, , 1, 77, , 8, 
2024/5/29, , 2, 83, , 10, 
2024/5/30, , 1, 77, , 10, 
2024/5/31, , 1, 105, , 10, 
2024/6/16, , 1, 57, , 175, 
2024/1/31, , 47, 49, , 14, 
2022/11/21, , 23, , , , 
2022/11/27, , 19, , , , 
2022/12/4, , 31, , , , 
2022/12/7, , 46, 72, , 5, 
2022/12/8, , 95, 62, , 5, 
2022/12/11, , 41, , , , 
2022/4/8, , 57, 32, , 3, 8
2022/4/9, , 45, 30, , 3, 9
2022/4/10, , 30, 24, , 3, 7
2022/4/11, , 33, 27, , 3, 10
2022/4/12, , 25, 21, , 2, 7
2022/4/13, , 24, 23, , 3, 9
2022/4/14, , 27, 31, , 3, 11
2022/4/15, , 24, 27, , 2, 9
2022/4/16, , 32, 23, , 2, 8
2022/4/17, , 24, 29, , 3, 9
2022/4/18, , 28, 7, , 3, 11
2022/4/24, , 49, 24, , 1, 7
2022/4/25, , 33, 33, , 3, 10
2022/4/26, , 65, 39, , 3, 9
2022/4/27, , 34, 51, , 2, 8
2022/4/29, , 31, 32, , 3, 12
2022/4/30, , 44, 56, , 3, 11
2022/5/1, , 38, 40, , 3, 9
2022/5/2, , 38, 32, , 2, 11
2022/5/3, , 44, 35, , 4, 11
2022/5/4, , 39, 34, , 4, 11
2022/5/5, , 29, 18, , 3, 7
2022/5/6, , 47, 38, , 3, 9
2022/5/7, , 38, 33, , 3, 8
2022/5/8, , 40, 31, , 1, 7
2022/5/9, , 40, 36, , 3, 9
2022/5/15, , 60, 59, , 3, 8
2022/5/23, , 54, 26, , 3, 8
2022/5/30, , 55, 28, , 3, 8
2022/6/6, , 43, 49, , 2, 9
2022/6/10, , 27, 37, , 3, 8
2022/6/11, , 33, 69, , 2, 9
2022/6/13, , 29, 52, , 2, 9
2022/6/14, , 37, 40, , 1, 9
2022/6/15, , 25, 21, , 2, 8
2022/6/16, , 30, 21, , 1, 8
2022/6/17, , 27, 23, , 2, 8
2022/6/18, , 13, 17, , 2, 8
2022/6/21, , 18, 31, , 2, 7
2022/6/22, , 15, 22, , 3, 8
2022/1/23, , 43, 31, , 3, 8
2022/3/8, , 47, 17, , 1, 8
2022/3/12, , 26, 6, , 2, 11
2022/3/30, , 35, , , 4, 10
2021/10/2, , 15, 39, 11, 1, 5
2021/10/31, , 38, , , , 
2021/11/2, , 34, , , , 
2021/11/3, , 39, , , , 
2021/11/4, , 45, , , , 
2021/11/5, , 35, 46, 15, 2, 10
2021/11/6, , 45, 40, 20, 2, 14
2021/11/7, , 34, 37, 17, 3, 14
2021/11/8, , 42, 39, 18, 2, 14
2021/11/9, , 49, 44, 21, 1, 17
2021/11/10, , 47, 46, 20, 2, 13
2021/11/11, , 52, 64, 20, 1, 13
2021/11/12, , 44, 59, 20, 4, 14
2021/7/3, , 14, 15, 15, 2, 6
2021/7/4, , 13, 35, 9, 2, 5
2021/8/13, , 74, 39, 11, 2, 6
2021/8/15, , 41, 29, 10, 1, 5
2021/8/21, , 14, 25, 8, 2, 6
2021/8/22, , 12, 23, 8, 1, 6
2021/8/23, , 19, 26, 12, 1, 6
2021/8/24, , 31, 31, 12, 1, 7
2021/8/25, , 25, 25, 11, 1, 6
2021/8/26, , 24, 27, 10, 1, 6
2021/9/6, , 14, 21, 14, 1, 8
2021/9/7, , 11, 21, 11, 1, 7
2021/9/8, , 18, 14, 10, 2, 8
2021/9/9, , 20, 26, 12, 1, 8
2021/9/10, , 29, 30, 15, 1, 8
2021/9/19, , 14, 20, 7, 1, 6
2021/9/20, , 25, 32, 12, 2, 8
2021/9/21, , 15, 30, 7, 1, 7
2021/9/22, , 26, 28, 10, 1, 8
2021/9/23, , 23, 34, 10, 1, 7
2021/9/24, , 23, 36, 13, 1, 8
2021/9/25, , 24, 30, 15, 1, 9
2021/9/26, , 19, 30, 9, 1, 7
2021/9/27, , 20, 26, 17, 1, 9
2021/9/28, , 19, 26, 13, 1, 7
2021/9/29, , 21, 38, 10, 1, 7
2021/9/30, , 23, 27, 12, 2, 6
2021/10/1, , 15, 13, 9, 2, 3
2021/5/3, , 38, 41, 12, 7, 7
2021/5/9, , 58, 41, 8, 8, 8
2021/5/10, , 38, 39, 12, 7, 6
2021/5/11, , 35, 48, 18, 8, 7
2021/1/5, , 62, 49, 23, 10, 26
2020/10/11, , 43, 61, 8, 8, 7
2020/10/18, , 45, 62, 10, 9, 8
2020/11/19, , 96, 29, 10, 8, 11
2020/11/20, , 108, 37, 13, 9, 16
2020/11/21, , 144, 29, 10, 7, 10
2020/11/25, , 40, 12, 15, 8, 18
2020/11/26, , 48, 42, 18, 10, 13
2020/11/27, , 44, 47, 15, 8, 11
2020/11/28, , 36, 36, 13, 8, 12
2020/11/29, , 38, 37, 11, 9, 12
2020/11/30, , 34, 43, 11, 9, 11
2021/1/3, , 49, 44, 15, 9, 19
2020/7/26, , 22, 50, 6, , 4
2020/9/5, , 82, 28, 3, 2, 3
2020/9/19, , 2, 30, 4, 1, 3
2020/6/15, , 27, 75, 13, 3, 9
2020/1/1, , 47, 12, 10, 1, 6
2020/3/7, , 41, 53, 10, 2, 6
2020/3/15, , 34, 61, 8, 2, 5
2020/3/16, , 27, 49, 7, 3, 4
2020/3/19, , 31, 35, 11, 3, 5
2020/3/22, , 24, 41, 7, 2, 4
2019/10/24, , 131, 500, 12, 9, 7
2019/10/26, , 15, 73, 7, , 11
2019/11/23, , 24, 44, 17, 1, 8
2019/11/24, , 18, 31, 14, 1, 7
2019/11/25, , 29, 30, 18, 1, 9
2019/11/26, , 22, 25, 13, 1, 5
2019/11/27, , 34, 22, 18, 1, 8
2019/11/28, , 32, 39, 17, 2, 7
2019/12/8, , 29, 22, 21, , 7
2019/12/21, , 12, 11, 10, , 4
2019/12/22, , 13, 20, 10, 1, 6
2019/12/23, , 27, 35, 17, 1, 7
2019/7/11, , 19, 32, 6, 2, 7
2019/8/19, , 19, 42, 4, 13, 3
2019/6/14, , 25, 38, 7, 12, 6
2019/2/16, , 42, 27, 18, 9, 9
2019/2/25, , 19, 13, 9, 7, 500
2019/2/26, , 29, 21, 15, 12, 10
2018/10/1, , 19, 22, 11, 5, 8
2018/10/11, , 26, 44, 10, 3, 6
2018/10/12, , 24, 43, 10, 3, 6
2018/10/13, , 19, 35, 6, 4, 3
2018/10/14, , 20, 27, 9, 4, 6
2018/10/15, , 19, 15, 9, 4, 7
2018/10/16, , 19, 12, 9, 7, 6
2018/10/21, , 12, 14, 5, 5, 4
2018/10/22, , 11, 9, 6, 6, 5
2018/10/23, , 13, 8, 5, 7, 5
2018/10/24, , 20, 17, 8, 8, 6
2018/10/25, , 22, 40, 8, 6, 5
2018/10/26, , 22, 42, 9, 5, 5
2018/10/27, , 20, 38, 8, 5, 4
2018/10/28, , 16, 21, 7, 4, 4
2018/10/29, , 15, 24, 8, 2, 5
2018/10/30, , 28, 56, 10, 2, 6
2018/10/31, , 27, 30, 11, 4, 7
2018/11/1, , 27, 30, 11, 4, 7
2018/11/2, , 19, 22, 8, 4, 5
2018/11/3, , 28, 14, 11, 5, 7
2018/11/4, , 12, 11, 6, 3, 6
2018/11/5, , 19, 13, 7, 6, 9
2018/11/6, , 59, 25, 13, 4, 12
2018/11/7, , 46, 48, 12, 5, 9
2018/11/8, , 23, 28, 9, 5, 5
2018/11/9, , 22, 29, 11, 4, 5
2018/11/10, , 32, 42, 11, 6, 7
2018/11/11, , 25, 34, 9, 8, 5
2018/11/12, , 18, 18, 12, 6, 8
2018/7/1, , 28, 40, 8, 1, 2
2018/7/30, , 23, 44, 6, 1, 4
2018/9/29, , 18, 20, 8, 4, 5
2018/9/30, , 14, 24, 6, 4, 3
2018/4/21, , 35, 55, 9, 2, 6
2018/4/22, , 24, 38, 8, 2, 6
2018/4/23, , 33, 52, 9, 2, 6
2018/4/24, , 43, 56, 13, 2, 8
2018/4/25, , 33, 53, 13, 2, 9
2018/5/12, , 29, 105, 9, 2, 
2018/6/8, , 35, 54, 10, 2, 3
2018/6/9, , 25, 44, 6, 1, 2
2018/6/10, , 20, 47, 9, 1, 2
2018/6/11, , 16, 15, 7, 3, 3
2018/6/24, , 12, 51, 6, 1, 2
2018/1/2, , 62, 51, 21, 2, 19
2018/1/3, , 51, 44, 21, 2, 7
2018/1/4, , 57, 53, 25, 2, 17
2018/1/5, , 49, 62, 22, 2, 8
2018/1/6, , 50, 40, 24, 2, 9
2018/1/7, , 42, 43, 21, 2, 
2018/1/8, , 70, 28, 28, 3, 
2018/2/2, , 44, 11, 18, 1, 
2018/2/3, , 42, 6, , , 1
2018/2/4, , 46, 7, , 2, 1
2018/2/5, , 34, 9, , 2, 
2018/2/6, , 33, 33, 44, 2, 5
2017/11/2, , 24, 53, 12, 2, 1
2017/12/22, , 57, 30, 29, 4, 25
2017/12/23, , 50, 46, 24, 2, 20
2017/12/24, , 50, 63, 25, 2, 14
2017/12/25, , 57, 47, 21, 2, 7
2017/12/26, , 53, 53, 22, 2, 19
2017/12/27, , 51, 58, 25, 2, 13
2017/12/28, , 55, 55, 26, 2, 14
2017/12/29, , 60, 68, 27, 2, 13
2017/12/30, , 56, 54, 27, 2, 7
2017/12/31, , 59, 69, 25, 3, 16
2017/7/3, , 19, 32, 10, 1, 2
2017/7/4, , 19, 35, 12, 1, 2
2017/7/5, , 18, 39, 12, 2, 3
2017/7/6, , 27, 42, 14, 2, 2
2017/9/10, , 11, 21, 6, 2, 3
2017/9/18, , 23, 38, 14, 2, 5
2017/9/23, , 22, 18, 9, 2, 6
2017/4/2, , 37, 33, 14, 2, 5
2017/4/11, , 29, 40, 13, 2, 3
2017/4/12, , 36, 38, 15, 2, 6
2017/4/13, , 53, 64, 12, 2, 5
2017/4/14, , 42, 46, 16, 2, 6
2017/4/15, , 36, 65, 10, 2, 5
2017/4/16, , 32, 56, 12, 2, 6
2017/4/18, , 42, 45, 18, 2, 1
2017/4/19, , 43, 66, 21, 2, 
2017/4/20, , 46, 57, 16, 2, 1
2017/4/21, , 48, 64, 18, 2, 
2017/4/22, , 54, 65, 18, 2, 
2017/4/23, , 49, 89, 17, 2, 
2017/4/24, , 45, 17, 16, 2, 
2017/4/25, , 50, 74, 10, 2, 
2017/4/26, , 37, 46, 10, 1, 4
2017/4/27, , 35, 51, 16, 2, 1
2017/4/28, , 40, 65, 21, 2, 1
2017/4/29, , 40, 58, 22, 2, 
2017/4/30, , 48, 55, 21, 2, 
2017/5/1, , 43, 87, 13, 2, 
2017/5/2, , 37, 69, 12, 1, 7
2017/5/3, , 59, 65, 21, 2, 
2017/5/4, , 45, 44, 14, 1, 6
2017/5/5, , 42, 80, 13, 2, 6
2017/5/6, , 51, 65, 14, 2, 6
2017/5/7, , 47, 53, 15, 2, 5
2017/5/8, , 38, 48, 12, 2, 8
2017/5/9, , 44, 40, 12, 2, 9
2017/5/10, , 41, 56, 13, 2, 6
2017/5/11, , 47, 68, 12, 2, 6
2017/5/12, , 47, 66, 14, 2, 7
2017/5/13, , 43, 52, 13, 1, 7
2017/5/14, , 50, 54, 13, 2, 1
2017/5/15, , 36, 64, 10, 2, 1
2017/5/16, , 41, 62, 11, 2, 5
2017/5/17, , 40, 47, 12, 2, 6
2017/5/18, , 38, 42, 13, 2, 8
2017/5/19, , 42, 52, 17, 2, 7
2017/5/20, , 39, 40, 15, 2, 8
2017/5/21, , 47, 58, 21, 2, 9
2017/5/22, , 37, 71, 16, 2, 6
2017/5/23, , 59, 64, 21, 1, 6
2017/5/24, , 57, 61, 15, 1, 8
2017/5/25, , 41, 82, 13, 2, 6
2017/5/28, , 57, 87, 20, 2, 5
2017/5/29, , 46, 57, 10, 2, 3
2017/5/30, , 46, 60, 14, 2, 4
2017/5/31, , 44, 58, 11, 2, 5
2017/6/11, , 57, 83, 19, 2, 1
2017/6/12, , 35, 75, 17, 2, 3
2017/6/13, , 35, 94, 11, 2, 4
2017/6/14, , 44, 69, 14, 2, 6
2017/6/15, , 38, 42, 11, 1, 5
2017/1/3, , 36, 59, 35, 2, 16
2017/1/4, , 44, 65, 41, 2, 15
2017/1/5, , 53, 31, 36, 2, 19
2017/1/6, , 46, 33, 36, 2, 18
2017/1/7, , 47, 53, 27, 2, 15
2017/1/8, , 38, 32, 16, 2, 18
2017/1/9, , 33, 33, 21, 2, 12
2017/1/10, , 39, 39, 35, 2, 10
2017/1/11, , 58, 72, 47, 2, 
2017/1/12, , 74, 57, 43, 2, 
2017/1/13, , 56, 41, 33, 2, 
2017/1/14, , 50, 35, 26, 2, 
2017/1/15, , 41, 26, 27, 2, 
2017/1/16, , 51, 31, 26, 2, 
2017/1/17, , 36, 24, 16, 2, 
2017/1/18, , 26, 21, 14, 2, 
2017/1/19, , 23, 24, 12, 2, 7
2017/1/20, , 20, 21, 16, 2, 11
2017/1/21, , 30, 29, 18, 2, 12
2017/1/22, , 33, 39, 28, 2, 23
2017/1/23, , 37, 34, 33, 2, 20
2017/1/24, , 58, 36, 28, 2, 13
2017/1/25, , 53, 28, 23, 2, 13
2017/1/26, , 38, 54, 24, 2, 12
2017/1/27, , 37, 35, 26, 2, 19
2017/1/28, , 47, 38, 24, 2, 12
2017/1/29, , 41, 36, 12, 2, 4
2017/1/30, , 29, 38, 16, 2, 3
2017/1/31, , 29, 27, 21, 2, 13
2017/2/1, , 31, 37, 17, 2, 7
2017/2/2, , 26, 30, 20, 2, 18
2017/2/3, , 34, 40, 23, 2, 19
2017/2/4, , 45, 45, 22, 2, 17
2017/2/5, , 40, 44, 20, 2, 2
2017/2/6, , 39, 38, 19, 2, 
2017/2/7, , 33, 49, 30, 2, 
2017/2/8, , 42, 82, 38, 2, 
2017/2/9, , 49, 41, 28, 2, 
2017/2/10, , 52, 50, 29, 2, 
2017/2/11, , 45, 63, 39, 2, 
2017/2/12, , 62, 60, 28, 2, 
2017/2/13, , 43, 44, 25, 2, 
2017/2/14, , 42, 34, 23, 2, 
2017/2/15, , 32, 34, 20, 2, 
2017/2/16, , 43, 23, 15, 2, 
2017/2/17, , 52, 22, 14, 1, 
2017/2/18, , 22, 23, 13, 2, 
2017/2/19, , 20, 21, 8, 2, 
2017/2/20, , 13, 32, 14, 2, 
2017/2/21, , 15, 43, 21, 2, 
2017/2/22, , 27, 50, 23, 2, 
2017/2/23, , 37, 33, 24, 2, 
2017/2/24, , 28, 62, 23, 2, 
2017/2/25, , 30, 50, 27, 2, 
2017/2/26, , 38, 47, 19, 2, 
2017/2/27, , 21, 42, 24, 2, 
2017/2/28, , 26, 49, 23, 2, 
2017/3/1, , 30, 59, 21, 2, 
2017/3/2, , 46, 48, 25, 1, 
2017/3/3, , 47, 38, 18, 2, 
2017/3/4, , 51, 59, 14, 2, 
2017/3/5, , 42, 40, 10, 2, 
2017/3/6, , 31, 46, 15, 2, 5
2017/3/7, , 33, 65, 17, 2, 9
2017/3/8, , 36, 42, 17, 2, 6
2017/3/9, , 31, 57, 21, 2, 7
2017/3/10, , 36, 59, 16, 2, 5
2017/3/11, , 27, 52, 18, 2, 7
2017/3/12, , 24, 41, 24, 2, 9
2017/3/13, , 36, 39, 20, 2, 6
2017/3/14, , 29, 41, 18, 2, 3
2017/3/15, , 28, 53, 20, 2, 5
2017/3/16, , 28, 52, 19, 2, 4
2017/3/17, , 31, 61, 23, 2, 13
2017/3/18, , 37, 55, 14, 2, 6
2017/3/19, , 29, 48, 10, 2, 4
2017/3/20, , 20, 54, 11, 2, 5
2017/3/21, , 26, 61, 17, 2, 5
2017/3/22, , 34, 75, 24, 2, 9
2017/3/23, , 39, 64, 22, 2, 6
2017/3/24, , 44, 47, 16, 2, 8
2017/3/25, , 31, 51, 14, 2, 5
2017/3/26, , 32, 43, 8, 2, 3
2017/3/27, , 29, 69, 18, 2, 6
2017/3/28, , 28, 51, 25, 2, 8
2017/3/29, , 36, 45, 21, 2, 7
2017/3/30, , 39, 65, 23, 2, 10
2017/3/31, , 32, 39, 24, 2, 11
2017/4/1, , 34, 36, 21, 2, 9
2016/10/2, , 12, 80, 8, 2, 
2016/10/3, , 13, 52, 11, 3, 
2016/10/4, , 21, 56, 13, 3, 
2016/10/5, , 33, 37, 9, 3, 5
2016/10/6, , 21, 51, 10, 3, 5
2016/10/7, , 24, 15, 10, 3, 6
2016/10/8, , 25, 19, 7, 3, 3
2016/10/9, , 19, 30, 5, 3, 3
2016/10/10, , 11, 36, 8, 3, 5
2016/10/11, , 16, 38, 11, 3, 3
2016/10/12, , 23, 33, 10, 3, 2
2016/10/13, , 21, 31, 13, 3, 3
2016/10/14, , 24, 36, 11, 3, 5
2016/10/15, , 26, 46, 11, 2, 3
2016/10/16, , 26, 46, 6, 2, 3
2016/10/17, , 20, 47, 11, 3, 5
2016/10/18, , 25, 86, 15, 3, 5
2016/10/19, , 28, 48, 10, 3, 4
2016/10/20, , 26, 29, 15, 3, 6
2016/10/21, , 28, 25, 10, 3, 4
2016/10/22, , 22, 36, 10, 3, 4
2016/10/23, , 18, 36, 11, 3, 1
2016/10/24, , 25, 62, 12, 3, 4
2016/10/25, , 31, 36, 11, 3, 4
2016/10/26, , 23, 32, 11, 3, 3
2016/10/27, , 25, 31, 7, 3, 3
2016/10/28, , 21, 32, 9, 3, 5
2016/10/29, , 16, 32, 10, 3, 1
2016/10/30, , 22, 36, 12, 3, 6
2016/10/31, , 20, 41, 16, 3, 6
2016/11/1, , 28, 55, 19, 3, 6
2016/11/2, , 36, 71, 21, 3, 6
2016/11/3, , 42, 32, 15, 3, 8
2016/11/4, , 34, 25, 9, 3, 4
2016/11/5, , 22, 29, 12, 3, 6
2016/11/6, , 26, 59, 13, 3, 4
2016/11/7, , 33, 43, 13, 3, 7
2016/11/8, , 28, 32, 10, 3, 6
2016/11/9, , 24, 27, 9, 3, 4
2016/11/10, , 19, 17, 10, 3, 7
2016/11/11, , 21, 18, 13, 3, 3
2016/11/12, , 22, 12, 11, 2, 4
2016/11/13, , 12, 10, 10, 3, 6
2016/11/14, , 10, 34, 18, 3, 13
2016/11/15, , 29, 26, 14, 3, 9
2016/11/16, , 36, 35, 15, 3, 8
2016/11/17, , 29, 39, 17, 3, 4
2016/11/18, , 30, 44, 18, 3, 12
2016/11/19, , 30, 28, 10, 3, 1
2016/11/20, , 26, 34, 12, 3, 11
2016/11/21, , 19, 46, 15, 3, 11
2016/11/22, , 29, 66, 24, 3, 12
2016/11/23, , 43, 50, 24, 3, 11
2016/11/24, , 42, 37, 19, 3, 10
2016/11/25, , 32, 32, 21, 3, 16
2016/11/26, , 46, 37, 16, 3, 14
2016/11/27, , 32, 44, 15, 3, 9
2016/11/28, , 31, 57, 27, 3, 12
2016/11/29, , 46, 22, 20, 3, 11
2016/11/30, , 38, 29, 15, 3, 8
2016/12/1, , 34, 20, 13, 3, 10
2016/12/2, , 33, 14, 13, 15, 11
2016/12/3, , 36, 14, 10, 3, 4
2016/12/4, , 24, 17, 8, , 2
2016/12/5, , 16, 26, 18, , 14
2016/12/6, , 27, 36, 23, , 25
2016/12/7, , 56, 36, 25, 1, 22
2016/12/8, , 53, 41, 35, 2, 11
2016/12/9, , 55, 34, 27, 2, 11
2016/12/10, , 46, 35, 22, 2, 1
2016/12/11, , 33, 38, 24, 2, 
2016/12/12, , 41, 43, 28, 2, 6
2016/12/13, , 43, 48, 42, 2, 31
2016/12/14, , 63, 51, 50, 2, 32
2016/12/15, , 73, 42, 47, 2, 44
2016/12/16, , 63, 66, 48, 2, 46
2016/12/17, , 69, 39, 35, 2, 
2016/12/18, , 50, 41, 27, 2, 
2016/12/19, , 41, 35, 26, 2, 
2016/12/20, , 41, 29, 18, 2, 
2016/12/21, , 29, 31, 20, 2, 
2016/12/22, , 31, 48, 38, 2, 
2016/12/23, , 56, 51, 33, 2, 
2016/12/24, , 56, 50, 34, 2, 
2016/12/25, , 51, 48, 25, 2, 
2016/12/26, , 45, 34, 27, 2, 
2016/12/27, , 47, 44, 30, 2, 36
2016/12/28, , 55, 35, 23, 2, 52
2016/12/29, , 42, 31, 26, 2, 
2016/12/30, , 45, 32, 22, 2, 
2016/12/31, , 35, 32, 16, 2, 
2017/1/1, , 33, 34, 15, 2, 
2017/1/2, , 36, 46, 28, 2, 8
2016/7/2, , 22, 37, 13, 3, 4
2016/7/3, , 23, 38, 14, 3, 5
2016/7/4, , 25, 42, 10, 3, 8
2016/7/5, , 15, 36, 15, 3, 4
2016/7/6, , 23, 44, 12, 3, 5
2016/7/7, , 19, 54, 18, 3, 6
2016/7/8, , 32, 44, 10, 3, 3
2016/7/9, , 17, 60, 12, 3, 5
2016/7/10, , 23, 42, 9, 3, 4
2016/7/11, , 24, 40, 11, 3, 7
2016/7/12, , 22, 32, 9, 3, 5
2016/7/13, , 17, 27, 6, 3, 5
2016/7/14, , 15, 31, 15, 3, 8
2016/7/15, , 19, 31, 10, 3, 6
2016/7/16, , 16, 46, 11, 3, 4
2016/7/17, , 24, 37, 14, 3, 5
2016/7/18, , 25, 36, 16, 3, 5
2016/7/19, , 27, 32, 11, 3, 7
2016/7/20, , 22, 27, 10, 3, 4
2016/7/21, , 18, 26, 14, 3, 4
2016/7/22, , 16, 30, 11, 3, 5
2016/7/23, , 19, 32, 9, 3, 3
2016/7/24, , 16, 38, 7, 3, 2
2016/7/25, , 14, 38, 10, 3, 4
2016/7/26, , 18, 78, 15, 3, 8
2016/7/27, , 24, 61, 16, 3, 7
2016/7/28, , 29, 32, 25, 3, 8
2016/7/29, , 20, 33, 15, 3, 4
2016/7/30, , 21, 37, 10, 3, 4
2016/7/31, , 19, , , , 
2016/8/7, , 19, 23, 7, 3, 
2016/8/8, , 10, 28, 14, 3, 
2016/8/9, , 19, 25, 15, 3, 
2016/8/10, , 25, 28, 12, 3, 
2016/8/11, , 22, 25, 10, 3, 
2016/8/12, , 16, 41, 14, 3, 
2016/8/13, , 23, 37, 7, 3, 
2016/8/14, , 17, 60, 7, 3, 3
2016/8/15, , 19, 45, 14, 3, 4
2016/8/16, , 17, 31, 8, 3, 3
2016/8/17, , 15, 19, 14, 3, 7
2016/8/18, , 18, 30, 12, 3, 5
2016/8/19, , 15, 26, 13, 3, 7
2016/8/20, , 25, 38, 11, 2, 3
2016/8/21, , 19, 29, 9, 3, 1
2016/8/22, , 13, 27, 10, 3, 4
2016/8/23, , 12, 31, 11, 3, 5
2016/8/24, , 19, 31, 15, 3, 4
2016/8/25, , 15, 37, 13, 3, 4
2016/8/26, , 16, 47, 15, 3, 7
2016/8/27, , 23, 36, 12, 3, 7
2016/8/28, , 25, 36, 10, 3, 3
2016/8/29, , 24, 45, 15, 3, 7
2016/8/30, , 19, 36, 14, 3, 5
2016/8/31, , 25, 43, 12, 3, 7
2016/9/1, , 28, 35, 11, 3, 5
2016/9/2, , 14, 29, 12, 3, 7
2016/9/3, , 16, 31, 8, 3, 3
2016/9/4, , 14, 27, 8, 3, 1
2016/9/5, , 15, 11, 8, 3, 7
2016/9/6, , 11, 26, 9, 3, 3
2016/9/7, , 16, 35, 10, 2, 4
2016/9/8, , 21, 45, 9, 3, 3
2016/9/9, , 20, 43, 10, 3, 
2016/9/10, , 23, 46, 8, 3, 5
2016/9/11, , 18, 34, 7, 3, 4
2016/9/12, , 27, 41, 9, 3, 5
2016/9/13, , 22, 42, 8, 3, 5
2016/9/14, , 20, 35, 10, 3, 5
2016/9/15, , 19, 36, 7, 3, 4
2016/9/16, , 16, 33, 5, 2, 2
2016/9/17, , 17, 29, 10, 3, 
2016/9/18, , 21, 34, 6, 3, 1
2016/9/19, , 10, 30, 10, 3, 4
2016/9/20, , 14, 27, 9, 3, 4
2016/9/21, , 15, 27, 9, 3, 4
2016/9/22, , 17, 23, 11, 3, 5
2016/9/23, , 24, 35, 13, 3, 6
2016/9/24, , 23, 68, 13, 3, 5
2016/9/25, , 24, 54, 6, 3, 1
2016/9/26, , 15, 32, 8, 3, 5
2016/9/27, , 15, 23, 13, 3, 7
2016/9/28, , 18, 24, 11, 3, 5
2016/9/29, , 14, 26, 7, 2, 2
2016/9/30, , 13, 33, 12, 3, 3
2016/10/1, , 17, 33, 8, 2, 
2016/4/2, , 22, 23, 19, 3, 10
2016/4/3, , 26, 30, 16, 3, 9
2016/4/4, , 28, 28, 19, 3, 11
2016/4/5, , 31, 35, 21, 3, 11
2016/4/6, , 34, 24, 27, 3, 14
2016/4/7, , 41, 31, 19, 3, 5
2016/4/8, , 46, 8, 22, 3, 9
2016/4/9, , 38, 3, 14, 3, 6
2016/4/10, , 34, 1, 15, 3, 6
2016/4/11, , 31, , 13, 3, 9
2016/4/12, , 35, , 8, 3, 5
2016/4/13, , 31, , 12, 3, 8
2016/4/14, , 36, , 13, 3, 8
2016/4/15, , 31, , 17, 3, 13
2016/4/16, , 38, , 14, 3, 9
2016/4/17, , 27, , 20, 3, 9
2016/4/18, , 36, 35, 15, 3, 7
2016/4/19, , 36, 38, 14, 3, 11
2016/4/20, , 41, 32, 11, 3, 7
2016/4/21, , 32, 42, 19, 3, 7
2016/4/22, , 31, 47, 21, 3, 14
2016/4/23, , 35, 32, 19, 3, 13
2016/4/24, , 28, 37, 11, 3, 8
2016/4/25, , 21, 34, 17, 3, 14
2016/4/26, , 27, 35, 15, 3, 11
2016/4/27, , 29, 67, 22, 3, 14
2016/4/28, , 34, 52, 22, 3, 17
2016/4/29, , 39, 47, 20, 3, 13
2016/4/30, , 39, 54, 23, 3, 14
2016/5/1, , 41, 65, 14, 2, 8
2016/5/2, , 30, 72, 21, 3, 2
2016/5/3, , 36, 64, 21, 3, 15
2016/5/4, , 38, 49, 18, 3, 8
2016/5/5, , 34, 53, 17, 3, 10
2016/5/6, , 36, 72, 18, 3, 11
2016/5/7, , 44, 76, 15, 3, 9
2016/5/8, , 45, 58, 15, 3, 7
2016/5/9, , 39, 38, 11, 3, 8
2016/5/10, , 32, 48, 15, 3, 6
2016/5/11, , 34, 56, 11, 2, 5
2016/5/12, , 28, 63, 10, 3, 2
2016/5/13, , 24, 51, 16, 3, 9
2016/5/14, , 31, 60, 8, 3, 5
2016/5/15, , 22, 43, 11, 3, 5
2016/5/16, , 27, 36, 10, 3, 5
2016/5/17, , 24, 40, 10, 3, 7
2016/5/18, , 26, 39, 9, 3, 6
2016/5/19, , 31, 35, 12, 2, 6
2016/5/20, , 22, 44, 13, 3, 1
2016/5/21, , 27, 63, 12, 3, 
2016/5/22, , 28, 36, 10, 3, 4
2016/5/23, , 24, 47, 13, 3, 7
2016/5/24, , 30, 41, 14, 3, 9
2016/5/25, , 30, 56, 14, 3, 8
2016/5/26, , 41, 73, 14, 3, 8
2016/5/27, , 40, 41, 14, 3, 8
2016/5/28, , 40, 67, 10, 3, 5
2016/5/29, , 33, 55, 7, 3, 5
2016/5/30, , 31, 57, 11, 3, 8
2016/5/31, , 34, 68, 12, 3, 9
2016/6/1, , 42, 44, 10, 3, 7
2016/6/2, , 35, 48, 11, 3, 7
2016/6/3, , 37, 52, 11, 3, 6
2016/6/4, , 32, 49, 9, 2, 5
2016/6/5, , 33, 36, 8, 3, 1
2016/6/6, , 24, 49, 9, 3, 7
2016/6/7, , 34, 62, 10, 3, 7
2016/6/8, , 33, 53, 10, 2, 7
2016/6/9, , 40, 94, 15, 2, 1
2016/6/10, , 34, 62, 17, 3, 1
2016/6/11, , 36, 63, 10, 3, 
2016/6/12, , 37, 61, 11, 3, 52
2016/6/13, , 32, 79, 15, 3, 6
2016/6/14, , 28, 74, 13, 2, 5
2016/6/15, , 21, 37, 12, 3, 1
2016/6/16, , 21, 20, 9, 3, 
2016/6/17, , 15, 57, 14, 3, 9
2016/6/18, , 24, 45, 17, 2, 4
2016/6/19, , 20, 33, 10, 3, 3
2016/6/20, , 17, 31, 10, 3, 3
2016/6/21, , 18, 26, 10, 3, 5
2016/6/22, , 17, 30, 10, 3, 4
2016/6/23, , 22, 34, 15, 3, 7
2016/6/24, , 24, 62, 21, 3, 5
2016/6/25, , 36, 76, 13, 3, 2
2016/6/26, , 35, 39, 16, 3, 5
2016/6/27, , 23, 34, 10, 3, 6
2016/6/28, , 16, 36, 11, 3, 5
2016/6/29, , 19, 39, 10, 3, 3
2016/6/30, , 17, 47, 12, 3, 6
2016/7/1, , 23, 48, 12, 3, 6
2016/1/5, , 28, 16, 16, 3, 11
2016/1/6, , 26, 14, 18, 3, 13
2016/1/7, , 32, 16, 18, 3, 12
2016/1/8, , 28, 19, 18, 3, 16
2016/1/9, , 30, 21, 21, 3, 10
2016/1/10, , 32, 29, 21, 3, 21
2016/1/11, , 39, 24, 25, 3, 17
2016/1/12, , 41, 23, 23, 3, 13
2016/1/13, , 47, 9, 18, 3, 9
2016/1/14, , 32, 19, 19, 3, 14
2016/1/15, , 31, 29, 27, 3, 15
2016/1/16, , 43, 24, 35, 3, 19
2016/1/17, , 56, 35, 28, 3, 29
2016/1/18, , 49, 30, 31, 3, 30
2016/1/19, , 52, 30, 32, 3, 20
2016/1/20, , 56, 40, 37, 3, 12
2016/1/21, , 72, 35, 34, 3, 21
2016/1/22, , 57, 30, 33, 3, 35
2016/1/23, , 69, 35, 35, 3, 22
2016/1/24, , 73, 26, 31, 3, 30
2016/1/25, , 66, 16, 23, 2, 33
2016/1/26, , 47, 12, 17, 3, 
2016/1/27, , 37, 17, 19, 3, 
2016/1/28, , 37, 22, 12, 3, 7
2016/1/29, , 29, 27, 22, 3, 11
2016/1/30, , 45, 12, 18, 3, 10
2016/1/31, , 43, 28, 20, 3, 13
2016/2/1, , 36, 29, 25, 3, 20
2016/2/2, , 50, 23, 23, 3, 18
2016/2/3, , 48, 33, 32, 3, 19
2016/2/4, , 56, 29, 33, 3, 38
2016/2/5, , 62, 36, 27, 3, 32
2016/2/6, , 58, 23, 20, 3, 8
2016/2/7, , 50, 22, 20, 3, 14
2016/2/8, , 31, 21, 22, 3, 19
2016/2/9, , 44, 19, 18, 3, 9
2016/2/10, , 36, 21, 22, 3, 10
2016/2/11, , 38, 21, 23, 3, 27
2016/2/12, , 42, 23, 25, 3, 22
2016/2/13, , 47, 25, 30, 3, 37
2016/2/14, , 49, 28, 23, 3, 
2016/2/15, , 34, 32, 42, 3, 16
2016/2/16, , 53, 29, 37, 3, 8
2016/2/17, , 55, 27, 34, 3, 26
2016/2/18, , 60, 8, 33, 3, 21
2016/2/19, , 49, 19, 38, 3, 12
2016/2/20, , 61, 29, 37, 3, 37
2016/2/21, , 54, 36, 27, 3, 
2016/2/22, , 51, 22, 24, 3, 
2016/2/23, , 45, 20, 18, 3, 
2016/2/24, , 29, 38, 30, 3, 
2016/2/25, , 44, 25, 21, 3, 9
2016/2/26, , 52, 21, 20, 3, 8
2016/2/27, , 40, 18, 18, 3, 3
2016/2/28, , 28, 23, 16, 3, 5
2016/2/29, , 19, 24, 18, 3, 7
2016/3/1, , 30, 26, 16, 3, 6
2016/3/2, , 26, 25, 18, 3, 4
2016/3/3, , 29, 22, 22, 2, 5
2016/3/4, , 30, 26, 25, 3, 8
2016/3/5, , 40, 35, 25, 3, 
2016/3/6, , 45, 30, 18, 3, 4
2016/3/7, , 36, 22, 18, 3, 7
2016/3/8, , 30, 15, 12, 3, 8
2016/3/9, , 37, 18, 10, 3, 6
2016/3/10, , 13, 23, 12, 3, 5
2016/3/11, , 14, 23, 20, 3, 10
2016/3/12, , 22, 36, 26, 3, 12
2016/3/13, , 37, 31, 23, 2, 6
2016/3/14, , 24, 29, 30, 3, 2
2016/3/15, , 40, 48, 29, 3, 1
2016/3/16, , 40, 20, 27, 3, 
2016/3/17, , 38, 13, 19, 3, 
2016/3/18, , 35, 15, 17, 3, 
2016/3/19, , 33, 19, 14, 3, 
2016/3/20, , 26, 24, 15, 3, 
2016/3/21, , 23, 17, 11, 3, 
2016/3/22, , 24, 15, 15, 3, 
2016/3/23, , 31, 12, 14, 3, 
2016/3/24, , 35, 18, 10, 3, 
2016/3/25, , 23, 12, 10, 3, 
2016/3/26, , 22, 16, 12, 3, 
2016/3/27, , 18, 21, 10, 3, 
2016/3/28, , 18, 22, 15, 3, 8
2016/3/29, , 26, 18, 18, 3, 4
2016/3/30, , 24, 22, 16, 2, 4
2016/3/31, , 24, 21, 20, 3, 8
2016/4/1, , 30, 17, 14, 3, 6
2015/10/2, , 27, 27, 18, 4, 11
2015/10/3, , 28, 24, 17, 4, 5
2015/10/4, , 35, 11, 13, 4, 10
2015/10/5, , 22, 32, 14, 4, 9
2015/10/6, , 24, 28, 12, 5, 5
2015/10/7, , 21, 31, 16, 4, 7
2015/10/8, , 23, 28, 19, 4, 13
2015/10/9, , 30, 21, 16, 4, 8
2015/10/10, , 28, 18, 12, 4, 5
2015/10/11, , 24, 23, 10, 4, 5
2015/10/12, , 20, 21, 9, 4, 4
2015/10/13, , 22, 21, 16, 5, 10
2015/10/14, , 31, 20, 16, 3, 13
2015/10/15, , 30, 21, 13, 4, 10
2015/10/16, , 24, 21, 13, 4, 6
2015/10/17, , 22, 19, 11, 4, 6
2015/10/18, , 24, 19, 9, 5, 4
2015/10/19, , 14, 23, 14, 4, 7
2015/10/20, , 21, 28, 24, 3, 15
2015/10/21, , 38, 38, 32, 5, 18
2015/10/22, , 52, 22, 19, , 5
2015/10/23, , 48, 7, 9, , 6
2015/10/24, , 9, 7, 8, , 6
2015/10/25, , 9, , , , 
2015/10/26, , 9, , , , 
2015/10/30, , 27, 4, 14, , 10
2015/10/31, , 14, 13, 11, , 8
2015/11/1, , 14, 26, 11, , 
2015/11/2, , 17, 19, 19, , 2
2015/11/3, , 29, 10, 15, , 3
2015/11/4, , 26, 28, 13, 1, 5
2015/11/5, , 27, , , , 
2015/11/12, , 40, 25, 27, 2, 19
2015/11/13, , 48, 19, 16, 2, 9
2015/11/14, , 35, 17, 10, 2, 4
2015/11/15, , 22, 19, 12, 2, 8
2015/11/16, , 22, 29, 16, 2, 6
2015/11/17, , 33, 20, 18, 2, 5
2015/11/18, , 31, 32, 23, 2, 52
2015/11/19, , 36, 32, 28, 2, 2
2015/11/20, , 45, 26, 25, 2, 
2015/11/21, , 43, 30, 19, 2, 
2015/11/22, , 39, 25, 21, 2, 
2015/11/23, , 36, 30, 23, 2, 
2015/11/24, , 38, 30, 31, 2, 
2015/11/25, , 56, 52, 33, 2, 6
2015/11/26, , 59, 19, 20, 2, 2
2015/11/27, , 47, 9, 17, 2, 5
2015/11/28, , 26, 24, 19, 2, 2
2015/11/29, , 31, 36, 17, 2, 1
2015/11/30, , 29, 41, 23, 2, 11
2015/12/1, , 40, 20, 19, 2, 5
2015/12/2, , 33, 22, 20, 2, 8
2015/12/3, , 34, 17, 14, 2, 7
2015/12/4, , 30, 26, 17, 2, 6
2015/12/5, , 33, 26, 22, 2, 3
2015/12/6, , 36, 22, 17, 2, 8
2015/12/7, , 34, 24, 19, 2, 15
2015/12/8, , 31, 29, 30, 2, 10
2015/12/9, , 50, 20, 33, 2, 19
2015/12/10, , 58, 34, 30, 2, 13
2015/12/11, , 55, 23, 34, 3, 15
2015/12/12, , 62, 9, 23, 2, 20
2015/12/13, , 30, 18, 14, 2, 10
2015/12/14, , 15, 26, 24, 2, 12
2015/12/15, , 37, 26, 28, 3, 14
2015/12/16, , 43, 15, 22, 3, 15
2015/12/17, , 43, 19, 25, 3, 19
2015/12/18, , 49, 23, 22, 3, 12
2015/12/19, , 43, 27, 22, 3, 10
2015/12/20, , 42, 30, 33, 3, 21
2015/12/21, , 53, 24, 29, 3, 24
2015/12/22, , 50, 17, 24, 3, 14
2015/12/23, , 42, 16, 21, 3, 16
2015/12/24, , 44, 18, 19, 3, 20
2015/12/25, , 42, 31, 16, 3, 24
2015/12/26, , 57, 16, 18, 3, 22
2015/12/27, , 44, 16, 13, 3, 11
2015/12/28, , 20, 19, 21, 3, 13
2015/12/29, , 36, 16, 18, 3, 7
2015/12/30, , 34, 24, 18, 3, 12
2015/12/31, , 36, 26, 19, 3, 9
2016/1/1, , 35, , , , 
2016/1/4, , 19, 17, 19, 3, 8
2015/7/2, , 26, 33, 17, 7, 9
2015/7/3, , 21, 25, 16, 3, 9
2015/7/4, , 19, 17, 21, 3, 10
2015/7/5, , 21, 33, 18, 2, 6
2015/7/6, , 24, 28, 18, 3, 12
2015/7/7, , 27, 36, 21, 4, 9
2015/7/8, , 33, 28, 16, 3, 10
2015/7/9, , 16, 38, 14, 2, 7
2015/7/10, , 20, 32, 16, 3, 7
2015/7/11, , 23, 20, 13, 3, 4
2015/7/12, , 29, 23, 9, 3, 4
2015/7/13, , 22, 22, 11, 3, 6
2015/7/14, , 27, 20, 12, 4, 7
2015/7/15, , 35, 35, 17, 4, 8
2015/7/16, , 42, 46, 16, 4, 8
2015/7/17, , 27, 43, 16, 3, 9
2015/7/18, , 17, 60, 20, 3, 12
2015/7/19, , 27, 40, 13, 3, 5
2015/7/20, , 20, 56, 21, 3, 7
2015/7/21, , 20, 43, 18, 3, 9
2015/7/22, , 16, 36, 19, 4, 11
2015/7/23, , 27, 28, 15, 3, 9
2015/7/24, , 24, 22, 15, 3, 9
2015/7/25, , 18, 39, 16, 4, 6
2015/7/26, , 21, 13, 18, 3, 8
2015/7/27, , 23, , , , 
2015/7/29, , 34, 29, 12, 3, 7
2015/7/30, , 28, 28, 17, 4, 4
2015/7/31, , 34, 25, 18, , 5
2015/8/1, , 32, 32, 15, 2, 5
2015/8/2, , 35, 35, 11, 2, 8
2015/8/3, , 29, 51, 16, 2, 9
2015/8/4, , 24, 33, 13, 3, 8
2015/8/5, , 25, 36, 13, 3, 7
2015/8/6, , 24, 32, 14, 8, 8
2015/8/7, , 24, 50, 18, 2, 8
2015/8/8, , 21, 32, 20, 3, 11
2015/8/9, , 26, 36, 22, 3, 8
2015/8/10, , 35, 38, 19, 5, 7
2015/8/11, , 29, 25, 20, 1, 9
2015/8/12, , 32, 23, 14, 5, 3
2015/8/13, , 24, 22, 12, 6, 5
2015/8/14, , 18, 24, 13, 4, 7
2015/8/15, , 20, 29, 16, 4, 4
2015/8/16, , 26, 21, 10, 8, 6
2015/8/17, , 17, 31, 14, 8, 9
2015/8/18, , 20, 33, 23, 4, 11
2015/8/19, , 30, 26, 19, 6, 8
2015/8/20, , 24, 20, 21, 4, 10
2015/8/21, , 28, 30, 12, 4, 8
2015/8/22, , 21, 19, 15, 4, 9
2015/8/23, , 19, 30, 13, 8, 8
2015/8/24, , 12, 27, 16, 8, 5
2015/8/25, , 20, 23, 18, 4, 9
2015/8/26, , 22, 23, 17, 7, 8
2015/8/27, , 25, 24, 19, 8, 6
2015/8/28, , 25, 29, 17, 8, 6
2015/8/29, , 25, 31, 22, 8, 6
2015/8/30, , 33, 44, 20, 3, 5
2015/8/31, , 34, 33, 16, 6, 9
2015/9/1, , 24, 28, 20, , 8
2015/9/2, , 27, 25, 16, 3, 9
2015/9/3, , 19, 38, 12, 7, 8
2015/9/4, , 21, 26, 16, 7, 9
2015/9/5, , 19, 23, 14, 8, 9
2015/9/6, , 19, 25, 14, 7, 6
2015/9/7, , 24, 20, 15, 4, 7
2015/9/8, , 22, 40, 17, 7, 11
2015/9/9, , 28, 36, 10, 7, 8
2015/9/10, , 18, 22, 17, 3, 7
2015/9/11, , 22, 21, 17, 7, 10
2015/9/12, , 18, 29, 18, 7, 12
2015/9/13, , 25, 23, 10, 6, 5
2015/9/14, , 15, 20, 12, 5, 7
2015/9/15, , 19, 26, 13, 4, 10
2015/9/16, , 16, 19, 14, 3, 7
2015/9/17, , 15, 16, 14, 5, 7
2015/9/18, , 16, 19, 15, 5, 9
2015/9/19, , 26, 22, 15, 5, 8
2015/9/20, , 26, 26, 7, 4, 5
2015/9/21, , 15, 25, 12, 5, 12
2015/9/22, , 18, 20, 10, 4, 9
2015/9/23, , 18, 21, 13, 5, 11
2015/9/24, , 23, 18, 14, 4, 8
2015/9/25, , 24, 20, 13, 4, 6
2015/9/26, , 25, 22, 13, 18, 8
2015/9/27, , 18, 24, 14, 4, 22
2015/9/28, , 26, 27, 10, 3, 8
2015/9/29, , 20, 28, 17, 4, 8
2015/9/30, , 29, 27, 17, 4, 4
2015/10/1, , 28, 24, 15, 4, 10
2015/4/2, , 27, 28, 18, 7, 4
2015/4/3, , 30, 43, 14, 6, 3
2015/4/4, , 27, 34, 15, 5, 6
2015/4/5, , 31, 40, 13, 6, 2
2015/4/6, , 32, 30, 15, 4, 5
2015/4/7, , 28, 45, 20, 5, 8
2015/4/8, , 39, 48, 19, 6, 6
2015/4/9, , 45, 35, 22, 5, 8
2015/4/10, , 41, 42, 19, 7, 7
2015/4/11, , 40, 33, 15, 6, 6
2015/4/12, , 37, 26, 11, 5, 3
2015/4/13, , 30, 21, 14, 3, 7
2015/4/14, , 29, 26, 12, 3, 5
2015/4/15, , 28, 25, 15, 4, 8
2015/4/16, , 31, 23, 13, 5, 8
2015/4/17, , 33, 24, 17, 4, 9
2015/4/18, , 34, 11, 9, 1, 2
2015/4/19, , 17, 16, 10, 2, 4
2015/4/20, , 15, 5, 14, 1, 8
2015/4/21, , 21, 29, 18, , 9
2015/4/22, , 33, 28, 18, , 9
2015/4/23, , 32, 28, 12, , 5
2015/4/24, , 31, 24, 11, , 5
2015/4/25, , 30, 30, 16, , 4
2015/4/26, , 39, 25, 9, , 1
2015/4/27, , 27, 9, 15, , 1
2015/4/28, , 26, 14, 10, , 
2015/4/29, , 27, , , , 
2015/6/5, , 40, 33, 15, , 4
2015/6/6, , 37, 30, 13, , 5
2015/6/7, , 23, 42, 12, , 2
2015/6/8, , 25, 28, 12, 1, 7
2015/6/9, , 26, 64, 13, 2, 7
2015/6/10, , 34, 58, 15, 3, 8
2015/6/11, , 36, 47, 17, 3, 6
2015/6/12, , 41, 37, 13, 3, 6
2015/6/13, , 21, 61, 17, 2, 6
2015/6/14, , 25, 42, 20, 3, 4
2015/6/15, , 26, 40, 16, 3, 7
2015/6/16, , 21, 20, 12, 2, 6
2015/6/17, , 15, 13, 12, 3, 6
2015/6/18, , 19, 68, 18, 3, 8
2015/6/19, , 27, 24, 15, 3, 8
2015/6/20, , 18, 18, 24, 4, 7
2015/6/21, , 22, 41, 17, 2, 6
2015/6/22, , 25, 55, 19, 3, 10
2015/6/23, , 32, 39, 17, 4, 7
2015/6/24, , 18, 28, 14, 3, 8
2015/6/25, , 28, 31, 22, 3, 6
2015/6/26, , 38, 43, 21, 3, 5
2015/6/27, , 30, 42, 15, 4, 4
2015/6/28, , 24, 39, 14, 3, 5
2015/6/29, , 24, 39, 24, 2, 6
2015/6/30, , 22, 37, 20, 4, 6
2015/7/1, , 29, 35, 15, 3, 8
2015/1/2, , 45, 15, 16, , 
2015/1/3, , 27, 11, 17, , 
2015/1/4, , 26, 13, 16, , 
2015/1/5, , 35, 16, 13, , 
2015/1/6, , 23, 20, 22, , 
2015/1/7, , 38, 18, 17, , 
2015/1/8, , 34, 19, 18, , 
2015/1/9, , 32, 26, 24, , 
2015/1/10, , 47, 26, 23, , 
2015/1/11, , 37, 25, 20, , 
2015/1/12, , 29, 25, 27, , 
2015/1/13, , 46, 18, 30, , 
2015/1/14, , 64, 34, 34, , 
2015/1/15, , 78, 23, 36, , 
2015/1/16, , 70, 29, 25, , 
2015/1/17, , 47, 23, 27, , 
2015/1/18, , 46, 30, 24, , 
2015/1/19, , 39, 21, 25, , 
2015/1/20, , 40, 16, 25, 1, 
2015/1/21, , 48, 17, 19, 6, 9
2015/1/22, , 38, 12, 16, 3, 15
2015/1/23, , 36, 19, 19, 3, 18
2015/1/24, , 42, 16, 17, 4, 9
2015/1/25, , 38, 18, 17, 3, 11
2015/1/26, , 33, 15, 17, 2, 16
2015/1/27, , 31, 35, 27, 5, 29
2015/1/28, , 53, 26, 25, 3, 22
2015/1/29, , 56, 25, 27, 4, 14
2015/1/30, , 59, 21, 20, 3, 11
2015/1/31, , 42, 15, 13, 1, 11
2015/2/1, , 35, 10, 14, 1, 7
2015/2/2, , 31, 6, 14, 1, 10
2015/2/3, , 20, 10, 15, 2, 11
2015/2/4, , 23, 33, 25, 4, 22
2015/2/5, , 45, 15, 27, 2, 12
2015/2/6, , 45, 21, 27, 4, 28
2015/2/7, , 58, 35, 29, 3, 19
2015/2/8, , 58, 36, 28, 4, 12
2015/2/9, , 53, 28, 29, 6, 22
2015/2/10, , 58, 34, 22, 3, 6
2015/2/11, , 49, 31, 32, 4, 20
2015/2/12, , 60, 23, 22, 2, 13
2015/2/13, , 41, 11, 17, 1, 13
2015/2/14, , 19, 8, 13, 1, 8
2015/2/15, , 13, 7, 20, 5, 10
2015/2/16, , 21, 5, 20, 2, 14
2015/2/17, , 30, 23, 17, 2, 15
2015/2/18, , 37, 26, 21, 3, 15
2015/2/19, , 46, 41, 22, 1, 16
2015/2/20, , 49, 21, 22, 2, 15
2015/2/21, , 35, 31, 24, 2, 15
2015/2/22, , 35, 30, 17, 2, 12
2015/2/23, , 30, 33, 25, 2, 23
2015/2/24, , 54, 25, 19, 3, 16
2015/2/25, , 46, 16, 14, 1, 13
2015/2/26, , 33, 17, 18, 2, 7
2015/2/27, , 37, 23, 20, 1, 
2015/2/28, , 33, 28, 20, 2, 
2015/3/1, , 39, 32, 19, 2, 10
2015/3/2, , 42, 31, 19, 1, 11
2015/3/3, , 42, 20, 24, 4, 16
2015/3/4, , 40, 14, 17, 1, 10
2015/3/5, , 31, 18, 19, 2, 13
2015/3/6, , 33, 30, 15, 1, 10
2015/3/7, , 40, 33, 15, 1, 10
2015/3/8, , 42, 27, 14, 2, 10
2015/3/9, , 33, 14, 13, 1, 10
2015/3/10, , 29, 7, 22, 2, 14
2015/3/11, , 25, 15, 19, 1, 11
2015/3/12, , 23, 22, 16, 2, 7
2015/3/13, , 20, 16, 16, 1, 13
2015/3/14, , 27, 5, 13, 1, 12
2015/3/15, , 15, 11, 10, 1, 6
2015/3/16, , 8, 10, 14, 1, 11
2015/3/17, , 11, 7, 14, 1, 7
2015/3/18, , 17, 11, 13, 2, 9
2015/3/19, , 34, 10, 12, 2, 13
2015/3/20, , 21, 12, 15, 1, 11
2015/3/21, , 22, 9, 11, 1, 8
2015/3/22, , 15, 21, 11, 1, 7
2015/3/23, , 12, 20, 15, 1, 9
2015/3/24, , 21, 4, 20, 3, 12
2015/3/25, , 30, 12, 16, 2, 9
2015/3/26, , 26, 26, 17, , 8
2015/3/27, , 23, 27, 19, 7, 8
2015/3/28, , 29, 30, 15, , 5
2015/3/29, , 25, 47, 16, , 5
2015/3/30, , 25, 45, 25, , 1
2015/3/31, , 38, 26, 18, , 
2015/4/1, , 32, 22, 16, , 
2014/10/2, , 29, 16, 10, 5, 5
2014/10/3, , 21, 14, 8, 4, 7
2014/10/4, , 14, 22, 9, 3, 5
2014/10/5, , 15, 23, 10, 4, 3
2014/10/6, , 15, 19, 14, 4, 8
2014/10/7, , 19, 26, 10, 4, 7
2014/10/8, , 20, 34, 14, 6, 8
2014/10/9, , 26, 35, 17, 6, 12
2014/10/10, , 36, 48, 17, 20, 7
2014/10/11, , 38, 44, 16, 10, 7
2014/10/12, , 34, 37, 12, 2, 4
2014/10/13, , 23, 47, 13, , 6
2014/10/14, , 30, 26, 10, , 5
2014/10/15, , 27, 30, 11, , 5
2014/10/16, , 29, 36, 15, , 7
2014/10/17, , 40, 35, 15, , 9
2014/10/18, , 33, 38, 13, , 6
2014/10/19, , 32, 21, 11, , 3
2014/10/20, , 24, 24, 8, , 5
2014/10/21, , 17, 19, 8, , 5
2014/10/22, , 19, 22, 9, , 6
2014/10/23, , 20, 22, 10, , 5
2014/10/24, , 22, 12, 14, , 7
2014/10/25, , 26, 20, 7, , 3
2014/10/26, , 21, 27, 18, , 14
2014/10/27, , 35, 72, 22, , 9
2014/10/28, , 48, 68, 17, , 6
2014/10/29, , 38, 44, 19, , 11
2014/10/30, , 42, 36, 18, , 8
2014/10/31, , 45, 28, 11, , 5
2014/11/1, , 33, 31, 12, , 1
2014/11/2, , 31, 31, 11, , 5
2014/11/3, , 28, 31, 16, , 4
2014/11/4, , 39, 19, 12, , 7
2014/11/5, , 35, 9, 11, , 12
2014/11/6, , 22, 14, 11, , 8
2014/11/7, , 26, 16, 10, , 9
2014/11/8, , 31, 10, 6, , 3
2014/11/9, , 13, 25, 11, , 9
2014/11/10, , 28, 17, 18, 3, 6
2014/11/11, , 38, 6, 11, 2, 8
2014/11/12, , 13, 12, 12, 19, 6
2014/11/13, , 19, 18, 15, 2, 18
2014/11/14, , 38, 44, 19, , 22
2014/11/15, , 49, 23, 15, , 9
2014/11/16, , 32, 19, 12, , 12
2014/11/17, , 29, 18, 12, , 10
2014/11/18, , 29, 16, 16, , 12
2014/11/19, , 38, 20, 16, , 11
2014/11/20, , 40, 28, 18, , 11
2014/11/21, , 37, 20, 17, , 10
2014/11/22, , 36, 13, 12, , 8
2014/11/23, , 26, 21, 12, , 10
2014/11/24, , 24, 18, 19, , 13
2014/11/25, , 37, 24, 18, , 19
2014/11/26, , 50, 33, 19, , 27
2014/11/27, , 47, 20, 20, 4, 8
2014/11/28, , 36, 28, 23, 43, 19
2014/11/29, , 50, 37, 25, 42, 23
2014/11/30, , 56, 40, 25, 47, 37
2014/12/1, , 56, 29, 24, 47, 24
2014/12/2, , 56, 34, 35, 41, 28
2014/12/3, , 50, 34, 40, 44, 36
2014/12/4, , 56, 45, 45, , 28
2014/12/5, , 67, 46, 42, , 21
2014/12/6, , 70, 35, 34, , 29
2014/12/7, , 63, 28, 28, , 17
2014/12/8, , 42, 20, 22, , 11
2014/12/9, , 39, 22, 23, , 19
2014/12/10, , 39, 21, 23, , 5
2014/12/11, , 42, 19, 38, , 51
2014/12/12, , 67, 28, 25, , 
2014/12/13, , 38, 19, 28, , 
2014/12/14, , 42, 21, 22, , 
2014/12/15, , 28, 23, 28, , 
2014/12/16, , 40, 23, 27, , 
2014/12/17, , 50, 21, 25, , 
2014/12/18, , 40, 23, 24, , 
2014/12/19, , 44, 27, 27, , 
2014/12/20, , 44, 19, 28, , 
2014/12/21, , 47, 16, 22, , 
2014/12/22, , 34, 19, 26, , 
2014/12/23, , 39, 19, 28, , 
2014/12/24, , 40, 22, 23, , 
2014/12/25, , 50, 21, 22, , 
2014/12/26, , 47, 16, 22, , 
2014/12/27, , 36, 13, 18, , 
2014/12/28, , 39, 15, 16, , 
2014/12/29, , 25, , , , 
2014/9/23, , 21, 12, 10, 5, 2
2014/9/24, , 16, 20, 11, 3, 6
2014/9/25, , 17, 26, 11, 2, 5
2014/9/26, , 16, 32, 13, 4, 7
2014/9/27, , 21, 35, 11, 2, 5
2014/9/28, , 22, 29, 10, 3, 5
2014/9/29, , 22, 22, 8, 4, 5
2014/9/30, , 17, 30, 14, 3, 6
2014/10/1, , 22, 28, 13, 4, 7
2023/10/2, , , 34, , 11, 
2022/10/2, , , 22, , 2, 8
2022/10/3, , , 22, , 2, 8
2022/10/4, , , 26, , 3, 9
2022/10/5, , , 29, , 3, 9
2022/10/6, , , 32, , 2, 9
2022/10/7, , , 41, , 2, 9
2022/10/8, , , 28, , 1, 9
2022/10/9, , , 25, , 1, 9
2022/10/10, , , 29, , 2, 7
2022/10/11, , , 35, , 2, 9
2022/10/12, , , 37, , 2, 8
2022/10/13, , , 44, , 3, 10
2022/10/14, , , 43, , 3, 13
2022/10/15, , , 43, , 2, 14
2022/10/16, , , 50, , 2, 10
2022/10/17, , , 81, , 1, 8
2022/10/18, , , 56, , 1, 10
2022/10/19, , , 30, , 2, 8
2022/10/20, , , 29, , 2, 9
2022/10/21, , , 27, , 2, 11
2022/10/22, , , , , 4, 34
2022/10/27, , , 41, , 3, 10
2022/10/28, , , 36, , 3, 8
2022/10/29, , , 52, , 2, 12
2022/10/30, , , 1, , 2, 17
2022/10/31, , , 36, , 2, 8
2022/11/1, , , 29, , 3, 12
2022/11/2, , , 75, , 4, 14
2022/11/3, , , 45, , 2, 9
2022/11/4, , , 66, , 3, 9
2022/11/5, , , 36, , 3, 10
2022/11/6, , , 3, , 3, 16
2022/11/8, , , 57, , 5, 17
2022/7/4, , , 35, , 2, 10
2022/7/14, , , 33, , 2, 6
2022/7/17, , , 27, , 1, 7
2022/7/18, , , 39, , 2, 8
2022/7/19, , , 54, , 1, 8
2022/7/20, , , 36, , 2, 8
2022/7/21, , , 60, , 2, 8
2022/7/22, , , 29, , 2, 7
2022/7/24, , , 47, , 2, 8
2022/7/25, , , 39, , 2, 9
2022/7/26, , , 32, , 3, 9
2022/7/27, , , 59, , 2, 10
2022/7/28, , , 47, , 2, 9
2022/7/29, , , 50, , 2, 8
2022/8/1, , , 42, , 2, 8
2022/8/2, , , 35, , 2, 8
2022/8/3, , , 51, , 2, 11
2022/8/4, , , 81, , 3, 13
2022/8/5, , , 54, , 2, 10
2022/8/6, , , 40, , 2, 8
2022/8/7, , , 36, , 2, 9
2022/8/8, , , 34, , 2, 9
2022/8/9, , , 35, , 3, 8
2022/8/10, , , 30, , 1, 8
2022/8/11, , , 37, , 2, 9
2022/8/12, , , 43, , 2, 9
2022/8/13, , , 59, , 2, 8
2022/8/14, , , 57, , 2, 9
2022/8/15, , , 31, , 2, 10
2022/8/16, , , 16, , 2, 10
2022/8/17, , , 22, , 3, 9
2022/8/18, , , 43, , 3, 10
2022/8/19, , , 29, , 2, 8
2022/8/22, , , 64, , 2, 9
2022/8/23, , , 76, , 2, 10
2022/8/24, , , 38, , 2, 8
2022/8/25, , , 42, , 1, 8
2022/8/26, , , 42, , 2, 8
2022/8/27, , , 63, , 2, 9
2022/8/28, , , 48, , 2, 7
2022/8/29, , , 68, , 2, 8
2022/8/30, , , 40, , 1, 9
2022/8/31, , , 34, , 1, 9
2022/9/1, , , 34, , 3, 9
2022/9/2, , , 32, , 2, 9
2022/9/3, , , 27, , 2, 8
2022/9/4, , , 23, , 2, 7
2022/9/5, , , 17, , 3, 8
2022/9/6, , , 15, , 2, 7
2022/9/7, , , 38, , 3, 9
2022/9/8, , , 22, , 1, 7
2022/9/9, , , 41, , 2, 9
2022/9/10, , , 37, , 2, 9
2022/9/11, , , 37, , 1, 8
2022/9/12, , , 38, , 2, 8
2022/9/13, , , 38, , 2, 9
2022/9/14, , , 39, , 2, 8
2022/9/15, , , 34, , 2, 7
2022/9/16, , , 25, , 2, 7
2022/9/17, , , 24, , 1, 8
2022/9/18, , , 20, , 2, 8
2022/9/19, , , 17, , 1, 10
2022/9/20, , , 24, , 2, 10
2022/9/21, , , 26, , 1, 10
2022/9/22, , , 33, , 1, 9
2022/9/23, , , 28, , 1, 10
2022/9/24, , , 43, , 3, 9
2022/9/25, , , 37, , 2, 7
2022/9/26, , , 32, , 3, 10
2022/9/27, , , 28, , 1, 8
2022/9/28, , , 28, , 2, 7
2022/9/29, , , 37, , 2, 9
2022/9/30, , , 33, , 3, 10
2022/10/1, , , 2, , 5, 21
2021/10/3, , , 26, 7, , 4
2021/10/4, , , 26, 7, , 4
2021/10/5, , , 19, 9, , 5
2021/10/6, , , 17, 10, 1, 4
2021/10/7, , , 23, 11, 1, 4
2021/10/8, , , 26, 11, 1, 5
2021/10/9, , , 30, 13, 2, 6
2021/10/10, , , 40, 13, 1, 6
2021/10/11, , , 30, 13, 2, 4
2021/10/12, , , 26, 10, 1, 4
2021/10/13, , , 23, 9, 1, 4
2021/10/14, , , 14, 9, 1, 5
2021/10/15, , , 46, 10, 2, 5
2021/10/16, , , 46, 16, 1, 5
2021/10/17, , , 23, 9, 1, 4
2021/10/18, , , 26, 7, 2, 3
2021/10/19, , , 43, 12, 2, 4
2021/10/20, , , 42, 14, 2, 5
2021/10/21, , , 37, 9, 2, 4
2021/10/22, , , 86, 7, 7, 11
2021/11/13, , , 36, 17, 2, 13
2021/11/14, , , 31, 13, 1, 10
2021/11/15, , , 29, 10, 1, 11
2021/11/16, , , 33, 13, 2, 14
2021/11/17, , , 38, 15, 1, 11
2021/11/18, , , 32, 18, 3, 17
2021/8/9, , , 26, 12, 1, 7
2021/8/10, , , 32, 15, 1, 7
2021/8/11, , , 29, 14, 1, 10
2021/8/12, , , 40, 13, 1, 8
2021/8/27, , , 24, 9, 1, 6
2021/8/28, , , 14, 9, 1, 7
2021/8/29, , , 20, 8, 1, 6
2021/8/30, , , 35, 11, 1, 7
2021/8/31, , , 19, 11, , 6
2021/9/1, , , 22, 16, 1, 8
2021/9/2, , , 32, 20, 1, 9
2021/9/3, , , 22, 16, 2, 8
2021/9/4, , , 24, 15, 1, 9
2021/9/5, , , 26, 8, 1, 7
2020/11/12, , , 53, 14, 9, 13
2020/11/13, , , 69, 14, 9, 14
2020/11/14, , , 56, 12, 7, 10
2020/11/15, , , 54, 12, 8, 10
2020/11/16, , , 28, 6, 7, 6
2020/11/17, , , 26, 6, 7, 6
2020/11/18, , , 31, 5, 6, 5
2020/11/22, , , 29, 10, 7, 10
2020/11/23, , , 44, 13, 7, 12
2020/11/24, , , 58, 17, 9, 17
2020/9/20, , , 31, 4, 2, 4
2017/9/21, , , 32, 14, 2, 9
2017/9/22, , , 30, 18, 3, 5
2017/4/3, , , 33, 14, 2, 5
2017/4/4, , , 37, 17, 2, 10
2017/4/5, , , 42, 19, 1, 6
2017/4/6, , , 98, 34, 2, 2
2017/4/7, , , 59, 24, 2, 4
2017/4/8, , , 47, 21, 2, 11
2017/4/9, , , 44, 14, 2, 8
2017/4/10, , , 39, 17, 2, 6
2016/8/6, , , 23, 8, 3, 1
2015/10/29, , , 11, 16, , 9
2015/11/11, , , 34, 21, 5, 7
2016/1/3, , , 24, 14, 3, 7
2015/7/28, , , 48, 20, 3, 9
2015/6/4, , , 59, 20, , 5
2015/1/1, , , 29, 19, , 
2014/9/22, , , 24, 7, 3, 5
2025/2/6, , , , 14, , 8
2025/2/7, , , , 19, , 10
2023/4/2, , , , , 10, 8
2023/4/24, , , , , 10, 10
2023/5/28, , , , , 12, 8
2023/2/7, , , , , 13, 21
2023/2/21, , , , , 12, 7
2023/3/9, , , , , 12, 9
2023/2/5, , , , , , 16
2023/2/6, , , , , , 13
2019/8/18, , , , , , 3